{"data":{"satisfaction":4.851851851851852,"comprehension":5.911764705882353,"contact":4.166666666666667,"contact_reachability":0.6666666666666666,"contact_satisfaction":6.25,"autonomy":6.428571428571429},"metadata":{"satisfaction_count":135,"comprehension_count":85,"contact_count":12,"contactReachability_count":12,"contactSatisfaction_count":8,"autonomy_count":42}}
