{"data":{"satisfaction":5.772357723577236,"comprehension":5.304054054054054,"contact":4.305555555555555,"contact_reachability":0.6842105263157895,"contact_satisfaction":6.458333333333333,"autonomy":6.101694915254237},"metadata":{"satisfaction_count":123,"comprehension_count":74,"contact_count":18,"contactReachability_count":19,"contactSatisfaction_count":12,"autonomy_count":59}}
