{"data":{"satisfaction":5.945945945945946,"comprehension":5.4,"contact":2.9166666666666665,"contact_reachability":3.333333333333333,"contact_satisfaction":8.75,"autonomy":6.190476190476191},"metadata":{"satisfaction_count":37,"comprehension_count":25,"contact_count":6,"autonomy_count":21}}
