{"data":{"satisfaction":5.238095238095238,"comprehension":5.1923076923076925,"contact":4.642857142857143,"contact_reachability":0.8571428571428571,"contact_satisfaction":5.416666666666667,"autonomy":4.761904761904762},"metadata":{"satisfaction_count":42,"comprehension_count":26,"contact_count":7,"contactReachability_count":7,"contactSatisfaction_count":6,"autonomy_count":21}}
