{"data":{"satisfaction":7.084548104956268,"comprehension":8.22463768115942,"contact":4.078947368421052,"contact_reachability":5.555555555555555,"contact_satisfaction":7.045454545454546,"autonomy":4.912280701754386},"metadata":{"satisfaction_count":686,"comprehension_count":483,"contact_count":19,"autonomy_count":57}}
