{"data":{"satisfaction":7.5,"comprehension":7.3086124401913874,"contact":3.8970588235294117,"contact_reachability":0.6571428571428571,"contact_satisfaction":6.0227272727272725,"autonomy":6.195652173913044},"metadata":{"satisfaction_count":242,"comprehension_count":209,"contact_count":34,"contactReachability_count":35,"contactSatisfaction_count":22,"autonomy_count":184}}
