{"data":{"satisfaction":7.318840579710145,"comprehension":7.2478991596638656,"contact":3.5185185185185186,"contact_reachability":0.6296296296296297,"contact_satisfaction":5.588235294117647,"autonomy":5.462962962962963},"metadata":{"satisfaction_count":138,"comprehension_count":119,"contact_count":27,"contactReachability_count":27,"contactSatisfaction_count":17,"autonomy_count":108}}
