{"data":{"satisfaction":7.298136645962733,"comprehension":7.035714285714286,"contact":3.75,"contact_reachability":0.6538461538461539,"contact_satisfaction":5.735294117647059,"autonomy":5.042016806722689},"metadata":{"satisfaction_count":161,"comprehension_count":140,"contact_count":26,"contactReachability_count":26,"contactSatisfaction_count":17,"autonomy_count":119}}
