{"data":{"satisfaction":7.293577981651376,"comprehension":6.5476190476190474,"contact":4.351851851851852,"contact_reachability":0.7037037037037037,"contact_satisfaction":6.184210526315789,"autonomy":4.625},"metadata":{"satisfaction_count":109,"comprehension_count":84,"contact_count":27,"contactReachability_count":27,"contactSatisfaction_count":19,"autonomy_count":80}}
