{"data":{"satisfaction":7.552083333333333,"comprehension":7.426086956521739,"contact":4.017094017094017,"contact_reachability":0.5932203389830508,"contact_satisfaction":6.811594202898551,"autonomy":5.538160469667319},"metadata":{"satisfaction_count":672,"comprehension_count":575,"contact_count":117,"contactReachability_count":118,"contactSatisfaction_count":69,"autonomy_count":511}}
