{"data":{"satisfaction":7.710843373493976,"comprehension":7.78169014084507,"contact":4.516129032258065,"contact_reachability":0.6129032258064516,"contact_satisfaction":7.368421052631579,"autonomy":5.114503816793893},"metadata":{"satisfaction_count":166,"comprehension_count":142,"contact_count":31,"contactReachability_count":31,"contactSatisfaction_count":19,"autonomy_count":131}}
