{"data":{"satisfaction":6.728395061728395,"comprehension":6.985294117647059,"contact":4.140625,"contact_reachability":6.774193548387096,"contact_satisfaction":6.0227272727272725,"autonomy":5.409836065573771},"metadata":{"satisfaction_count":162,"comprehension_count":136,"contact_count":32,"autonomy_count":122}}
