{"data":{"satisfaction":7.457142857142857,"comprehension":7.551724137931035,"contact":5.357142857142857,"contact_reachability":0.6785714285714286,"contact_satisfaction":7.894736842105263,"autonomy":5.348837209302325},"metadata":{"satisfaction_count":175,"comprehension_count":145,"contact_count":28,"contactReachability_count":28,"contactSatisfaction_count":19,"autonomy_count":129}}
