{"data":{"satisfaction":7,"comprehension":7.23021582733813,"contact":4.214285714285714,"contact_reachability":6.571428571428571,"contact_satisfaction":6.413043478260869,"autonomy":5.12},"metadata":{"satisfaction_count":165,"comprehension_count":139,"contact_count":35,"autonomy_count":125}}
