{"data":{"satisfaction":7.466216216216216,"comprehension":7.777185501066098,"contact":4.017857142857143,"contact_reachability":0.5662650602409639,"contact_satisfaction":7.03125,"autonomy":5.153374233128834},"metadata":{"satisfaction_count":592,"comprehension_count":469,"contact_count":84,"contactReachability_count":83,"contactSatisfaction_count":48,"autonomy_count":326}}
