{"data":{"satisfaction":7.635402906208719,"comprehension":7.443729903536977,"contact":4.185185185185185,"contact_reachability":0.6470588235294118,"contact_satisfaction":6.494252873563219,"autonomy":5.982608695652174},"metadata":{"satisfaction_count":757,"comprehension_count":622,"contact_count":135,"contactReachability_count":136,"contactSatisfaction_count":87,"autonomy_count":575}}
