{"data":{"satisfaction":7.248322147651007,"comprehension":7.041984732824427,"contact":3.482142857142857,"contact_reachability":0.6428571428571429,"contact_satisfaction":5.416666666666667,"autonomy":5.087719298245614},"metadata":{"satisfaction_count":149,"comprehension_count":131,"contact_count":28,"contactReachability_count":28,"contactSatisfaction_count":18,"autonomy_count":114}}
