{"data":{"satisfaction":7.6378896882494,"comprehension":7.40606936416185,"contact":4.155405405405405,"contact_reachability":0.6308724832214765,"contact_satisfaction":6.612903225806452,"autonomy":5.736925515055468},"metadata":{"satisfaction_count":834,"comprehension_count":692,"contact_count":148,"contactReachability_count":149,"contactSatisfaction_count":93,"autonomy_count":631}}
