{"data":{"satisfaction":7.246192893401015,"comprehension":8.056027164685908,"contact":4.166666666666667,"contact_reachability":0.6071428571428571,"contact_satisfaction":6.785714285714286,"autonomy":5.186915887850467},"metadata":{"satisfaction_count":788,"comprehension_count":589,"contact_count":57,"contactReachability_count":56,"contactSatisfaction_count":35,"autonomy_count":214}}
