{"data":{"satisfaction":7.434782608695652,"comprehension":7.774122807017544,"contact":3.9457831325301207,"contact_reachability":0.5609756097560976,"contact_satisfaction":6.968085106382978,"autonomy":5.095541401273885},"metadata":{"satisfaction_count":575,"comprehension_count":456,"contact_count":83,"contactReachability_count":82,"contactSatisfaction_count":47,"autonomy_count":314}}
