{"data":{"satisfaction":7.643198090692124,"comprehension":7.413669064748201,"contact":4.155405405405405,"contact_reachability":0.6308724832214765,"contact_satisfaction":6.612903225806452,"autonomy":5.757097791798107},"metadata":{"satisfaction_count":838,"comprehension_count":695,"contact_count":148,"contactReachability_count":149,"contactSatisfaction_count":93,"autonomy_count":634}}
