{"data":{"satisfaction":7.25,"comprehension":8.050918196994992,"contact":3.9682539682539684,"contact_reachability":0.5806451612903226,"contact_satisfaction":6.756756756756757,"autonomy":5.089285714285714},"metadata":{"satisfaction_count":800,"comprehension_count":599,"contact_count":63,"contactReachability_count":62,"contactSatisfaction_count":37,"autonomy_count":224}}
