{"data":{"satisfaction":7.142857142857143,"comprehension":8.07920792079208,"contact":3.75,"contact_reachability":5.897435897435898,"contact_satisfaction":6.25,"autonomy":5.333333333333333},"metadata":{"satisfaction_count":693,"comprehension_count":505,"contact_count":40,"autonomy_count":135}}
