{"data":{"satisfaction":7.294520547945205,"comprehension":7.18,"contact":3.5185185185185186,"contact_reachability":0.6296296296296297,"contact_satisfaction":5.588235294117647,"autonomy":5.405405405405405},"metadata":{"satisfaction_count":146,"comprehension_count":125,"contact_count":27,"contactReachability_count":27,"contactSatisfaction_count":17,"autonomy_count":111}}
