{"data":{"satisfaction":7.448015122873346,"comprehension":7.395604395604396,"contact":3.9485981308411215,"contact_reachability":0.5849056603773585,"contact_satisfaction":6.7063492063492065,"autonomy":5.160493827160494},"metadata":{"satisfaction_count":529,"comprehension_count":455,"contact_count":107,"contactReachability_count":106,"contactSatisfaction_count":63,"autonomy_count":405}}
