{"data":{"satisfaction":7.631233595800525,"comprehension":7.440191387559809,"contact":4.233576642335766,"contact_reachability":0.6521739130434783,"contact_satisfaction":6.51685393258427,"autonomy":5.958549222797927},"metadata":{"satisfaction_count":762,"comprehension_count":627,"contact_count":137,"contactReachability_count":138,"contactSatisfaction_count":89,"autonomy_count":579}}
