{"data":{"satisfaction":7.059238363892807,"comprehension":8.163366336633663,"contact":3.0172413793103448,"contact_reachability":5.357142857142857,"contact_satisfaction":5.46875,"autonomy":4.871794871794871},"metadata":{"satisfaction_count":709,"comprehension_count":505,"contact_count":29,"autonomy_count":78}}
