{"data":{"satisfaction":8.146341463414634,"comprehension":7.751396648044692,"contact":4.45945945945946,"contact_reachability":0.5675675675675675,"contact_satisfaction":7.857142857142857,"autonomy":5.031847133757962},"metadata":{"satisfaction_count":205,"comprehension_count":179,"contact_count":37,"contactReachability_count":37,"contactSatisfaction_count":21,"autonomy_count":157}}
