{"data":{"satisfaction":7.122302158273381,"comprehension":8.04733727810651,"contact":3.75,"contact_reachability":5.897435897435898,"contact_satisfaction":6.25,"autonomy":5.255474452554744},"metadata":{"satisfaction_count":695,"comprehension_count":507,"contact_count":40,"autonomy_count":137}}
