{"data":{"satisfaction":8.10344827586207,"comprehension":7.642857142857143,"contact":4.305555555555555,"contact_reachability":0.5555555555555556,"contact_satisfaction":7.75,"autonomy":5.098039215686274},"metadata":{"satisfaction_count":203,"comprehension_count":175,"contact_count":36,"contactReachability_count":36,"contactSatisfaction_count":20,"autonomy_count":153}}
