{"data":{"satisfaction":7.352941176470588,"comprehension":7.051282051282051,"contact":4.204545454545454,"contact_reachability":0.5909090909090909,"contact_satisfaction":7.115384615384615,"autonomy":4.639175257731959},"metadata":{"satisfaction_count":136,"comprehension_count":117,"contact_count":22,"contactReachability_count":22,"contactSatisfaction_count":13,"autonomy_count":97}}
