{"data":{"satisfaction":6.78125,"comprehension":7.014925373134329,"contact":4.224137931034483,"contact_reachability":6.8965517241379315,"contact_satisfaction":6.125,"autonomy":5.5},"metadata":{"satisfaction_count":160,"comprehension_count":134,"contact_count":29,"autonomy_count":120}}
