{"data":{"satisfaction":6.729559748427673,"comprehension":7.011278195488722,"contact":4.140625,"contact_reachability":6.774193548387096,"contact_satisfaction":6.0227272727272725,"autonomy":5.2100840336134455},"metadata":{"satisfaction_count":159,"comprehension_count":133,"contact_count":32,"autonomy_count":119}}
