{"data":{"satisfaction":7.617647058823529,"comprehension":7.724137931034483,"contact":4.516129032258065,"contact_reachability":0.6129032258064516,"contact_satisfaction":7.368421052631579,"autonomy":5.18796992481203},"metadata":{"satisfaction_count":170,"comprehension_count":145,"contact_count":31,"contactReachability_count":31,"contactSatisfaction_count":19,"autonomy_count":133}}
