{"data":{"satisfaction":6.614583333333333,"comprehension":6.915584415584416,"contact":2.608695652173913,"contact_reachability":0.4782608695652174,"contact_satisfaction":5.454545454545454,"autonomy":4.2465753424657535},"metadata":{"satisfaction_count":96,"comprehension_count":77,"contact_count":23,"contactReachability_count":23,"contactSatisfaction_count":11,"autonomy_count":73}}
