{"data":{"satisfaction":7.066115702479339,"comprehension":7.135922330097087,"contact":3.5606060606060606,"contact_reachability":5.625,"contact_satisfaction":6.184210526315789,"autonomy":5.212765957446808},"metadata":{"satisfaction_count":121,"comprehension_count":103,"contact_count":33,"autonomy_count":94}}
