{"data":{"satisfaction":6.915584415584416,"comprehension":7.145669291338582,"contact":4.21875,"contact_reachability":6.774193548387096,"contact_satisfaction":6.136363636363637,"autonomy":5.391304347826087},"metadata":{"satisfaction_count":154,"comprehension_count":127,"contact_count":32,"autonomy_count":115}}
