{"data":{"satisfaction":8.964581718442549,"comprehension":8.967031946508172,"contact":3.8529411764705883,"contact_reachability":0.5615615615615616,"contact_satisfaction":7.248490945674044,"autonomy":8.292839357126688},"metadata":{"satisfaction_count":33542,"comprehension_count":26920,"contact_count":935,"contactReachability_count":999,"contactSatisfaction_count":497,"autonomy_count":26506}}
