{"data":{"satisfaction":9.031930160248745,"comprehension":9.070858578395153,"contact":3.8607594936708862,"contact_reachability":0.5741444866920152,"contact_satisfaction":7.32,"autonomy":8.242956679794002},"metadata":{"satisfaction_count":8362,"comprehension_count":6767,"contact_count":237,"contactReachability_count":263,"contactSatisfaction_count":125,"autonomy_count":6602}}
