{"data":{"satisfaction":8.957321304649549,"comprehension":8.960380890664938,"contact":3.8648090815273477,"contact_reachability":0.5632850241545894,"contact_satisfaction":7.2437137330754355,"autonomy":8.33909525560868},"metadata":{"satisfaction_count":34584,"comprehension_count":27777,"contact_count":969,"contactReachability_count":1035,"contactSatisfaction_count":517,"autonomy_count":27190}}
