{"data":{"satisfaction":8.678216028468537,"comprehension":9.480144660331868,"contact":3.5906040268456376,"contact_reachability":5.59748427672956,"contact_satisfaction":6.772151898734177,"autonomy":8.482775470315172},"metadata":{"satisfaction_count":46929,"comprehension_count":35255,"contact_count":149,"autonomy_count":4093}}
