{"data":{"satisfaction":8.986425339366516,"comprehension":9.064981195152528,"contact":3.950892857142857,"contact_reachability":0.5806451612903226,"contact_satisfaction":7.375,"autonomy":8.29201891388451},"metadata":{"satisfaction_count":8840,"comprehension_count":7179,"contact_count":224,"contactReachability_count":248,"contactSatisfaction_count":120,"autonomy_count":6979}}
