{"data":{"satisfaction":9.049326068253514,"comprehension":8.955625696249536,"contact":3.357142857142857,"contact_reachability":0.5044642857142857,"contact_satisfaction":7.121212121212121,"autonomy":8.20399926618969},"metadata":{"satisfaction_count":6974,"comprehension_count":5386,"contact_count":210,"contactReachability_count":224,"contactSatisfaction_count":99,"autonomy_count":5451}}
