{"data":{"satisfaction":8.744112046502305,"comprehension":9.384004824304062,"contact":3.264094955489614,"contact_reachability":5.254237288135593,"contact_satisfaction":6.508875739644971,"autonomy":8.284949116229244},"metadata":{"satisfaction_count":39912,"comprehension_count":30678,"contact_count":337,"autonomy_count":9335}}
