{"data":{"satisfaction":9.000695894224078,"comprehension":8.932839814484481,"contact":3.301630434782609,"contact_reachability":0.5026455026455027,"contact_satisfaction":6.75,"autonomy":8.301219727770903},"metadata":{"satisfaction_count":7185,"comprehension_count":5606,"contact_count":184,"contactReachability_count":189,"contactSatisfaction_count":90,"autonomy_count":5657}}
