{"data":{"satisfaction":8.994352457964318,"comprehension":9.056035813522692,"contact":3.458149779735683,"contact_reachability":5.274261603375527,"contact_satisfaction":6.826086956521739,"autonomy":8.33174300254453},"metadata":{"satisfaction_count":7791,"comprehension_count":6478,"contact_count":227,"autonomy_count":6288}}
