{"data":{"satisfaction":8.948038176033934,"comprehension":9.029967426710098,"contact":3.872950819672131,"contact_reachability":0.5650557620817844,"contact_satisfaction":7.440944881889764,"autonomy":8.287984913793103},"metadata":{"satisfaction_count":9430,"comprehension_count":7675,"contact_count":244,"contactReachability_count":269,"contactSatisfaction_count":127,"autonomy_count":7424}}
