{"data":{"satisfaction":8.873888935328374,"comprehension":9.199053402393284,"contact":3.3608490566037736,"contact_reachability":0.5290611028315947,"contact_satisfaction":6.6796875,"autonomy":8.373448773448773},"metadata":{"satisfaction_count":35889,"comprehension_count":27995,"contact_count":636,"contactReachability_count":671,"contactSatisfaction_count":320,"autonomy_count":17325}}
