{"data":{"satisfaction":8.902426325106738,"comprehension":8.96257197696737,"contact":3.8910505836575875,"contact_reachability":0.5663082437275986,"contact_satisfaction":7.352941176470588,"autonomy":8.244415243101182},"metadata":{"satisfaction_count":9603,"comprehension_count":7815,"contact_count":257,"contactReachability_count":279,"contactSatisfaction_count":136,"autonomy_count":7610}}
