{"data":{"satisfaction":8.740747335486988,"comprehension":9.39186058058323,"contact":3.299689440993789,"contact_reachability":5.236686390532545,"contact_satisfaction":6.599378881987578,"autonomy":8.300113250283125},"metadata":{"satisfaction_count":39313,"comprehension_count":30211,"contact_count":322,"autonomy_count":8830}}
