{"data":{"satisfaction":9.021343966224933,"comprehension":9.071139093935447,"contact":3.8958333333333335,"contact_reachability":0.5805243445692884,"contact_satisfaction":7.3046875,"autonomy":8.266111028426849},"metadata":{"satisfaction_count":8527,"comprehension_count":6909,"contact_count":240,"contactReachability_count":267,"contactSatisfaction_count":128,"autonomy_count":6719}}
