{"data":{"satisfaction":9.0118408203125,"comprehension":8.992582963755925,"contact":3.212719298245614,"contact_reachability":0.5170940170940171,"contact_satisfaction":6.369565217391305,"autonomy":8.2831831373148},"metadata":{"satisfaction_count":8192,"comprehension_count":6539,"contact_count":228,"contactReachability_count":234,"contactSatisfaction_count":115,"autonomy_count":6547}}
