{"data":{"satisfaction":8.950786777906854,"comprehension":9.035691109669045,"contact":3.9213709677419355,"contact_reachability":0.5677655677655677,"contact_satisfaction":7.480769230769231,"autonomy":8.296186895810957},"metadata":{"satisfaction_count":9469,"comprehension_count":7705,"contact_count":248,"contactReachability_count":273,"contactSatisfaction_count":130,"autonomy_count":7448}}
