{"data":{"satisfaction":8.975816337902597,"comprehension":9.063436903788498,"contact":3.9583333333333335,"contact_reachability":0.564,"contact_satisfaction":7.584033613445378,"autonomy":8.336628071166338},"metadata":{"satisfaction_count":8973,"comprehension_count":7338,"contact_count":228,"contactReachability_count":250,"contactSatisfaction_count":119,"autonomy_count":7082}}
