{"data":{"satisfaction":8.966518289142636,"comprehension":8.865998985801218,"contact":3.12015503875969,"contact_reachability":0.49624060150375937,"contact_satisfaction":6.491935483870968,"autonomy":8.349080059671804},"metadata":{"satisfaction_count":5167,"comprehension_count":3944,"contact_count":129,"contactReachability_count":133,"contactSatisfaction_count":62,"autonomy_count":4022}}
