{"data":{"satisfaction":8.677222638279662,"comprehension":9.482871637026903,"contact":3.5472972972972974,"contact_reachability":5.54140127388535,"contact_satisfaction":6.730769230769231,"autonomy":8.456852791878173},"metadata":{"satisfaction_count":46735,"comprehension_count":35088,"contact_count":148,"autonomy_count":3940}}
