{
  "data": {
    "satisfaction": 8.662319071099093,
    "comprehension": 9.513910049363155,
    "contact": 2.681159420289855,
    "autonomy": 8.312985571587125
  },
  "metadata": {
    "satisfaction_count": 44009,
    "comprehension_count": 32818,
    "contact_count": 69,
    "autonomy_count": 1802
  }
}
