{"data":{"satisfaction":8.74761041733906,"comprehension":9.380915463384694,"contact":3.3429394812680115,"contact_reachability":5.302197802197802,"contact_satisfaction":6.590909090909091,"autonomy":8.257355988396187},"metadata":{"satisfaction_count":40279,"comprehension_count":30957,"contact_count":347,"autonomy_count":9652}}
