{"data":{"satisfaction":8.855627985220343,"comprehension":9.198257206893887,"contact":3.376334519572954,"contact_reachability":0.5287162162162162,"contact_satisfaction":6.704946996466431,"autonomy":8.357408980979148},"metadata":{"satisfaction_count":33289,"comprehension_count":25878,"contact_count":562,"contactReachability_count":592,"contactSatisfaction_count":283,"autonomy_count":15299}}
