{"data":{"satisfaction":8.751064917362413,"comprehension":9.370287651270354,"contact":3.3948087431693987,"contact_reachability":5.3125,"contact_satisfaction":6.68010752688172,"autonomy":8.259475218658892},"metadata":{"satisfaction_count":41083,"comprehension_count":31566,"contact_count":366,"autonomy_count":10290}}
