{"data":{"satisfaction":8.986529586131853,"comprehension":9.00198366394399,"contact":3.544260027662517,"contact_reachability":0.5362134688691232,"contact_satisfaction":7.157821229050279,"autonomy":8.331886574074074},"metadata":{"satisfaction_count":26651,"comprehension_count":21425,"contact_count":723,"contactReachability_count":787,"contactSatisfaction_count":358,"autonomy_count":20736}}
