{"data":{"satisfaction":8.873392956959195,"comprehension":9.199150872415894,"contact":3.3544303797468356,"contact_reachability":0.5292353823088456,"contact_satisfaction":6.666666666666667,"autonomy":8.365797101449276},"metadata":{"satisfaction_count":35780,"comprehension_count":27911,"contact_count":632,"contactReachability_count":667,"contactSatisfaction_count":318,"autonomy_count":17250}}
