{"data":{"satisfaction":8.691545750363261,"comprehension":9.462023599620236,"contact":3.2783018867924527,"contact_reachability":5.176991150442478,"contact_satisfaction":6.747572815533981,"autonomy":8.464525238263326},"metadata":{"satisfaction_count":48863,"comprehension_count":36865,"contact_count":212,"autonomy_count":5666}}
