{"data":{"satisfaction":8.926801569275243,"comprehension":8.94252512562814,"contact":4.260204081632653,"contact_reachability":0.5941558441558441,"contact_satisfaction":7.411242603550296,"autonomy":8.442066805845512},"metadata":{"satisfaction_count":9686,"comprehension_count":7960,"contact_count":294,"contactReachability_count":308,"contactSatisfaction_count":169,"autonomy_count":7664}}
