{"data":{"satisfaction":9.02598139323803,"comprehension":9.070849069799973,"contact":3.8034188034188032,"contact_reachability":0.5653846153846154,"contact_satisfaction":7.355371900826446,"autonomy":8.292823241766143},"metadata":{"satisfaction_count":8814,"comprehension_count":7149,"contact_count":234,"contactReachability_count":260,"contactSatisfaction_count":121,"autonomy_count":6953}}
