{"data":{"satisfaction":8.96813977389517,"comprehension":8.86215776633234,"contact":3.1611570247933884,"contact_reachability":0.512,"contact_satisfaction":6.375,"autonomy":8.355766693058854},"metadata":{"satisfaction_count":4865,"comprehension_count":3689,"contact_count":121,"contactReachability_count":125,"contactSatisfaction_count":60,"autonomy_count":3789}}
