{"data":{"satisfaction":8.993850358729075,"comprehension":9.066792823100645,"contact":3.8325991189427313,"contact_reachability":0.5657370517928287,"contact_satisfaction":7.372881355932203,"autonomy":8.289302728453876},"metadata":{"satisfaction_count":8781,"comprehension_count":7134,"contact_count":227,"contactReachability_count":251,"contactSatisfaction_count":118,"autonomy_count":6927}}
