{"data":{"satisfaction":8.96753118194417,"comprehension":8.990266140956136,"contact":3.568401937046005,"contact_reachability":0.5375139977603584,"contact_satisfaction":7.13680387409201,"autonomy":8.28872942169692},"metadata":{"satisfaction_count":30306,"comprehension_count":24348,"contact_count":826,"contactReachability_count":893,"contactSatisfaction_count":413,"autonomy_count":23690}}
