{"data":{"satisfaction":8.86359126984127,"comprehension":8.936378068140188,"contact":4.437716262975779,"contact_reachability":0.6,"contact_satisfaction":7.7727272727272725,"autonomy":8.27165109034268},"metadata":{"satisfaction_count":10080,"comprehension_count":8189,"contact_count":289,"contactReachability_count":310,"contactSatisfaction_count":165,"autonomy_count":8025}}
