{"data":{"satisfaction":8.965475542656751,"comprehension":8.965026931334513,"contact":3.8349514563106797,"contact_reachability":0.5610494450050454,"contact_satisfaction":7.225609756097561,"autonomy":8.307527211405795},"metadata":{"satisfaction_count":33078,"comprehension_count":26549,"contact_count":927,"contactReachability_count":991,"contactSatisfaction_count":492,"autonomy_count":26092}}
