{"data":{"satisfaction":8.855740181268882,"comprehension":9.19844138681592,"contact":3.369175627240143,"contact_reachability":0.5289115646258503,"contact_satisfaction":6.690391459074733,"autonomy":8.357647369463331},"metadata":{"satisfaction_count":33100,"comprehension_count":25728,"contact_count":558,"contactReachability_count":588,"contactSatisfaction_count":281,"autonomy_count":15149}}
