{"data":{"satisfaction":8.665079079798707,"comprehension":9.51006499368117,"contact":3.15625,"autonomy":8.345454545454546},"metadata":{"satisfaction_count":44512,"comprehension_count":33234,"contact_count":80,"autonomy_count":2200}}
