{"data":{"satisfaction":9.05798138869005,"comprehension":8.990020328959528,"contact":3.392857142857143,"contact_reachability":0.5112107623318386,"contact_satisfaction":7.054455445544554,"autonomy":8.199121522693996},"metadata":{"satisfaction_count":6985,"comprehension_count":5411,"contact_count":210,"contactReachability_count":223,"contactSatisfaction_count":101,"autonomy_count":5464}}
