{"data":{"satisfaction":9.029991306867574,"comprehension":8.9184096476352,"contact":3.25,"contact_reachability":0.49056603773584906,"contact_satisfaction":7.065217391304348,"autonomy":8.211563487637108},"metadata":{"satisfaction_count":6902,"comprehension_count":5307,"contact_count":200,"contactReachability_count":212,"contactSatisfaction_count":92,"autonomy_count":5379}}
