{"data":{"satisfaction":8.964575480738517,"comprehension":8.988693716965386,"contact":3.58147713950762,"contact_reachability":0.5384615384615384,"contact_satisfaction":7.154566744730679,"autonomy":8.326016493661019},"metadata":{"satisfaction_count":31306,"comprehension_count":25163,"contact_count":853,"contactReachability_count":923,"contactSatisfaction_count":427,"autonomy_count":24373}}
