{"data":{"satisfaction":9.016454195078564,"comprehension":8.862879529872673,"contact":3.3756345177664975,"contact_reachability":0.5311004784688995,"contact_satisfaction":6.717171717171717,"autonomy":8.156392694063927},"metadata":{"satisfaction_count":6746,"comprehension_count":5105,"contact_count":197,"contactReachability_count":209,"contactSatisfaction_count":99,"autonomy_count":5256}}
