{"data":{"satisfaction":8.92419222382692,"comprehension":8.954696810375044,"contact":4.044265593561368,"contact_reachability":0.5735707591377694,"contact_satisfaction":7.458256029684601,"autonomy":8.376538740043447},"metadata":{"satisfaction_count":35313,"comprehension_count":28530,"contact_count":994,"contactReachability_count":1067,"contactSatisfaction_count":539,"autonomy_count":27620}}
