{"data":{"satisfaction":8.844824180165942,"comprehension":8.933260393873086,"contact":4.395973154362416,"contact_reachability":0.5968253968253968,"contact_satisfaction":7.6608187134502925,"autonomy":8.29453504294784},"metadata":{"satisfaction_count":10124,"comprehension_count":8226,"contact_count":298,"contactReachability_count":315,"contactSatisfaction_count":171,"autonomy_count":8033}}
