{"data":{"satisfaction":6.127167630057803,"comprehension":5.411585365853658,"contact":6.394736842105263,"contact_reachability":0.8333333333333334,"contact_satisfaction":7.689873417721519,"autonomy":4},"metadata":{"satisfaction_count":173,"comprehension_count":164,"contact_count":95,"contactReachability_count":96,"contactSatisfaction_count":79,"autonomy_count":155}}
