{"data":{"satisfaction":6.521739130434782,"comprehension":5.853658536585366,"contact":7.647058823529412,"contact_reachability":0.8823529411764706,"contact_satisfaction":8.666666666666666,"autonomy":4.864864864864865},"metadata":{"satisfaction_count":46,"comprehension_count":41,"contact_count":17,"contactReachability_count":17,"contactSatisfaction_count":15,"autonomy_count":37}}
