{"data":{"satisfaction":6.428571428571429,"comprehension":5.773809523809524,"contact":7.361111111111111,"contact_reachability":0.8888888888888888,"contact_satisfaction":8.28125,"autonomy":4.7368421052631575},"metadata":{"satisfaction_count":49,"comprehension_count":42,"contact_count":18,"contactReachability_count":18,"contactSatisfaction_count":16,"autonomy_count":38}}
