{"data":{"satisfaction":5.983606557377049,"comprehension":5.204918032786885,"contact":6.875,"contact_reachability":0.8571428571428571,"contact_satisfaction":8.020833333333334,"autonomy":3.8983050847457625},"metadata":{"satisfaction_count":61,"comprehension_count":61,"contact_count":28,"contactReachability_count":28,"contactSatisfaction_count":24,"autonomy_count":59}}
