{"data":{"satisfaction":6.9036697247706424,"comprehension":6.373762376237623,"contact":6.856060606060606,"contact_reachability":0.8939393939393939,"contact_satisfaction":7.669491525423729,"autonomy":4.166666666666667},"metadata":{"satisfaction_count":218,"comprehension_count":202,"contact_count":66,"contactReachability_count":66,"contactSatisfaction_count":59,"autonomy_count":132}}
