{"data":{"satisfaction":7.6415094339622645,"comprehension":7.382198952879581,"contact":6.693548387096774,"contact_reachability":9.032258064516128,"contact_satisfaction":7.410714285714286,"autonomy":4.107142857142857},"metadata":{"satisfaction_count":212,"comprehension_count":191,"contact_count":31,"autonomy_count":56}}
