{"data":{"satisfaction":6.840909090909091,"comprehension":6.311274509803922,"contact":6.8283582089552235,"contact_reachability":0.8955223880597015,"contact_satisfaction":7.625,"autonomy":4.104477611940299},"metadata":{"satisfaction_count":220,"comprehension_count":204,"contact_count":67,"contactReachability_count":67,"contactSatisfaction_count":60,"autonomy_count":134}}
