{"data":{"satisfaction":7.127659574468085,"comprehension":6.5476190476190474,"contact":6.805555555555555,"contact_reachability":0.8888888888888888,"contact_satisfaction":7.65625,"autonomy":5.128205128205129},"metadata":{"satisfaction_count":47,"comprehension_count":42,"contact_count":18,"contactReachability_count":18,"contactSatisfaction_count":16,"autonomy_count":39}}
