{"data":{"satisfaction":7.254901960784314,"comprehension":6.630434782608695,"contact":6.8478260869565215,"contact_reachability":0.9130434782608695,"contact_satisfaction":7.5,"autonomy":4.883720930232558},"metadata":{"satisfaction_count":51,"comprehension_count":46,"contact_count":23,"contactReachability_count":23,"contactSatisfaction_count":21,"autonomy_count":43}}
