{"data":{"satisfaction":6.7,"comprehension":5.851063829787234,"contact":6.354166666666667,"contact_reachability":7.916666666666666,"contact_satisfaction":8.026315789473685,"autonomy":3.9130434782608696},"metadata":{"satisfaction_count":50,"comprehension_count":47,"contact_count":24,"autonomy_count":46}}
