{"data":{"satisfaction":5.887096774193548,"comprehension":5,"contact":7.115384615384615,"contact_reachability":0.9230769230769231,"contact_satisfaction":7.708333333333333,"autonomy":4.137931034482759},"metadata":{"satisfaction_count":62,"comprehension_count":60,"contact_count":26,"contactReachability_count":26,"contactSatisfaction_count":24,"autonomy_count":58}}
