{"data":{"satisfaction":6.083333333333333,"comprehension":5.454545454545454,"contact":8.148148148148149,"contact_reachability":1,"contact_satisfaction":8.148148148148149,"autonomy":4.423076923076923},"metadata":{"satisfaction_count":60,"comprehension_count":55,"contact_count":27,"contactReachability_count":27,"contactSatisfaction_count":27,"autonomy_count":52}}
