{"data":{"satisfaction":5.019853650235407,"comprehension":7.261563651248465,"contact":3.141200545702592,"contact_reachability":0.6438172043010753,"contact_satisfaction":4.919871794871795,"autonomy":3.269803454437165},"metadata":{"satisfaction_count":17629,"comprehension_count":12215,"contact_count":733,"contactReachability_count":744,"contactSatisfaction_count":468,"autonomy_count":1679}}
