{"data":{"satisfaction":6.167664670658683,"comprehension":7.936507936507937,"contact":2.6923076923076925,"contact_reachability":0.6153846153846154,"contact_satisfaction":4.375,"autonomy":5.573770491803279},"metadata":{"satisfaction_count":167,"comprehension_count":126,"contact_count":13,"contactReachability_count":13,"contactSatisfaction_count":8,"autonomy_count":61}}
