{"data":{"satisfaction":6.2406015037593985,"comprehension":8.316326530612244,"contact":0.8333333333333334,"contact_reachability":6.666666666666666,"contact_satisfaction":1.25,"autonomy":6.285714285714286},"metadata":{"satisfaction_count":133,"comprehension_count":98,"contact_count":3,"autonomy_count":35}}
