{"data":{"satisfaction":6.102941176470588,"comprehension":6.556603773584905,"contact":4.423076923076923,"contact_reachability":0.7692307692307693,"contact_satisfaction":5.75,"autonomy":4.8076923076923075},"metadata":{"satisfaction_count":68,"comprehension_count":53,"contact_count":13,"contactReachability_count":13,"contactSatisfaction_count":10,"autonomy_count":52}}
