{"data":{"satisfaction":5.204081632653061,"comprehension":6.104651162790698,"contact":2.9545454545454546,"contact_reachability":5.454545454545454,"contact_satisfaction":5.416666666666667,"autonomy":5.5},"metadata":{"satisfaction_count":49,"comprehension_count":43,"contact_count":11,"autonomy_count":40}}
