{"data":{"satisfaction":6.428571428571429,"comprehension":8.559782608695652,"contact":0.8333333333333334,"contact_reachability":6.666666666666666,"contact_satisfaction":1.25,"autonomy":6.206896551724138},"metadata":{"satisfaction_count":126,"comprehension_count":92,"contact_count":3,"autonomy_count":29}}
