{"data":{"satisfaction":5.974025974025974,"comprehension":5.992063492063492,"contact":4.473684210526316,"contact_reachability":0.6842105263157895,"contact_satisfaction":6.538461538461538,"autonomy":4.833333333333333},"metadata":{"satisfaction_count":77,"comprehension_count":63,"contact_count":19,"contactReachability_count":19,"contactSatisfaction_count":13,"autonomy_count":60}}
