{"data":{"satisfaction":5.660377358490566,"comprehension":5.595238095238095,"contact":4.333333333333333,"contact_reachability":0.6666666666666666,"contact_satisfaction":6.5,"autonomy":3.7209302325581395},"metadata":{"satisfaction_count":53,"comprehension_count":42,"contact_count":15,"contactReachability_count":15,"contactSatisfaction_count":10,"autonomy_count":43}}
