{"data":{"satisfaction":5.566037735849057,"comprehension":6.630434782608695,"contact":2.9545454545454546,"contact_reachability":5.454545454545454,"contact_satisfaction":5.416666666666667,"autonomy":6.190476190476191},"metadata":{"satisfaction_count":53,"comprehension_count":46,"contact_count":11,"autonomy_count":42}}
