{"data":{"satisfaction":3.888888888888889,"comprehension":5.151515151515151,"contact":2.8333333333333335,"contact_reachability":0.7333333333333333,"contact_satisfaction":3.8636363636363638,"autonomy":3.870967741935484},"metadata":{"satisfaction_count":36,"comprehension_count":33,"contact_count":15,"contactReachability_count":15,"contactSatisfaction_count":11,"autonomy_count":31}}
