{"data":{"satisfaction":8.517412935323383,"comprehension":9.198412698412698,"contact":5.636363636363637,"contact_reachability":7.636363636363637,"contact_satisfaction":7.380952380952381,"autonomy":7.408637873754153},"metadata":{"satisfaction_count":1005,"comprehension_count":945,"contact_count":55,"autonomy_count":301}}
