{"data":{"satisfaction":7.972850678733032,"comprehension":8.475494816211121,"contact":5.015723270440252,"contact_reachability":0.7391304347826086,"contact_satisfaction":6.816239316239316,"autonomy":7.545541706615532},"metadata":{"satisfaction_count":1105,"comprehension_count":1061,"contact_count":159,"contactReachability_count":161,"contactSatisfaction_count":117,"autonomy_count":1043}}
