{"data":{"satisfaction":8.37409420289855,"comprehension":8.478886756238003,"contact":5.822368421052632,"contact_reachability":0.8181818181818182,"contact_satisfaction":7.137096774193548,"autonomy":7.571976967370442},"metadata":{"satisfaction_count":1104,"comprehension_count":1042,"contact_count":152,"contactReachability_count":154,"contactSatisfaction_count":124,"autonomy_count":1042}}
