{"data":{"satisfaction":8.139290713952404,"comprehension":8.467999019127022,"contact":5.705645161290323,"contact_reachability":0.7993680884676145,"contact_satisfaction":7.175456389452332,"autonomy":7.461423593827775},"metadata":{"satisfaction_count":4286,"comprehension_count":4078,"contact_count":620,"contactReachability_count":633,"contactSatisfaction_count":493,"autonomy_count":4018}}
