{"data":{"satisfaction":8.44115004492363,"comprehension":8.5,"contact":6.361111111111111,"contact_reachability":0.8626373626373627,"contact_satisfaction":7.387096774193548,"autonomy":7.149666348903718},"metadata":{"satisfaction_count":1113,"comprehension_count":1070,"contact_count":180,"contactReachability_count":182,"contactSatisfaction_count":155,"autonomy_count":1049}}
