{"data":{"satisfaction":8.425841674249318,"comprehension":8.509478672985782,"contact":6.098265895953757,"contact_reachability":0.8514285714285714,"contact_satisfaction":7.1768707482993195,"autonomy":7.192642787996128},"metadata":{"satisfaction_count":1099,"comprehension_count":1055,"contact_count":173,"contactReachability_count":175,"contactSatisfaction_count":147,"autonomy_count":1033}}
