{"data":{"satisfaction":8.143122245418697,"comprehension":8.466601657727937,"contact":5.710862619808307,"contact_reachability":0.8012519561815337,"contact_satisfaction":7.16432865731463,"autonomy":7.459178624443345},"metadata":{"satisfaction_count":4311,"comprehension_count":4102,"contact_count":626,"contactReachability_count":639,"contactSatisfaction_count":499,"autonomy_count":4042}}
