{"data":{"satisfaction":8.283847980997624,"comprehension":8.79293893129771,"contact":5.897058823529412,"contact_reachability":0.8011695906432749,"contact_satisfaction":7.3713235294117645,"autonomy":7.32470334412082},"metadata":{"satisfaction_count":1684,"comprehension_count":1572,"contact_count":170,"contactReachability_count":171,"contactSatisfaction_count":136,"autonomy_count":927}}
