{"data":{"satisfaction":7.987804878048781,"comprehension":8.260188087774294,"contact":5.466101694915254,"contact_reachability":7.966101694915254,"contact_satisfaction":6.861702127659575,"autonomy":7.003257328990228},"metadata":{"satisfaction_count":328,"comprehension_count":319,"contact_count":59,"autonomy_count":307}}
