{"data":{"satisfaction":8.156606851549755,"comprehension":8.520671834625324,"contact":5.823170731707317,"contact_reachability":0.8214285714285714,"contact_satisfaction":7.126865671641791,"autonomy":7.578397212543554},"metadata":{"satisfaction_count":1226,"comprehension_count":1161,"contact_count":164,"contactReachability_count":168,"contactSatisfaction_count":134,"autonomy_count":1148}}
