{"data":{"satisfaction":8.17432704632851,"comprehension":8.396039603960396,"contact":5.582706766917293,"contact_reachability":0.780940594059406,"contact_satisfaction":7.173913043478261,"autonomy":7.278661770705835},"metadata":{"satisfaction_count":5461,"comprehension_count":5050,"contact_count":798,"contactReachability_count":808,"contactSatisfaction_count":621,"autonomy_count":4902}}
