{"data":{"satisfaction":8.424190800681432,"comprehension":9.030658250676286,"contact":5.379746835443038,"contact_reachability":7.59493670886076,"contact_satisfaction":7.083333333333333,"autonomy":7.239130434782608},"metadata":{"satisfaction_count":1174,"comprehension_count":1109,"contact_count":79,"autonomy_count":460}}
