{"data":{"satisfaction":7.854368932038835,"comprehension":8.15524193548387,"contact":5.287356321839081,"contact_reachability":7.701149425287356,"contact_satisfaction":6.865671641791045,"autonomy":7.225672877846791},"metadata":{"satisfaction_count":515,"comprehension_count":496,"contact_count":87,"autonomy_count":483}}
