{"data":{"satisfaction":8.143203883495145,"comprehension":8.518835616438356,"contact":5.814917127071824,"contact_reachability":0.8064516129032258,"contact_satisfaction":7.258620689655173,"autonomy":7.48051948051948},"metadata":{"satisfaction_count":1236,"comprehension_count":1168,"contact_count":181,"contactReachability_count":186,"contactSatisfaction_count":145,"autonomy_count":1155}}
