{"data":{"satisfaction":8.170566293658867,"comprehension":8.363192182410424,"contact":5.98536036036036,"contact_reachability":0.8135964912280702,"contact_satisfaction":7.4025069637883005,"autonomy":7.426793557833089},"metadata":{"satisfaction_count":2949,"comprehension_count":2763,"contact_count":444,"contactReachability_count":456,"contactSatisfaction_count":359,"autonomy_count":2732}}
