{"data":{"satisfaction":8.369467028003614,"comprehension":8.480207351555137,"contact":5.748502994011976,"contact_reachability":0.8047337278106509,"contact_satisfaction":7.164179104477612,"autonomy":7.226487523992322},"metadata":{"satisfaction_count":1107,"comprehension_count":1061,"contact_count":167,"contactReachability_count":169,"contactSatisfaction_count":134,"autonomy_count":1042}}
