{"data":{"satisfaction":8.168282548476455,"comprehension":8.349667159763314,"contact":5.982558139534884,"contact_reachability":0.8144796380090498,"contact_satisfaction":7.392241379310345,"autonomy":7.441077441077441},"metadata":{"satisfaction_count":2888,"comprehension_count":2704,"contact_count":430,"contactReachability_count":442,"contactSatisfaction_count":348,"autonomy_count":2673}}
