{"data":{"satisfaction":8.15884476534296,"comprehension":8.369222689075631,"contact":5.915032679738562,"contact_reachability":0.8046709129511678,"contact_satisfaction":7.397820163487738,"autonomy":7.421183138505136},"metadata":{"satisfaction_count":3047,"comprehension_count":2856,"contact_count":459,"contactReachability_count":471,"contactSatisfaction_count":367,"autonomy_count":2823}}
