{"data":{"satisfaction":8.251318101933217,"comprehension":8.4261444077395,"contact":5.897435897435898,"contact_reachability":0.8063492063492064,"contact_satisfaction":7.330677290836653,"autonomy":7.380688124306326},"metadata":{"satisfaction_count":2276,"comprehension_count":2119,"contact_count":312,"contactReachability_count":315,"contactSatisfaction_count":251,"autonomy_count":1802}}
