{"data":{"satisfaction":8.273381294964029,"comprehension":8.727030231179608,"contact":5.768229166666667,"contact_reachability":0.7979274611398963,"contact_satisfaction":7.238562091503268,"autonomy":7.332053742802303},"metadata":{"satisfaction_count":1807,"comprehension_count":1687,"contact_count":192,"contactReachability_count":193,"contactSatisfaction_count":153,"autonomy_count":1042}}
