{"data":{"satisfaction":8.148815653964984,"comprehension":8.369220730797911,"contact":5.505257009345795,"contact_reachability":0.7776497695852534,"contact_satisfaction":7.107843137254902,"autonomy":7.207518220176448},"metadata":{"satisfaction_count":5826,"comprehension_count":5364,"contact_count":856,"contactReachability_count":868,"contactSatisfaction_count":663,"autonomy_count":5214}}
