{"data":{"satisfaction":8.281879194630873,"comprehension":8.85,"contact":5.582706766917293,"contact_reachability":7.7611940298507465,"contact_satisfaction":7.20873786407767,"autonomy":7.376830892143809},"metadata":{"satisfaction_count":1490,"comprehension_count":1400,"contact_count":133,"autonomy_count":751}}
