{"data":{"satisfaction":8.461195361284567,"comprehension":8.524096385542169,"contact":6.445086705202312,"contact_reachability":0.8742857142857143,"contact_satisfaction":7.3841059602649,"autonomy":7.206439393939394},"metadata":{"satisfaction_count":1121,"comprehension_count":1079,"contact_count":173,"contactReachability_count":175,"contactSatisfaction_count":151,"autonomy_count":1056}}
