{"data":{"satisfaction":8.177049180327868,"comprehension":8.48589125946318,"contact":5.845808383233533,"contact_reachability":0.8105726872246696,"contact_satisfaction":7.244897959183674,"autonomy":7.480112306972392},"metadata":{"satisfaction_count":4575,"comprehension_count":4359,"contact_count":668,"contactReachability_count":681,"contactSatisfaction_count":539,"autonomy_count":4274}}
