{"data":{"satisfaction":8.21923076923077,"comprehension":8.259414225941423,"contact":6.172248803827751,"contact_reachability":0.8301886792452831,"contact_satisfaction":7.456647398843931,"autonomy":7.385512073272273},"metadata":{"satisfaction_count":1300,"comprehension_count":1195,"contact_count":209,"contactReachability_count":212,"contactSatisfaction_count":173,"autonomy_count":1201}}
