{"data":{"satisfaction":8.200158227848101,"comprehension":8.576214405360133,"contact":5.7421875,"contact_reachability":0.7969543147208121,"contact_satisfaction":7.253289473684211,"autonomy":7.516949152542373},"metadata":{"satisfaction_count":1264,"comprehension_count":1194,"contact_count":192,"contactReachability_count":197,"contactSatisfaction_count":152,"autonomy_count":1180}}
