{"data":{"satisfaction":7.92870036101083,"comprehension":8.488262910798122,"contact":4.821428571428571,"contact_reachability":0.7307692307692307,"contact_satisfaction":6.629464285714286,"autonomy":7.588516746411483},"metadata":{"satisfaction_count":1108,"comprehension_count":1065,"contact_count":154,"contactReachability_count":156,"contactSatisfaction_count":112,"autonomy_count":1045}}
