{"data":{"satisfaction":8.250559284116331,"comprehension":8.426682692307692,"contact":5.881877022653722,"contact_reachability":0.8044871794871795,"contact_satisfaction":7.328629032258065,"autonomy":7.349602724177071},"metadata":{"satisfaction_count":2235,"comprehension_count":2080,"contact_count":309,"contactReachability_count":312,"contactSatisfaction_count":248,"autonomy_count":1762}}
