{"data":{"satisfaction":8.114630467571644,"comprehension":8.554,"contact":5.6550802139037435,"contact_reachability":0.7875647668393783,"contact_satisfaction":7.243150684931507,"autonomy":7.59349593495935},"metadata":{"satisfaction_count":1326,"comprehension_count":1250,"contact_count":187,"contactReachability_count":193,"contactSatisfaction_count":146,"autonomy_count":1230}}
