{"data":{"satisfaction":6.666666666666667,"comprehension":8.333333333333334,"contact":6.666666666666667,"contact_reachability":0.6666666666666666,"contact_satisfaction":10,"autonomy":3.3333333333333335},"metadata":{"satisfaction_count":6,"comprehension_count":6,"contact_count":3,"contactReachability_count":3,"contactSatisfaction_count":2,"autonomy_count":6}}
