{"data":{"satisfaction":4.680511182108626,"comprehension":4.912790697674419,"contact":1.7241379310344827,"contact_reachability":0.48863636363636365,"contact_satisfaction":3.5714285714285716,"autonomy":4.349775784753363},"metadata":{"satisfaction_count":313,"comprehension_count":258,"contact_count":87,"contactReachability_count":88,"contactSatisfaction_count":42,"autonomy_count":223}}
