{"data":{"satisfaction":5.077160493827161,"comprehension":5.284697508896797,"contact":3.0704697986577183,"contact_reachability":0.5882352941176471,"contact_satisfaction":5.319767441860465,"autonomy":5.158102766798419},"metadata":{"satisfaction_count":648,"comprehension_count":562,"contact_count":149,"contactReachability_count":153,"contactSatisfaction_count":86,"autonomy_count":506}}
