{"data":{"satisfaction":5.1397515527950315,"comprehension":5.251798561151079,"contact":2.942176870748299,"contact_reachability":0.5960264900662252,"contact_satisfaction":5.02906976744186,"autonomy":5.207920792079208},"metadata":{"satisfaction_count":644,"comprehension_count":556,"contact_count":147,"contactReachability_count":151,"contactSatisfaction_count":86,"autonomy_count":505}}
