{"data":{"satisfaction":4.442358242583552,"comprehension":4.821583986074848,"contact":3.107701564380265,"contact_reachability":0.564042303172738,"contact_satisfaction":5.614130434782608,"autonomy":4.1150223103619235},"metadata":{"satisfaction_count":2663,"comprehension_count":2298,"contact_count":831,"contactReachability_count":851,"contactSatisfaction_count":460,"autonomy_count":2017}}
