{"data":{"satisfaction":4.6,"comprehension":4.791288566243194,"contact":3.4722222222222223,"contact_reachability":0.6342592592592593,"contact_satisfaction":5.474452554744525,"autonomy":3.826429980276134},"metadata":{"satisfaction_count":650,"comprehension_count":551,"contact_count":216,"contactReachability_count":216,"contactSatisfaction_count":137,"autonomy_count":507}}
