{"data":{"satisfaction":4.648129076553381,"comprehension":6.746071971616828,"contact":2.6666666666666665,"contact_reachability":5.021834061135371,"contact_satisfaction":5.405405405405405,"autonomy":3.3702882483370287},"metadata":{"satisfaction_count":2913,"comprehension_count":1973,"contact_count":225,"autonomy_count":451}}
