{"data":{"satisfaction":4.363636363636363,"comprehension":4.550209205020921,"contact":2.5531914893617023,"contact_reachability":0.5319148936170213,"contact_satisfaction":4.8,"autonomy":4.413145539906103},"metadata":{"satisfaction_count":275,"comprehension_count":239,"contact_count":94,"contactReachability_count":94,"contactSatisfaction_count":50,"autonomy_count":213}}
