{"data":{"satisfaction":4.759658580413298,"comprehension":5.02204356846473,"contact":3.3098068350668646,"contact_reachability":0.5941605839416059,"contact_satisfaction":5.639240506329114,"autonomy":4.393329499712478},"metadata":{"satisfaction_count":2226,"comprehension_count":1928,"contact_count":673,"contactReachability_count":685,"contactSatisfaction_count":395,"autonomy_count":1739}}
