{"data":{"satisfaction":4.5738203957382035,"comprehension":4.753584229390681,"contact":3.518099547511312,"contact_reachability":0.6380090497737556,"contact_satisfaction":5.51418439716312,"autonomy":3.7890625},"metadata":{"satisfaction_count":657,"comprehension_count":558,"contact_count":221,"contactReachability_count":221,"contactSatisfaction_count":141,"autonomy_count":512}}
