{"data":{"satisfaction":4.363636363636363,"comprehension":4.560669456066946,"contact":2.989130434782609,"contact_reachability":0.5652173913043478,"contact_satisfaction":5.288461538461538,"autonomy":4.5327102803738315},"metadata":{"satisfaction_count":275,"comprehension_count":239,"contact_count":92,"contactReachability_count":92,"contactSatisfaction_count":52,"autonomy_count":214}}
