{"data":{"satisfaction":4.402464065708419,"comprehension":4.811878845243729,"contact":3.117007672634271,"contact_reachability":0.5556946182728411,"contact_satisfaction":5.708430913348946,"autonomy":4.001082837033026},"metadata":{"satisfaction_count":2435,"comprehension_count":2113,"contact_count":782,"contactReachability_count":799,"contactSatisfaction_count":427,"autonomy_count":1847}}
