{
  "data": {
    "satisfaction": 4.762939549585144,
    "comprehension": 7.279098110907983,
    "contact": 2.9166666666666665,
    "autonomy": 3.625730994152047
  },
  "metadata": {
    "satisfaction_count": 2531,
    "comprehension_count": 1641,
    "contact_count": 72,
    "autonomy_count": 171
  }
}
