{"data":{"satisfaction":4.348591549295775,"comprehension":4.540816326530612,"contact":2.8947368421052633,"contact_reachability":0.5684210526315789,"contact_satisfaction":5.092592592592593,"autonomy":4.351851851851852},"metadata":{"satisfaction_count":284,"comprehension_count":245,"contact_count":95,"contactReachability_count":95,"contactSatisfaction_count":54,"autonomy_count":216}}
