{"data":{"satisfaction":4.399176954732511,"comprehension":4.806780464675201,"contact":3.1121794871794872,"contact_reachability":0.5558343789209536,"contact_satisfaction":5.698356807511737,"autonomy":4.002169197396963},"metadata":{"satisfaction_count":2430,"comprehension_count":2109,"contact_count":780,"contactReachability_count":797,"contactSatisfaction_count":426,"autonomy_count":1844}}
