{"data":{"satisfaction":4.875621890547263,"comprehension":5.329827915869981,"contact":3.565989847715736,"contact_reachability":0.585,"contact_satisfaction":6.162280701754386,"autonomy":3.9913232104121477},"metadata":{"satisfaction_count":603,"comprehension_count":523,"contact_count":197,"contactReachability_count":200,"contactSatisfaction_count":114,"autonomy_count":461}}
