{"data":{"satisfaction":4.2420537897310515,"comprehension":4.571629213483146,"contact":2.831715210355987,"contact_reachability":5.063291139240507,"contact_satisfaction":5.718954248366013,"autonomy":3.564516129032258},"metadata":{"satisfaction_count":818,"comprehension_count":712,"contact_count":309,"autonomy_count":620}}
