{"data":{"satisfaction":4.48581560283688,"comprehension":4.69758064516129,"contact":3.076923076923077,"contact_reachability":0.5494505494505495,"contact_satisfaction":5.6,"autonomy":4.684684684684685},"metadata":{"satisfaction_count":282,"comprehension_count":248,"contact_count":91,"contactReachability_count":91,"contactSatisfaction_count":50,"autonomy_count":222}}
