{"data":{"satisfaction":4.8417132216014895,"comprehension":5.313174946004319,"contact":3.4451219512195124,"contact_reachability":0.592814371257485,"contact_satisfaction":5.885416666666667,"autonomy":4.1320293398533},"metadata":{"satisfaction_count":537,"comprehension_count":463,"contact_count":164,"contactReachability_count":167,"contactSatisfaction_count":96,"autonomy_count":409}}
