{"data":{"satisfaction":4.296875,"comprehension":4.694656488549619,"contact":2.779503105590062,"contact_reachability":5.045592705167174,"contact_satisfaction":5.628930817610063,"autonomy":3.8563049853372435},"metadata":{"satisfaction_count":896,"comprehension_count":786,"contact_count":322,"autonomy_count":682}}
