{"data":{"satisfaction":4.524940617577197,"comprehension":6.171235679214402,"contact":2.8202479338842976,"contact_reachability":0.513184584178499,"contact_satisfaction":5.594262295081967,"autonomy":3.6065573770491803},"metadata":{"satisfaction_count":3368,"comprehension_count":2444,"contact_count":484,"contactReachability_count":493,"contactSatisfaction_count":244,"autonomy_count":1037}}
