{"data":{"satisfaction":4.7065797273266154,"comprehension":4.866621067031463,"contact":3.0792079207920793,"contact_reachability":0.5901960784313726,"contact_satisfaction":5.253378378378378,"autonomy":4.513941220798794},"metadata":{"satisfaction_count":1687,"comprehension_count":1462,"contact_count":505,"contactReachability_count":510,"contactSatisfaction_count":296,"autonomy_count":1327}}
