{"data":{"satisfaction":4.5628834355828225,"comprehension":4.733273056057866,"contact":3.536036036036036,"contact_reachability":0.6396396396396397,"contact_satisfaction":5.528169014084507,"autonomy":3.8188976377952755},"metadata":{"satisfaction_count":652,"comprehension_count":553,"contact_count":222,"contactReachability_count":222,"contactSatisfaction_count":142,"autonomy_count":508}}
