{"data":{"satisfaction":4.3936,"comprehension":5.545680033071517,"contact":3.0886627906976742,"contact_reachability":0.5566714490674318,"contact_satisfaction":5.6068601583113455,"autonomy":3.75},"metadata":{"satisfaction_count":3125,"comprehension_count":2419,"contact_count":688,"contactReachability_count":697,"contactSatisfaction_count":379,"autonomy_count":1512}}
