{"data":{"satisfaction":4.991789819376026,"comprehension":5.2110091743119265,"contact":2.9936305732484074,"contact_reachability":0.5660377358490566,"contact_satisfaction":5.340909090909091,"autonomy":4.907216494845361},"metadata":{"satisfaction_count":609,"comprehension_count":545,"contact_count":157,"contactReachability_count":159,"contactSatisfaction_count":88,"autonomy_count":485}}
