{"data":{"satisfaction":4.559458681255399,"comprehension":6.180473372781065,"contact":2.8962818003913893,"contact_reachability":0.5211538461538462,"contact_satisfaction":5.648854961832061,"autonomy":3.7309417040358746},"metadata":{"satisfaction_count":3473,"comprehension_count":2535,"contact_count":511,"contactReachability_count":520,"contactSatisfaction_count":262,"autonomy_count":1115}}
