{"data":{"satisfaction":4.623233908948195,"comprehension":4.833333333333333,"contact":3.616279069767442,"contact_reachability":0.6465116279069767,"contact_satisfaction":5.593525179856115,"autonomy":3.911290322580645},"metadata":{"satisfaction_count":637,"comprehension_count":540,"contact_count":215,"contactReachability_count":215,"contactSatisfaction_count":139,"autonomy_count":496}}
