{"data":{"satisfaction":4.716535433070866,"comprehension":4.947275922671353,"contact":3.102094240837696,"contact_reachability":0.612565445026178,"contact_satisfaction":5.064102564102564,"autonomy":4.437869822485207},"metadata":{"satisfaction_count":635,"comprehension_count":569,"contact_count":191,"contactReachability_count":191,"contactSatisfaction_count":117,"autonomy_count":507}}
