{"data":{"satisfaction":4.902826855123675,"comprehension":5.357142857142857,"contact":3.573446327683616,"contact_reachability":0.6,"contact_satisfaction":6.023809523809524,"autonomy":4.060324825986079},"metadata":{"satisfaction_count":566,"comprehension_count":490,"contact_count":177,"contactReachability_count":180,"contactSatisfaction_count":105,"autonomy_count":431}}
