{"data":{"satisfaction":4.313280363223609,"comprehension":4.651612903225806,"contact":2.8183229813664594,"contact_reachability":5.060975609756097,"contact_satisfaction":5.671875,"autonomy":3.8541666666666665},"metadata":{"satisfaction_count":881,"comprehension_count":775,"contact_count":322,"autonomy_count":672}}
