{"data":{"satisfaction":4.810379241516966,"comprehension":5.2719907407407405,"contact":3.3225806451612905,"contact_reachability":0.5796178343949044,"contact_satisfaction":5.786516853932584,"autonomy":4.162303664921466},"metadata":{"satisfaction_count":501,"comprehension_count":432,"contact_count":155,"contactReachability_count":157,"contactSatisfaction_count":89,"autonomy_count":382}}
