{"data":{"satisfaction":4.720149253731344,"comprehension":7.068427030096536,"contact":3.0072463768115942,"autonomy":3.102189781021898},"metadata":{"satisfaction_count":2680,"comprehension_count":1761,"contact_count":138,"autonomy_count":274}}
