{"data":{"satisfaction":4.412685982772122,"comprehension":4.805165382872678,"contact":3.079800498753117,"contact_reachability":0.5571776155717761,"contact_satisfaction":5.639269406392694,"autonomy":4.0476190476190474},"metadata":{"satisfaction_count":2554,"comprehension_count":2207,"contact_count":802,"contactReachability_count":822,"contactSatisfaction_count":438,"autonomy_count":1932}}
