{"data":{"satisfaction":4.406877897990727,"comprehension":4.796602592758158,"contact":3.0987654320987654,"contact_reachability":0.5590361445783133,"contact_satisfaction":5.653153153153153,"autonomy":4.050051072522983},"metadata":{"satisfaction_count":2588,"comprehension_count":2237,"contact_count":810,"contactReachability_count":830,"contactSatisfaction_count":444,"autonomy_count":1958}}
