{"data":{"satisfaction":4.634390651085142,"comprehension":6.6707376648754275,"contact":2.5496031746031744,"contact_reachability":4.8828125,"contact_satisfaction":5.309917355371901,"autonomy":3.416988416988417},"metadata":{"satisfaction_count":2995,"comprehension_count":2047,"contact_count":252,"autonomy_count":518}}
