{"data":{"satisfaction":4.406310995445673,"comprehension":5.5746520455504,"contact":3.094170403587444,"contact_reachability":0.5575221238938053,"contact_satisfaction":5.609756097560975,"autonomy":3.7346938775510203},"metadata":{"satisfaction_count":3074,"comprehension_count":2371,"contact_count":669,"contactReachability_count":678,"contactSatisfaction_count":369,"autonomy_count":1470}}
