{"data":{"satisfaction":4.533898305084746,"comprehension":4.681372549019608,"contact":3.5833333333333335,"contact_reachability":0.6476190476190476,"contact_satisfaction":5.533088235294118,"autonomy":3.8559322033898304},"metadata":{"satisfaction_count":590,"comprehension_count":510,"contact_count":210,"contactReachability_count":210,"contactSatisfaction_count":136,"autonomy_count":472}}
