{"data":{"satisfaction":4.695626477541371,"comprehension":4.858554873892297,"contact":3.0792079207920793,"contact_reachability":0.5901960784313726,"contact_satisfaction":5.253378378378378,"autonomy":4.504504504504505},"metadata":{"satisfaction_count":1692,"comprehension_count":1467,"contact_count":505,"contactReachability_count":510,"contactSatisfaction_count":296,"autonomy_count":1332}}
