{"data":{"satisfaction":4.762765476728423,"comprehension":5.026082420448618,"contact":3.3098068350668646,"contact_reachability":0.5941605839416059,"contact_satisfaction":5.639240506329114,"autonomy":4.375722543352601},"metadata":{"satisfaction_count":2213,"comprehension_count":1917,"contact_count":673,"contactReachability_count":685,"contactSatisfaction_count":395,"autonomy_count":1730}}
