{"data":{"satisfaction":4.742268041237113,"comprehension":5.208955223880597,"contact":3.4108527131782944,"contact_reachability":0.5741444866920152,"contact_satisfaction":6.027397260273973,"autonomy":3.983050847457627},"metadata":{"satisfaction_count":776,"comprehension_count":670,"contact_count":258,"contactReachability_count":263,"contactSatisfaction_count":146,"autonomy_count":590}}
