{"data":{"satisfaction":4.544319600499376,"comprehension":4.967672413793103,"contact":2.9653284671532845,"contact_reachability":0.5268817204301075,"contact_satisfaction":5.721830985915493,"autonomy":3.7987012987012987},"metadata":{"satisfaction_count":801,"comprehension_count":696,"contact_count":274,"contactReachability_count":279,"contactSatisfaction_count":142,"autonomy_count":616}}
