{"data":{"satisfaction":4.6265630280500165,"comprehension":6.704714640198511,"contact":2.5933609958506225,"contact_reachability":4.8979591836734695,"contact_satisfaction":5.387931034482759,"autonomy":3.4151329243353783},"metadata":{"satisfaction_count":2959,"comprehension_count":2015,"contact_count":241,"autonomy_count":489}}
