{"data":{"satisfaction":4.371596145789694,"comprehension":4.782608695652174,"contact":3.0761843790012806,"contact_reachability":0.5569620253164557,"contact_satisfaction":5.5742459396751745,"autonomy":3.969043670536208},"metadata":{"satisfaction_count":2387,"comprehension_count":2070,"contact_count":781,"contactReachability_count":790,"contactSatisfaction_count":431,"autonomy_count":1809}}
