{"data":{"satisfaction":4.403292181069959,"comprehension":5.552835577315381,"contact":3.0686695278969958,"contact_reachability":0.5550847457627118,"contact_satisfaction":5.5859375,"autonomy":3.7621832358674463},"metadata":{"satisfaction_count":3159,"comprehension_count":2451,"contact_count":699,"contactReachability_count":708,"contactSatisfaction_count":384,"autonomy_count":1539}}
