{"data":{"satisfaction":4.700407213496219,"comprehension":4.855121293800539,"contact":3.0844793713163066,"contact_reachability":0.5914396887159533,"contact_satisfaction":5.250836120401337,"autonomy":4.51373422420193},"metadata":{"satisfaction_count":1719,"comprehension_count":1484,"contact_count":509,"contactReachability_count":514,"contactSatisfaction_count":299,"autonomy_count":1347}}
