{"data":{"satisfaction":5.061255742725881,"comprehension":5.2336860670194,"contact":3.033333333333333,"contact_reachability":0.5909090909090909,"contact_satisfaction":5.2298850574712645,"autonomy":5.166340508806262},"metadata":{"satisfaction_count":653,"comprehension_count":567,"contact_count":150,"contactReachability_count":154,"contactSatisfaction_count":87,"autonomy_count":511}}
