{"data":{"satisfaction":4.407313997477932,"comprehension":5.55115712545676,"contact":3.0638297872340425,"contact_reachability":0.5546218487394958,"contact_satisfaction":5.5813953488372094,"autonomy":3.761290322580645},"metadata":{"satisfaction_count":3172,"comprehension_count":2463,"contact_count":705,"contactReachability_count":714,"contactSatisfaction_count":387,"autonomy_count":1550}}
