{"data":{"satisfaction":4.409681227863046,"comprehension":4.805593451568895,"contact":3.083645443196005,"contact_reachability":0.5573170731707318,"contact_satisfaction":5.639269406392694,"autonomy":4.046753246753247},"metadata":{"satisfaction_count":2541,"comprehension_count":2199,"contact_count":801,"contactReachability_count":820,"contactSatisfaction_count":438,"autonomy_count":1925}}
