{"data":{"satisfaction":4.400966183574879,"comprehension":5.553125,"contact":3.0884502923976607,"contact_reachability":0.556998556998557,"contact_satisfaction":5.603448275862069,"autonomy":3.739130434782609},"metadata":{"satisfaction_count":3105,"comprehension_count":2400,"contact_count":684,"contactReachability_count":693,"contactSatisfaction_count":377,"autonomy_count":1495}}
