{"data":{"satisfaction":4.536921151439299,"comprehension":4.978386167146974,"contact":2.9871323529411766,"contact_reachability":0.5306859205776173,"contact_satisfaction":5.721830985915493,"autonomy":3.7846655791190864},"metadata":{"satisfaction_count":799,"comprehension_count":694,"contact_count":272,"contactReachability_count":277,"contactSatisfaction_count":142,"autonomy_count":613}}
