{"data":{"satisfaction":8.14716429804755,"comprehension":8.550462962962962,"contact":5.241935483870968,"contact_reachability":0.6985294117647058,"contact_satisfaction":7.831325301204819,"autonomy":8.107676969092722},"metadata":{"satisfaction_count":7529,"comprehension_count":5400,"contact_count":248,"contactReachability_count":272,"contactSatisfaction_count":166,"autonomy_count":5015}}
