{"data":{"satisfaction":8.18977756743966,"comprehension":8.553647716069667,"contact":5.264150943396227,"contact_reachability":0.7030716723549488,"contact_satisfaction":7.837078651685394,"autonomy":8.107776022467966},"metadata":{"satisfaction_count":8452,"comprehension_count":6086,"contact_count":265,"contactReachability_count":293,"contactSatisfaction_count":178,"autonomy_count":5697}}
