{"data":{"satisfaction":8.531990906138356,"comprehension":8.85200705778562,"contact":5.719178082191781,"contact_reachability":0.7411764705882353,"contact_satisfaction":8.186274509803921,"autonomy":8.6017949929145},"metadata":{"satisfaction_count":3079,"comprehension_count":2267,"contact_count":73,"contactReachability_count":85,"contactSatisfaction_count":51,"autonomy_count":2117}}
