{"data":{"satisfaction":8.193338160753077,"comprehension":8.756231306081755,"contact":4.431818181818182,"contact_reachability":0.66,"contact_satisfaction":7.222222222222222,"autonomy":8.189655172413794},"metadata":{"satisfaction_count":1381,"comprehension_count":1003,"contact_count":44,"contactReachability_count":50,"contactSatisfaction_count":27,"autonomy_count":928}}
