{"data":{"satisfaction":8.628841607565011,"comprehension":8.58695652173913,"contact":4.285714285714286,"contact_reachability":0.7142857142857143,"contact_satisfaction":6,"autonomy":8.66220735785953},"metadata":{"satisfaction_count":423,"comprehension_count":299,"contact_count":7,"contactReachability_count":7,"contactSatisfaction_count":5,"autonomy_count":299}}
