{"data":{"satisfaction":8.429824561403509,"comprehension":8.570099255583127,"contact":6.824324324324325,"contact_reachability":0.8157894736842105,"contact_satisfaction":8.416666666666666,"autonomy":8.375959079283888},"metadata":{"satisfaction_count":1140,"comprehension_count":806,"contact_count":37,"contactReachability_count":38,"contactSatisfaction_count":30,"autonomy_count":782}}
