{"data":{"satisfaction":8.480725623582767,"comprehension":8.831919814957594,"contact":5.666666666666667,"contact_reachability":0.7378640776699029,"contact_satisfaction":8.095238095238095,"autonomy":8.495245969408847},"metadata":{"satisfaction_count":3528,"comprehension_count":2594,"contact_count":90,"contactReachability_count":103,"contactSatisfaction_count":63,"autonomy_count":2419}}
