{"data":{"satisfaction":8.89795918367347,"comprehension":9.455937667920473,"contact":4.821428571428571,"contact_reachability":0.7647058823529411,"contact_satisfaction":6.75,"autonomy":8.993377483443709},"metadata":{"satisfaction_count":2450,"comprehension_count":1861,"contact_count":14,"contactReachability_count":17,"contactSatisfaction_count":10,"autonomy_count":755}}
