{"data":{"satisfaction":8.642384105960264,"comprehension":8.672360248447205,"contact":4.285714285714286,"contact_reachability":0.7142857142857143,"contact_satisfaction":6,"autonomy":8.722741433021806},"metadata":{"satisfaction_count":453,"comprehension_count":322,"contact_count":7,"contactReachability_count":7,"contactSatisfaction_count":5,"autonomy_count":321}}
