{"data":{"satisfaction":8.533834586466165,"comprehension":8.853149955634427,"contact":5.719178082191781,"contact_reachability":0.7411764705882353,"contact_satisfaction":8.186274509803921,"autonomy":8.599240265906932},"metadata":{"satisfaction_count":3059,"comprehension_count":2254,"contact_count":73,"contactReachability_count":85,"contactSatisfaction_count":51,"autonomy_count":2106}}
