{"data":{"satisfaction":8.391376451077944,"comprehension":8.559272300469484,"contact":6.585365853658536,"contact_reachability":0.7857142857142857,"contact_satisfaction":8.4375,"autonomy":8.33130328867235},"metadata":{"satisfaction_count":1206,"comprehension_count":852,"contact_count":41,"contactReachability_count":42,"contactSatisfaction_count":32,"autonomy_count":821}}
