{"data":{"satisfaction":8.423817863397549,"comprehension":8.565675340768278,"contact":6.644736842105263,"contact_reachability":0.7948717948717948,"contact_satisfaction":8.416666666666666,"autonomy":8.388746803069054},"metadata":{"satisfaction_count":1142,"comprehension_count":807,"contact_count":38,"contactReachability_count":39,"contactSatisfaction_count":30,"autonomy_count":782}}
