{"data":{"satisfaction":8.45984598459846,"comprehension":8.828592814371257,"contact":5.546875,"contact_reachability":0.7247706422018348,"contact_satisfaction":8.068181818181818,"autonomy":8.474508229626656},"metadata":{"satisfaction_count":3636,"comprehension_count":2672,"contact_count":96,"contactReachability_count":109,"contactSatisfaction_count":66,"autonomy_count":2491}}
