{"data":{"satisfaction":8.290094339622641,"comprehension":8.806010928961749,"contact":5.260416666666667,"contact_reachability":0.6862745098039216,"contact_satisfaction":7.890625,"autonomy":8.323632130384167},"metadata":{"satisfaction_count":1272,"comprehension_count":915,"contact_count":48,"contactReachability_count":51,"contactSatisfaction_count":32,"autonomy_count":859}}
