{"data":{"satisfaction":8.201118593767834,"comprehension":8.555300269370939,"contact":5.218181818181818,"contact_reachability":0.7006578947368421,"contact_satisfaction":7.798913043478261,"autonomy":8.073936529372046},"metadata":{"satisfaction_count":8761,"comprehension_count":6311,"contact_count":275,"contactReachability_count":304,"contactSatisfaction_count":184,"autonomy_count":5924}}
