{"data":{"satisfaction":8.215069495245062,"comprehension":8.743680485338725,"contact":4.829545454545454,"contact_reachability":0.7,"contact_satisfaction":7.327586206896552,"autonomy":8.16793893129771},"metadata":{"satisfaction_count":1367,"comprehension_count":989,"contact_count":44,"contactReachability_count":50,"contactSatisfaction_count":29,"autonomy_count":917}}
