{"data":{"satisfaction":8.215094339622642,"comprehension":8.751300728407909,"contact":3.888888888888889,"contact_reachability":0.6190476190476191,"contact_satisfaction":7,"autonomy":8.22998872604284},"metadata":{"satisfaction_count":1325,"comprehension_count":961,"contact_count":36,"contactReachability_count":42,"contactSatisfaction_count":20,"autonomy_count":887}}
