{"data":{"satisfaction":8.12046204620462,"comprehension":8.543165467625899,"contact":5.4625,"contact_reachability":0.7168949771689498,"contact_satisfaction":7.916666666666667,"autonomy":8.163163163163164},"metadata":{"satisfaction_count":6060,"comprehension_count":4309,"contact_count":200,"contactReachability_count":219,"contactSatisfaction_count":138,"autonomy_count":3996}}
