{"data":{"satisfaction":8.71209284912018,"comprehension":9.094827586206897,"contact":6.041666666666667,"contact_reachability":0.7884615384615384,"contact_satisfaction":7.837837837837838,"autonomy":8.696904247660187},"metadata":{"satisfaction_count":2671,"comprehension_count":1972,"contact_count":48,"contactReachability_count":52,"contactSatisfaction_count":37,"autonomy_count":1389}}
