{"data":{"satisfaction":8.45859524460235,"comprehension":8.823036844064012,"contact":5.546875,"contact_reachability":0.7297297297297297,"contact_satisfaction":8.068181818181818,"autonomy":8.459696727853153},"metadata":{"satisfaction_count":3659,"comprehension_count":2687,"contact_count":96,"contactReachability_count":111,"contactSatisfaction_count":66,"autonomy_count":2506}}
