{"data":{"satisfaction":8.907314856883234,"comprehension":9.499404052443385,"contact":6.388888888888889,"contact_reachability":8.333333333333334,"contact_satisfaction":8.214285714285714,"autonomy":8.97391304347826},"metadata":{"satisfaction_count":2201,"comprehension_count":1678,"contact_count":9,"autonomy_count":575}}
