{"data":{"satisfaction":8.48411107930146,"comprehension":8.839494163424124,"contact":5.568181818181818,"contact_reachability":0.7326732673267327,"contact_satisfaction":8.032786885245901,"autonomy":8.492693110647181},"metadata":{"satisfaction_count":3493,"comprehension_count":2570,"contact_count":88,"contactReachability_count":101,"contactSatisfaction_count":61,"autonomy_count":2395}}
