{"data":{"satisfaction":8.484304932735427,"comprehension":8.57643312101911,"contact":6.736111111111111,"contact_reachability":0.8108108108108109,"contact_satisfaction":8.362068965517242,"autonomy":8.352941176470589},"metadata":{"satisfaction_count":1115,"comprehension_count":785,"contact_count":36,"contactReachability_count":37,"contactSatisfaction_count":29,"autonomy_count":765}}
