{"data":{"satisfaction":8.52310480217457,"comprehension":8.72827804107425,"contact":4.046391752577319,"contact_reachability":0.5833333333333334,"contact_satisfaction":7.548076923076923,"autonomy":8.262322472848789},"metadata":{"satisfaction_count":3311,"comprehension_count":2532,"contact_count":97,"contactReachability_count":108,"contactSatisfaction_count":52,"autonomy_count":2394}}
