{"data":{"satisfaction":8.499550763701707,"comprehension":8.566411238825031,"contact":6.736111111111111,"contact_reachability":0.8108108108108109,"contact_satisfaction":8.362068965517242,"autonomy":8.407310704960835},"metadata":{"satisfaction_count":1113,"comprehension_count":783,"contact_count":36,"contactReachability_count":37,"contactSatisfaction_count":29,"autonomy_count":766}}
