{"data":{"satisfaction":8.5368016553355,"comprehension":8.740226739640343,"contact":4.040404040404041,"contact_reachability":0.5818181818181818,"contact_satisfaction":7.547169811320755,"autonomy":8.234567901234568},"metadata":{"satisfaction_count":3383,"comprehension_count":2558,"contact_count":99,"contactReachability_count":110,"contactSatisfaction_count":53,"autonomy_count":2430}}
