{"data":{"satisfaction":8.471524288107203,"comprehension":8.617886178861788,"contact":6.428571428571429,"contact_reachability":0.7674418604651163,"contact_satisfaction":8.4375,"autonomy":8.412698412698413},"metadata":{"satisfaction_count":1194,"comprehension_count":861,"contact_count":42,"contactReachability_count":43,"contactSatisfaction_count":32,"autonomy_count":819}}
