{"data":{"satisfaction":8.61111111111111,"comprehension":8.653284671532846,"contact":6,"contact_reachability":0.7692307692307693,"contact_satisfaction":7.894736842105263,"autonomy":8.519061583577713},"metadata":{"satisfaction_count":972,"comprehension_count":685,"contact_count":25,"contactReachability_count":26,"contactSatisfaction_count":19,"autonomy_count":682}}
