{"data":{"satisfaction":8.839928057553957,"comprehension":9.009546539379475,"contact":5,"contact_reachability":0.7777777777777778,"contact_satisfaction":6.666666666666667,"autonomy":8.833333333333334},"metadata":{"satisfaction_count":556,"comprehension_count":419,"contact_count":8,"contactReachability_count":9,"contactSatisfaction_count":6,"autonomy_count":420}}
