{"data":{"satisfaction":8.148619417228655,"comprehension":8.565175097276265,"contact":5.283203125,"contact_reachability":0.7021276595744681,"contact_satisfaction":7.863372093023256,"autonomy":8.103284602240365},"metadata":{"satisfaction_count":7859,"comprehension_count":5654,"contact_count":256,"contactReachability_count":282,"contactSatisfaction_count":172,"autonomy_count":5267}}
