{"data":{"satisfaction":8.154681139755766,"comprehension":8.726459510357815,"contact":4.183673469387755,"contact_reachability":0.6724137931034483,"contact_satisfaction":6.833333333333333,"autonomy":8.04679552390641},"metadata":{"satisfaction_count":1474,"comprehension_count":1062,"contact_count":49,"contactReachability_count":58,"contactSatisfaction_count":30,"autonomy_count":983}}
