{"data":{"satisfaction":8.895612708018154,"comprehension":9.552561543579507,"contact":4.583333333333333,"autonomy":8.969696969696969},"metadata":{"satisfaction_count":1983,"comprehension_count":1503,"contact_count":6,"autonomy_count":330}}
