{"data":{"satisfaction":8.412280701754385,"comprehension":8.768203883495145,"contact":6.315789473684211,"contact_reachability":0.7692307692307693,"contact_satisfaction":8.275862068965518,"autonomy":8.482142857142858},"metadata":{"satisfaction_count":1140,"comprehension_count":824,"contact_count":38,"contactReachability_count":39,"contactSatisfaction_count":29,"autonomy_count":784}}
