{"data":{"satisfaction":8.659244917715393,"comprehension":9.049956369982548,"contact":6.0964912280701755,"contact_reachability":0.7704918032786885,"contact_satisfaction":8.081395348837209,"autonomy":8.664302600472814},"metadata":{"satisfaction_count":3099,"comprehension_count":2292,"contact_count":57,"contactReachability_count":61,"contactSatisfaction_count":43,"autonomy_count":1692}}
