{"data":{"satisfaction":8.673941798941799,"comprehension":9.055082848186297,"contact":6.0964912280701755,"contact_reachability":0.7704918032786885,"contact_satisfaction":8.081395348837209,"autonomy":8.65278628291488},"metadata":{"satisfaction_count":3024,"comprehension_count":2233,"contact_count":57,"contactReachability_count":61,"contactSatisfaction_count":43,"autonomy_count":1633}}
