{"data":{"satisfaction":8.144378538689674,"comprehension":8.553299492385786,"contact":5.184426229508197,"contact_reachability":0.6940298507462687,"contact_satisfaction":7.808641975308642,"autonomy":8.099474322684998},"metadata":{"satisfaction_count":7418,"comprehension_count":5319,"contact_count":244,"contactReachability_count":268,"contactSatisfaction_count":162,"autonomy_count":4946}}
