{"data":{"satisfaction":8.254536029030586,"comprehension":8.603411513859275,"contact":4.635761589403973,"contact_reachability":0.6477611940298508,"contact_satisfaction":7.608695652173913,"autonomy":8.039600967351875},"metadata":{"satisfaction_count":9645,"comprehension_count":7035,"contact_count":302,"contactReachability_count":335,"contactSatisfaction_count":184,"autonomy_count":6616}}
