{"data":{"satisfaction":7.838936091614333,"comprehension":8.278907922912206,"contact":5.594059405940594,"contact_reachability":0.7129629629629629,"contact_satisfaction":8.071428571428571,"autonomy":7.824808935920047},"metadata":{"satisfaction_count":2707,"comprehension_count":1868,"contact_count":101,"contactReachability_count":108,"contactSatisfaction_count":70,"autonomy_count":1701}}
