{"data":{"satisfaction":8.413884007029877,"comprehension":8.557213930348258,"contact":6.644736842105263,"contact_reachability":0.7948717948717948,"contact_satisfaction":8.416666666666666,"autonomy":8.371794871794872},"metadata":{"satisfaction_count":1138,"comprehension_count":804,"contact_count":38,"contactReachability_count":39,"contactSatisfaction_count":30,"autonomy_count":780}}
