{"data":{"satisfaction":7.87109375,"comprehension":8.341305571187394,"contact":5.489130434782608,"contact_reachability":0.6875,"contact_satisfaction":8.14516129032258,"autonomy":7.982832618025751},"metadata":{"satisfaction_count":2560,"comprehension_count":1777,"contact_count":92,"contactReachability_count":96,"contactSatisfaction_count":62,"autonomy_count":1631}}
