{"data":{"satisfaction":8.292128703872024,"comprehension":8.315,"contact":5.7751396648044695,"contact_reachability":7.388888888888889,"contact_satisfaction":7.831439393939394,"autonomy":5.927601809954751},"metadata":{"satisfaction_count":5501,"comprehension_count":5000,"contact_count":358,"autonomy_count":1768}}
