{"data":{"satisfaction":8.202857142857143,"comprehension":7.401685393258427,"contact":5.661094224924012,"contact_reachability":0.7333333333333333,"contact_satisfaction":7.728215767634855,"autonomy":5.5982367758186395},"metadata":{"satisfaction_count":1750,"comprehension_count":1602,"contact_count":329,"contactReachability_count":330,"contactSatisfaction_count":241,"autonomy_count":1588}}
