{"data":{"satisfaction":8.247209590739976,"comprehension":7.776558384547849,"contact":6.00907029478458,"contact_reachability":0.7522321428571429,"contact_satisfaction":8.030303030303031,"autonomy":5.841184387617766},"metadata":{"satisfaction_count":2419,"comprehension_count":2278,"contact_count":441,"contactReachability_count":448,"contactSatisfaction_count":330,"autonomy_count":2229}}
