{"data":{"satisfaction":8.291118948380891,"comprehension":8.51068606321839,"contact":6.226851851851852,"autonomy":5.966850828729282},"metadata":{"satisfaction_count":6238,"comprehension_count":5568,"contact_count":108,"autonomy_count":543}}
