{"data":{"satisfaction":8.263621353880023,"comprehension":7.684257075471698,"contact":5.781700288184438,"contact_reachability":0.7478632478632479,"contact_satisfaction":7.761121856866538,"autonomy":5.794871794871795},"metadata":{"satisfaction_count":3634,"comprehension_count":3392,"contact_count":694,"contactReachability_count":702,"contactSatisfaction_count":517,"autonomy_count":3315}}
