{"data":{"satisfaction":8.389662027833001,"comprehension":7.93904958677686,"contact":5.73394495412844,"contact_reachability":0.7477477477477478,"contact_satisfaction":7.716049382716049,"autonomy":5.8936170212765955},"metadata":{"satisfaction_count":503,"comprehension_count":484,"contact_count":109,"contactReachability_count":111,"contactSatisfaction_count":81,"autonomy_count":470}}
