{"data":{"satisfaction":8.32409460458241,"comprehension":7.959451281016744,"contact":5.6879432624113475,"contact_reachability":0.7358757062146892,"contact_satisfaction":7.741312741312742,"autonomy":5.787367819376965},"metadata":{"satisfaction_count":5412,"comprehension_count":4957,"contact_count":705,"contactReachability_count":708,"contactSatisfaction_count":518,"autonomy_count":3499}}
