{"data":{"satisfaction":8.32097274922387,"comprehension":7.948609545283728,"contact":5.684754521963824,"contact_reachability":0.7352185089974294,"contact_satisfaction":7.746478873239437,"autonomy":5.8431372549019605},"metadata":{"satisfaction_count":5798,"comprehension_count":5322,"contact_count":774,"contactReachability_count":778,"contactSatisfaction_count":568,"autonomy_count":3825}}
