{"data":{"satisfaction":8.31951530612245,"comprehension":7.652084757347915,"contact":5.569727891156463,"contact_reachability":0.7346938775510204,"contact_satisfaction":7.581018518518518,"autonomy":5.836820083682008},"metadata":{"satisfaction_count":1568,"comprehension_count":1463,"contact_count":294,"contactReachability_count":294,"contactSatisfaction_count":216,"autonomy_count":1434}}
