{"data":{"satisfaction":8.020050125313283,"comprehension":7.868217054263566,"contact":5.330882352941177,"contact_reachability":0.5970149253731343,"contact_satisfaction":8.841463414634147,"autonomy":6.532258064516129},"metadata":{"satisfaction_count":399,"comprehension_count":387,"contact_count":68,"contactReachability_count":67,"contactSatisfaction_count":41,"autonomy_count":372}}
