{"data":{"satisfaction":8.181049069373943,"comprehension":7.4030172413793105,"contact":5.464396284829721,"contact_reachability":0.7160493827160493,"contact_satisfaction":7.640692640692641,"autonomy":5.62694946974423},"metadata":{"satisfaction_count":1773,"comprehension_count":1624,"contact_count":323,"contactReachability_count":324,"contactSatisfaction_count":231,"autonomy_count":1603}}
