{"data":{"satisfaction":8.133147113594042,"comprehension":7.582914572864322,"contact":5.752688172043011,"contact_reachability":0.7606382978723404,"contact_satisfaction":7.588652482269503,"autonomy":5.755395683453237},"metadata":{"satisfaction_count":1074,"comprehension_count":995,"contact_count":186,"contactReachability_count":188,"contactSatisfaction_count":141,"autonomy_count":973}}
