{"data":{"satisfaction":8.3709787816564,"comprehension":7.874728457639391,"contact":5.580524344569288,"contact_reachability":7.249070631970261,"contact_satisfaction":7.72020725388601,"autonomy":5.913497390007457},"metadata":{"satisfaction_count":1461,"comprehension_count":1381,"contact_count":267,"autonomy_count":1341}}
