{"data":{"satisfaction":8.31752722163681,"comprehension":7.946582423894314,"contact":5.642384105960265,"contact_reachability":0.7321899736147758,"contact_satisfaction":7.717391304347826,"autonomy":5.831770693811947},"metadata":{"satisfaction_count":5694,"comprehension_count":5223,"contact_count":755,"contactReachability_count":758,"contactSatisfaction_count":552,"autonomy_count":3733}}
