{"data":{"satisfaction":8.297615454271053,"comprehension":8.475568660488626,"contact":6.120689655172414,"contact_reachability":7.5,"contact_satisfaction":8.192307692307692,"autonomy":5.957446808510638},"metadata":{"satisfaction_count":6626,"comprehension_count":5935,"contact_count":174,"autonomy_count":893}}
