{"data":{"satisfaction":8.323359929078014,"comprehension":7.70344009489917,"contact":5.767356881851401,"contact_reachability":0.7389221556886227,"contact_satisfaction":7.85240464344942,"autonomy":5.852694018783984},"metadata":{"satisfaction_count":4512,"comprehension_count":4215,"contact_count":821,"contactReachability_count":835,"contactSatisfaction_count":603,"autonomy_count":4046}}
