{"data":{"satisfaction":8.138711960368012,"comprehension":7.515349194167306,"contact":5.728744939271255,"contact_reachability":0.7469879518072289,"contact_satisfaction":7.690217391304348,"autonomy":5.644028103044496},"metadata":{"satisfaction_count":1413,"comprehension_count":1303,"contact_count":247,"contactReachability_count":249,"contactSatisfaction_count":184,"autonomy_count":1281}}
