{"data":{"satisfaction":8.095238095238095,"comprehension":7.908464566929134,"contact":6.118421052631579,"contact_reachability":0.6973684210526315,"contact_satisfaction":8.773584905660377,"autonomy":6.59877800407332},"metadata":{"satisfaction_count":525,"comprehension_count":508,"contact_count":76,"contactReachability_count":76,"contactSatisfaction_count":53,"autonomy_count":491}}
