{"data":{"satisfaction":8.426666666666666,"comprehension":8.22829131652661,"contact":6.382352941176471,"contact_reachability":0.788235294117647,"contact_satisfaction":8.097014925373134,"autonomy":6.079545454545454},"metadata":{"satisfaction_count":375,"comprehension_count":357,"contact_count":85,"contactReachability_count":85,"contactSatisfaction_count":67,"autonomy_count":352}}
