{"data":{"satisfaction":8.248752079866888,"comprehension":7.7806009721608484,"contact":5.987442922374429,"contact_reachability":0.750561797752809,"contact_satisfaction":8.019877675840979,"autonomy":5.8284424379232505},"metadata":{"satisfaction_count":2404,"comprehension_count":2263,"contact_count":438,"contactReachability_count":445,"contactSatisfaction_count":327,"autonomy_count":2215}}
