{"data":{"satisfaction":8.31971488178025,"comprehension":7.948390151515151,"contact":5.680628272251309,"contact_reachability":0.7356770833333334,"contact_satisfaction":7.736185383244207,"autonomy":5.84830866807611},"metadata":{"satisfaction_count":5752,"comprehension_count":5280,"contact_count":764,"contactReachability_count":768,"contactSatisfaction_count":561,"autonomy_count":3784}}
