{"data":{"satisfaction":8.415055248618785,"comprehension":7.856099342585829,"contact":5.656934306569343,"contact_reachability":7.246376811594203,"contact_satisfaction":7.828282828282828,"autonomy":5.858433734939759},"metadata":{"satisfaction_count":1448,"comprehension_count":1369,"contact_count":274,"autonomy_count":1328}}
