{"data":{"satisfaction":8.337307608931281,"comprehension":7.719105031300718,"contact":5.761904761904762,"contact_reachability":0.7388758782201406,"contact_satisfaction":7.844408427876823,"autonomy":5.833333333333333},"metadata":{"satisfaction_count":4613,"comprehension_count":4313,"contact_count":840,"contactReachability_count":854,"contactSatisfaction_count":617,"autonomy_count":4152}}
