{"data":{"satisfaction":8.149717514124294,"comprehension":7.372386223862239,"contact":5.345659163987138,"contact_reachability":0.7051282051282052,"contact_satisfaction":7.591324200913242,"autonomy":5.684803001876173},"metadata":{"satisfaction_count":1770,"comprehension_count":1626,"contact_count":311,"contactReachability_count":312,"contactSatisfaction_count":219,"autonomy_count":1599}}
