{"data":{"satisfaction":8.374524714828897,"comprehension":7.919960474308301,"contact":5.7110091743119265,"contact_reachability":0.7387387387387387,"contact_satisfaction":7.78125,"autonomy":6.004056795131846},"metadata":{"satisfaction_count":526,"comprehension_count":506,"contact_count":109,"contactReachability_count":111,"contactSatisfaction_count":80,"autonomy_count":493}}
