{"data":{"satisfaction":8.374570446735396,"comprehension":7.868822674418604,"contact":5.557620817843866,"contact_reachability":7.232472324723247,"contact_satisfaction":7.706185567010309,"autonomy":5.9039759939984995},"metadata":{"satisfaction_count":1455,"comprehension_count":1376,"contact_count":269,"autonomy_count":1333}}
