{"data":{"satisfaction":8.127833182230281,"comprehension":7.580961727183514,"contact":5.7712765957446805,"contact_reachability":0.7631578947368421,"contact_satisfaction":7.5874125874125875,"autonomy":5.7357357357357355},"metadata":{"satisfaction_count":1103,"comprehension_count":1019,"contact_count":188,"contactReachability_count":190,"contactSatisfaction_count":143,"autonomy_count":999}}
