{"data":{"satisfaction":8.042394014962593,"comprehension":7.91343669250646,"contact":5.2272727272727275,"contact_reachability":0.5538461538461539,"contact_satisfaction":9.324324324324325,"autonomy":6.648648648648648},"metadata":{"satisfaction_count":401,"comprehension_count":387,"contact_count":66,"contactReachability_count":65,"contactSatisfaction_count":37,"autonomy_count":370}}
