{"data":{"satisfaction":8.303374097539413,"comprehension":8.456861133935908,"contact":5.801435406698564,"contact_reachability":7.109004739336493,"contact_satisfaction":8.192567567567568,"autonomy":5.950095969289827},"metadata":{"satisfaction_count":6787,"comprehension_count":6085,"contact_count":209,"autonomy_count":1042}}
