{"data":{"satisfaction":8.248447204968944,"comprehension":7.7792436235708005,"contact":6,"contact_reachability":0.7516778523489933,"contact_satisfaction":8.024316109422493,"autonomy":5.8382022471910116},"metadata":{"satisfaction_count":2415,"comprehension_count":2274,"contact_count":440,"contactReachability_count":447,"contactSatisfaction_count":329,"autonomy_count":2225}}
