{"data":{"satisfaction":8.217509025270758,"comprehension":7.450932286555447,"contact":5.399543378995434,"contact_reachability":0.7077625570776256,"contact_satisfaction":7.629032258064516,"autonomy":5.691542288557214},"metadata":{"satisfaction_count":1108,"comprehension_count":1019,"contact_count":219,"contactReachability_count":219,"contactSatisfaction_count":155,"autonomy_count":1005}}
