{
  "data": {
    "satisfaction": 8.283520475561426,
    "comprehension": 8.53865406006674,
    "contact": 6.232876712328767,
    "autonomy": 6.096256684491979
  },
  "metadata": {
    "satisfaction_count": 6056,
    "comprehension_count": 5394,
    "contact_count": 73,
    "autonomy_count": 374
  }
}
