{"data":{"satisfaction":8.29485065054059,"comprehension":8.323078474884003,"contact":5.779494382022472,"contact_reachability":7.402234636871508,"contact_satisfaction":7.82319391634981,"autonomy":5.911986103068906},"metadata":{"satisfaction_count":5457,"comprehension_count":4957,"contact_count":356,"autonomy_count":1727}}
