{"data":{"satisfaction":8.29790767186981,"comprehension":8.258626985576045,"contact":5.929203539823009,"contact_reachability":7.555066079295154,"contact_satisfaction":7.859237536656892,"autonomy":5.889982110912343},"metadata":{"satisfaction_count":6022,"comprehension_count":5477,"contact_count":452,"autonomy_count":2236}}
