{"data":{"satisfaction":8.300213499753655,"comprehension":8.245487364620939,"contact":5.907643312101911,"contact_reachability":0.7526427061310782,"contact_satisfaction":7.860169491525424,"autonomy":5.879025239338556},"metadata":{"satisfaction_count":6089,"comprehension_count":5540,"contact_count":471,"contactReachability_count":473,"contactSatisfaction_count":354,"autonomy_count":2298}}
