{"data":{"satisfaction":8.40561224489796,"comprehension":7.779481935923654,"contact":5.7634228187919465,"contact_reachability":0.7516778523489933,"contact_satisfaction":7.667410714285714,"autonomy":5.852470424495476},"metadata":{"satisfaction_count":1568,"comprehension_count":1467,"contact_count":298,"contactReachability_count":298,"contactSatisfaction_count":224,"autonomy_count":1437}}
