{"data":{"satisfaction":8.183371298405467,"comprehension":7.391101431238332,"contact":5.661538461538462,"contact_reachability":0.7331288343558282,"contact_satisfaction":7.73109243697479,"autonomy":5.5701754385964914},"metadata":{"satisfaction_count":1756,"comprehension_count":1607,"contact_count":325,"contactReachability_count":326,"contactSatisfaction_count":238,"autonomy_count":1596}}
