{"data":{"satisfaction":8.361581920903955,"comprehension":7.717171717171717,"contact":5.887372013651877,"contact_reachability":0.7713310580204779,"contact_satisfaction":7.632743362831858,"autonomy":5.831043956043956},"metadata":{"satisfaction_count":1593,"comprehension_count":1485,"contact_count":293,"contactReachability_count":293,"contactSatisfaction_count":226,"autonomy_count":1456}}
