{"data":{"satisfaction":8.146955503512881,"comprehension":7.394971355824316,"contact":5.2675585284280935,"contact_reachability":0.7033333333333334,"contact_satisfaction":7.5,"autonomy":5.699481865284974},"metadata":{"satisfaction_count":1708,"comprehension_count":1571,"contact_count":299,"contactReachability_count":300,"contactSatisfaction_count":210,"autonomy_count":1544}}
