{"data":{"satisfaction":8.263296126066972,"comprehension":7.588339222614841,"contact":5.426229508196721,"contact_reachability":0.7213114754098361,"contact_satisfaction":7.5227272727272725,"autonomy":5.775862068965517},"metadata":{"satisfaction_count":1523,"comprehension_count":1415,"contact_count":305,"contactReachability_count":305,"contactSatisfaction_count":220,"autonomy_count":1392}}
