{"data":{"satisfaction":8.165730337078651,"comprehension":7.386363636363637,"contact":5.551242236024844,"contact_reachability":0.7306501547987616,"contact_satisfaction":7.6063829787234045,"autonomy":5.630826600372902},"metadata":{"satisfaction_count":1780,"comprehension_count":1628,"contact_count":322,"contactReachability_count":323,"contactSatisfaction_count":235,"autonomy_count":1609}}
