{
  "data": {
    "satisfaction": 8.289795918367346,
    "comprehension": 8.531404504669474,
    "contact": 6.097560975609756,
    "autonomy": 6.146788990825688
  },
  "metadata": {
    "satisfaction_count": 6125,
    "comprehension_count": 5461,
    "contact_count": 82,
    "autonomy_count": 436
  }
}
