{"data":{"satisfaction":8.292416344375315,"comprehension":8.26507026627219,"contact":5.898876404494382,"contact_reachability":7.516778523489933,"contact_satisfaction":7.859281437125748,"autonomy":5.862862402208928},"metadata":{"satisfaction_count":5947,"comprehension_count":5408,"contact_count":445,"autonomy_count":2173}}
