{"data":{"satisfaction":8.238434163701067,"comprehension":7.559523809523809,"contact":5.375874125874126,"contact_reachability":0.7167832167832168,"contact_satisfaction":7.5,"autonomy":5.695415695415695},"metadata":{"satisfaction_count":1405,"comprehension_count":1302,"contact_count":286,"contactReachability_count":286,"contactSatisfaction_count":205,"autonomy_count":1287}}
