{"data":{"satisfaction":8.292549875311721,"comprehension":8.189640410958905,"contact":5.669475655430712,"contact_reachability":0.7294776119402985,"contact_satisfaction":7.782776349614396,"autonomy":5.860876249039201},"metadata":{"satisfaction_count":6416,"comprehension_count":5840,"contact_count":534,"contactReachability_count":536,"contactSatisfaction_count":389,"autonomy_count":2602}}
