{"data":{"satisfaction":8.299430431244915,"comprehension":8.23618809225818,"contact":5.882663847780127,"contact_reachability":0.7494736842105263,"contact_satisfaction":7.860169491525424,"autonomy":5.897108843537415},"metadata":{"satisfaction_count":6145,"comprehension_count":5593,"contact_count":473,"contactReachability_count":475,"contactSatisfaction_count":354,"autonomy_count":2352}}
