{
  "data": {
    "satisfaction": 9.151360620966651,
    "comprehension": 9.375669360334923,
    "contact": 5,
    "autonomy": 8.089171974522293
  },
  "metadata": {
    "satisfaction_count": 22159,
    "comprehension_count": 20542,
    "contact_count": 165,
    "autonomy_count": 1727
  }
}
