{"data":{"satisfaction":9.235211487435617,"comprehension":8.36756150003162,"contact":6.064070547838302,"contact_reachability":0.7874559116699893,"contact_satisfaction":7.738000398327027,"autonomy":7.31248660071667},"metadata":{"satisfaction_count":38442,"comprehension_count":31626,"contact_count":6407,"contactReachability_count":6521,"contactSatisfaction_count":5021,"autonomy_count":32651}}
