{"data":{"satisfaction":8.908038005409528,"comprehension":8.439040357362908,"contact":5.887206148282098,"contact_reachability":0.7709720372836218,"contact_satisfaction":7.678360849056604,"autonomy":7.342398993868889},"metadata":{"satisfaction_count":14419,"comprehension_count":12984,"contact_count":2212,"contactReachability_count":2253,"contactSatisfaction_count":1696,"autonomy_count":12722}}
