{"data":{"satisfaction":8.640214863218517,"comprehension":8.338127149804293,"contact":5.670137350465219,"contact_reachability":0.7472006890611542,"contact_satisfaction":7.663173652694611,"autonomy":7.724676886083559},"metadata":{"satisfaction_count":18058,"comprehension_count":16862,"contact_count":2257,"contactReachability_count":2322,"contactSatisfaction_count":1670,"autonomy_count":16635}}
