{"data":{"satisfaction":9.19314546171714,"comprehension":7.999801609794808,"contact":6.048977530926534,"contact_reachability":0.785501489572989,"contact_satisfaction":7.736519212140782,"autonomy":7.084309743269281},"metadata":{"satisfaction_count":22817,"comprehension_count":17642,"contact_count":3961,"contactReachability_count":4028,"contactSatisfaction_count":3097,"autonomy_count":19203}}
