{"data":{"satisfaction":9.117131189190207,"comprehension":9.291209651465204,"contact":6.049827481225898,"contact_reachability":7.93241351729654,"contact_satisfaction":7.656691497559723,"autonomy":7.4907103044161785},"metadata":{"satisfaction_count":265685,"comprehension_count":229934,"contact_count":4927,"autonomy_count":27988}}
