{"data":{"satisfaction":9.164774060227312,"comprehension":8.897638489620995,"contact":6.024160989149634,"contact_reachability":0.7861705426356589,"contact_satisfaction":7.698726217349242,"autonomy":7.363631113934284},"metadata":{"satisfaction_count":200341,"comprehension_count":170103,"contact_count":15852,"contactReachability_count":16125,"contactSatisfaction_count":12404,"autonomy_count":86585}}
