{"data":{"satisfaction":9.106855354739633,"comprehension":8.453064152490265,"contact":6.022348529936912,"contact_reachability":0.7795147935846216,"contact_satisfaction":7.787247960597199,"autonomy":7.438202941539982},"metadata":{"satisfaction_count":121117,"comprehension_count":102459,"contact_count":16802,"contactReachability_count":17271,"contactSatisfaction_count":12994,"autonomy_count":97092}}
