{"data":{"satisfaction":9.236168566014571,"comprehension":8.683324662606726,"contact":6.145093608779858,"contact_reachability":7.9920571882446385,"contact_satisfaction":7.719991889699919,"autonomy":7.335400837339122},"metadata":{"satisfaction_count":37469,"comprehension_count":32677,"contact_count":6196,"autonomy_count":32245}}
