{"data":{"satisfaction":9.140669470913943,"comprehension":9.146292434373185,"contact":6.052326081348353,"contact_reachability":0.788917089678511,"contact_satisfaction":7.705550689730677,"autonomy":7.359131134352373},"metadata":{"satisfaction_count":270542,"comprehension_count":232565,"contact_count":11629,"contactReachability_count":11820,"contactSatisfaction_count":9134,"autonomy_count":62150}}
