{"data":{"satisfaction":8.754836440379881,"comprehension":8.627186453293636,"contact":5.533980582524272,"contact_reachability":0.7377049180327869,"contact_satisfaction":7.542533081285444,"autonomy":8.040985147584133},"metadata":{"satisfaction_count":5686,"comprehension_count":5374,"contact_count":721,"contactReachability_count":732,"contactSatisfaction_count":529,"autonomy_count":5319}}
