{"data":{"satisfaction":9.185827431003803,"comprehension":8.147721285563751,"contact":6.038335383353833,"contact_reachability":0.7852389594676346,"contact_satisfaction":7.7248885392079725,"autonomy":7.172725014490354},"metadata":{"satisfaction_count":28661,"comprehension_count":22776,"contact_count":4878,"contactReachability_count":4959,"contactSatisfaction_count":3813,"autonomy_count":24154}}
