{"data":{"satisfaction":9.227945978422715,"comprehension":8.344647353156772,"contact":6.039623229020707,"contact_reachability":0.785528529906685,"contact_satisfaction":7.726050587532364,"autonomy":7.301264887821993},"metadata":{"satisfaction_count":38281,"comprehension_count":31377,"contact_count":6423,"contactReachability_count":6537,"contactSatisfaction_count":5021,"autonomy_count":32493}}
