{"data":{"satisfaction":8.538223710846921,"comprehension":8.439400984152815,"contact":5.354260813428018,"contact_reachability":0.7115139949109415,"contact_satisfaction":7.57074395253309,"autonomy":7.993709714995729},"metadata":{"satisfaction_count":27169,"comprehension_count":25809,"contact_count":3098,"contactReachability_count":3144,"contactSatisfaction_count":2191,"autonomy_count":25754}}
