{"data":{"satisfaction":9.142264473880042,"comprehension":9.158031368073388,"contact":6.061268663309479,"contact_reachability":0.7908917086737355,"contact_satisfaction":7.697464377875014,"autonomy":7.364634608102992},"metadata":{"satisfaction_count":268760,"comprehension_count":231318,"contact_count":11319,"contactReachability_count":11506,"contactSatisfaction_count":8913,"autonomy_count":60743}}
