{"data":{"satisfaction":8.67013888888889,"comprehension":8.576088954236354,"contact":5.399159663865547,"contact_reachability":0.7282758620689656,"contact_satisfaction":7.456479690522244,"autonomy":7.956713132795304},"metadata":{"satisfaction_count":5760,"comprehension_count":5441,"contact_count":714,"contactReachability_count":725,"contactSatisfaction_count":517,"autonomy_count":5452}}
