{"data":{"satisfaction":8.794495412844038,"comprehension":8.204154791592448,"contact":5.732486415038919,"contact_reachability":0.7515412186379928,"contact_satisfaction":7.68961780929866,"autonomy":7.730501061019445},"metadata":{"satisfaction_count":51775,"comprehension_count":44912,"contact_count":6809,"contactReachability_count":6975,"contactSatisfaction_count":5076,"autonomy_count":46182}}
