{"data":{"satisfaction":9.236266666666667,"comprehension":8.68658838638657,"contact":6.14086662371134,"contact_reachability":7.989535436816237,"contact_satisfaction":7.717105263157895,"autonomy":7.314955032914052},"metadata":{"satisfaction_count":37500,"comprehension_count":32703,"contact_count":6208,"autonomy_count":32357}}
