{"data":{"satisfaction":9.112959328423466,"comprehension":9.309460703937468,"contact":5.969839908519154,"autonomy":7.574398302223509},"metadata":{"satisfaction_count":257305,"comprehension_count":222605,"contact_count":3498,"autonomy_count":20733}}
