{"data":{"satisfaction":8.798138452588715,"comprehension":8.205069433574096,"contact":5.745089351646729,"contact_reachability":0.7526308202392965,"contact_satisfaction":7.695351137487636,"autonomy":7.734487107013958},"metadata":{"satisfaction_count":51570,"comprehension_count":44719,"contact_count":6771,"contactReachability_count":6937,"contactSatisfaction_count":5055,"autonomy_count":45994}}
