{"data":{"satisfaction":9.136737231066753,"comprehension":8.459360187142183,"contact":5.983358778625954,"contact_reachability":0.7826217498348645,"contact_satisfaction":7.681497451979616,"autonomy":7.433049084632056},"metadata":{"satisfaction_count":115828,"comprehension_count":97466,"contact_count":16375,"contactReachability_count":16653,"contactSatisfaction_count":12755,"autonomy_count":91821}}
