{"data":{"satisfaction":9.177078726227332,"comprehension":7.753701562674822,"contact":5.975461190393317,"contact_reachability":0.7748932536293766,"contact_satisfaction":7.754065040650406,"autonomy":7.268328251358875},"metadata":{"satisfaction_count":36176,"comprehension_count":26813,"contact_count":5746,"contactReachability_count":5855,"contactSatisfaction_count":4428,"autonomy_count":30172}}
