{"data":{"satisfaction":8.79849848684721,"comprehension":8.205304606573149,"contact":5.74759793052476,"contact_reachability":0.752849516664262,"contact_satisfaction":7.696456848772764,"autonomy":7.733460919490235},"metadata":{"satisfaction_count":51548,"comprehension_count":44697,"contact_count":6765,"contactReachability_count":6931,"contactSatisfaction_count":5052,"autonomy_count":45982}}
