{"data":{"satisfaction":8.325847916989314,"comprehension":8.201740120344772,"contact":5.061936936936937,"contact_reachability":0.6871345029239766,"contact_satisfaction":7.458517699115045,"autonomy":8.087797619047619},"metadata":{"satisfaction_count":12914,"comprehension_count":12298,"contact_count":1332,"contactReachability_count":1368,"contactSatisfaction_count":904,"autonomy_count":12096}}
