{"data":{"satisfaction":9.190536305067038,"comprehension":8.002475804636507,"contact":6.039839639188173,"contact_reachability":0.7851158206012814,"contact_satisfaction":7.7284386021160625,"autonomy":7.084023178807947},"metadata":{"satisfaction_count":22972,"comprehension_count":17772,"contact_count":3991,"contactReachability_count":4058,"contactSatisfaction_count":3119,"autonomy_count":19328}}
