{"data":{"satisfaction":8.757057163020466,"comprehension":8.63644842380153,"contact":5.522853185595568,"contact_reachability":0.73806275579809,"contact_satisfaction":7.523584905660377,"autonomy":8.050207625519064},"metadata":{"satisfaction_count":5668,"comprehension_count":5361,"contact_count":722,"contactReachability_count":733,"contactSatisfaction_count":530,"autonomy_count":5298}}
