{"data":{"satisfaction":8.90958904109589,"comprehension":8.42638528468936,"contact":5.880580357142857,"contact_reachability":0.770714598860149,"contact_satisfaction":7.6718112987769365,"autonomy":7.32903326080199},"metadata":{"satisfaction_count":14600,"comprehension_count":13102,"contact_count":2240,"contactReachability_count":2281,"contactSatisfaction_count":1717,"autonomy_count":12868}}
