{"data":{"satisfaction":9.113639583759701,"comprehension":9.319577778788844,"contact":6.034852989758837,"autonomy":7.6646740041343095},"metadata":{"satisfaction_count":254084,"comprehension_count":219790,"contact_count":3027,"autonomy_count":17899}}
