{"data":{"satisfaction":8.344640434192673,"comprehension":8.242743312464428,"contact":5.06631299734748,"contact_reachability":0.6860364267129229,"contact_satisfaction":7.451235370611183,"autonomy":8.091377336894315},"metadata":{"satisfaction_count":11055,"comprehension_count":10542,"contact_count":1131,"contactReachability_count":1153,"contactSatisfaction_count":769,"autonomy_count":10484}}
