{"data":{"satisfaction":8.672720922109676,"comprehension":8.581131029384586,"contact":5.373603351955308,"contact_reachability":0.7255172413793104,"contact_satisfaction":7.441972920696325,"autonomy":7.957603686635944},"metadata":{"satisfaction_count":5726,"comprehension_count":5411,"contact_count":716,"contactReachability_count":725,"contactSatisfaction_count":517,"autonomy_count":5425}}
