{"data":{"satisfaction":9.147227808101121,"comprehension":7.872166151992167,"contact":5.975350812407681,"contact_reachability":0.7753623188405797,"contact_satisfaction":7.749640804597701,"autonomy":7.306785164929072},"metadata":{"satisfaction_count":34810,"comprehension_count":26554,"contact_count":5416,"contactReachability_count":5520,"contactSatisfaction_count":4176,"autonomy_count":29255}}
