{
  "data": {
    "satisfaction": 9.112356512645972,
    "comprehension": 9.32542656545268,
    "contact": 6.025665399239544,
    "autonomy": 7.638933095677637
  },
  "metadata": {
    "satisfaction_count": 251503,
    "comprehension_count": 217493,
    "contact_count": 2630,
    "autonomy_count": 15709
  }
}
