{"data":{"satisfaction":9.1185933880817,"comprehension":8.45482940654033,"contact":6.0348335762876575,"contact_reachability":0.780507974010632,"contact_satisfaction":7.793967681204895,"autonomy":7.454553145588562},"metadata":{"satisfaction_count":118725,"comprehension_count":100209,"contact_count":16464,"contactReachability_count":16930,"contactSatisfaction_count":12748,"autonomy_count":94561}}
