{"data":{"satisfaction":9.112812770466162,"comprehension":9.308361970731532,"contact":5.989862010701211,"contact_reachability":7.875346260387812,"contact_satisfaction":7.640086206896552,"autonomy":7.546346782988004},"metadata":{"satisfaction_count":257657,"comprehension_count":222902,"contact_count":3551,"autonomy_count":21091}}
