{"data":{"satisfaction":8.683935112506541,"comprehension":8.59060712308544,"contact":5.442634560906516,"contact_reachability":0.7336122733612274,"contact_satisfaction":7.461165048543689,"autonomy":7.980413895048041},"metadata":{"satisfaction_count":5733,"comprehension_count":5419,"contact_count":706,"contactReachability_count":717,"contactSatisfaction_count":515,"autonomy_count":5412}}
