{"data":{"satisfaction":9.141955683649897,"comprehension":9.155147554005284,"contact":6.059913906702978,"contact_reachability":0.7905971826117016,"contact_satisfaction":7.698660714285714,"autonomy":7.3738449439674945},"metadata":{"satisfaction_count":269246,"comprehension_count":231644,"contact_count":11383,"contactReachability_count":11571,"contactSatisfaction_count":8960,"autonomy_count":61036}}
