{"data":{"satisfaction":8.369862029318769,"comprehension":8.212525589506408,"contact":5.22608125819135,"contact_reachability":0.7076433121019108,"contact_satisfaction":7.474226804123711,"autonomy":8.088016884233566},"metadata":{"satisfaction_count":13916,"comprehension_count":13189,"contact_count":1526,"contactReachability_count":1570,"contactSatisfaction_count":1067,"autonomy_count":12793}}
