{"data":{"satisfaction":9.114533971869731,"comprehension":8.452402236856482,"contact":6.029207442310016,"contact_reachability":0.7800364255919159,"contact_satisfaction":7.791373926619828,"autonomy":7.447817537513538},"metadata":{"satisfaction_count":119231,"comprehension_count":100677,"contact_count":16554,"contactReachability_count":17021,"contactSatisfaction_count":12810,"autonomy_count":95099}}
