{"data":{"satisfaction":9.07955012163144,"comprehension":7.941063563260193,"contact":5.942863122645458,"contact_reachability":0.7727832512315271,"contact_satisfaction":7.734949605012258,"autonomy":7.35801916694634},"metadata":{"satisfaction_count":31653,"comprehension_count":24747,"contact_count":4778,"contactReachability_count":4872,"contactSatisfaction_count":3671,"autonomy_count":26817}}
