{"data":{"satisfaction":8.925043760940236,"comprehension":8.344308393251229,"contact":5.854482194023741,"contact_reachability":0.7684887459807074,"contact_satisfaction":7.660685591858597,"autonomy":7.189855582951743},"metadata":{"satisfaction_count":15996,"comprehension_count":14047,"contact_count":2443,"contactReachability_count":2488,"contactSatisfaction_count":1867,"autonomy_count":14195}}
