{"data":{"satisfaction":9.137969575623499,"comprehension":9.207852876957215,"contact":6.08209340772887,"contact_reachability":7.945094051855618,"contact_satisfaction":7.687410212877106,"autonomy":7.394062611773122},"metadata":{"satisfaction_count":259463,"comprehension_count":224873,"contact_count":9678,"autonomy_count":53121}}
