{"data":{"satisfaction":8.552695483244293,"comprehension":9.141260162601625,"contact":5.608108108108108,"contact_reachability":7.837837837837838,"contact_satisfaction":7.155172413793103,"autonomy":7.725631768953068},"metadata":{"satisfaction_count":2059,"comprehension_count":1476,"contact_count":37,"autonomy_count":277}}
