{"data":{"satisfaction":8.594398340248963,"comprehension":8.937976437976438,"contact":6.0256410256410255,"contact_reachability":8.461538461538462,"contact_satisfaction":7.121212121212121,"autonomy":7.726495726495727},"metadata":{"satisfaction_count":1928,"comprehension_count":1443,"contact_count":78,"autonomy_count":585}}
