{"data":{"satisfaction":8.515579071134626,"comprehension":8.419436416184972,"contact":5.510204081632653,"contact_reachability":0.7189542483660131,"contact_satisfaction":7.788461538461538,"autonomy":7.785771382893685},"metadata":{"satisfaction_count":1701,"comprehension_count":1384,"contact_count":147,"contactReachability_count":153,"contactSatisfaction_count":104,"autonomy_count":1251}}
