{"data":{"satisfaction":8.4598580010923,"comprehension":8.621233356692361,"contact":5.44921875,"contact_reachability":0.7364341085271318,"contact_satisfaction":7.420212765957447,"autonomy":7.67515923566879},"metadata":{"satisfaction_count":1831,"comprehension_count":1427,"contact_count":128,"contactReachability_count":129,"contactSatisfaction_count":94,"autonomy_count":942}}
