{"data":{"satisfaction":8.696275071633238,"comprehension":8.529929577464788,"contact":4.3,"contact_reachability":0.6071428571428571,"contact_satisfaction":7.678571428571429,"autonomy":7.9335793357933575},"metadata":{"satisfaction_count":349,"comprehension_count":284,"contact_count":25,"contactReachability_count":28,"contactSatisfaction_count":14,"autonomy_count":271}}
