{"data":{"satisfaction":8.512919186366135,"comprehension":8.41339648173207,"contact":5.363924050632911,"contact_reachability":0.7134146341463414,"contact_satisfaction":7.635135135135135,"autonomy":7.787742899850524},"metadata":{"satisfaction_count":1819,"comprehension_count":1478,"contact_count":158,"contactReachability_count":164,"contactSatisfaction_count":111,"autonomy_count":1338}}
