{"data":{"satisfaction":8.571069814163737,"comprehension":8.91231593038822,"contact":5.767045454545454,"contact_reachability":8.068181818181818,"contact_satisfaction":7.147887323943662,"autonomy":7.681388012618297},"metadata":{"satisfaction_count":1991,"comprehension_count":1494,"contact_count":88,"autonomy_count":634}}
