{"data":{"satisfaction":8.581267217630854,"comprehension":8.344594594594595,"contact":4.285714285714286,"contact_reachability":0.5806451612903226,"contact_satisfaction":8,"autonomy":7.921146953405018},"metadata":{"satisfaction_count":363,"comprehension_count":296,"contact_count":28,"contactReachability_count":31,"contactSatisfaction_count":15,"autonomy_count":279}}
