{"data":{"satisfaction":8.553262955854127,"comprehension":9.142713903743315,"contact":5.705128205128205,"contact_reachability":7.948717948717948,"contact_satisfaction":7.17741935483871,"autonomy":7.728813559322034},"metadata":{"satisfaction_count":2084,"comprehension_count":1496,"contact_count":39,"autonomy_count":295}}
