{"data":{"satisfaction":8.528784648187633,"comprehension":8.462078651685394,"contact":4.396551724137931,"contact_reachability":0.6206896551724138,"contact_satisfaction":7.083333333333333,"autonomy":7.934131736526946},"metadata":{"satisfaction_count":469,"comprehension_count":356,"contact_count":29,"contactReachability_count":29,"contactSatisfaction_count":18,"autonomy_count":334}}
