{"data":{"satisfaction":8.547486033519553,"comprehension":8.367697594501719,"contact":4.393939393939394,"contact_reachability":0.5833333333333334,"contact_satisfaction":8.055555555555555,"autonomy":7.846715328467154},"metadata":{"satisfaction_count":358,"comprehension_count":291,"contact_count":33,"contactReachability_count":36,"contactSatisfaction_count":18,"autonomy_count":274}}
