{"data":{"satisfaction":8.514304291287386,"comprehension":8.431800158604283,"contact":5.416666666666667,"contact_reachability":0.7278911564625851,"contact_satisfaction":7.5,"autonomy":7.745614035087719},"metadata":{"satisfaction_count":1538,"comprehension_count":1261,"contact_count":144,"contactReachability_count":147,"contactSatisfaction_count":104,"autonomy_count":1140}}
