{"data":{"satisfaction":8.48282931829831,"comprehension":8.61747382198953,"contact":5.444444444444445,"contact_reachability":0.7318840579710145,"contact_satisfaction":7.5,"autonomy":7.733847637415622},"metadata":{"satisfaction_count":1951,"comprehension_count":1528,"contact_count":135,"contactReachability_count":138,"contactSatisfaction_count":98,"autonomy_count":1037}}
