{"data":{"satisfaction":7.646484375,"comprehension":7.93125,"contact":4.829545454545454,"contact_reachability":0.6222222222222222,"contact_satisfaction":7.87037037037037,"autonomy":7.560321715817694},"metadata":{"satisfaction_count":512,"comprehension_count":400,"contact_count":44,"contactReachability_count":45,"contactSatisfaction_count":27,"autonomy_count":373}}
