{"data":{"satisfaction":8.568627450980392,"comprehension":8.44047619047619,"contact":5.636363636363637,"contact_reachability":0.7818181818181819,"contact_satisfaction":7.209302325581396,"autonomy":7.6},"metadata":{"satisfaction_count":510,"comprehension_count":420,"contact_count":55,"contactReachability_count":55,"contactSatisfaction_count":43,"autonomy_count":375}}
