{"data":{"satisfaction":8.463003264417846,"comprehension":8.624301675977653,"contact":5.484496124031008,"contact_reachability":0.7384615384615385,"contact_satisfaction":7.447368421052632,"autonomy":7.674418604651163},"metadata":{"satisfaction_count":1838,"comprehension_count":1432,"contact_count":129,"contactReachability_count":130,"contactSatisfaction_count":95,"autonomy_count":946}}
