{"data":{"satisfaction":8.592321755027422,"comprehension":8.478747203579418,"contact":6.008064516129032,"contact_reachability":8.225806451612904,"contact_satisfaction":7.303921568627451,"autonomy":7.531486146095718},"metadata":{"satisfaction_count":547,"comprehension_count":447,"contact_count":62,"autonomy_count":397}}
