{"data":{"satisfaction":8.4774728120145,"comprehension":8.605419695968274,"contact":5.469924812030075,"contact_reachability":0.7352941176470589,"contact_satisfaction":7.5,"autonomy":7.732160312805474},"metadata":{"satisfaction_count":1931,"comprehension_count":1513,"contact_count":133,"contactReachability_count":136,"contactSatisfaction_count":97,"autonomy_count":1023}}
