{"data":{"satisfaction":8.48360655737705,"comprehension":8.288590604026846,"contact":4.21875,"contact_reachability":0.5454545454545454,"contact_satisfaction":7.9411764705882355,"autonomy":7.801418439716312},"metadata":{"satisfaction_count":366,"comprehension_count":298,"contact_count":32,"contactReachability_count":33,"contactSatisfaction_count":17,"autonomy_count":282}}
