{"data":{"satisfaction":8.547209181011999,"comprehension":9.204293116210215,"contact":5.125,"autonomy":7.664670658682635},"metadata":{"satisfaction_count":1917,"comprehension_count":1351,"contact_count":20,"autonomy_count":167}}
