{"data":{"satisfaction":8.459101382488479,"comprehension":8.370601173020528,"contact":4.583333333333333,"contact_reachability":0.6511627906976745,"contact_satisfaction":7.12962962962963,"autonomy":7.908242612752722},"metadata":{"satisfaction_count":1736,"comprehension_count":1364,"contact_count":126,"contactReachability_count":129,"contactSatisfaction_count":81,"autonomy_count":1286}}
