{"data":{"satisfaction":8.465845464725644,"comprehension":8.367857142857142,"contact":4.609375,"contact_reachability":0.6564885496183206,"contact_satisfaction":7.108433734939759,"autonomy":7.901515151515151},"metadata":{"satisfaction_count":1786,"comprehension_count":1400,"contact_count":128,"contactReachability_count":131,"contactSatisfaction_count":83,"autonomy_count":1320}}
