{"data":{"satisfaction":8.562405255179383,"comprehension":9.183854907539118,"contact":5.714285714285714,"contact_reachability":8.214285714285714,"contact_satisfaction":6.956521739130435,"autonomy":7.788018433179723},"metadata":{"satisfaction_count":1979,"comprehension_count":1406,"contact_count":28,"autonomy_count":217}}
