{"data":{"satisfaction":8.5,"comprehension":8.380398671096346,"contact":4.928571428571429,"contact_reachability":0.6111111111111112,"contact_satisfaction":8.214285714285714,"autonomy":7.7894736842105265},"metadata":{"satisfaction_count":370,"comprehension_count":301,"contact_count":35,"contactReachability_count":36,"contactSatisfaction_count":21,"autonomy_count":285}}
