{"data":{"satisfaction":8.502747252747254,"comprehension":8.313559322033898,"contact":4.393939393939394,"contact_reachability":0.5588235294117647,"contact_satisfaction":8.055555555555555,"autonomy":7.870036101083032},"metadata":{"satisfaction_count":364,"comprehension_count":295,"contact_count":33,"contactReachability_count":34,"contactSatisfaction_count":18,"autonomy_count":277}}
