{"data":{"satisfaction":8.48021582733813,"comprehension":8.464818763326226,"contact":6.179245283018868,"contact_reachability":8.11320754716981,"contact_satisfaction":7.616279069767442,"autonomy":7.70935960591133},"metadata":{"satisfaction_count":556,"comprehension_count":469,"contact_count":53,"autonomy_count":406}}
