{"data":{"satisfaction":8.278061224489797,"comprehension":8.23394495412844,"contact":4.635416666666667,"contact_reachability":0.5714285714285714,"contact_satisfaction":8.24074074074074,"autonomy":7.417218543046357},"metadata":{"satisfaction_count":392,"comprehension_count":327,"contact_count":48,"contactReachability_count":49,"contactSatisfaction_count":27,"autonomy_count":302}}
