{"data":{"satisfaction":8.607142857142858,"comprehension":8.4609375,"contact":5.595238095238095,"contact_reachability":0.6956521739130435,"contact_satisfaction":8.392857142857142,"autonomy":8.163934426229508},"metadata":{"satisfaction_count":420,"comprehension_count":320,"contact_count":21,"contactReachability_count":23,"contactSatisfaction_count":14,"autonomy_count":305}}
