{"data":{"satisfaction":8.36272040302267,"comprehension":8.225308641975309,"contact":5.416666666666667,"contact_reachability":0.7083333333333334,"contact_satisfaction":7.647058823529412,"autonomy":7.568493150684931},"metadata":{"satisfaction_count":397,"comprehension_count":324,"contact_count":48,"contactReachability_count":48,"contactSatisfaction_count":34,"autonomy_count":292}}
