{"data":{"satisfaction":8.538533834586467,"comprehension":8.839341205717837,"contact":5.810185185185185,"contact_reachability":0.7777777777777778,"contact_satisfaction":7.470238095238095,"autonomy":7.645466847090663},"metadata":{"satisfaction_count":2128,"comprehension_count":1609,"contact_count":108,"contactReachability_count":108,"contactSatisfaction_count":84,"autonomy_count":739}}
