{"data":{"satisfaction":8.459808881394041,"comprehension":8.63390928725702,"contact":5.496031746031746,"contact_reachability":0.7401574803149606,"contact_satisfaction":7.446236559139785,"autonomy":7.635960044395117},"metadata":{"satisfaction_count":1779,"comprehension_count":1389,"contact_count":126,"contactReachability_count":127,"contactSatisfaction_count":93,"autonomy_count":901}}
