{"data":{"satisfaction":8.511287370347773,"comprehension":8.425787106446776,"contact":5.5479452054794525,"contact_reachability":0.7236842105263158,"contact_satisfaction":7.788461538461538,"autonomy":7.7630488815244405},"metadata":{"satisfaction_count":1639,"comprehension_count":1334,"contact_count":146,"contactReachability_count":152,"contactSatisfaction_count":104,"autonomy_count":1207}}
