{"data":{"satisfaction":8.4375,"comprehension":8.294621026894866,"contact":5.564516129032258,"contact_reachability":0.7580645161290323,"contact_satisfaction":7.340425531914893,"autonomy":7.574931880108992},"metadata":{"satisfaction_count":496,"comprehension_count":409,"contact_count":62,"contactReachability_count":62,"contactSatisfaction_count":47,"autonomy_count":367}}
