{"data":{"satisfaction":8.262195121951219,"comprehension":8.170103092783505,"contact":5.116279069767442,"contact_reachability":0.6976744186046512,"contact_satisfaction":7.333333333333333,"autonomy":7.6923076923076925},"metadata":{"satisfaction_count":492,"comprehension_count":388,"contact_count":43,"contactReachability_count":43,"contactSatisfaction_count":30,"autonomy_count":364}}
