{"data":{"satisfaction":8.667582417582418,"comprehension":8.417508417508417,"contact":4.230769230769231,"contact_reachability":0.5862068965517241,"contact_satisfaction":7.857142857142857,"autonomy":7.928571428571429},"metadata":{"satisfaction_count":364,"comprehension_count":297,"contact_count":26,"contactReachability_count":29,"contactSatisfaction_count":14,"autonomy_count":280}}
