{"data":{"satisfaction":9.561461794019934,"comprehension":9.236241108199176,"contact":6.19205298013245,"contact_reachability":7.597402597402597,"contact_satisfaction":8.201754385964913,"autonomy":8.284352660841938},"metadata":{"satisfaction_count":3010,"comprehension_count":2671,"contact_count":151,"autonomy_count":2518}}
