{"data":{"satisfaction":9.59310158986796,"comprehension":9.39003164556962,"contact":6.127906976744186,"contact_reachability":0.7534246575342466,"contact_satisfaction":8.183229813664596,"autonomy":8.308237378210807},"metadata":{"satisfaction_count":11133,"comprehension_count":9480,"contact_count":430,"contactReachability_count":438,"contactSatisfaction_count":322,"autonomy_count":6774}}
