{"data":{"satisfaction":9.563665063138906,"comprehension":9.651980747871159,"contact":5.625,"contact_reachability":7.448979591836736,"contact_satisfaction":7.605633802816901,"autonomy":8.30166270783848},"metadata":{"satisfaction_count":13304,"comprehension_count":10804,"contact_count":96,"autonomy_count":1684}}
