{"data":{"satisfaction":9.330739299610896,"comprehension":9.058901682905226,"contact":6.02,"contact_reachability":0.7421875,"contact_satisfaction":8.179347826086957,"autonomy":7.945962542216764},"metadata":{"satisfaction_count":3855,"comprehension_count":3387,"contact_count":250,"contactReachability_count":256,"contactSatisfaction_count":184,"autonomy_count":3257}}
