{"data":{"satisfaction":9.329696024941542,"comprehension":9.054174067495559,"contact":5.987903225806452,"contact_reachability":0.7401574803149606,"contact_satisfaction":8.159340659340659,"autonomy":7.948323592740695},"metadata":{"satisfaction_count":3849,"comprehension_count":3378,"contact_count":248,"contactReachability_count":254,"contactSatisfaction_count":182,"autonomy_count":3251}}
