{"data":{"satisfaction":9.605427323767936,"comprehension":9.382530120481928,"contact":6.055555555555555,"contact_reachability":0.7631578947368421,"contact_satisfaction":8.074074074074074,"autonomy":8.43519882179676},"metadata":{"satisfaction_count":3206,"comprehension_count":2822,"contact_count":180,"contactReachability_count":190,"contactSatisfaction_count":135,"autonomy_count":2716}}
