{"data":{"satisfaction":9.608027594857322,"comprehension":9.382122507122507,"contact":5.748663101604278,"contact_reachability":0.7258883248730964,"contact_satisfaction":8.082706766917294,"autonomy":8.444198078344419},"metadata":{"satisfaction_count":3189,"comprehension_count":2808,"contact_count":187,"contactReachability_count":197,"contactSatisfaction_count":133,"autonomy_count":2706}}
