{"data":{"satisfaction":9.56156572661427,"comprehension":9.664573222951756,"contact":5.895061728395062,"contact_reachability":7.710843373493976,"contact_satisfaction":7.701612903225806,"autonomy":8.302556818181818},"metadata":{"satisfaction_count":12978,"comprehension_count":10509,"contact_count":81,"autonomy_count":1408}}
