{"data":{"satisfaction":9.553291536050157,"comprehension":9.128740648379052,"contact":6.7105263157894735,"contact_reachability":0.7916666666666666,"contact_satisfaction":8.5,"autonomy":8.243933588761175},"metadata":{"satisfaction_count":1914,"comprehension_count":1604,"contact_count":95,"contactReachability_count":96,"contactSatisfaction_count":75,"autonomy_count":1566}}
