{"data":{"satisfaction":9.58941605839416,"comprehension":9.28929278806944,"contact":6.1137667304015295,"contact_reachability":0.7527675276752768,"contact_satisfaction":8.219794344473007,"autonomy":8.376225490196079},"metadata":{"satisfaction_count":9864,"comprehension_count":8583,"contact_count":523,"contactReachability_count":542,"contactSatisfaction_count":389,"autonomy_count":8160}}
