{"data":{"satisfaction":9.592575187969924,"comprehension":9.388544891640867,"contact":6.135802469135802,"contact_reachability":0.7524271844660194,"contact_satisfaction":8.201320132013201,"autonomy":8.29472025216706},"metadata":{"satisfaction_count":10640,"comprehension_count":9044,"contact_count":405,"contactReachability_count":412,"contactSatisfaction_count":303,"autonomy_count":6345}}
