{"data":{"satisfaction":9.543365881677197,"comprehension":9.106772633033863,"contact":6.573033707865169,"contact_reachability":0.7777777777777778,"contact_satisfaction":8.478260869565217,"autonomy":8.213783403656821},"metadata":{"satisfaction_count":1741,"comprehension_count":1447,"contact_count":89,"contactReachability_count":90,"contactSatisfaction_count":69,"autonomy_count":1422}}
