{"data":{"satisfaction":9.559996743731684,"comprehension":9.688922610015174,"contact":5.943396226415095,"autonomy":8.335358444714458},"metadata":{"satisfaction_count":12284,"comprehension_count":9885,"contact_count":53,"autonomy_count":823}}
