{"data":{"satisfaction":9.34699714013346,"comprehension":9.0936035290874,"contact":5.755627009646302,"contact_reachability":0.7530487804878049,"contact_satisfaction":7.782608695652174,"autonomy":7.822835777969514},"metadata":{"satisfaction_count":4196,"comprehension_count":3627,"contact_count":311,"contactReachability_count":328,"contactSatisfaction_count":230,"autonomy_count":3477}}
