{"data":{"satisfaction":9.593685783672706,"comprehension":9.288897240416622,"contact":6.078856152512998,"contact_reachability":0.7512520868113522,"contact_satisfaction":8.195093457943925,"autonomy":8.376367121434209},"metadata":{"satisfaction_count":10706,"comprehension_count":9313,"contact_count":577,"contactReachability_count":599,"contactSatisfaction_count":428,"autonomy_count":8869}}
