{"data":{"satisfaction":9.57046332046332,"comprehension":9.213547646383468,"contact":6.165730337078652,"contact_reachability":0.7348066298342542,"contact_satisfaction":8.442307692307692,"autonomy":8.301158301158301},"metadata":{"satisfaction_count":3108,"comprehension_count":2613,"contact_count":178,"contactReachability_count":181,"contactSatisfaction_count":130,"autonomy_count":2590}}
