{"data":{"satisfaction":9.571984435797665,"comprehension":9.241229798975167,"contact":5.921052631578948,"contact_reachability":7.419354838709678,"contact_satisfaction":8.035714285714286,"autonomy":8.301174496644295},"metadata":{"satisfaction_count":2827,"comprehension_count":2537,"contact_count":152,"autonomy_count":2384}}
