{"data":{"satisfaction":9.583192138258218,"comprehension":9.360668480373105,"contact":6.346153846153846,"contact_reachability":0.782608695652174,"contact_satisfaction":8.181818181818182,"autonomy":8.457532051282051},"metadata":{"satisfaction_count":2951,"comprehension_count":2573,"contact_count":156,"contactReachability_count":161,"contactSatisfaction_count":121,"autonomy_count":2496}}
