{"data":{"satisfaction":9.455323927844459,"comprehension":9.186326432354358,"contact":5.934154175588865,"contact_reachability":0.7515463917525773,"contact_satisfaction":7.9978354978354975,"autonomy":7.9455425243992455},"metadata":{"satisfaction_count":14247,"comprehension_count":12462,"contact_count":934,"contactReachability_count":970,"contactSatisfaction_count":693,"autonomy_count":12193}}
