{"data":{"satisfaction":9.571518588531822,"comprehension":9.571397686736569,"contact":5.915841584158416,"contact_reachability":7.524271844660194,"contact_satisfaction":7.913907284768212,"autonomy":8.28888888888889},"metadata":{"satisfaction_count":11109,"comprehension_count":9251,"contact_count":202,"autonomy_count":3150}}
