{"data":{"satisfaction":9.566011543800688,"comprehension":9.639334708150274,"contact":5.9033613445378155,"contact_reachability":7.560975609756097,"contact_satisfaction":7.893258426966292,"autonomy":8.318407960199005},"metadata":{"satisfaction_count":13687,"comprehension_count":11153,"contact_count":119,"autonomy_count":2010}}
