{"data":{"satisfaction":9.555938037865749,"comprehension":9.18937598736177,"contact":6.502976190476191,"contact_reachability":0.7647058823529411,"contact_satisfaction":8.53515625,"autonomy":8.257825370675453},"metadata":{"satisfaction_count":2905,"comprehension_count":2532,"contact_count":168,"contactReachability_count":170,"contactSatisfaction_count":128,"autonomy_count":2428}}
