{"data":{"satisfaction":9.561696045736065,"comprehension":9.677689203818522,"contact":5.882352941176471,"autonomy":8.347183748845799},"metadata":{"satisfaction_count":12594,"comprehension_count":10161,"contact_count":68,"autonomy_count":1083}}
