{"data":{"satisfaction":9.55079122001021,"comprehension":9.129708383961118,"contact":6.744791666666667,"contact_reachability":0.7938144329896907,"contact_satisfaction":8.519736842105264,"autonomy":8.249221183800623},"metadata":{"satisfaction_count":1959,"comprehension_count":1646,"contact_count":96,"contactReachability_count":97,"contactSatisfaction_count":76,"autonomy_count":1605}}
