{"data":{"satisfaction":9.580328814537063,"comprehension":9.325927163381223,"contact":6.138888888888889,"contact_reachability":0.75,"contact_satisfaction":8.246268656716419,"autonomy":8.419080068143101},"metadata":{"satisfaction_count":3467,"comprehension_count":2993,"contact_count":180,"contactReachability_count":184,"contactSatisfaction_count":134,"autonomy_count":2935}}
