{"data":{"satisfaction":9.599541192898464,"comprehension":9.397027725563909,"contact":6.105121293800539,"contact_reachability":0.7486772486772487,"contact_satisfaction":8.206521739130435,"autonomy":8.246453597675611},"metadata":{"satisfaction_count":10026,"comprehension_count":8512,"contact_count":371,"contactReachability_count":378,"contactSatisfaction_count":276,"autonomy_count":5851}}
