{"data":{"satisfaction":9.59323495592181,"comprehension":9.391640342960288,"contact":6.129441624365482,"contact_reachability":0.7531172069825436,"contact_satisfaction":8.186440677966102,"autonomy":8.28099708643574},"metadata":{"satisfaction_count":10436,"comprehension_count":8864,"contact_count":394,"contactReachability_count":401,"contactSatisfaction_count":295,"autonomy_count":6178}}
