{"data":{"satisfaction":9.456692295622156,"comprehension":9.190642645872547,"contact":5.919254658385094,"contact_reachability":0.7446043165467626,"contact_satisfaction":8.048986486486486,"autonomy":8.107179344292746},"metadata":{"satisfaction_count":12746,"comprehension_count":11157,"contact_count":805,"contactReachability_count":834,"contactSatisfaction_count":592,"autonomy_count":10767}}
