{"data":{"satisfaction":9.366197183098592,"comprehension":9.134719956498097,"contact":6.061872909698996,"contact_reachability":0.7719869706840391,"contact_satisfaction":7.914847161572053,"autonomy":7.745648512071869},"metadata":{"satisfaction_count":4189,"comprehension_count":3678,"contact_count":299,"contactReachability_count":307,"contactSatisfaction_count":229,"autonomy_count":3562}}
