{"data":{"satisfaction":9.592522479886417,"comprehension":9.38961906883493,"contact":6.153366583541147,"contact_reachability":0.7549019607843137,"contact_satisfaction":8.19767441860465,"autonomy":8.292760540970566},"metadata":{"satisfaction_count":10565,"comprehension_count":8978,"contact_count":401,"contactReachability_count":408,"contactSatisfaction_count":301,"autonomy_count":6285}}
