{"data":{"satisfaction":9.489263803680982,"comprehension":9.19915515268855,"contact":6.016129032258065,"contact_reachability":0.7421777221526908,"contact_satisfaction":8.19420035149385,"autonomy":8.150294250792214},"metadata":{"satisfaction_count":13040,"comprehension_count":11363,"contact_count":775,"contactReachability_count":799,"contactSatisfaction_count":569,"autonomy_count":11045}}
