{"data":{"satisfaction":9.570698466780238,"comprehension":9.238919129082426,"contact":6.133333333333334,"contact_reachability":0.75,"contact_satisfaction":8.214285714285714,"autonomy":8.312858312858312},"metadata":{"satisfaction_count":2935,"comprehension_count":2572,"contact_count":150,"contactReachability_count":152,"contactSatisfaction_count":112,"autonomy_count":2442}}
