{"data":{"satisfaction":9.5711743772242,"comprehension":9.239992072929052,"contact":5.921052631578948,"contact_reachability":7.419354838709678,"contact_satisfaction":8.035714285714286,"autonomy":8.290417897847194},"metadata":{"satisfaction_count":2810,"comprehension_count":2523,"contact_count":152,"autonomy_count":2369}}
