{"data":{"satisfaction":9.560118475824527,"comprehension":9.681384722360187,"contact":5.92741935483871,"autonomy":8.335005015045136},"metadata":{"satisfaction_count":12492,"comprehension_count":10067,"contact_count":62,"autonomy_count":997}}
