{"data":{"satisfaction":9.456361234164918,"comprehension":9.191672585227273,"contact":5.949754901960785,"contact_reachability":0.7479289940828402,"contact_satisfaction":8.051409618573798,"autonomy":8.100496963003865},"metadata":{"satisfaction_count":12867,"comprehension_count":11264,"contact_count":816,"contactReachability_count":845,"contactSatisfaction_count":603,"autonomy_count":10866}}
