{"data":{"satisfaction":9.355450236966824,"comprehension":9.098192276088742,"contact":5.761904761904762,"contact_reachability":0.7537537537537538,"contact_satisfaction":7.789699570815451,"autonomy":7.842075256556442},"metadata":{"satisfaction_count":4220,"comprehension_count":3651,"contact_count":315,"contactReachability_count":333,"contactSatisfaction_count":233,"autonomy_count":3508}}
