{"data":{"satisfaction":9.340633182575576,"comprehension":9.092101629384148,"contact":5.754098360655738,"contact_reachability":0.7453416149068323,"contact_satisfaction":7.869955156950673,"autonomy":7.9018759018759015},"metadata":{"satisfaction_count":4201,"comprehension_count":3621,"contact_count":305,"contactReachability_count":322,"contactSatisfaction_count":223,"autonomy_count":3465}}
