{"data":{"satisfaction":9.535104364326376,"comprehension":9.167038358608385,"contact":6.7463235294117645,"contact_reachability":0.8029197080291971,"contact_satisfaction":8.417431192660551,"autonomy":8.273480662983426},"metadata":{"satisfaction_count":2635,"comprehension_count":2242,"contact_count":136,"contactReachability_count":137,"contactSatisfaction_count":109,"autonomy_count":2172}}
