{"data":{"satisfaction":9.457122353785433,"comprehension":9.190259313966846,"contact":5.915649278579356,"contact_reachability":0.7473233404710921,"contact_satisfaction":8.015037593984962,"autonomy":8.02214521173189},"metadata":{"satisfaction_count":13935,"comprehension_count":12186,"contact_count":901,"contactReachability_count":934,"contactSatisfaction_count":665,"autonomy_count":11831}}
