{"data":{"satisfaction":8.411124076234929,"comprehension":7.174902470741222,"contact":4.719101123595506,"contact_reachability":0.7506112469437652,"contact_satisfaction":6.6141732283464565,"autonomy":4.531897265948633},"metadata":{"satisfaction_count":2571,"comprehension_count":1538,"contact_count":356,"contactReachability_count":409,"contactSatisfaction_count":254,"autonomy_count":1207}}
