{"data":{"satisfaction":8.227513227513228,"comprehension":7.052801724137931,"contact":4.593023255813954,"contact_reachability":0.7449392712550608,"contact_satisfaction":6.496710526315789,"autonomy":4.62059620596206},"metadata":{"satisfaction_count":1512,"comprehension_count":928,"contact_count":215,"contactReachability_count":247,"contactSatisfaction_count":152,"autonomy_count":738}}
