{"data":{"satisfaction":8.350301659125188,"comprehension":7.121401752190238,"contact":4.708672086720867,"contact_reachability":0.7476415094339622,"contact_satisfaction":6.6316793893129775,"autonomy":4.496},"metadata":{"satisfaction_count":2652,"comprehension_count":1598,"contact_count":369,"contactReachability_count":424,"contactSatisfaction_count":262,"autonomy_count":1250}}
