{"data":{"satisfaction":8.402,"comprehension":7.177041499330656,"contact":4.691977077363897,"contact_reachability":0.746268656716418,"contact_satisfaction":6.629554655870446,"autonomy":4.549319727891157},"metadata":{"satisfaction_count":2500,"comprehension_count":1494,"contact_count":349,"contactReachability_count":402,"contactSatisfaction_count":247,"autonomy_count":1176}}
