{"data":{"satisfaction":8.225715889949466,"comprehension":7.156133828996283,"contact":4.519230769230769,"contact_reachability":0.737037037037037,"contact_satisfaction":6.487730061349693,"autonomy":4.7156398104265405},"metadata":{"satisfaction_count":1781,"comprehension_count":1076,"contact_count":234,"contactReachability_count":270,"contactSatisfaction_count":163,"autonomy_count":844}}
