{"data":{"satisfaction":8.162607449856733,"comprehension":6.995386389850058,"contact":4.5,"contact_reachability":0.7370689655172413,"contact_satisfaction":6.474820143884892,"autonomy":4.576023391812866},"metadata":{"satisfaction_count":1396,"comprehension_count":867,"contact_count":200,"contactReachability_count":232,"contactSatisfaction_count":139,"autonomy_count":684}}
