{"data":{"satisfaction":8.403393752410336,"comprehension":7.169023136246786,"contact":4.690082644628099,"contact_reachability":0.7475961538461539,"contact_satisfaction":6.598837209302325,"autonomy":4.532019704433497},"metadata":{"satisfaction_count":2593,"comprehension_count":1556,"contact_count":363,"contactReachability_count":416,"contactSatisfaction_count":258,"autonomy_count":1218}}
