{"data":{"satisfaction":7.530195006022724,"comprehension":7.448780883605826,"contact":4.82603371272151,"contact_reachability":0.694719005930528,"contact_satisfaction":7.009311571458464,"autonomy":5.226826550644665},"metadata":{"satisfaction_count":30717,"comprehension_count":24649,"contact_count":6941,"contactReachability_count":7082,"contactSatisfaction_count":4779,"autonomy_count":18847}}
