{"data":{"satisfaction":7.539728446176327,"comprehension":7.44071630537229,"contact":4.788537549407114,"contact_reachability":0.6932301740812379,"contact_satisfaction":6.974668969487622,"autonomy":5.222539022857971},"metadata":{"satisfaction_count":32848,"comprehension_count":26525,"contact_count":7590,"contactReachability_count":7755,"contactSatisfaction_count":5211,"autonomy_count":20693}}
