{"data":{"satisfaction":7.92411507043921,"comprehension":7.612181646678345,"contact":4.858473980309423,"contact_reachability":0.6917784657722739,"contact_satisfaction":7.093172484599589,"autonomy":5.214503182950457},"metadata":{"satisfaction_count":8447,"comprehension_count":7421,"contact_count":2844,"contactReachability_count":2907,"contactSatisfaction_count":1948,"autonomy_count":7226}}
