{"data":{"satisfaction":7.388848333159523,"comprehension":7.944185330223963,"contact":4.742537313432836,"contact_reachability":6.966588511137163,"contact_satisfaction":6.862850971922247,"autonomy":5.435470265710671},"metadata":{"satisfaction_count":28767,"comprehension_count":22727,"contact_count":3350,"autonomy_count":9484}}
