{"data":{"satisfaction":7.246522985454932,"comprehension":6.948029891304348,"contact":4.701741385698407,"contact_reachability":6.870699022093444,"contact_satisfaction":6.915531335149864,"autonomy":4.985742800114058},"metadata":{"satisfaction_count":9419,"comprehension_count":7360,"contact_count":2699,"autonomy_count":7014}}
