{"data":{"satisfaction":7.653367331633419,"comprehension":7.2725794210126855,"contact":4.84214315096668,"contact_reachability":0.6878968253968254,"contact_satisfaction":7.157950744907267,"autonomy":5.266942364293432},"metadata":{"satisfaction_count":33335,"comprehension_count":27669,"contact_count":9724,"contactReachability_count":10080,"contactSatisfaction_count":6578,"autonomy_count":26841}}
