{"data":{"satisfaction":7.8198035452184715,"comprehension":7.219588187483067,"contact":4.892778592375366,"contact_reachability":0.6902877697841726,"contact_satisfaction":7.14916979110873,"autonomy":5.253549695740365},"metadata":{"satisfaction_count":8857,"comprehension_count":7382,"contact_count":2728,"contactReachability_count":2780,"contactSatisfaction_count":1867,"autonomy_count":7395}}
