{"data":{"satisfaction":7.806974156052925,"comprehension":7.476083286437817,"contact":4.782212317666127,"contact_reachability":0.6849049282110982,"contact_satisfaction":7.1271135265700485,"autonomy":5.3090909090909095},"metadata":{"satisfaction_count":8087,"comprehension_count":7108,"contact_count":2468,"contactReachability_count":2577,"contactSatisfaction_count":1656,"autonomy_count":6875}}
