{"data":{"satisfaction":7.507427010414888,"comprehension":7.440172952609273,"contact":4.805068981553248,"contact_reachability":0.6938961433343456,"contact_satisfaction":6.989289740698985,"autonomy":5.291541829914727},"metadata":{"satisfaction_count":29285,"comprehension_count":23359,"contact_count":6451,"contactReachability_count":6586,"contactSatisfaction_count":4435,"autonomy_count":17356}}
