{"data":{"satisfaction":7.575524044389643,"comprehension":6.765269098971982,"contact":4.819676153091266,"contact_reachability":0.6898854961832062,"contact_satisfaction":7.0767291066282425,"autonomy":4.836999214454045},"metadata":{"satisfaction_count":6488,"comprehension_count":4961,"contact_count":2038,"contactReachability_count":2096,"contactSatisfaction_count":1388,"autonomy_count":5092}}
