{"data":{"satisfaction":7.654469730774951,"comprehension":7.275933684248218,"contact":4.847073791348601,"contact_reachability":0.6884022390258273,"contact_satisfaction":7.159125075165364,"autonomy":5.256547202475229},"metadata":{"satisfaction_count":33615,"comprehension_count":27927,"contact_count":9825,"contactReachability_count":10183,"contactSatisfaction_count":6652,"autonomy_count":27149}}
