{"data":{"satisfaction":7.824259666364929,"comprehension":7.533883323512081,"contact":4.771283354510801,"contact_reachability":0.6698190789473685,"contact_satisfaction":7.2304236200256735,"autonomy":5.329879628218802},"metadata":{"satisfaction_count":7733,"comprehension_count":6788,"contact_count":2361,"contactReachability_count":2432,"contactSatisfaction_count":1558,"autonomy_count":6563}}
