{"data":{"satisfaction":7.800068004080245,"comprehension":7.1300633783411405,"contact":4.897197962154294,"contact_reachability":0.6924723510524438,"contact_satisfaction":7.135471898197243,"autonomy":5.222982216142271},"metadata":{"satisfaction_count":8823,"comprehension_count":7258,"contact_count":2748,"contactReachability_count":2803,"contactSatisfaction_count":1886,"autonomy_count":7310}}
