{"data":{"satisfaction":7.825987144168963,"comprehension":7.292598617324115,"contact":4.895366218236173,"contact_reachability":0.6941176470588235,"contact_satisfaction":7.10412147505423,"autonomy":5.283225894938965},"metadata":{"satisfaction_count":8712,"comprehension_count":7377,"contact_count":2676,"contactReachability_count":2720,"contactSatisfaction_count":1844,"autonomy_count":7291}}
