{"data":{"satisfaction":7.414246837525045,"comprehension":7.772838048817638,"contact":4.751228501228502,"contact_reachability":0.6942330796956347,"contact_satisfaction":6.912421805183199,"autonomy":5.219659735349716},"metadata":{"satisfaction_count":33439,"comprehension_count":26261,"contact_count":4884,"contactReachability_count":4994,"contactSatisfaction_count":3357,"autonomy_count":13225}}
