{"data":{"satisfaction":7.655183766311505,"comprehension":7.274070869831657,"contact":4.845897435897436,"contact_reachability":0.688205026716802,"contact_satisfaction":7.159796938930141,"autonomy":5.28289228475587},"metadata":{"satisfaction_count":33412,"comprehension_count":27741,"contact_count":9750,"contactReachability_count":10106,"contactSatisfaction_count":6599,"autonomy_count":26830}}
