{"data":{"satisfaction":7.8283692799269655,"comprehension":7.229803493449782,"contact":4.915364583333333,"contact_reachability":0.6916880263639692,"contact_satisfaction":7.157367280606717,"autonomy":5.258267286143755},"metadata":{"satisfaction_count":8763,"comprehension_count":7328,"contact_count":2688,"contactReachability_count":2731,"contactSatisfaction_count":1846,"autonomy_count":7318}}
