{"data":{"satisfaction":7.781580143133023,"comprehension":7.394348524392692,"contact":4.903449928126498,"contact_reachability":0.6868855499907253,"contact_satisfaction":7.248547952967843,"autonomy":5.370863186625725},"metadata":{"satisfaction_count":35212,"comprehension_count":29886,"contact_count":10435,"contactReachability_count":10782,"contactSatisfaction_count":7059,"autonomy_count":29310}}
