{"data":{"satisfaction":7.913911195087388,"comprehension":7.603538399678327,"contact":4.827882960413081,"contact_reachability":0.6903313049357674,"contact_satisfaction":7.051282051282051,"autonomy":5.184676644240011},"metadata":{"satisfaction_count":8468,"comprehension_count":7461,"contact_count":2905,"contactReachability_count":2958,"contactSatisfaction_count":1989,"autonomy_count":7283}}
