{"data":{"satisfaction":7.922568460812087,"comprehension":7.630309526999866,"contact":4.916263812154696,"contact_reachability":0.7013559322033899,"contact_satisfaction":7.0657568238213395,"autonomy":5.191547375596455},"metadata":{"satisfaction_count":8472,"comprehension_count":7463,"contact_count":2896,"contactReachability_count":2950,"contactSatisfaction_count":2015,"autonomy_count":7335}}
