{"data":{"satisfaction":7.485584843492586,"comprehension":6.748295658414065,"contact":4.7782530391715445,"contact_reachability":0.687527352297593,"contact_satisfaction":7.042136695421367,"autonomy":4.861527606279767},"metadata":{"satisfaction_count":7284,"comprehension_count":5574,"contact_count":2221,"contactReachability_count":2285,"contactSatisfaction_count":1507,"autonomy_count":5669}}
