{"data":{"satisfaction":7.535892634207241,"comprehension":7.445866904245429,"contact":4.804442627418915,"contact_reachability":0.6941255006675567,"contact_satisfaction":6.985337824450168,"autonomy":5.263290755793406},"metadata":{"satisfaction_count":32040,"comprehension_count":25816,"contact_count":7338,"contactReachability_count":7490,"contactSatisfaction_count":5047,"autonomy_count":19807}}
