{"data":{"satisfaction":7.503466204506066,"comprehension":7.4405772495755516,"contact":4.819382558879695,"contact_reachability":0.6958690568978956,"contact_satisfaction":6.98938379875375,"autonomy":5.3140296042932125},"metadata":{"satisfaction_count":28850,"comprehension_count":22971,"contact_count":6284,"contactReachability_count":6415,"contactSatisfaction_count":4333,"autonomy_count":16957}}
