{"data":{"satisfaction":7.772660070510634,"comprehension":7.030455059355568,"contact":4.909992652461425,"contact_reachability":0.6907847372210223,"contact_satisfaction":7.173913043478261,"autonomy":5.160265266648246},"metadata":{"satisfaction_count":8793,"comprehension_count":7076,"contact_count":2722,"contactReachability_count":2778,"contactSatisfaction_count":1863,"autonomy_count":7238}}
