{"data":{"satisfaction":7.519191445140961,"comprehension":7.447067208922058,"contact":4.817073170731708,"contact_reachability":0.693952802359882,"contact_satisfaction":7.0056930151083865,"autonomy":5.269862554475361},"metadata":{"satisfaction_count":29831,"comprehension_count":23851,"contact_count":6642,"contactReachability_count":6780,"contactSatisfaction_count":4567,"autonomy_count":17898}}
