{"data":{"satisfaction":7.836602899963446,"comprehension":7.496890547263682,"contact":4.752866745749308,"contact_reachability":0.6775417298937785,"contact_satisfaction":7.1590232281119714,"autonomy":5.269324189169882},"metadata":{"satisfaction_count":8207,"comprehension_count":7236,"contact_count":2529,"contactReachability_count":2636,"contactSatisfaction_count":1679,"autonomy_count":6999}}
