{"data":{"satisfaction":7.390138408304498,"comprehension":7.941556450906543,"contact":4.758397171479081,"contact_reachability":6.976273148148148,"contact_satisfaction":6.87526607066837,"autonomy":5.4137607994170915},"metadata":{"satisfaction_count":28900,"comprehension_count":22834,"contact_count":3394,"autonomy_count":9607}}
