{"data":{"satisfaction":7.810764103197136,"comprehension":7.496121844591736,"contact":4.716693744922827,"contact_reachability":0.6769651935862339,"contact_satisfaction":7.098105134474328,"autonomy":5.272410286212407},"metadata":{"satisfaction_count":8101,"comprehension_count":7091,"contact_count":2462,"contactReachability_count":2557,"contactSatisfaction_count":1636,"autonomy_count":6883}}
