{"data":{"satisfaction":7.400590812533192,"comprehension":8.369326578002955,"contact":4.8826487845766975,"autonomy":5.990733169801036},"metadata":{"satisfaction_count":30128,"comprehension_count":23685,"contact_count":1193,"autonomy_count":3669}}
