{"data":{"satisfaction":7.92671024222886,"comprehension":7.604734046130051,"contact":4.912468994466705,"contact_reachability":0.6901578458681523,"contact_satisfaction":7.206787963610917,"autonomy":5.430144528561597},"metadata":{"satisfaction_count":33811,"comprehension_count":29742,"contact_count":10482,"contactReachability_count":10770,"contactSatisfaction_count":7145,"autonomy_count":29060}}
