{"data":{"satisfaction":7.808951235804943,"comprehension":7.42902087170043,"contact":4.84251968503937,"contact_reachability":0.6933387489845654,"contact_satisfaction":7.047647768395658,"autonomy":5.24814873168426},"metadata":{"satisfaction_count":7485,"comprehension_count":6516,"contact_count":2413,"contactReachability_count":2462,"contactSatisfaction_count":1658,"autonomy_count":6347}}
