{"data":{"satisfaction":7.235776688685276,"comprehension":6.963032919589854,"contact":4.679917879805898,"contact_reachability":6.90589527645551,"contact_satisfaction":6.836150490730644,"autonomy":5.016973125884017},"metadata":{"satisfaction_count":9386,"comprehension_count":7412,"contact_count":2679,"autonomy_count":7070}}
