{"data":{"satisfaction":7.396958715751685,"comprehension":8.39837170129141,"contact":4.9062816616008105,"autonomy":6.082992769569318},"metadata":{"satisfaction_count":29527,"comprehension_count":23153,"contact_count":987,"autonomy_count":3181}}
