{"data":{"satisfaction":7.82745349583066,"comprehension":7.54674262342974,"contact":4.788100208768268,"contact_reachability":0.6731549067315491,"contact_satisfaction":7.216803020767778,"autonomy":5.32506803749622},"metadata":{"satisfaction_count":7795,"comprehension_count":6846,"contact_count":2395,"contactReachability_count":2466,"contactSatisfaction_count":1589,"autonomy_count":6614}}
