{"data":{"satisfaction":7.398689103170102,"comprehension":8.304260080725733,"contact":4.658703071672355,"contact_reachability":6.945067264573991,"contact_satisfaction":6.751854905193735,"autonomy":5.710814094775213},"metadata":{"satisfaction_count":31734,"comprehension_count":25023,"contact_count":1758,"autonomy_count":4938}}
