{"data":{"satisfaction":7.806412337662338,"comprehension":7.430911349169383,"contact":4.8486122792262405,"contact_reachability":0.6942727647301195,"contact_satisfaction":7.047677261613692,"autonomy":5.248565965583174},"metadata":{"satisfaction_count":7392,"comprehension_count":6441,"contact_count":2378,"contactReachability_count":2427,"contactSatisfaction_count":1636,"autonomy_count":6276}}
