{"data":{"satisfaction":7.396516325584476,"comprehension":7.904300804828974,"contact":4.76150246945672,"contact_reachability":6.9587366276108,"contact_satisfaction":6.904447794949114,"autonomy":5.329059023194418},"metadata":{"satisfaction_count":30198,"comprehension_count":23856,"contact_count":3847,"autonomy_count":10606}}
