{"data":{"satisfaction":7.939672207369522,"comprehension":7.618118051879301,"contact":4.882758620689655,"contact_reachability":0.6938913263584205,"contact_satisfaction":7.104867034621174,"autonomy":5.226034858387799},"metadata":{"satisfaction_count":8603,"comprehension_count":7556,"contact_count":2900,"contactReachability_count":2963,"contactSatisfaction_count":1993,"autonomy_count":7344}}
