{"data":{"satisfaction":7.776731655030563,"comprehension":7.386437433776532,"contact":4.892114554727344,"contact_reachability":0.6858335705474903,"contact_satisfaction":7.24473493100944,"autonomy":5.336791147994467},"metadata":{"satisfaction_count":34519,"comprehension_count":29257,"contact_count":10196,"contactReachability_count":10539,"contactSatisfaction_count":6885,"autonomy_count":28920}}
