{"data":{"satisfaction":7.925936599423631,"comprehension":7.6091159315813615,"contact":4.919990723562152,"contact_reachability":0.6908352144469526,"contact_satisfaction":7.210100598151169,"autonomy":5.451727042965459},"metadata":{"satisfaction_count":34700,"comprehension_count":30518,"contact_count":10780,"contactReachability_count":11075,"contactSatisfaction_count":7356,"autonomy_count":29675}}
