{"data":{"satisfaction":7.521080104396708,"comprehension":7.447376129896217,"contact":4.819657348963029,"contact_reachability":0.6941990577149588,"contact_satisfaction":7.006772995411842,"autonomy":5.240416574340793},"metadata":{"satisfaction_count":29886,"comprehension_count":23896,"contact_count":6654,"contactReachability_count":6792,"contactSatisfaction_count":4577,"autonomy_count":18052}}
