{"data":{"satisfaction":7.64092815941269,"comprehension":7.244042891183479,"contact":4.870655496433828,"contact_reachability":0.6922070844686649,"contact_satisfaction":7.159677150940256,"autonomy":5.280880420499343},"metadata":{"satisfaction_count":30512,"comprehension_count":25180,"contact_count":8833,"contactReachability_count":9175,"contactSatisfaction_count":6009,"autonomy_count":24352}}
