{"data":{"satisfaction":7.2402736212056436,"comprehension":6.967796610169492,"contact":4.7141255605381165,"contact_reachability":6.911818514452982,"contact_satisfaction":6.885917030567685,"autonomy":5.004982206405694},"metadata":{"satisfaction_count":9356,"comprehension_count":7375,"contact_count":2676,"autonomy_count":7025}}
