{"data":{"satisfaction":7.754184219514972,"comprehension":6.997658578118348,"contact":4.875685557586837,"contact_reachability":0.6894699140401146,"contact_satisfaction":7.1386509635974305,"autonomy":5.1209398756047},"metadata":{"satisfaction_count":8783,"comprehension_count":7047,"contact_count":2735,"contactReachability_count":2792,"contactSatisfaction_count":1868,"autonomy_count":7235}}
