{"data":{"satisfaction":7.909962139138665,"comprehension":7.625908968489092,"contact":4.943181818181818,"contact_reachability":0.7049291019581364,"contact_satisfaction":7.071428571428571,"autonomy":5.164910359928835},"metadata":{"satisfaction_count":8452,"comprehension_count":7426,"contact_count":2904,"contactReachability_count":2962,"contactSatisfaction_count":2030,"autonomy_count":7307}}
