{"data":{"satisfaction":7.823144856061475,"comprehension":7.280469598262758,"contact":4.888785046728972,"contact_reachability":0.6962118425891872,"contact_satisfaction":7.072742022714981,"autonomy":5.283096280087527},"metadata":{"satisfaction_count":8719,"comprehension_count":7368,"contact_count":2675,"contactReachability_count":2719,"contactSatisfaction_count":1849,"autonomy_count":7312}}
