{"data":{"satisfaction":7.316722805627105,"comprehension":6.7397449382066785,"contact":4.851022566995769,"contact_reachability":0.6969072164948453,"contact_satisfaction":7.040685772773798,"autonomy":4.99400399733511},"metadata":{"satisfaction_count":10094,"comprehension_count":7606,"contact_count":2836,"contactReachability_count":2910,"contactSatisfaction_count":1954,"autonomy_count":7505}}
