{"data":{"satisfaction":7.626933575978162,"comprehension":6.731230510913888,"contact":4.83943661971831,"contact_reachability":0.6916757940854327,"contact_satisfaction":7.087458745874588,"autonomy":4.816354816354816},"metadata":{"satisfaction_count":5495,"comprehension_count":4169,"contact_count":1775,"contactReachability_count":1826,"contactSatisfaction_count":1212,"autonomy_count":4329}}
