{"data":{"satisfaction":9.035087719298245,"comprehension":8.97196261682243,"contact":5.961538461538462,"contact_reachability":0.8461538461538461,"contact_satisfaction":7.045454545454546,"autonomy":8.217821782178218},"metadata":{"satisfaction_count":114,"comprehension_count":107,"contact_count":13,"contactReachability_count":13,"contactSatisfaction_count":11,"autonomy_count":101}}
