{"data":{"satisfaction":9.483204134366925,"comprehension":9.192857142857143,"contact":6.824324324324325,"contact_reachability":0.7692307692307693,"contact_satisfaction":9.017857142857142,"autonomy":7.7976190476190474},"metadata":{"satisfaction_count":387,"comprehension_count":350,"contact_count":37,"contactReachability_count":39,"contactSatisfaction_count":28,"autonomy_count":336}}
