{"data":{"satisfaction":9.310344827586206,"comprehension":9.0625,"contact":5.255102040816326,"contact_reachability":0.6862745098039216,"contact_satisfaction":7.803030303030303,"autonomy":8.026030368763557},"metadata":{"satisfaction_count":522,"comprehension_count":480,"contact_count":49,"contactReachability_count":51,"contactSatisfaction_count":33,"autonomy_count":461}}
