{"data":{"satisfaction":9.172661870503598,"comprehension":9.00390625,"contact":6.25,"contact_reachability":0.8571428571428571,"contact_satisfaction":7.291666666666667,"autonomy":8.181818181818182},"metadata":{"satisfaction_count":139,"comprehension_count":128,"contact_count":14,"contactReachability_count":14,"contactSatisfaction_count":12,"autonomy_count":121}}
