{"data":{"satisfaction":8.70234604105572,"comprehension":8.824171029668411,"contact":6.778350515463917,"contact_reachability":0.8762886597938144,"contact_satisfaction":7.735294117647059,"autonomy":6.965811965811966},"metadata":{"satisfaction_count":1364,"comprehension_count":1146,"contact_count":97,"contactReachability_count":97,"contactSatisfaction_count":85,"autonomy_count":468}}
