{"data":{"satisfaction":8.716490658001625,"comprehension":8.916267942583731,"contact":7.0588235294117645,"contact_reachability":8.970588235294118,"contact_satisfaction":7.868852459016393,"autonomy":7.079889807162535},"metadata":{"satisfaction_count":1231,"comprehension_count":1045,"contact_count":68,"autonomy_count":363}}
