{"data":{"satisfaction":7.96028880866426,"comprehension":7.3272357723577235,"contact":6.329787234042553,"contact_reachability":0.7959183673469388,"contact_satisfaction":8.04054054054054,"autonomy":6.680851063829787},"metadata":{"satisfaction_count":277,"comprehension_count":246,"contact_count":47,"contactReachability_count":49,"contactSatisfaction_count":37,"autonomy_count":235}}
