{"data":{"satisfaction":8.525,"comprehension":8.880628717077315,"contact":7.333333333333333,"contact_reachability":9,"contact_satisfaction":8.148148148148149,"autonomy":7.0680628272251305},"metadata":{"satisfaction_count":1400,"comprehension_count":1177,"contact_count":30,"autonomy_count":191}}
