{"data":{"satisfaction":8.079584775086506,"comprehension":7.412790697674419,"contact":6.065573770491803,"contact_reachability":0.8064516129032258,"contact_satisfaction":7.551020408163265,"autonomy":6.370967741935484},"metadata":{"satisfaction_count":289,"comprehension_count":258,"contact_count":61,"contactReachability_count":62,"contactSatisfaction_count":49,"autonomy_count":248}}
