{"data":{"satisfaction":8.711167086481948,"comprehension":8.94164193867458,"contact":7.375,"contact_reachability":8.833333333333332,"contact_satisfaction":8.349056603773585,"autonomy":7.062314540059347},"metadata":{"satisfaction_count":1191,"comprehension_count":1011,"contact_count":60,"autonomy_count":337}}
