{"data":{"satisfaction":8.72373540856031,"comprehension":8.894009216589861,"contact":6.77710843373494,"contact_reachability":8.674698795180722,"contact_satisfaction":7.8125,"autonomy":7.027027027027027},"metadata":{"satisfaction_count":1285,"comprehension_count":1085,"contact_count":83,"autonomy_count":407}}
