{"data":{"satisfaction":8.074324324324325,"comprehension":7.424242424242424,"contact":6.229508196721311,"contact_reachability":0.8253968253968254,"contact_satisfaction":7.6,"autonomy":6.496062992125984},"metadata":{"satisfaction_count":296,"comprehension_count":264,"contact_count":61,"contactReachability_count":63,"contactSatisfaction_count":50,"autonomy_count":254}}
