{"data":{"satisfaction":8.489208633093526,"comprehension":7.905405405405405,"contact":6.25,"contact_reachability":0.9259259259259259,"contact_satisfaction":6.770833333333333,"autonomy":6.591928251121076},"metadata":{"satisfaction_count":278,"comprehension_count":222,"contact_count":52,"contactReachability_count":54,"contactSatisfaction_count":48,"autonomy_count":223}}
