{"data":{"satisfaction":8.413284132841328,"comprehension":7.86036036036036,"contact":6.195652173913044,"contact_reachability":0.9166666666666666,"contact_satisfaction":6.785714285714286,"autonomy":6.636363636363637},"metadata":{"satisfaction_count":271,"comprehension_count":222,"contact_count":46,"contactReachability_count":48,"contactSatisfaction_count":42,"autonomy_count":220}}
