{"data":{"satisfaction":7.963636363636364,"comprehension":7.346311475409836,"contact":6.467391304347826,"contact_reachability":0.8125,"contact_satisfaction":8.04054054054054,"autonomy":6.724137931034483},"metadata":{"satisfaction_count":275,"comprehension_count":244,"contact_count":46,"contactReachability_count":48,"contactSatisfaction_count":37,"autonomy_count":232}}
