{"data":{"satisfaction":8.658088235294118,"comprehension":8.358050847457626,"contact":6.428571428571429,"contact_reachability":0.8863636363636364,"contact_satisfaction":7.297297297297297,"autonomy":6.95067264573991},"metadata":{"satisfaction_count":272,"comprehension_count":236,"contact_count":42,"contactReachability_count":44,"contactSatisfaction_count":37,"autonomy_count":223}}
