{"data":{"satisfaction":9.061371841155236,"comprehension":8.703319502074688,"contact":6.046511627906977,"contact_reachability":0.7906976744186046,"contact_satisfaction":7.647058823529412,"autonomy":7.074235807860262},"metadata":{"satisfaction_count":277,"comprehension_count":241,"contact_count":43,"contactReachability_count":43,"contactSatisfaction_count":34,"autonomy_count":229}}
