{"data":{"satisfaction":8.517338995046002,"comprehension":8.867845117845118,"contact":7.333333333333333,"contact_reachability":9,"contact_satisfaction":8.148148148148149,"autonomy":7.114427860696518},"metadata":{"satisfaction_count":1413,"comprehension_count":1188,"contact_count":30,"autonomy_count":201}}
