{"data":{"satisfaction":8.038194444444445,"comprehension":7.412790697674419,"contact":6.120689655172414,"contact_reachability":0.8166666666666667,"contact_satisfaction":7.553191489361702,"autonomy":6.518218623481781},"metadata":{"satisfaction_count":288,"comprehension_count":258,"contact_count":58,"contactReachability_count":60,"contactSatisfaction_count":47,"autonomy_count":247}}
