{"data":{"satisfaction":8.727969348659004,"comprehension":8.870235934664247,"contact":6.853932584269663,"contact_reachability":8.764044943820226,"contact_satisfaction":7.82051282051282,"autonomy":6.964705882352941},"metadata":{"satisfaction_count":1305,"comprehension_count":1102,"contact_count":89,"autonomy_count":425}}
