{"data":{"satisfaction":8.77320419693301,"comprehension":8.673131504257332,"contact":6.423357664233577,"contact_reachability":0.8705035971223022,"contact_satisfaction":7.394957983193278,"autonomy":6.927621861152142},"metadata":{"satisfaction_count":1239,"comprehension_count":1057,"contact_count":137,"contactReachability_count":139,"contactSatisfaction_count":119,"autonomy_count":677}}
