{"data":{"satisfaction":8.532608695652174,"comprehension":7.910958904109589,"contact":5.787037037037037,"contact_reachability":0.8888888888888888,"contact_satisfaction":6.510416666666667,"autonomy":6.711711711711712},"metadata":{"satisfaction_count":276,"comprehension_count":219,"contact_count":54,"contactReachability_count":54,"contactSatisfaction_count":48,"autonomy_count":222}}
