{"data":{"satisfaction":6.888489208633094,"comprehension":6.551383399209486,"contact":6.726190476190476,"contact_reachability":0.8666666666666667,"contact_satisfaction":7.847222222222222,"autonomy":6.302521008403361},"metadata":{"satisfaction_count":278,"comprehension_count":253,"contact_count":42,"contactReachability_count":45,"contactSatisfaction_count":36,"autonomy_count":238}}
