{"data":{"satisfaction":8.83445945945946,"comprehension":8.428571428571429,"contact":6.379310344827586,"contact_reachability":0.8620689655172413,"contact_satisfaction":7.4,"autonomy":6.9361702127659575},"metadata":{"satisfaction_count":296,"comprehension_count":245,"contact_count":58,"contactReachability_count":58,"contactSatisfaction_count":50,"autonomy_count":235}}
