{"data":{"satisfaction":8.576642335766424,"comprehension":8.002283105022832,"contact":6.2254901960784315,"contact_reachability":0.9245283018867925,"contact_satisfaction":6.75531914893617,"autonomy":6.666666666666667},"metadata":{"satisfaction_count":274,"comprehension_count":219,"contact_count":51,"contactReachability_count":53,"contactSatisfaction_count":47,"autonomy_count":222}}
