{"data":{"satisfaction":8.858549686660698,"comprehension":8.47962382445141,"contact":6.567796610169491,"contact_reachability":0.8626373626373627,"contact_satisfaction":7.6480263157894735,"autonomy":6.917040358744394},"metadata":{"satisfaction_count":1117,"comprehension_count":957,"contact_count":177,"contactReachability_count":182,"contactSatisfaction_count":152,"autonomy_count":892}}
