{"data":{"satisfaction":8.771220695230395,"comprehension":8.672985781990521,"contact":6.423357664233577,"contact_reachability":0.8705035971223022,"contact_satisfaction":7.394957983193278,"autonomy":6.9185185185185185},"metadata":{"satisfaction_count":1237,"comprehension_count":1055,"contact_count":137,"contactReachability_count":139,"contactSatisfaction_count":119,"autonomy_count":675}}
