{"data":{"satisfaction":8.444444444444445,"comprehension":7.868663594470046,"contact":6.4361702127659575,"contact_reachability":0.9387755102040817,"contact_satisfaction":6.875,"autonomy":6.651376146788991},"metadata":{"satisfaction_count":270,"comprehension_count":217,"contact_count":47,"contactReachability_count":49,"contactSatisfaction_count":44,"autonomy_count":218}}
