{"data":{"satisfaction":8.473282442748092,"comprehension":8.007075471698114,"contact":6.071428571428571,"contact_reachability":0.9090909090909091,"contact_satisfaction":6.7105263157894735,"autonomy":6.761904761904762},"metadata":{"satisfaction_count":262,"comprehension_count":212,"contact_count":42,"contactReachability_count":44,"contactSatisfaction_count":38,"autonomy_count":210}}
