{"data":{"satisfaction":8.055555555555555,"comprehension":7.35408560311284,"contact":6.065573770491803,"contact_reachability":0.8064516129032258,"contact_satisfaction":7.551020408163265,"autonomy":6.437246963562753},"metadata":{"satisfaction_count":288,"comprehension_count":257,"contact_count":61,"contactReachability_count":62,"contactSatisfaction_count":49,"autonomy_count":247}}
