{"data":{"satisfaction":8.708609271523178,"comprehension":8.832020997375327,"contact":6.778350515463917,"contact_reachability":0.8762886597938144,"contact_satisfaction":7.735294117647059,"autonomy":6.952789699570816},"metadata":{"satisfaction_count":1359,"comprehension_count":1143,"contact_count":97,"contactReachability_count":97,"contactSatisfaction_count":85,"autonomy_count":466}}
