{"data":{"satisfaction":8.769045709703288,"comprehension":8.677161654135338,"contact":6.474820143884892,"contact_reachability":0.8723404255319149,"contact_satisfaction":7.43801652892562,"autonomy":6.944444444444445},"metadata":{"satisfaction_count":1247,"comprehension_count":1064,"contact_count":139,"contactReachability_count":141,"contactSatisfaction_count":121,"autonomy_count":684}}
