{"data":{"satisfaction":8.521677327647478,"comprehension":8.872673434856177,"contact":7.333333333333333,"contact_reachability":9,"contact_satisfaction":8.148148148148149,"autonomy":7.142857142857143},"metadata":{"satisfaction_count":1407,"comprehension_count":1182,"contact_count":30,"autonomy_count":196}}
