{"data":{"satisfaction":9.44439178515008,"comprehension":9.147449890851359,"contact":6.468676122931442,"contact_reachability":0.8117464021781408,"contact_satisfaction":7.992940603700097,"autonomy":8.33147856786523},"metadata":{"satisfaction_count":31650,"comprehension_count":25195,"contact_count":2538,"contactReachability_count":2571,"contactSatisfaction_count":2054,"autonomy_count":26059}}
