{"data":{"satisfaction":9.401481329433297,"comprehension":9.183576589892024,"contact":6.479570564936418,"contact_reachability":0.8084026791150801,"contact_satisfaction":8.06709057876979,"autonomy":8.277423038986658},"metadata":{"satisfaction_count":116922,"comprehension_count":97428,"contact_count":9594,"contactReachability_count":9854,"contactSatisfaction_count":7706,"autonomy_count":96315}}
