{"data":{"satisfaction":9.350369681500096,"comprehension":9.150373202985623,"contact":6.091581484251641,"contact_reachability":0.7809662775616083,"contact_satisfaction":7.855535312399528,"autonomy":8.341070974306792},"metadata":{"satisfaction_count":151617,"comprehension_count":124999,"contact_count":12033,"contactReachability_count":12336,"contactSatisfaction_count":9331,"autonomy_count":125792}}
