{"data":{"satisfaction":9.287877076036606,"comprehension":9.105150852172974,"contact":6.001674826075754,"contact_reachability":0.7686698516469701,"contact_satisfaction":7.866430260047282,"autonomy":8.265482893027285},"metadata":{"satisfaction_count":44255,"comprehension_count":37023,"contact_count":3881,"contactReachability_count":3977,"contactSatisfaction_count":2961,"autonomy_count":36944}}
