{"data":{"satisfaction":9.440099594598909,"comprehension":9.185939036381514,"contact":6.447841726618705,"contact_reachability":0.8096176586519511,"contact_satisfaction":7.990341753343239,"autonomy":8.301799366746467},"metadata":{"satisfaction_count":31327,"comprehension_count":25425,"contact_count":2502,"contactReachability_count":2537,"contactSatisfaction_count":2019,"autonomy_count":25898}}
