{"data":{"satisfaction":9.393448690663458,"comprehension":9.444857698931086,"contact":6.5440645316638575,"contact_reachability":8.277500593965312,"contact_satisfaction":7.928092182030339,"autonomy":8.308745795290726},"metadata":{"satisfaction_count":118877,"comprehension_count":98137,"contact_count":4153,"autonomy_count":41620}}
