{"data":{"satisfaction":9.443124538478827,"comprehension":9.188638969047712,"contact":6.4887865438526235,"contact_reachability":0.8138339920948616,"contact_satisfaction":7.997285291214215,"autonomy":8.304393427339472},"metadata":{"satisfaction_count":31147,"comprehension_count":25297,"contact_count":2497,"contactReachability_count":2530,"contactSatisfaction_count":2026,"autonomy_count":25743}}
