{"data":{"satisfaction":9.468004105008772,"comprehension":9.1911644618651,"contact":6.669069192751236,"contact_reachability":0.8334690553745928,"contact_satisfaction":8.020059435364042,"autonomy":8.249354510601675},"metadata":{"satisfaction_count":30207,"comprehension_count":24492,"contact_count":2428,"contactReachability_count":2456,"contactSatisfaction_count":2019,"autonomy_count":25562}}
