{"data":{"satisfaction":9.384056355611039,"comprehension":9.458242196338718,"contact":6.553019950806231,"contact_reachability":8.287024548152145,"contact_satisfaction":7.9290674603174605,"autonomy":8.28478333518993},"metadata":{"satisfaction_count":112145,"comprehension_count":92809,"contact_count":3659,"autonomy_count":35908}}
