{"data":{"satisfaction":9.286033719422209,"comprehension":9.103856852466032,"contact":5.9844625573102395,"contact_reachability":0.7692498758072529,"contact_satisfaction":7.839506172839506,"autonomy":8.236849132176236},"metadata":{"satisfaction_count":44722,"comprehension_count":37388,"contact_count":3926,"contactReachability_count":4026,"contactSatisfaction_count":2997,"autonomy_count":37450}}
