{"data":{"satisfaction":9.35495570177711,"comprehension":9.161941716819765,"contact":6.06650159179342,"contact_reachability":0.7863070539419087,"contact_satisfaction":7.7636939791760975,"autonomy":8.51167775081161},"metadata":{"satisfaction_count":38602,"comprehension_count":31570,"contact_count":2827,"contactReachability_count":2892,"contactSatisfaction_count":2209,"autonomy_count":31727}}
