{"data":{"satisfaction":9.446359327875916,"comprehension":9.210981807468514,"contact":6.578413284132841,"contact_reachability":8.311499272197961,"contact_satisfaction":7.937444345503117,"autonomy":8.264429870647486},"metadata":{"satisfaction_count":32494,"comprehension_count":27154,"contact_count":2710,"autonomy_count":27599}}
