{"data":{"satisfaction":9.414390732498799,"comprehension":9.3348378928827,"contact":6.537712895377129,"contact_reachability":0.8229833546734955,"contact_satisfaction":7.966989523621269,"autonomy":8.268525548860277},"metadata":{"satisfaction_count":110321,"comprehension_count":90835,"contact_count":6165,"contactReachability_count":6248,"contactSatisfaction_count":5059,"autonomy_count":61901}}
