{"data":{"satisfaction":9.381091324750331,"comprehension":9.170107610433966,"contact":6.380539411551036,"contact_reachability":0.80169896469339,"contact_satisfaction":8.010774142059057,"autonomy":8.22182108452314},"metadata":{"satisfaction_count":132976,"comprehension_count":110677,"contact_count":11012,"contactReachability_count":11301,"contactSatisfaction_count":8771,"autonomy_count":110242}}
