{"data":{"satisfaction":9.436191634056456,"comprehension":9.204326621770987,"contact":6.516555905328203,"contact_reachability":0.8198872137184946,"contact_satisfaction":7.970978322875071,"autonomy":8.229108196345724},"metadata":{"satisfaction_count":105284,"comprehension_count":87759,"contact_count":8577,"contactReachability_count":8689,"contactSatisfaction_count":7012,"autonomy_count":87295}}
