{"data":{"satisfaction":9.370370631143155,"comprehension":9.152755804506777,"contact":6.230904565739787,"contact_reachability":0.7908436558419819,"contact_satisfaction":7.932098765432099,"autonomy":8.17928433139729},"metadata":{"satisfaction_count":142028,"comprehension_count":116935,"contact_count":11652,"contactReachability_count":11948,"contactSatisfaction_count":9153,"autonomy_count":119832}}
