{"data":{"satisfaction":9.435749548809717,"comprehension":9.204058482480464,"contact":6.516374269005848,"contact_reachability":0.819672131147541,"contact_satisfaction":7.9729536348025185,"autonomy":8.227304147465437},"metadata":{"satisfaction_count":104723,"comprehension_count":87274,"contact_count":8550,"contactReachability_count":8662,"contactSatisfaction_count":6988,"autonomy_count":86800}}
