{"data":{"satisfaction":9.482309642026319,"comprehension":9.200360159499207,"contact":6.67394151025753,"contact_reachability":0.8316062176165803,"contact_satisfaction":8.043135192004208,"autonomy":8.280403741999015},"metadata":{"satisfaction_count":28801,"comprehension_count":23323,"contact_count":2291,"contactReachability_count":2316,"contactSatisfaction_count":1901,"autonomy_count":24372}}
