{"data":{"satisfaction":9.399479010581157,"comprehension":9.418252231015323,"contact":6.5714707038930396,"contact_reachability":0.8258928571428571,"contact_satisfaction":7.978634518978277,"autonomy":8.236829292044016},"metadata":{"satisfaction_count":130137,"comprehension_count":106902,"contact_count":5086,"contactReachability_count":5152,"contactSatisfaction_count":4189,"autonomy_count":51345}}
