{"data":{"satisfaction":9.470445397997539,"comprehension":9.193511982928431,"contact":6.679073614557486,"contact_reachability":0.8336058871627147,"contact_satisfaction":8.030830432620586,"autonomy":8.248143637292264},"metadata":{"satisfaction_count":30063,"comprehension_count":24368,"contact_count":2418,"contactReachability_count":2446,"contactSatisfaction_count":2011,"autonomy_count":25453}}
