{"data":{"satisfaction":9.389329021827,"comprehension":9.426231921031459,"contact":6.5305459272097055,"contact_reachability":0.8247114151346729,"contact_satisfaction":7.941253951527925,"autonomy":8.223682778732943},"metadata":{"satisfaction_count":123700,"comprehension_count":101914,"contact_count":4616,"contactReachability_count":4678,"contactSatisfaction_count":3796,"autonomy_count":45949}}
