{"data":{"satisfaction":9.344345211288099,"comprehension":9.14663006834862,"contact":6.072169852114503,"contact_reachability":0.7791364479676168,"contact_satisfaction":7.850234794275492,"autonomy":8.32619208699792},"metadata":{"satisfaction_count":144329,"comprehension_count":118949,"contact_count":11563,"contactReachability_count":11858,"contactSatisfaction_count":8944,"autonomy_count":119727}}
