{"data":{"satisfaction":9.345920574555016,"comprehension":9.149439676238329,"contact":6.0912786074047895,"contact_reachability":0.7805445459245218,"contact_satisfaction":7.860319270239453,"autonomy":8.337766410912192},"metadata":{"satisfaction_count":141466,"comprehension_count":116629,"contact_count":11317,"contactReachability_count":11606,"contactSatisfaction_count":8770,"autonomy_count":117300}}
