{"data":{"satisfaction":9.360523162939296,"comprehension":9.170249420661056,"contact":6.050154056829853,"contact_reachability":0.7829872739450771,"contact_satisfaction":7.7749670039595244,"autonomy":8.498712316315709},"metadata":{"satisfaction_count":40064,"comprehension_count":32796,"contact_count":2921,"contactReachability_count":2986,"contactSatisfaction_count":2273,"autonomy_count":33005}}
