{"data":{"satisfaction":9.390048283478022,"comprehension":9.42594114826449,"contact":6.531128823782852,"contact_reachability":0.8248299319727891,"contact_satisfaction":7.940675746464118,"autonomy":8.226720297564984},"metadata":{"satisfaction_count":124059,"comprehension_count":102189,"contact_count":4642,"contactReachability_count":4704,"contactSatisfaction_count":3818,"autonomy_count":46242}}
