{"data":{"satisfaction":9.38382854359474,"comprehension":9.472337459194778,"contact":6.546544209215442,"contact_reachability":8.242703533026113,"contact_satisfaction":7.964962121212121,"autonomy":8.329699224010774},"metadata":{"satisfaction_count":106756,"comprehension_count":88224,"contact_count":3212,"autonomy_count":31186}}
