{"data":{"satisfaction":9.336086491232884,"comprehension":9.155034979147047,"contact":6.036316947909024,"contact_reachability":0.7874551971326165,"contact_satisfaction":7.714486638537271,"autonomy":8.46189870877099},"metadata":{"satisfaction_count":36443,"comprehension_count":29732,"contact_count":2726,"contactReachability_count":2790,"contactSatisfaction_count":2133,"autonomy_count":29894}}
