{"data":{"satisfaction":9.44757461044106,"comprehension":9.2036258260593,"contact":6.618013527945888,"contact_reachability":0.8319859402460457,"contact_satisfaction":7.975117975117975,"autonomy":8.264551361813908},"metadata":{"satisfaction_count":34077,"comprehension_count":28297,"contact_count":2809,"contactReachability_count":2845,"contactSatisfaction_count":2331,"autonomy_count":28932}}
