{"data":{"satisfaction":9.417668773179567,"comprehension":9.33254158015059,"contact":6.521920509708738,"contact_reachability":0.8211077844311377,"contact_satisfaction":7.965999629423754,"autonomy":8.261137405153633},"metadata":{"satisfaction_count":115673,"comprehension_count":95358,"contact_count":6592,"contactReachability_count":6680,"contactSatisfaction_count":5397,"autonomy_count":66555}}
