{"data":{"satisfaction":9.33277605722586,"comprehension":9.15118427683521,"contact":6.029411764705882,"contact_reachability":0.7847197429489468,"contact_satisfaction":7.733130271790065,"autonomy":8.436875083322224},"metadata":{"satisfaction_count":36487,"comprehension_count":29765,"contact_count":2737,"contactReachability_count":2801,"contactSatisfaction_count":2134,"autonomy_count":30004}}
