{"data":{"satisfaction":9.37978113301483,"comprehension":9.475230995745273,"contact":6.51900826446281,"contact_reachability":8.222439660795825,"contact_satisfaction":7.951612903225806,"autonomy":8.32193888015314},"metadata":{"satisfaction_count":104447,"comprehension_count":86257,"contact_count":3025,"autonomy_count":29254}}
