{"data":{"satisfaction":9.470366498780448,"comprehension":9.243879793845688,"contact":6.475492165528324,"contact_reachability":0.8159460531535105,"contact_satisfaction":7.95925925925926,"autonomy":8.324453009862827},"metadata":{"satisfaction_count":31569,"comprehension_count":26388,"contact_count":2489,"contactReachability_count":2521,"contactSatisfaction_count":2025,"autonomy_count":26463}}
