{"data":{"satisfaction":9.326227405812181,"comprehension":9.522475512197047,"contact":6.518171160609613,"contact_reachability":8.222350897510132,"contact_satisfaction":7.948534667619728,"autonomy":8.292224713653718},"metadata":{"satisfaction_count":123981,"comprehension_count":101377,"contact_count":1706,"autonomy_count":16501}}
