{"data":{"satisfaction":9.414135741524081,"comprehension":9.334262895614007,"contact":6.533290134456504,"contact_reachability":0.8225703324808185,"contact_satisfaction":7.965633023898874,"autonomy":8.270301680306039},"metadata":{"satisfaction_count":110401,"comprehension_count":90903,"contact_count":6173,"contactReachability_count":6256,"contactSatisfaction_count":5063,"autonomy_count":61953}}
