{"data":{"satisfaction":9.395274675212466,"comprehension":9.42226880724307,"contact":6.5655066530194475,"contact_reachability":0.8266316427561123,"contact_satisfaction":7.964365532654582,"autonomy":8.23668832495607},"metadata":{"satisfaction_count":127314,"comprehension_count":104707,"contact_count":4885,"contactReachability_count":4949,"contactSatisfaction_count":4027,"autonomy_count":48942}}
