{"data":{"satisfaction":7.808219178082192,"comprehension":7.475124378109452,"contact":6.777777777777778,"contact_reachability":0.8666666666666667,"contact_satisfaction":7.82051282051282,"autonomy":5.615763546798029},"metadata":{"satisfaction_count":219,"comprehension_count":201,"contact_count":90,"contactReachability_count":90,"contactSatisfaction_count":78,"autonomy_count":203}}
