{"data":{"satisfaction":8.941441441441441,"comprehension":8.790322580645162,"contact":4.333333333333333,"contact_reachability":0.5,"contact_satisfaction":8.666666666666666,"autonomy":9.055374592833877},"metadata":{"satisfaction_count":2220,"comprehension_count":2046,"contact_count":30,"contactReachability_count":30,"contactSatisfaction_count":15,"autonomy_count":1842}}
