{"data":{"satisfaction":8.975806451612904,"comprehension":8.913612565445026,"contact":4.545454545454546,"contact_reachability":0.5454545454545454,"contact_satisfaction":8.333333333333334,"autonomy":9.111969111969112},"metadata":{"satisfaction_count":620,"comprehension_count":573,"contact_count":11,"contactReachability_count":11,"contactSatisfaction_count":6,"autonomy_count":518}}
