{"data":{"satisfaction":8.966346153846153,"comprehension":8.908145580589254,"contact":4.545454545454546,"contact_reachability":0.5454545454545454,"contact_satisfaction":8.333333333333334,"autonomy":9.118773946360154},"metadata":{"satisfaction_count":624,"comprehension_count":577,"contact_count":11,"contactReachability_count":11,"contactSatisfaction_count":6,"autonomy_count":522}}
