{"data":{"satisfaction":8.698951933501988,"comprehension":9.451168614357263,"contact":4.285714285714286,"contact_reachability":5,"contact_satisfaction":10,"autonomy":9.160671462829736},"metadata":{"satisfaction_count":2767,"comprehension_count":2396,"contact_count":7,"autonomy_count":417}}
