{"data":{"satisfaction":8.675964845242644,"comprehension":9.482682060390763,"contact":6,"contact_reachability":6.666666666666666,"contact_satisfaction":10,"autonomy":9.084507042253522},"metadata":{"satisfaction_count":2617,"comprehension_count":2252,"contact_count":5,"autonomy_count":284}}
