{"data":{"satisfaction":8.709392655367232,"comprehension":9.440936863543788,"contact":4.285714285714286,"contact_reachability":5,"contact_satisfaction":10,"autonomy":9.1932059447983},"metadata":{"satisfaction_count":2832,"comprehension_count":2455,"contact_count":7,"autonomy_count":471}}
