{"data":{"satisfaction":8.77742946708464,"comprehension":9.294390459363958,"contact":4.444444444444445,"contact_reachability":0.5263157894736842,"contact_satisfaction":8.88888888888889,"autonomy":9.176470588235293},"metadata":{"satisfaction_count":2552,"comprehension_count":2264,"contact_count":18,"contactReachability_count":19,"contactSatisfaction_count":9,"autonomy_count":935}}
