{"data":{"satisfaction":8.748972884141331,"comprehension":8.548680618744314,"contact":4.324324324324325,"contact_reachability":0.5405405405405406,"contact_satisfaction":8,"autonomy":9.037298387096774},"metadata":{"satisfaction_count":2434,"comprehension_count":2198,"contact_count":37,"contactReachability_count":37,"contactSatisfaction_count":20,"autonomy_count":1984}}
