{"data":{"satisfaction":8.743397887323944,"comprehension":9.3372441337993,"contact":4.375,"contact_reachability":5.294117647058823,"contact_satisfaction":8.75,"autonomy":9.085714285714285},"metadata":{"satisfaction_count":2272,"comprehension_count":2003,"contact_count":16,"autonomy_count":700}}
