{"data":{"satisfaction":8.753799392097264,"comprehension":9.337186424003935,"contact":4.375,"contact_reachability":5.294117647058823,"contact_satisfaction":8.75,"autonomy":9.104683195592287},"metadata":{"satisfaction_count":2303,"comprehension_count":2033,"contact_count":16,"autonomy_count":726}}
