{"data":{"satisfaction":8.657298985167838,"comprehension":9.48613005911778,"contact":3.3333333333333335,"autonomy":9.102564102564102},"metadata":{"satisfaction_count":2562,"comprehension_count":2199,"contact_count":3,"autonomy_count":234}}
