{"data":{"satisfaction":8.98982558139535,"comprehension":8.89453125,"contact":3.6363636363636362,"contact_reachability":0.45454545454545453,"contact_satisfaction":8,"autonomy":9.245283018867925},"metadata":{"satisfaction_count":688,"comprehension_count":640,"contact_count":11,"contactReachability_count":11,"contactSatisfaction_count":5,"autonomy_count":583}}
