{"data":{"satisfaction":8.791208791208792,"comprehension":9.286629645450661,"contact":4.444444444444445,"contact_reachability":0.5263157894736842,"contact_satisfaction":8.88888888888889,"autonomy":9.152542372881356},"metadata":{"satisfaction_count":2639,"comprehension_count":2341,"contact_count":18,"contactReachability_count":19,"contactSatisfaction_count":9,"autonomy_count":1003}}
