{"data":{"satisfaction":8.994252873563218,"comprehension":8.89060092449923,"contact":3.6363636363636362,"contact_reachability":4.545454545454545,"contact_satisfaction":8,"autonomy":9.23728813559322},"metadata":{"satisfaction_count":696,"comprehension_count":649,"contact_count":11,"autonomy_count":590}}
