{"data":{"satisfaction":9.103375527426161,"comprehension":8.997722095671982,"contact":3.3333333333333335,"contact_reachability":0.5,"contact_satisfaction":6.666666666666667,"autonomy":9.318181818181818},"metadata":{"satisfaction_count":474,"comprehension_count":439,"contact_count":6,"contactReachability_count":6,"contactSatisfaction_count":3,"autonomy_count":396}}
