{"data":{"satisfaction":8.746928746928747,"comprehension":8.549228675136115,"contact":4.324324324324325,"contact_reachability":0.5405405405405406,"contact_satisfaction":8,"autonomy":9.035175879396984},"metadata":{"satisfaction_count":2442,"comprehension_count":2204,"contact_count":37,"contactReachability_count":37,"contactSatisfaction_count":20,"autonomy_count":1990}}
