{"data":{"satisfaction":7.279874213836478,"comprehension":8.586191732629727,"contact":2.1794871794871793,"contact_reachability":4,"contact_satisfaction":5.666666666666667,"autonomy":7.515723270440252},"metadata":{"satisfaction_count":1272,"comprehension_count":1137,"contact_count":39,"autonomy_count":318}}
