{"data":{"satisfaction":7.379603399433428,"comprehension":7.72239263803681,"contact":4.479166666666667,"contact_reachability":0.625,"contact_satisfaction":7.166666666666667,"autonomy":6.753246753246753},"metadata":{"satisfaction_count":353,"comprehension_count":326,"contact_count":24,"contactReachability_count":24,"contactSatisfaction_count":15,"autonomy_count":308}}
