{"data":{"satisfaction":7.3070674248578396,"comprehension":8.632634457611669,"contact":1.6129032258064515,"autonomy":7.615658362989324},"metadata":{"satisfaction_count":1231,"comprehension_count":1097,"contact_count":31,"autonomy_count":281}}
