{"data":{"satisfaction":6.50219298245614,"comprehension":7.157772621809745,"contact":3.8043478260869565,"contact_reachability":0.6458333333333334,"contact_satisfaction":6.0344827586206895,"autonomy":6.716791979949875},"metadata":{"satisfaction_count":456,"comprehension_count":431,"contact_count":46,"contactReachability_count":48,"contactSatisfaction_count":29,"autonomy_count":399}}
