{"data":{"satisfaction":6.83252427184466,"comprehension":7.349476439790576,"contact":4.0131578947368425,"contact_reachability":0.6666666666666666,"contact_satisfaction":6.1,"autonomy":6.759002770083103},"metadata":{"satisfaction_count":412,"comprehension_count":382,"contact_count":38,"contactReachability_count":39,"contactSatisfaction_count":25,"autonomy_count":361}}
