{"data":{"satisfaction":6.938718662952646,"comprehension":7.4525222551928785,"contact":3.651315789473684,"contact_reachability":0.5935483870967742,"contact_satisfaction":6.235955056179775,"autonomy":7.067337948395217},"metadata":{"satisfaction_count":1795,"comprehension_count":1685,"contact_count":152,"contactReachability_count":155,"contactSatisfaction_count":89,"autonomy_count":1589}}
