{"data":{"satisfaction":7.251655629139073,"comprehension":7.619485294117647,"contact":3.6363636363636362,"contact_reachability":0.5454545454545454,"contact_satisfaction":6.666666666666667,"autonomy":7.527675276752768},"metadata":{"satisfaction_count":302,"comprehension_count":272,"contact_count":22,"contactReachability_count":22,"contactSatisfaction_count":12,"autonomy_count":271}}
