{"data":{"satisfaction":6.776155717761557,"comprehension":7.362924281984334,"contact":4.0131578947368425,"contact_reachability":0.6923076923076923,"contact_satisfaction":5.865384615384615,"autonomy":6.787709497206704},"metadata":{"satisfaction_count":411,"comprehension_count":383,"contact_count":38,"contactReachability_count":39,"contactSatisfaction_count":26,"autonomy_count":358}}
