{"data":{"satisfaction":7.305194805194805,"comprehension":7.688172043010753,"contact":4.130434782608695,"contact_reachability":0.6086956521739131,"contact_satisfaction":6.785714285714286,"autonomy":7.589928057553957},"metadata":{"satisfaction_count":308,"comprehension_count":279,"contact_count":23,"contactReachability_count":23,"contactSatisfaction_count":14,"autonomy_count":278}}
