{"data":{"satisfaction":7.154076290201945,"comprehension":8.16188524590164,"contact":2.5824175824175826,"contact_reachability":4.301075268817204,"contact_satisfaction":6.184210526315789,"autonomy":7.006472491909385},"metadata":{"satisfaction_count":1337,"comprehension_count":1220,"contact_count":91,"autonomy_count":618}}
