{"data":{"satisfaction":7.149837133550489,"comprehension":8.220680393912264,"contact":2.3,"contact_reachability":3.7662337662337664,"contact_satisfaction":6.388888888888889,"autonomy":7.1923076923076925},"metadata":{"satisfaction_count":1228,"comprehension_count":1117,"contact_count":75,"autonomy_count":520}}
