{"data":{"satisfaction":6.566125290023201,"comprehension":7.197530864197531,"contact":3.895348837209302,"contact_reachability":0.6666666666666666,"contact_satisfaction":5.982142857142857,"autonomy":6.781914893617022},"metadata":{"satisfaction_count":431,"comprehension_count":405,"contact_count":43,"contactReachability_count":45,"contactSatisfaction_count":28,"autonomy_count":376}}
