{"data":{"satisfaction":7.113587347232207,"comprehension":8.101340694006309,"contact":2.6530612244897958,"contact_reachability":0.43,"contact_satisfaction":6.341463414634147,"autonomy":6.991017964071856},"metadata":{"satisfaction_count":1391,"comprehension_count":1268,"contact_count":98,"contactReachability_count":100,"contactSatisfaction_count":41,"autonomy_count":668}}
