{"data":{"satisfaction":6.887226697353279,"comprehension":7.42953431372549,"contact":3.5833333333333335,"contact_reachability":0.5882352941176471,"contact_satisfaction":6.17816091954023,"autonomy":7.063027940220922},"metadata":{"satisfaction_count":1738,"comprehension_count":1632,"contact_count":150,"contactReachability_count":153,"contactSatisfaction_count":87,"autonomy_count":1539}}
