{"data":{"satisfaction":7.014984227129338,"comprehension":7.857450473729544,"contact":2.759433962264151,"contact_reachability":0.4444444444444444,"contact_satisfaction":6.358695652173913,"autonomy":7.156983930778739},"metadata":{"satisfaction_count":1268,"comprehension_count":1161,"contact_count":106,"contactReachability_count":108,"contactSatisfaction_count":46,"autonomy_count":809}}
