{"data":{"satisfaction":7.051005747126437,"comprehension":7.84765625,"contact":2.8205128205128207,"contact_reachability":0.453781512605042,"contact_satisfaction":6.346153846153846,"autonomy":7.172264355362947},"metadata":{"satisfaction_count":1392,"comprehension_count":1280,"contact_count":117,"contactReachability_count":119,"contactSatisfaction_count":52,"autonomy_count":923}}
