{"data":{"satisfaction":7.141119221411192,"comprehension":7.682291666666667,"contact":3.4482758620689653,"contact_reachability":0.5517241379310345,"contact_satisfaction":6.25,"autonomy":6.805555555555555},"metadata":{"satisfaction_count":411,"comprehension_count":384,"contact_count":29,"contactReachability_count":29,"contactSatisfaction_count":16,"autonomy_count":360}}
