{"data":{"satisfaction":7.142282958199357,"comprehension":8.22502210433245,"contact":2.3701298701298703,"contact_reachability":3.924050632911392,"contact_satisfaction":6.293103448275862,"autonomy":7.1722846441947565},"metadata":{"satisfaction_count":1244,"comprehension_count":1131,"contact_count":77,"autonomy_count":534}}
