{"data":{"satisfaction":7.1686274509803924,"comprehension":8.207831325301205,"contact":2.5,"contact_reachability":4.235294117647059,"contact_satisfaction":6.102941176470588,"autonomy":7.069271758436945},"metadata":{"satisfaction_count":1275,"comprehension_count":1162,"contact_count":83,"autonomy_count":563}}
