{"data":{"satisfaction":7.134711332858161,"comprehension":8.113760750586396,"contact":2.6530612244897958,"contact_reachability":0.43,"contact_satisfaction":6.341463414634147,"autonomy":7.025036818851252},"metadata":{"satisfaction_count":1403,"comprehension_count":1279,"contact_count":98,"contactReachability_count":100,"contactSatisfaction_count":41,"autonomy_count":679}}
