{"data":{"satisfaction":7.158218125960062,"comprehension":8.179713804713804,"contact":2.6436781609195403,"contact_reachability":4.382022471910113,"contact_satisfaction":6.216216216216216,"autonomy":7.0256410256410255},"metadata":{"satisfaction_count":1302,"comprehension_count":1188,"contact_count":87,"autonomy_count":585}}
