{"data":{"satisfaction":6.424474187380497,"comprehension":7.205284552845528,"contact":3.4765625,"contact_reachability":0.6119402985074627,"contact_satisfaction":5.855263157894737,"autonomy":6.616052060737527},"metadata":{"satisfaction_count":523,"comprehension_count":492,"contact_count":64,"contactReachability_count":67,"contactSatisfaction_count":38,"autonomy_count":461}}
