{"data":{"satisfaction":6.812865497076023,"comprehension":7.259316770186335,"contact":2.9166666666666665,"contact_reachability":4.545454545454545,"contact_satisfaction":6.5625,"autonomy":6.437908496732026},"metadata":{"satisfaction_count":342,"comprehension_count":322,"contact_count":54,"autonomy_count":306}}
