{"data":{"satisfaction":6.686746987951807,"comprehension":7.360050890585241,"contact":2.8688524590163933,"contact_reachability":4.603174603174603,"contact_satisfaction":6.481481481481482,"autonomy":6.941489361702128},"metadata":{"satisfaction_count":415,"comprehension_count":393,"contact_count":61,"autonomy_count":376}}
