{"data":{"satisfaction":6.558441558441558,"comprehension":7.05607476635514,"contact":3.0303030303030303,"contact_reachability":0.5151515151515151,"contact_satisfaction":5.882352941176471,"autonomy":6.476190476190476},"metadata":{"satisfaction_count":231,"comprehension_count":214,"contact_count":33,"contactReachability_count":33,"contactSatisfaction_count":17,"autonomy_count":210}}
