{"data":{"satisfaction":6.836319218241043,"comprehension":7.453785211267606,"contact":3.041044776119403,"contact_reachability":0.49264705882352944,"contact_satisfaction":6.269230769230769,"autonomy":7.065317387304508},"metadata":{"satisfaction_count":1228,"comprehension_count":1136,"contact_count":134,"contactReachability_count":136,"contactSatisfaction_count":65,"autonomy_count":1087}}
