{"data":{"satisfaction":7.11287988422576,"comprehension":8.097222222222221,"contact":2.6530612244897958,"contact_reachability":0.43,"contact_satisfaction":6.341463414634147,"autonomy":6.980273141122914},"metadata":{"satisfaction_count":1382,"comprehension_count":1260,"contact_count":98,"contactReachability_count":100,"contactSatisfaction_count":41,"autonomy_count":659}}
