{"data":{"satisfaction":6.686893203883495,"comprehension":7.29328165374677,"contact":4.305555555555555,"contact_reachability":0.7368421052631579,"contact_satisfaction":5.961538461538462,"autonomy":6.871508379888268},"metadata":{"satisfaction_count":412,"comprehension_count":387,"contact_count":36,"contactReachability_count":38,"contactSatisfaction_count":26,"autonomy_count":358}}
