{"data":{"satisfaction":7.067901234567901,"comprehension":7.251655629139073,"contact":3.6904761904761907,"contact_reachability":0.5714285714285714,"contact_satisfaction":6.458333333333333,"autonomy":6.554054054054054},"metadata":{"satisfaction_count":162,"comprehension_count":151,"contact_count":21,"contactReachability_count":21,"contactSatisfaction_count":12,"autonomy_count":148}}
