{"data":{"satisfaction":6.754658385093168,"comprehension":7.1792763157894735,"contact":2.7450980392156863,"contact_reachability":4.423076923076923,"contact_satisfaction":6.363636363636363,"autonomy":6.505190311418685},"metadata":{"satisfaction_count":322,"comprehension_count":304,"contact_count":51,"autonomy_count":289}}
