{"data":{"satisfaction":7.022988505747127,"comprehension":7.855648535564853,"contact":2.7477477477477477,"contact_reachability":0.4424778761061947,"contact_satisfaction":6.354166666666667,"autonomy":7.158145065398335},"metadata":{"satisfaction_count":1305,"comprehension_count":1195,"contact_count":111,"contactReachability_count":113,"contactSatisfaction_count":48,"autonomy_count":841}}
