{"data":{"satisfaction":6.972222222222222,"comprehension":7.5606060606060606,"contact":4.074074074074074,"contact_reachability":0.6296296296296297,"contact_satisfaction":6.470588235294118,"autonomy":7.197452229299363},"metadata":{"satisfaction_count":360,"comprehension_count":330,"contact_count":27,"contactReachability_count":27,"contactSatisfaction_count":17,"autonomy_count":314}}
