{"data":{"satisfaction":7.619047619047619,"comprehension":7.9045307443365695,"contact":4.761904761904762,"contact_reachability":0.6666666666666666,"contact_satisfaction":7.142857142857143,"autonomy":6.891891891891892},"metadata":{"satisfaction_count":336,"comprehension_count":309,"contact_count":21,"contactReachability_count":21,"contactSatisfaction_count":14,"autonomy_count":296}}
