{"data":{"satisfaction":6.994011976047904,"comprehension":7.4525316455696204,"contact":3.5273972602739727,"contact_reachability":0.58,"contact_satisfaction":6.204819277108434,"autonomy":6.930826057756883},"metadata":{"satisfaction_count":1670,"comprehension_count":1580,"contact_count":146,"contactReachability_count":150,"contactSatisfaction_count":83,"autonomy_count":1489}}
