{"data":{"satisfaction":6.62227602905569,"comprehension":7.27390180878553,"contact":4.324324324324325,"contact_reachability":0.7435897435897436,"contact_satisfaction":5.925925925925926,"autonomy":6.852367688022284},"metadata":{"satisfaction_count":413,"comprehension_count":387,"contact_count":37,"contactReachability_count":39,"contactSatisfaction_count":27,"autonomy_count":359}}
