{"data":{"satisfaction":6.4734774066797645,"comprehension":7.223382045929019,"contact":3.6885245901639343,"contact_reachability":0.640625,"contact_satisfaction":5.921052631578948,"autonomy":6.6441441441441444},"metadata":{"satisfaction_count":509,"comprehension_count":479,"contact_count":61,"contactReachability_count":64,"contactSatisfaction_count":38,"autonomy_count":444}}
