{"data":{"satisfaction":7.154471544715447,"comprehension":8.223860589812332,"contact":2.3026315789473686,"contact_reachability":3.8461538461538463,"contact_satisfaction":6.25,"autonomy":7.183908045977011},"metadata":{"satisfaction_count":1230,"comprehension_count":1119,"contact_count":76,"autonomy_count":522}}
