{"data":{"satisfaction":6.728971962616822,"comprehension":7.146381578947368,"contact":2.6923076923076925,"contact_reachability":0.4339622641509434,"contact_satisfaction":6.363636363636363,"autonomy":6.458333333333333},"metadata":{"satisfaction_count":321,"comprehension_count":304,"contact_count":52,"contactReachability_count":53,"contactSatisfaction_count":22,"autonomy_count":288}}
