{"data":{"satisfaction":7.101063829787234,"comprehension":7.593390804597701,"contact":4.051724137931035,"contact_reachability":0.5862068965517241,"contact_satisfaction":6.911764705882353,"autonomy":6.483180428134556},"metadata":{"satisfaction_count":376,"comprehension_count":348,"contact_count":29,"contactReachability_count":29,"contactSatisfaction_count":17,"autonomy_count":327}}
