{"data":{"satisfaction":7.733070538089287,"comprehension":8.003226688217538,"contact":5.154339853300733,"contact_reachability":0.6858858858858858,"contact_satisfaction":7.576370170709794,"autonomy":9.213186455267719},"metadata":{"satisfaction_count":93609,"comprehension_count":84142,"contact_count":1636,"contactReachability_count":1665,"contactSatisfaction_count":1113,"autonomy_count":85967}}
