{"data":{"satisfaction":5.66415313225058,"comprehension":6.76954094292804,"contact":5.476190476190476,"contact_reachability":0.7264957264957265,"contact_satisfaction":7.574850299401198,"autonomy":8.411254495451661},"metadata":{"satisfaction_count":5172,"comprehension_count":4836,"contact_count":231,"contactReachability_count":234,"contactSatisfaction_count":167,"autonomy_count":4727}}
