{"data":{"satisfaction":7.7292266666666665,"comprehension":8.000990768646622,"contact":5.156916514320536,"contact_reachability":0.6868263473053893,"contact_satisfaction":7.569320214669052,"autonomy":9.213763780625225},"metadata":{"satisfaction_count":93750,"comprehension_count":84278,"contact_count":1641,"contactReachability_count":1670,"contactSatisfaction_count":1118,"autonomy_count":86081}}
