{"data":{"satisfaction":7.728547661199156,"comprehension":8.000320318895255,"contact":5.156916514320536,"contact_reachability":0.6868263473053893,"contact_satisfaction":7.569320214669052,"autonomy":9.21515781647518},"metadata":{"satisfaction_count":93766,"comprehension_count":84291,"contact_count":1641,"contactReachability_count":1670,"contactSatisfaction_count":1118,"autonomy_count":86081}}
