{"data":{"satisfaction":7.7271174863387975,"comprehension":7.9999347072510565,"contact":5.153588807785888,"contact_reachability":0.6867901972504483,"contact_satisfaction":7.564732142857143,"autonomy":9.214842887201963},"metadata":{"satisfaction_count":93696,"comprehension_count":84236,"contact_count":1644,"contactReachability_count":1673,"contactSatisfaction_count":1120,"autonomy_count":86021}}
