{"data":{"satisfaction":7.856169325743606,"comprehension":8.245542355480126,"contact":5.2180451127819545,"contact_reachability":0.6596701649175413,"contact_satisfaction":7.922374429223744,"autonomy":9.041244196456455},"metadata":{"satisfaction_count":49892,"comprehension_count":47727,"contact_count":665,"contactReachability_count":667,"contactSatisfaction_count":438,"autonomy_count":48031}}
