{"data":{"satisfaction":5.319148936170213,"comprehension":6.532258064516129,"contact":4.5,"contact_reachability":0.7333333333333333,"contact_satisfaction":6.136363636363637,"autonomy":8.333333333333334},"metadata":{"satisfaction_count":235,"comprehension_count":217,"contact_count":15,"contactReachability_count":15,"contactSatisfaction_count":11,"autonomy_count":210}}
