{"data":{"satisfaction":5.917299404884055,"comprehension":6.936180684676802,"contact":5.40521978021978,"contact_reachability":0.7248677248677249,"contact_satisfaction":7.5673076923076925,"autonomy":8.608812346231268},"metadata":{"satisfaction_count":9746,"comprehension_count":9143,"contact_count":364,"contactReachability_count":378,"contactSatisfaction_count":260,"autonomy_count":8942}}
