{"data":{"satisfaction":7.821293749512812,"comprehension":8.057537442146145,"contact":5.097469220246238,"contact_reachability":0.6794097920858484,"contact_satisfaction":7.5736788617886175,"autonomy":9.236431433794598},"metadata":{"satisfaction_count":89801,"comprehension_count":80591,"contact_count":1462,"contactReachability_count":1491,"contactSatisfaction_count":984,"autonomy_count":82599}}
