{"data":{"satisfaction":7.773671702967275,"comprehension":8.028246359223301,"contact":5.102140077821011,"contact_reachability":0.6804583068109484,"contact_satisfaction":7.564903846153846,"autonomy":9.223509325239208},"metadata":{"satisfaction_count":91734,"comprehension_count":82400,"contact_count":1542,"contactReachability_count":1571,"contactSatisfaction_count":1040,"autonomy_count":84341}}
