{"data":{"satisfaction":7.8343138902896845,"comprehension":8.066553838851904,"contact":5.120125348189415,"contact_reachability":0.6819112627986348,"contact_satisfaction":7.579896907216495,"autonomy":9.232782017111493},"metadata":{"satisfaction_count":89235,"comprehension_count":80063,"contact_count":1436,"contactReachability_count":1465,"contactSatisfaction_count":970,"autonomy_count":82167}}
