{"data":{"satisfaction":7.848845741378337,"comprehension":8.075250478300273,"contact":5.11516654854713,"contact_reachability":0.6805555555555556,"contact_satisfaction":7.58937960042061,"autonomy":9.23556884906285},"metadata":{"satisfaction_count":88585,"comprehension_count":79448,"contact_count":1411,"contactReachability_count":1440,"contactSatisfaction_count":951,"autonomy_count":81577}}
