{"data":{"satisfaction":7.7965298815753235,"comprehension":8.04168047017828,"contact":5.09339559706471,"contact_reachability":0.6780104712041884,"contact_satisfaction":7.581926514399205,"autonomy":9.227056611456424},"metadata":{"satisfaction_count":90775,"comprehension_count":81501,"contact_count":1499,"contactReachability_count":1528,"contactSatisfaction_count":1007,"autonomy_count":83499}}
