{"data":{"satisfaction":7.321875,"comprehension":7.765094798249878,"contact":5.30775379696243,"contact_reachability":0.7058359621451105,"contact_satisfaction":7.562642369020502,"autonomy":8.941831211405047},"metadata":{"satisfaction_count":57600,"comprehension_count":51425,"contact_count":1251,"contactReachability_count":1268,"contactSatisfaction_count":878,"autonomy_count":52468}}
