{"data":{"satisfaction":8.883385862224223,"comprehension":8.431573552024602,"contact":3.2051282051282053,"contact_reachability":0.5476190476190477,"contact_satisfaction":6.25,"autonomy":8.454308093994777},"metadata":{"satisfaction_count":2221,"comprehension_count":1951,"contact_count":39,"contactReachability_count":42,"contactSatisfaction_count":20,"autonomy_count":1915}}
