{"data":{"satisfaction":9.024390243902438,"comprehension":8.106481481481481,"contact":0.8333333333333334,"contact_reachability":0.3333333333333333,"contact_satisfaction":2.5,"autonomy":8.63063063063063},"metadata":{"satisfaction_count":656,"comprehension_count":540,"contact_count":9,"contactReachability_count":9,"contactSatisfaction_count":3,"autonomy_count":555}}
