{"data":{"satisfaction":8.931500241196334,"comprehension":8.93972602739726,"contact":4.285714285714286,"contact_reachability":6.363636363636363,"contact_satisfaction":6.923076923076923,"autonomy":8.251121076233185},"metadata":{"satisfaction_count":2073,"comprehension_count":1825,"contact_count":21,"autonomy_count":892}}
