{"data":{"satisfaction":8.68421052631579,"comprehension":8.554868624420402,"contact":3.388888888888889,"contact_reachability":0.6170212765957447,"contact_satisfaction":5.648148148148148,"autonomy":8.558653340347187},"metadata":{"satisfaction_count":2090,"comprehension_count":1941,"contact_count":45,"contactReachability_count":47,"contactSatisfaction_count":27,"autonomy_count":1901}}
