{"data":{"satisfaction":8.933711295246402,"comprehension":8.63008538422903,"contact":3.161764705882353,"contact_reachability":0.5714285714285714,"contact_satisfaction":5.657894736842105,"autonomy":8.384718498659517},"metadata":{"satisfaction_count":2293,"comprehension_count":1991,"contact_count":34,"contactReachability_count":35,"contactSatisfaction_count":19,"autonomy_count":1492}}
