{"data":{"satisfaction":8.921668362156664,"comprehension":8.964223889209464,"contact":4.285714285714286,"contact_reachability":6.363636363636363,"contact_satisfaction":6.923076923076923,"autonomy":8.16708229426434},"metadata":{"satisfaction_count":1966,"comprehension_count":1733,"contact_count":21,"autonomy_count":802}}
