{"data":{"satisfaction":8.775898520084567,"comprehension":8.492990654205608,"contact":3.3,"contact_reachability":0.5961538461538461,"contact_satisfaction":5.689655172413793,"autonomy":8.57750472589792},"metadata":{"satisfaction_count":2365,"comprehension_count":2140,"contact_count":50,"contactReachability_count":52,"contactSatisfaction_count":29,"autonomy_count":2116}}
