{"data":{"satisfaction":8.67100371747212,"comprehension":8.544589178356713,"contact":3.532608695652174,"contact_reachability":0.625,"contact_satisfaction":5.803571428571429,"autonomy":8.561924257932446},"metadata":{"satisfaction_count":2152,"comprehension_count":1996,"contact_count":46,"contactReachability_count":48,"contactSatisfaction_count":28,"autonomy_count":1954}}
