{"data":{"satisfaction":8.94578313253012,"comprehension":9.168753913587977,"contact":4.166666666666667,"autonomy":8.181818181818182},"metadata":{"satisfaction_count":1826,"comprehension_count":1597,"contact_count":9,"autonomy_count":352}}
