{"data":{"satisfaction":8.69047619047619,"comprehension":8.624772313296903,"contact":2.857142857142857,"contact_reachability":0.42857142857142855,"contact_satisfaction":6.666666666666667,"autonomy":8.777777777777779},"metadata":{"satisfaction_count":588,"comprehension_count":549,"contact_count":7,"contactReachability_count":7,"contactSatisfaction_count":3,"autonomy_count":540}}
