{"data":{"satisfaction":8.8359375,"comprehension":8.184306569343066,"contact":1.9230769230769231,"contact_reachability":0.38461538461538464,"contact_satisfaction":5,"autonomy":8.579136690647482},"metadata":{"satisfaction_count":640,"comprehension_count":548,"contact_count":13,"contactReachability_count":13,"contactSatisfaction_count":5,"autonomy_count":556}}
