{"data":{"satisfaction":8.952225841476656,"comprehension":9.163563004345127,"contact":4.166666666666667,"contact_reachability":6.666666666666666,"contact_satisfaction":6.25,"autonomy":8.246575342465754},"metadata":{"satisfaction_count":1842,"comprehension_count":1611,"contact_count":9,"autonomy_count":365}}
