{"data":{"satisfaction":8.783613445378151,"comprehension":8.493961913608917,"contact":3.3,"contact_reachability":0.6037735849056604,"contact_satisfaction":5.689655172413793,"autonomy":8.580827067669173},"metadata":{"satisfaction_count":2380,"comprehension_count":2153,"contact_count":50,"contactReachability_count":53,"contactSatisfaction_count":29,"autonomy_count":2128}}
