{"data":{"satisfaction":8.677795442501324,"comprehension":8.563677898343803,"contact":3.6486486486486487,"contact_reachability":0.6578947368421053,"contact_satisfaction":5.625,"autonomy":8.613053613053612},"metadata":{"satisfaction_count":1887,"comprehension_count":1751,"contact_count":37,"contactReachability_count":38,"contactSatisfaction_count":24,"autonomy_count":1716}}
