{"data":{"satisfaction":8.675595238095237,"comprehension":8.56283422459893,"contact":3.7195121951219514,"contact_reachability":0.6511627906976745,"contact_satisfaction":5.865384615384615,"autonomy":8.564410480349345},"metadata":{"satisfaction_count":2016,"comprehension_count":1870,"contact_count":41,"contactReachability_count":43,"contactSatisfaction_count":26,"autonomy_count":1832}}
