{"data":{"satisfaction":8.961342395921836,"comprehension":8.848027277155383,"contact":3.611111111111111,"contact_reachability":0.6071428571428571,"contact_satisfaction":6.09375,"autonomy":8.303886925795053},"metadata":{"satisfaction_count":2354,"comprehension_count":2053,"contact_count":27,"contactReachability_count":28,"contactSatisfaction_count":16,"autonomy_count":1132}}
