{"data":{"satisfaction":8.825081168831169,"comprehension":8.45183486238532,"contact":3.2738095238095237,"contact_reachability":0.5555555555555556,"contact_satisfaction":6.25,"autonomy":8.469435370975269},"metadata":{"satisfaction_count":2464,"comprehension_count":2180,"contact_count":42,"contactReachability_count":45,"contactSatisfaction_count":22,"autonomy_count":2143}}
