{"data":{"satisfaction":8.930762489044698,"comprehension":8.628218071680969,"contact":3.161764705882353,"contact_reachability":0.5714285714285714,"contact_satisfaction":5.657894736842105,"autonomy":8.37272113436867},"metadata":{"satisfaction_count":2282,"comprehension_count":1981,"contact_count":34,"contactReachability_count":35,"contactSatisfaction_count":19,"autonomy_count":1481}}
