{"data":{"satisfaction":8.910179640718562,"comprehension":8.619112940100594,"contact":3.0921052631578947,"contact_reachability":0.5641025641025641,"contact_satisfaction":5.595238095238095,"autonomy":8.394768133174791},"metadata":{"satisfaction_count":2505,"comprehension_count":2187,"contact_count":38,"contactReachability_count":39,"contactSatisfaction_count":21,"autonomy_count":1682}}
