{"data":{"satisfaction":8.927304964539006,"comprehension":8.186983471074381,"contact":1.8181818181818181,"contact_reachability":0.5454545454545454,"contact_satisfaction":3.3333333333333335,"autonomy":8.55397148676171},"metadata":{"satisfaction_count":564,"comprehension_count":484,"contact_count":11,"contactReachability_count":11,"contactSatisfaction_count":6,"autonomy_count":491}}
