{"data":{"satisfaction":8.54126679462572,"comprehension":8.512269938650308,"contact":4.264705882352941,"contact_reachability":0.7777777777777778,"contact_satisfaction":5.576923076923077,"autonomy":8.225469728601253},"metadata":{"satisfaction_count":521,"comprehension_count":489,"contact_count":17,"contactReachability_count":18,"contactSatisfaction_count":13,"autonomy_count":479}}
