{"data":{"satisfaction":8.955984970477724,"comprehension":9.162569145666872,"contact":4.166666666666667,"contact_reachability":6.666666666666666,"contact_satisfaction":6.25,"autonomy":8.241469816272966},"metadata":{"satisfaction_count":1863,"comprehension_count":1627,"contact_count":9,"autonomy_count":381}}
