{"data":{"satisfaction":8.842010771992818,"comprehension":8.690019193857966,"contact":2.1153846153846154,"contact_reachability":0.46153846153846156,"contact_satisfaction":4.583333333333333,"autonomy":8.658777120315582},"metadata":{"satisfaction_count":557,"comprehension_count":521,"contact_count":13,"contactReachability_count":13,"contactSatisfaction_count":6,"autonomy_count":507}}
