{"data":{"satisfaction":8.89520202020202,"comprehension":8.287172011661808,"contact":3.1578947368421053,"contact_reachability":0.5263157894736842,"contact_satisfaction":6,"autonomy":8.38150289017341},"metadata":{"satisfaction_count":792,"comprehension_count":686,"contact_count":19,"contactReachability_count":19,"contactSatisfaction_count":10,"autonomy_count":692}}
