{"data":{"satisfaction":8.952506596306069,"comprehension":9.142038600723764,"contact":4.166666666666667,"contact_reachability":6.666666666666666,"contact_satisfaction":6.25,"autonomy":8.276699029126213},"metadata":{"satisfaction_count":1895,"comprehension_count":1658,"contact_count":9,"autonomy_count":412}}
