{"data":{"satisfaction":8.844884488448844,"comprehension":8.440420560747663,"contact":3.2738095238095237,"contact_reachability":0.5555555555555556,"contact_satisfaction":6.25,"autonomy":8.479087452471482},"metadata":{"satisfaction_count":2424,"comprehension_count":2140,"contact_count":42,"contactReachability_count":45,"contactSatisfaction_count":22,"autonomy_count":2104}}
