{"data":{"satisfaction":8.852785145888594,"comprehension":8.404255319148936,"contact":3.28125,"contact_reachability":5.294117647058823,"contact_satisfaction":6.5625,"autonomy":8.31306990881459},"metadata":{"satisfaction_count":754,"comprehension_count":658,"contact_count":16,"autonomy_count":658}}
