{"data":{"satisfaction":8.88888888888889,"comprehension":8.427918235610543,"contact":3.0128205128205128,"contact_reachability":0.55,"contact_satisfaction":5.595238095238095,"autonomy":8.432017543859649},"metadata":{"satisfaction_count":2124,"comprehension_count":1859,"contact_count":39,"contactReachability_count":40,"contactSatisfaction_count":21,"autonomy_count":1824}}
