{"data":{"satisfaction":8.920386007237635,"comprehension":8.384615384615385,"contact":3.3333333333333335,"contact_reachability":0.5789473684210527,"contact_satisfaction":6,"autonomy":8.333333333333334},"metadata":{"satisfaction_count":829,"comprehension_count":715,"contact_count":18,"contactReachability_count":19,"contactSatisfaction_count":10,"autonomy_count":720}}
