{"data":{"satisfaction":8.914944356120827,"comprehension":8.619199272065513,"contact":3.0921052631578947,"contact_reachability":0.5641025641025641,"contact_satisfaction":5.595238095238095,"autonomy":8.405197873597166},"metadata":{"satisfaction_count":2516,"comprehension_count":2198,"contact_count":38,"contactReachability_count":39,"contactSatisfaction_count":21,"autonomy_count":1693}}
