{"data":{"satisfaction":8.522072936660269,"comprehension":8.493852459016393,"contact":4.264705882352941,"contact_reachability":0.7777777777777778,"contact_satisfaction":5.576923076923077,"autonomy":8.242677824267782},"metadata":{"satisfaction_count":521,"comprehension_count":488,"contact_count":17,"contactReachability_count":18,"contactSatisfaction_count":13,"autonomy_count":478}}
