{"data":{"satisfaction":8.620102214650766,"comprehension":8.64051094890511,"contact":2.857142857142857,"contact_reachability":0.42857142857142855,"contact_satisfaction":6.666666666666667,"autonomy":8.724584103512015},"metadata":{"satisfaction_count":587,"comprehension_count":548,"contact_count":7,"contactReachability_count":7,"contactSatisfaction_count":3,"autonomy_count":541}}
