{"data":{"satisfaction":5.492215757194527,"comprehension":5.466707630432354,"contact":2.4382716049382718,"contact_reachability":0.4473684210526316,"contact_satisfaction":5.649064906490649,"autonomy":4.028077753779698},"metadata":{"satisfaction_count":12718,"comprehension_count":8951,"contact_count":2106,"contactReachability_count":2166,"contactSatisfaction_count":909,"autonomy_count":5556}}
