{"data":{"satisfaction":5.343062926459439,"comprehension":4.624199112863479,"contact":2.1765601217656014,"contact_reachability":0.4487369985141159,"contact_satisfaction":5,"autonomy":3.769817968291251},"metadata":{"satisfaction_count":2638,"comprehension_count":2029,"contact_count":657,"contactReachability_count":673,"contactSatisfaction_count":286,"autonomy_count":1703}}
