{"data":{"satisfaction":6.091063211431339,"comprehension":5.589017521902378,"contact":3.027156549520767,"contact_reachability":0.49229188078108943,"contact_satisfaction":6.387640449438202,"autonomy":4.279985417426175},"metadata":{"satisfaction_count":4129,"comprehension_count":3196,"contact_count":939,"contactReachability_count":973,"contactSatisfaction_count":445,"autonomy_count":2743}}
