{"data":{"satisfaction":5.9953271028037385,"comprehension":5.473673713601914,"contact":3.3605188800410994,"contact_reachability":0.5232957332025503,"contact_satisfaction":6.712416623909697,"autonomy":4.185570844179993},"metadata":{"satisfaction_count":16050,"comprehension_count":12535,"contact_count":3893,"contactReachability_count":4078,"contactSatisfaction_count":1949,"autonomy_count":10756}}
