{"data":{"satisfaction":6.062556458897922,"comprehension":5.667509836987072,"contact":3.2117224880382773,"contact_reachability":0.5,"contact_satisfaction":6.6570247933884295,"autonomy":4.192817858298286},"metadata":{"satisfaction_count":4428,"comprehension_count":3558,"contact_count":1254,"contactReachability_count":1298,"contactSatisfaction_count":605,"autonomy_count":3091}}
