{"data":{"satisfaction":5.7784518675535415,"comprehension":7.120265395516619,"contact":2.0090909090909093,"autonomy":4.137447405329593},"metadata":{"satisfaction_count":13681,"comprehension_count":7762,"contact_count":275,"autonomy_count":713}}
