{"data":{"satisfaction":4.947766570605188,"comprehension":4.602091859936334,"contact":1.9196428571428572,"contact_reachability":4.174496644295302,"contact_satisfaction":4.753401360544218,"autonomy":3.9144919489172683},"metadata":{"satisfaction_count":2776,"comprehension_count":2199,"contact_count":728,"autonomy_count":1801}}
