{"data":{"satisfaction":5.630006161429452,"comprehension":4.63574097135741,"contact":2.742138364779874,"contact_reachability":0.4669926650366748,"contact_satisfaction":6.072423398328691,"autonomy":3.953154875717017},"metadata":{"satisfaction_count":3246,"comprehension_count":2409,"contact_count":795,"contactReachability_count":818,"contactSatisfaction_count":359,"autonomy_count":2092}}
