{"data":{"satisfaction":6.014919163100333,"comprehension":5.501103416787155,"contact":3.3894698443579765,"contact_reachability":0.5253252788104089,"contact_satisfaction":6.736346060898985,"autonomy":4.192406407646694},"metadata":{"satisfaction_count":16824,"comprehension_count":13141,"contact_count":4112,"contactReachability_count":4304,"contactSatisfaction_count":2069,"autonomy_count":11299}}
