{"data":{"satisfaction":5.523372847237755,"comprehension":5.155104342921602,"contact":3.651219512195122,"contact_reachability":0.5619834710743802,"contact_satisfaction":6.829379562043796,"autonomy":4.295116037409075},"metadata":{"satisfaction_count":4471,"comprehension_count":3546,"contact_count":1025,"contactReachability_count":1089,"contactSatisfaction_count":548,"autonomy_count":2887}}
