{"data":{"satisfaction":6.028919694072658,"comprehension":5.359729219143577,"contact":2.959741550695825,"contact_reachability":0.48705656759348037,"contact_satisfaction":6.321656050955414,"autonomy":4.133627019089574},"metadata":{"satisfaction_count":4184,"comprehension_count":3176,"contact_count":1006,"contactReachability_count":1043,"contactSatisfaction_count":471,"autonomy_count":2724}}
