{"data":{"satisfaction":6.0229932131991575,"comprehension":5.512014372333258,"contact":3.3870774394629586,"contact_reachability":0.5243986254295533,"contact_satisfaction":6.743436754176611,"autonomy":4.201826881252718},"metadata":{"satisfaction_count":17092,"comprehension_count":13359,"contact_count":4171,"contactReachability_count":4365,"contactSatisfaction_count":2095,"autonomy_count":11495}}
