{"data":{"satisfaction":5.556382728626283,"comprehension":6.463738767244653,"contact":1.9556677890011223,"contact_reachability":4.1098901098901095,"contact_satisfaction":4.908450704225352,"autonomy":4.037854889589905},"metadata":{"satisfaction_count":12761,"comprehension_count":7901,"contact_count":891,"autonomy_count":2219}}
