{"data":{"satisfaction":5.542835481425322,"comprehension":6.400982294445792,"contact":1.9289340101522843,"contact_reachability":4.156746031746032,"contact_satisfaction":4.797979797979798,"autonomy":3.9975990396158463},"metadata":{"satisfaction_count":13190,"comprehension_count":8246,"contact_count":985,"autonomy_count":2499}}
