{"data":{"satisfaction":5.810436297410721,"comprehension":5.181620614715927,"contact":2.7434077079107504,"contact_reachability":0.4702457956015524,"contact_satisfaction":6.1477272727272725,"autonomy":4.135817602353518},"metadata":{"satisfaction_count":12629,"comprehension_count":9663,"contact_count":2958,"contactReachability_count":3092,"contactSatisfaction_count":1320,"autonomy_count":8158}}
