{"data":{"satisfaction":5.116029989289539,"comprehension":4.635178408051235,"contact":1.9926568758344458,"contact_reachability":4.177545691906005,"contact_satisfaction":4.925742574257426,"autonomy":3.8292011019283745},"metadata":{"satisfaction_count":2801,"comprehension_count":2186,"contact_count":749,"autonomy_count":1815}}
