{"data":{"satisfaction":6.043074324324325,"comprehension":5.5274816308889205,"contact":3.384518058431102,"contact_reachability":0.5247915752523037,"contact_satisfaction":6.745758826226502,"autonomy":4.126173612254982},"metadata":{"satisfaction_count":17760,"comprehension_count":13882,"contact_count":4347,"contactReachability_count":4558,"contactSatisfaction_count":2181,"autonomy_count":12142}}
