{"data":{"satisfaction":5.815504306751875,"comprehension":4.904850746268656,"contact":2.7855477855477857,"contact_reachability":0.47415730337078654,"contact_satisfaction":6.128205128205129,"autonomy":4.018166089965398},"metadata":{"satisfaction_count":3599,"comprehension_count":2680,"contact_count":858,"contactReachability_count":890,"contactSatisfaction_count":390,"autonomy_count":2312}}
