{"data":{"satisfaction":4.988709070380128,"comprehension":4.694575471698113,"contact":2.0457796852646637,"contact_reachability":4.319775596072931,"contact_satisfaction":4.863945578231292,"autonomy":3.9421965317919074},"metadata":{"satisfaction_count":2657,"comprehension_count":2120,"contact_count":699,"autonomy_count":1730}}
