{"data":{"satisfaction":4.946533923303835,"comprehension":4.666744078030655,"contact":1.9295774647887325,"contact_reachability":4.319119669876203,"contact_satisfaction":4.6127946127946124,"autonomy":3.914772727272727},"metadata":{"satisfaction_count":2712,"comprehension_count":2153,"contact_count":710,"autonomy_count":1760}}
