{"data":{"satisfaction":5.735897435897436,"comprehension":5.120629956439182,"contact":2.6119266055045873,"contact_reachability":0.45550474850510025,"contact_satisfaction":6.047153780798641,"autonomy":4.122015915119364},"metadata":{"satisfaction_count":11700,"comprehension_count":8953,"contact_count":2725,"contactReachability_count":2843,"contactSatisfaction_count":1177,"autonomy_count":7540}}
