{"data":{"satisfaction":6.04252092343987,"comprehension":5.526693971401882,"contact":3.3801605504587156,"contact_reachability":0.523955370816014,"contact_satisfaction":6.74793956043956,"autonomy":4.145154639175257},"metadata":{"satisfaction_count":17803,"comprehension_count":13917,"contact_count":4360,"contactReachability_count":4571,"contactSatisfaction_count":2184,"autonomy_count":12125}}
