{"data":{"satisfaction":5.538559353728775,"comprehension":6.362604540023895,"contact":1.9492753623188406,"contact_reachability":4.0926275992438566,"contact_satisfaction":4.920731707317073,"autonomy":3.9976958525345623},"metadata":{"satisfaction_count":13369,"comprehension_count":8370,"contact_count":1035,"autonomy_count":2604}}
