{"data":{"satisfaction":5.55183302526186,"comprehension":6.436262376237623,"contact":1.9627659574468086,"contact_reachability":4.13111342351717,"contact_satisfaction":4.906914893617022,"autonomy":4.028716216216216},"metadata":{"satisfaction_count":12984,"comprehension_count":8080,"contact_count":940,"autonomy_count":2368}}
