{"data":{"satisfaction":5.37708927843457,"comprehension":4.502446982055465,"contact":2.241518578352181,"contact_reachability":0.44357366771159873,"contact_satisfaction":5.255681818181818,"autonomy":3.6474358974358974},"metadata":{"satisfaction_count":2453,"comprehension_count":1839,"contact_count":619,"contactReachability_count":638,"contactSatisfaction_count":264,"autonomy_count":1560}}
