{"data":{"satisfaction":5.217155266015201,"comprehension":4.647690153989734,"contact":2.0193637621023512,"contact_reachability":4.22972972972973,"contact_satisfaction":4.9324324324324325,"autonomy":3.828828828828829},"metadata":{"satisfaction_count":2763,"comprehension_count":2143,"contact_count":723,"autonomy_count":1776}}
