{"data":{"satisfaction":6.504145282273983,"comprehension":5.913943915616157,"contact":3.5271493212669682,"contact_reachability":0.5398457583547558,"contact_satisfaction":6.861795774647887,"autonomy":4.377605717689101},"metadata":{"satisfaction_count":5066,"comprehension_count":3887,"contact_count":1105,"contactReachability_count":1167,"contactSatisfaction_count":568,"autonomy_count":3358}}
