{"data":{"satisfaction":5.382978723404255,"comprehension":4.538934426229508,"contact":2.1983408748114632,"contact_reachability":0.43923865300146414,"contact_satisfaction":5.205357142857143,"autonomy":3.710162357185809},"metadata":{"satisfaction_count":2585,"comprehension_count":1952,"contact_count":663,"contactReachability_count":683,"contactSatisfaction_count":280,"autonomy_count":1663}}
