{"data":{"satisfaction":5.766258853831294,"comprehension":7.055840741204457,"contact":2.004573170731707,"autonomy":4.186307519640853},"metadata":{"satisfaction_count":13977,"comprehension_count":7987,"contact_count":328,"autonomy_count":891}}
