{"data":{"satisfaction":5.839837886520565,"comprehension":5.214425427872861,"contact":2.8027156549520766,"contact_reachability":0.475680636280208,"contact_satisfaction":6.195268361581921,"autonomy":4.14967562557924},"metadata":{"satisfaction_count":13324,"comprehension_count":10225,"contact_count":3130,"contactReachability_count":3269,"contactSatisfaction_count":1416,"autonomy_count":8632}}
