{"data":{"satisfaction":6.377074194163646,"comprehension":5.812921769557611,"contact":3.2015638575152043,"contact_reachability":0.4987674609695974,"contact_satisfaction":6.811460258780037,"autonomy":4.306526806526806},"metadata":{"satisfaction_count":5243,"comprehension_count":4001,"contact_count":1151,"contactReachability_count":1217,"contactSatisfaction_count":541,"autonomy_count":3432}}
