{"data":{"satisfaction":5.690249072602014,"comprehension":6.797420590223023,"contact":2.030744336569579,"contact_reachability":4.0664556962025316,"contact_satisfaction":5.1646090534979425,"autonomy":4.159402241594022},"metadata":{"satisfaction_count":15096,"comprehension_count":8878,"contact_count":618,"autonomy_count":1606}}
