{"data":{"satisfaction":6.084788029925187,"comprehension":5.701271186440678,"contact":3.2349397590361444,"contact_reachability":0.5015527950310559,"contact_satisfaction":6.67910447761194,"autonomy":4.194073591663953},"metadata":{"satisfaction_count":4411,"comprehension_count":3540,"contact_count":1245,"contactReachability_count":1288,"contactSatisfaction_count":603,"autonomy_count":3071}}
