{"data":{"satisfaction":5.762958648806057,"comprehension":4.770227808326787,"contact":2.7521263669501823,"contact_reachability":0.4669811320754717,"contact_satisfaction":6.105121293800539,"autonomy":4.00181077410593},"metadata":{"satisfaction_count":3434,"comprehension_count":2546,"contact_count":823,"contactReachability_count":848,"contactSatisfaction_count":371,"autonomy_count":2209}}
