{"data":{"satisfaction":5.726378644186863,"comprehension":6.965700012184721,"contact":1.9794344473007712,"contact_reachability":3.954659949622166,"contact_satisfaction":5.167785234899329,"autonomy":4.253521126760563},"metadata":{"satisfaction_count":14235,"comprehension_count":8207,"contact_count":389,"autonomy_count":1065}}
