{"data":{"satisfaction":5.877169197396963,"comprehension":5.051185344827586,"contact":2.8615127919911014,"contact_reachability":0.4747039827771798,"contact_satisfaction":6.259124087591241,"autonomy":4.068361817423926},"metadata":{"satisfaction_count":3688,"comprehension_count":2784,"contact_count":899,"contactReachability_count":929,"contactSatisfaction_count":411,"autonomy_count":2399}}
