{"data":{"satisfaction":5.8395579268292686,"comprehension":5.214519813288311,"contact":2.782587389741914,"contact_reachability":0.4745232885276649,"contact_satisfaction":6.172101449275362,"autonomy":4.160300857915149},"metadata":{"satisfaction_count":13120,"comprehension_count":10069,"contact_count":3061,"contactReachability_count":3199,"contactSatisfaction_count":1380,"autonomy_count":8509}}
