{"data":{"satisfaction":5.728586535072259,"comprehension":6.9761175750153095,"contact":1.9736842105263157,"contact_reachability":3.9432989690721647,"contact_satisfaction":5.172413793103448,"autonomy":4.29126213592233},"metadata":{"satisfaction_count":14185,"comprehension_count":8165,"contact_count":380,"autonomy_count":1030}}
