{"data":{"satisfaction":5.739192062367115,"comprehension":6.998519615099926,"contact":2.0365168539325844,"contact_reachability":3.9502762430939224,"contact_satisfaction":5.291970802919708,"autonomy":4.27263479145473},"metadata":{"satisfaction_count":14110,"comprehension_count":8106,"contact_count":356,"autonomy_count":983}}
