{"data":{"satisfaction":8.357228195937873,"comprehension":7.421271538918598,"contact":6.332378223495702,"contact_reachability":0.7927170868347339,"contact_satisfaction":8.036363636363637,"autonomy":7.114444082164982},"metadata":{"satisfaction_count":4185,"comprehension_count":3366,"contact_count":349,"contactReachability_count":357,"contactSatisfaction_count":275,"autonomy_count":3067}}
