{"data":{"satisfaction":8.123116219667944,"comprehension":8.566058002148228,"contact":6.359649122807017,"contact_reachability":0.7514450867052023,"contact_satisfaction":8.49609375,"autonomy":7.169448010269576},"metadata":{"satisfaction_count":19575,"comprehension_count":13965,"contact_count":171,"contactReachability_count":173,"contactSatisfaction_count":128,"autonomy_count":1558}}
