{"data":{"satisfaction":8.232337829158638,"comprehension":8.899797798247585,"contact":5,"contact_reachability":6.666666666666666,"contact_satisfaction":7.5,"autonomy":5.833333333333333},"metadata":{"satisfaction_count":31140,"comprehension_count":22255,"contact_count":3,"autonomy_count":24}}
