{"data":{"satisfaction":7.9113807685236255,"comprehension":7.131714754867464,"contact":5.804761904761905,"contact_reachability":0.7595628415300546,"contact_satisfaction":7.754452926208652,"autonomy":6.64343163538874},"metadata":{"satisfaction_count":5439,"comprehension_count":4263,"contact_count":525,"contactReachability_count":549,"contactSatisfaction_count":393,"autonomy_count":3730}}
