{"data":{"satisfaction":8.024106500359798,"comprehension":7.1419240817581064,"contact":5.923223350253807,"contact_reachability":0.7582417582417582,"contact_satisfaction":7.911016949152542,"autonomy":6.690372940156115},"metadata":{"satisfaction_count":8338,"comprehension_count":6507,"contact_count":788,"contactReachability_count":819,"contactSatisfaction_count":590,"autonomy_count":5765}}
