{"data":{"satisfaction":8.022565320665084,"comprehension":7.143509359306042,"contact":5.951935081148564,"contact_reachability":0.7608173076923077,"contact_satisfaction":7.9194352159468435,"autonomy":6.676970633693972},"metadata":{"satisfaction_count":8420,"comprehension_count":6571,"contact_count":801,"contactReachability_count":832,"contactSatisfaction_count":602,"autonomy_count":5823}}
