{"data":{"satisfaction":7.9541984732824424,"comprehension":6.932048681541582,"contact":5.677570093457944,"contact_reachability":0.7592592592592593,"contact_satisfaction":7.5,"autonomy":6.027397260273973},"metadata":{"satisfaction_count":655,"comprehension_count":493,"contact_count":107,"contactReachability_count":108,"contactSatisfaction_count":81,"autonomy_count":438}}
