{"data":{"satisfaction":8.237467866323907,"comprehension":7.342515697792181,"contact":6.315055762081784,"contact_reachability":0.7904085257548845,"contact_satisfaction":8.089285714285714,"autonomy":6.8970917225950785},"metadata":{"satisfaction_count":6224,"comprehension_count":4937,"contact_count":538,"contactReachability_count":563,"contactSatisfaction_count":420,"autonomy_count":4470}}
