{"data":{"satisfaction":7.83514800952705,"comprehension":7.0407602724675895,"contact":5.747078464106845,"contact_reachability":0.7568,"contact_satisfaction":7.701342281879195,"autonomy":6.478766430738119},"metadata":{"satisfaction_count":5878,"comprehension_count":4551,"contact_count":599,"contactReachability_count":625,"contactSatisfaction_count":447,"autonomy_count":3956}}
