{"data":{"satisfaction":8.041032428855063,"comprehension":7.184322033898305,"contact":5.958605664488018,"contact_reachability":0.7602523659305994,"contact_satisfaction":7.927536231884058,"autonomy":6.63640707118968},"metadata":{"satisfaction_count":9066,"comprehension_count":7080,"contact_count":918,"contactReachability_count":951,"contactSatisfaction_count":690,"autonomy_count":6279}}
