{"data":{"satisfaction":8.121191779407209,"comprehension":8.581708112810846,"contact":6.828859060402684,"contact_reachability":0.8066666666666666,"contact_satisfaction":8.479166666666666,"autonomy":7.174535050071531},"metadata":{"satisfaction_count":19366,"comprehension_count":13793,"contact_count":149,"contactReachability_count":150,"contactSatisfaction_count":120,"autonomy_count":1398}}
