{"data":{"satisfaction":8.112026620186976,"comprehension":8.609787867510235,"contact":7.02991452991453,"contact_reachability":0.8050847457627118,"contact_satisfaction":8.75,"autonomy":7.13091922005571},"metadata":{"satisfaction_count":18933,"comprehension_count":13435,"contact_count":117,"contactReachability_count":118,"contactSatisfaction_count":94,"autonomy_count":1077}}
