{"data":{"satisfaction":8.12134877523829,"comprehension":8.56904111558367,"contact":6.521084337349397,"contact_reachability":0.7678571428571429,"contact_satisfaction":8.523622047244094,"autonomy":7.175066312997347},"metadata":{"satisfaction_count":19514,"comprehension_count":13912,"contact_count":166,"contactReachability_count":168,"contactSatisfaction_count":127,"autonomy_count":1508}}
