{"data":{"satisfaction":8.418484500574053,"comprehension":7.519163763066202,"contact":6.25,"contact_reachability":0.7852760736196319,"contact_satisfaction":8.028455284552846,"autonomy":6.969465648854962},"metadata":{"satisfaction_count":1742,"comprehension_count":1435,"contact_count":158,"contactReachability_count":163,"contactSatisfaction_count":123,"autonomy_count":1310}}
