{"data":{"satisfaction":8.218572331017056,"comprehension":7.32791300877893,"contact":6.27959927140255,"contact_reachability":0.789198606271777,"contact_satisfaction":8.054906542056075,"autonomy":6.890997352162401},"metadata":{"satisfaction_count":6332,"comprehension_count":5012,"contact_count":549,"contactReachability_count":574,"contactSatisfaction_count":428,"autonomy_count":4532}}
