{"data":{"satisfaction":8.2106815711846,"comprehension":7.316342565311333,"contact":6.263537906137184,"contact_reachability":0.7879310344827586,"contact_satisfaction":8.051044083526682,"autonomy":6.90580026166594},"metadata":{"satisfaction_count":6441,"comprehension_count":5091,"contact_count":554,"contactReachability_count":580,"contactSatisfaction_count":431,"autonomy_count":4586}}
