{"data":{"satisfaction":8.18570671511848,"comprehension":7.3076923076923075,"contact":6.291530944625407,"contact_reachability":0.8008905852417303,"contact_satisfaction":7.903027823240589,"autonomy":6.602432985251372},"metadata":{"satisfaction_count":13209,"comprehension_count":10335,"contact_count":1535,"contactReachability_count":1572,"contactSatisfaction_count":1222,"autonomy_count":9289}}
