{"data":{"satisfaction":8.103291139240506,"comprehension":7.253134796238244,"contact":6.283987915407855,"contact_reachability":0.8109710896960711,"contact_satisfaction":7.782974742750234,"autonomy":6.438944872554831},"metadata":{"satisfaction_count":9875,"comprehension_count":7656,"contact_count":1324,"contactReachability_count":1349,"contactSatisfaction_count":1069,"autonomy_count":6748}}
