{"data":{"satisfaction":8.785714285714286,"comprehension":7.113636363636363,"contact":6.071428571428571,"contact_reachability":0.7142857142857143,"contact_satisfaction":8.5,"autonomy":7.254901960784314},"metadata":{"satisfaction_count":140,"comprehension_count":110,"contact_count":7,"contactReachability_count":7,"contactSatisfaction_count":5,"autonomy_count":102}}
