{"data":{"satisfaction":8.127511783676507,"comprehension":8.526856786876168,"contact":6.345238095238095,"contact_reachability":0.7688679245283019,"contact_satisfaction":8.27639751552795,"autonomy":7.19560878243513},"metadata":{"satisfaction_count":20155,"comprehension_count":14447,"contact_count":210,"contactReachability_count":212,"contactSatisfaction_count":161,"autonomy_count":2004}}
