{"data":{"satisfaction":8.175314301590609,"comprehension":7.288948069241012,"contact":6.2837449741527855,"contact_reachability":0.8033707865168539,"contact_satisfaction":7.864845434938893,"autonomy":6.540279692731929},"metadata":{"satisfaction_count":14397,"comprehension_count":11265,"contact_count":1741,"contactReachability_count":1780,"contactSatisfaction_count":1391,"autonomy_count":10154}}
