{"data":{"satisfaction":8.479003072721065,"comprehension":7.407486176095278,"contact":6.266666666666667,"contact_reachability":0.7652173913043478,"contact_satisfaction":8.24561403508772,"autonomy":7.180899908172635},"metadata":{"satisfaction_count":2929,"comprehension_count":2351,"contact_count":225,"contactReachability_count":230,"contactSatisfaction_count":171,"autonomy_count":2178}}
