{"data":{"satisfaction":8.017271357366408,"comprehension":7.1508774538964905,"contact":5.954819277108434,"contact_reachability":0.7645011600928074,"contact_satisfaction":7.882775119617225,"autonomy":6.6577136142353535},"metadata":{"satisfaction_count":8627,"comprehension_count":6724,"contact_count":830,"contactReachability_count":862,"contactSatisfaction_count":627,"autonomy_count":5957}}
