{"data":{"satisfaction":9.191489361702128,"comprehension":9.038152610441767,"contact":5.009803921568627,"contact_reachability":0.6165413533834586,"contact_satisfaction":8.34967320261438,"autonomy":7.707296849087894},"metadata":{"satisfaction_count":2820,"comprehension_count":2490,"contact_count":255,"contactReachability_count":266,"contactSatisfaction_count":153,"autonomy_count":2412}}
