{"data":{"satisfaction":9.098011363636363,"comprehension":9.457390146471372,"contact":4.625,"contact_reachability":5.7317073170731705,"contact_satisfaction":8.222222222222221,"autonomy":7.72133526850508},"metadata":{"satisfaction_count":3520,"comprehension_count":3004,"contact_count":80,"autonomy_count":689}}
