{"data":{"satisfaction":9.383561643835616,"comprehension":8.941368078175897,"contact":4.823943661971831,"contact_reachability":0.6301369863013698,"contact_satisfaction":7.784090909090909,"autonomy":7.495987158908507},"metadata":{"satisfaction_count":730,"comprehension_count":614,"contact_count":71,"contactReachability_count":73,"contactSatisfaction_count":44,"autonomy_count":623}}
