{"data":{"satisfaction":9.41908713692946,"comprehension":9.24170616113744,"contact":6.020408163265306,"contact_reachability":0.76,"contact_satisfaction":7.972972972972973,"autonomy":7.809983896940419},"metadata":{"satisfaction_count":723,"comprehension_count":633,"contact_count":49,"contactReachability_count":50,"contactSatisfaction_count":37,"autonomy_count":621}}
