{"data":{"satisfaction":9.399717514124294,"comprehension":9.237220447284345,"contact":6.020408163265306,"contact_reachability":0.76,"contact_satisfaction":7.972972972972973,"autonomy":7.833876221498372},"metadata":{"satisfaction_count":708,"comprehension_count":626,"contact_count":49,"contactReachability_count":50,"contactSatisfaction_count":37,"autonomy_count":614}}
