{"data":{"satisfaction":9.40771349862259,"comprehension":9.23228346456693,"contact":6.020408163265306,"contact_reachability":0.76,"contact_satisfaction":7.972972972972973,"autonomy":7.800963081861958},"metadata":{"satisfaction_count":726,"comprehension_count":635,"contact_count":49,"contactReachability_count":50,"contactSatisfaction_count":37,"autonomy_count":623}}
