{"data":{"satisfaction":9.241019698725376,"comprehension":9.240384615384615,"contact":6.061643835616438,"contact_reachability":0.6973684210526315,"contact_satisfaction":8.85,"autonomy":7.829560585885486},"metadata":{"satisfaction_count":863,"comprehension_count":780,"contact_count":73,"contactReachability_count":76,"contactSatisfaction_count":50,"autonomy_count":751}}
