{"data":{"satisfaction":9.151954602774275,"comprehension":9.349652904640116,"contact":4.87603305785124,"contact_reachability":6.048387096774194,"contact_satisfaction":8.194444444444445,"autonomy":7.732406602953953},"metadata":{"satisfaction_count":3172,"comprehension_count":2737,"contact_count":121,"autonomy_count":1151}}
