{"data":{"satisfaction":9.25294117647059,"comprehension":9.035618279569892,"contact":4.6381578947368425,"contact_reachability":0.5641025641025641,"contact_satisfaction":8.392857142857142,"autonomy":7.7867746288798925},"metadata":{"satisfaction_count":850,"comprehension_count":744,"contact_count":76,"contactReachability_count":78,"contactSatisfaction_count":42,"autonomy_count":741}}
