{"data":{"satisfaction":9.367110201296486,"comprehension":9.2,"contact":5.770833333333333,"contact_reachability":0.6975806451612904,"contact_satisfaction":8.393939393939394,"autonomy":7.798987144526685},"metadata":{"satisfaction_count":2931,"comprehension_count":2600,"contact_count":240,"contactReachability_count":248,"contactSatisfaction_count":165,"autonomy_count":2567}}
