{"data":{"satisfaction":9.194185211773151,"comprehension":9.040886899918632,"contact":4.861660079051384,"contact_reachability":0.6091954022988506,"contact_satisfaction":8.14569536423841,"autonomy":7.724601175482787},"metadata":{"satisfaction_count":2786,"comprehension_count":2458,"contact_count":253,"contactReachability_count":261,"contactSatisfaction_count":151,"autonomy_count":2382}}
