{"data":{"satisfaction":9.246231155778894,"comprehension":8.98982558139535,"contact":4.828767123287672,"contact_reachability":0.5866666666666667,"contact_satisfaction":8.392857142857142,"autonomy":7.753623188405797},"metadata":{"satisfaction_count":796,"comprehension_count":688,"contact_count":73,"contactReachability_count":75,"contactSatisfaction_count":42,"autonomy_count":690}}
