{"data":{"satisfaction":9.445910290237467,"comprehension":9.311959654178674,"contact":5.277777777777778,"contact_reachability":0.676923076923077,"contact_satisfaction":7.916666666666667,"autonomy":7.764876632801161},"metadata":{"satisfaction_count":758,"comprehension_count":694,"contact_count":63,"contactReachability_count":65,"contactSatisfaction_count":42,"autonomy_count":689}}
