{"data":{"satisfaction":9.200138504155124,"comprehension":9.04607843137255,"contact":5.0675675675675675,"contact_reachability":0.6222222222222222,"contact_satisfaction":8.359872611464969,"autonomy":7.716248989490703},"metadata":{"satisfaction_count":2888,"comprehension_count":2550,"contact_count":259,"contactReachability_count":270,"contactSatisfaction_count":157,"autonomy_count":2474}}
