{"data":{"satisfaction":9.146378118425007,"comprehension":9.135684503127171,"contact":4.717391304347826,"contact_reachability":0.5932203389830508,"contact_satisfaction":8.097014925373134,"autonomy":7.6521739130434785},"metadata":{"satisfaction_count":3327,"comprehension_count":2878,"contact_count":230,"contactReachability_count":236,"contactSatisfaction_count":134,"autonomy_count":2070}}
