{"data":{"satisfaction":9.087759815242494,"comprehension":9.45526940020332,"contact":4.5394736842105265,"contact_reachability":5.6410256410256405,"contact_satisfaction":8.214285714285714,"autonomy":7.6802507836990594},"metadata":{"satisfaction_count":3464,"comprehension_count":2951,"contact_count":76,"autonomy_count":638}}
