{"data":{"satisfaction":9.524922118380061,"comprehension":9.360770577933451,"contact":5.45,"contact_reachability":0.6415094339622641,"contact_satisfaction":8.790322580645162,"autonomy":7.611408199643494},"metadata":{"satisfaction_count":642,"comprehension_count":571,"contact_count":50,"contactReachability_count":53,"contactSatisfaction_count":31,"autonomy_count":561}}
