{"data":{"satisfaction":9.071029776674939,"comprehension":9.479319180087847,"contact":4.318181818181818,"contact_reachability":5.217391304347826,"contact_satisfaction":8.636363636363637,"autonomy":7.679814385150812},"metadata":{"satisfaction_count":3224,"comprehension_count":2732,"contact_count":44,"autonomy_count":431}}
