{"data":{"satisfaction":9.471086036671368,"comprehension":9.336180124223603,"contact":5.615384615384615,"contact_reachability":0.6865671641791045,"contact_satisfaction":8.295454545454545,"autonomy":7.622047244094488},"metadata":{"satisfaction_count":709,"comprehension_count":644,"contact_count":65,"contactReachability_count":67,"contactSatisfaction_count":44,"autonomy_count":635}}
