{"data":{"satisfaction":9.484808454425364,"comprehension":9.313583815028903,"contact":5.555555555555555,"contact_reachability":0.7076923076923077,"contact_satisfaction":7.954545454545454,"autonomy":7.714701601164483},"metadata":{"satisfaction_count":757,"comprehension_count":692,"contact_count":63,"contactReachability_count":65,"contactSatisfaction_count":44,"autonomy_count":687}}
