{"data":{"satisfaction":9.170034642032332,"comprehension":9.298615800135044,"contact":4.810126582278481,"contact_reachability":0.6111111111111112,"contact_satisfaction":8,"autonomy":7.6108726752503575},"metadata":{"satisfaction_count":3464,"comprehension_count":2962,"contact_count":158,"contactReachability_count":162,"contactSatisfaction_count":95,"autonomy_count":1398}}
