{"data":{"satisfaction":9.218648473034438,"comprehension":9.056969026548673,"contact":5.241935483870968,"contact_reachability":0.6413793103448275,"contact_satisfaction":8.357142857142858,"autonomy":7.719165085388994},"metadata":{"satisfaction_count":3078,"comprehension_count":2712,"contact_count":279,"contactReachability_count":290,"contactSatisfaction_count":175,"autonomy_count":2635}}
