{"data":{"satisfaction":9.13430935709739,"comprehension":9.124538745387454,"contact":4.766355140186916,"contact_reachability":0.6045454545454545,"contact_satisfaction":8.031496062992126,"autonomy":7.660020986358867},"metadata":{"satisfaction_count":3142,"comprehension_count":2710,"contact_count":214,"contactReachability_count":220,"contactSatisfaction_count":127,"autonomy_count":1906}}
