{"data":{"satisfaction":9.223463687150838,"comprehension":9.19653893695921,"contact":5.405405405405405,"contact_reachability":0.6493506493506493,"contact_satisfaction":8.51063829787234,"autonomy":7.895408163265306},"metadata":{"satisfaction_count":895,"comprehension_count":809,"contact_count":74,"contactReachability_count":77,"contactSatisfaction_count":47,"autonomy_count":784}}
