{
  "data": {
    "satisfaction": 9.061450638012088,
    "comprehension": 9.509159697331741,
    "contact": 5.2,
    "autonomy": 7.361111111111111
  },
  "metadata": {
    "satisfaction_count": 2978,
    "comprehension_count": 2511,
    "contact_count": 25,
    "autonomy_count": 216
  }
}
