{"data":{"satisfaction":9.200826730967965,"comprehension":9.047619047619047,"contact":5.0675675675675675,"contact_reachability":0.6222222222222222,"contact_satisfaction":8.359872611464969,"autonomy":7.725442834138486},"metadata":{"satisfaction_count":2903,"comprehension_count":2562,"contact_count":259,"contactReachability_count":270,"contactSatisfaction_count":157,"autonomy_count":2484}}
