{"data":{"satisfaction":9.357506361323155,"comprehension":8.839009287925697,"contact":4.572368421052632,"contact_reachability":0.6075949367088608,"contact_satisfaction":7.722222222222222,"autonomy":7.5811209439528024},"metadata":{"satisfaction_count":786,"comprehension_count":646,"contact_count":76,"contactReachability_count":79,"contactSatisfaction_count":45,"autonomy_count":678}}
