{"data":{"satisfaction":9.194736842105263,"comprehension":9.042891183478952,"contact":5.029296875,"contact_reachability":0.6179775280898876,"contact_satisfaction":8.36038961038961,"autonomy":7.7272727272727275},"metadata":{"satisfaction_count":2850,"comprehension_count":2518,"contact_count":256,"contactReachability_count":267,"contactSatisfaction_count":154,"autonomy_count":2442}}
