{"data":{"satisfaction":9.340909090909092,"comprehension":9.046997389033942,"contact":4.862637362637362,"contact_reachability":0.6451612903225806,"contact_satisfaction":7.629310344827586,"autonomy":7.566489361702128},"metadata":{"satisfaction_count":880,"comprehension_count":766,"contact_count":91,"contactReachability_count":93,"contactSatisfaction_count":58,"autonomy_count":752}}
