{"data":{"satisfaction":9.483221476510067,"comprehension":9.31185944363104,"contact":5.524193548387097,"contact_reachability":0.703125,"contact_satisfaction":7.965116279069767,"autonomy":7.708333333333333},"metadata":{"satisfaction_count":745,"comprehension_count":683,"contact_count":62,"contactReachability_count":64,"contactSatisfaction_count":43,"autonomy_count":672}}
