{"data":{"satisfaction":9.181701030927835,"comprehension":8.852272727272727,"contact":4.598765432098766,"contact_reachability":0.5783132530120482,"contact_satisfaction":8.097826086956522,"autonomy":7.585692995529061},"metadata":{"satisfaction_count":776,"comprehension_count":660,"contact_count":81,"contactReachability_count":83,"contactSatisfaction_count":46,"autonomy_count":671}}
