{"data":{"satisfaction":9.149248856956238,"comprehension":9.376655315928868,"contact":5,"contact_reachability":6.1607142857142865,"contact_satisfaction":8.257575757575758,"autonomy":7.748344370860927},"metadata":{"satisfaction_count":3062,"comprehension_count":2643,"contact_count":109,"autonomy_count":1057}}
