{"data":{"satisfaction":9.364358683314416,"comprehension":9.105981794538362,"contact":4.878048780487805,"contact_reachability":0.6428571428571429,"contact_satisfaction":7.6923076923076925,"autonomy":7.649402390438247},"metadata":{"satisfaction_count":881,"comprehension_count":769,"contact_count":82,"contactReachability_count":84,"contactSatisfaction_count":52,"autonomy_count":753}}
