{"data":{"satisfaction":9.36214708957825,"comprehension":9.201375245579568,"contact":5.7585470085470085,"contact_reachability":0.6983471074380165,"contact_satisfaction":8.369565217391305,"autonomy":7.8100158982511925},"metadata":{"satisfaction_count":2869,"comprehension_count":2545,"contact_count":234,"contactReachability_count":242,"contactSatisfaction_count":161,"autonomy_count":2516}}
