{"data":{"satisfaction":9.062909567496723,"comprehension":9.495920745920746,"contact":5.161290322580645,"autonomy":7.347670250896058},"metadata":{"satisfaction_count":3052,"comprehension_count":2574,"contact_count":31,"autonomy_count":279}}
