{"data":{"satisfaction":9.245391705069125,"comprehension":9.247448979591837,"contact":6.061643835616438,"contact_reachability":0.6973684210526315,"contact_satisfaction":8.85,"autonomy":7.830687830687831},"metadata":{"satisfaction_count":868,"comprehension_count":784,"contact_count":73,"contactReachability_count":76,"contactSatisfaction_count":50,"autonomy_count":756}}
