{"data":{"satisfaction":9.340069466371961,"comprehension":9.122330799855229,"contact":5.639097744360902,"contact_reachability":0.6872727272727273,"contact_satisfaction":8.333333333333334,"autonomy":7.748996716526815},"metadata":{"satisfaction_count":3167,"comprehension_count":2763,"contact_count":266,"contactReachability_count":275,"contactSatisfaction_count":180,"autonomy_count":2741}}
