{"data":{"satisfaction":9.369651086240948,"comprehension":9.207792207792208,"contact":5.783730158730159,"contact_reachability":0.6961538461538461,"contact_satisfaction":8.42485549132948,"autonomy":7.792403159082362},"metadata":{"satisfaction_count":3038,"comprehension_count":2695,"contact_count":252,"contactReachability_count":260,"contactSatisfaction_count":173,"autonomy_count":2659}}
