{"data":{"satisfaction":9.152744630071599,"comprehension":9.139951740779042,"contact":4.729437229437229,"contact_reachability":0.5949367088607594,"contact_satisfaction":8.092592592592593,"autonomy":7.661406025824964},"metadata":{"satisfaction_count":3352,"comprehension_count":2901,"contact_count":231,"contactReachability_count":237,"contactSatisfaction_count":135,"autonomy_count":2091}}
