{"data":{"satisfaction":9.231473010064043,"comprehension":9.070712309820193,"contact":5.320945945945946,"contact_reachability":0.6449511400651465,"contact_satisfaction":8.422459893048128,"autonomy":7.72888573456352},"metadata":{"satisfaction_count":3279,"comprehension_count":2892,"contact_count":296,"contactReachability_count":307,"contactSatisfaction_count":187,"autonomy_count":2818}}
