{"data":{"satisfaction":9.316143497757848,"comprehension":9.168734491315137,"contact":5.063291139240507,"contact_reachability":6.375,"contact_satisfaction":8,"autonomy":7.779220779220779},"metadata":{"satisfaction_count":892,"comprehension_count":806,"contact_count":79,"autonomy_count":770}}
