{"data":{"satisfaction":9.347826086956522,"comprehension":9.222292191435768,"contact":4.938271604938271,"contact_reachability":6.219512195121951,"contact_satisfaction":8,"autonomy":7.824933687002653},"metadata":{"satisfaction_count":874,"comprehension_count":794,"contact_count":81,"autonomy_count":754}}
