{"data":{"satisfaction":9.219915666558547,"comprehension":9.058357879234167,"contact":5.25,"contact_reachability":0.6426116838487973,"contact_satisfaction":8.352272727272727,"autonomy":7.718832891246684},"metadata":{"satisfaction_count":3083,"comprehension_count":2716,"contact_count":280,"contactReachability_count":291,"contactSatisfaction_count":176,"autonomy_count":2639}}
