{"data":{"satisfaction":9.366125760649087,"comprehension":9.202857142857143,"contact":5.7818930041152266,"contact_reachability":0.6972111553784861,"contact_satisfaction":8.41317365269461,"autonomy":7.7992277992278},"metadata":{"satisfaction_count":2958,"comprehension_count":2625,"contact_count":243,"contactReachability_count":251,"contactSatisfaction_count":167,"autonomy_count":2590}}
