{"data":{"satisfaction":9.466019417475728,"comprehension":9.32824427480916,"contact":5.46875,"contact_reachability":0.6818181818181818,"contact_satisfaction":8.13953488372093,"autonomy":7.674418604651163},"metadata":{"satisfaction_count":721,"comprehension_count":655,"contact_count":64,"contactReachability_count":66,"contactSatisfaction_count":43,"autonomy_count":645}}
