{"data":{"satisfaction":9.168168168168169,"comprehension":9.323354341736694,"contact":4.600694444444445,"contact_reachability":0.5945945945945946,"contact_satisfaction":7.886904761904762,"autonomy":7.6383476227591585},"metadata":{"satisfaction_count":3330,"comprehension_count":2856,"contact_count":144,"contactReachability_count":148,"contactSatisfaction_count":84,"autonomy_count":1283}}
