{"data":{"satisfaction":7.297860768672951,"comprehension":6.54733275032794,"contact":4.77,"contact_reachability":0.7262135922330097,"contact_satisfaction":6.6434540389972145,"autonomy":6.666666666666667},"metadata":{"satisfaction_count":5516,"comprehension_count":4574,"contact_count":500,"contactReachability_count":515,"contactSatisfaction_count":359,"autonomy_count":3939}}
