{"data":{"satisfaction":7.7272727272727275,"comprehension":6.681876400896574,"contact":5.763636363636364,"contact_reachability":0.7455197132616488,"contact_satisfaction":7.769607843137255,"autonomy":6.967608545830462},"metadata":{"satisfaction_count":3608,"comprehension_count":3123,"contact_count":275,"contactReachability_count":279,"contactSatisfaction_count":204,"autonomy_count":2902}}
