{"data":{"satisfaction":7.0831743609309425,"comprehension":6.644047619047619,"contact":4.231481481481482,"contact_reachability":0.7243816254416962,"contact_satisfaction":5.950520833333333,"autonomy":6.811857229280097},"metadata":{"satisfaction_count":2621,"comprehension_count":2100,"contact_count":270,"contactReachability_count":283,"contactSatisfaction_count":192,"autonomy_count":1653}}
