{"data":{"satisfaction":7.26511692265117,"comprehension":6.455633100697907,"contact":4.947368421052632,"contact_reachability":0.726207906295754,"contact_satisfaction":6.882845188284519,"autonomy":6.438848920863309},"metadata":{"satisfaction_count":7227,"comprehension_count":6018,"contact_count":665,"contactReachability_count":683,"contactSatisfaction_count":478,"autonomy_count":5282}}
