{"data":{"satisfaction":7.981471083660865,"comprehension":6.915542710340398,"contact":5.932539682539683,"contact_reachability":0.7364341085271318,"contact_satisfaction":8.125,"autonomy":7.336993822923816},"metadata":{"satisfaction_count":1781,"comprehension_count":1557,"contact_count":126,"contactReachability_count":129,"contactSatisfaction_count":92,"autonomy_count":1457}}
