{"data":{"satisfaction":8.506051708085655,"comprehension":8.12015816655907,"contact":6.898468008410934,"contact_reachability":8.234421364985163,"contact_satisfaction":8.399780541331383,"autonomy":6.087678512122219},"metadata":{"satisfaction_count":13963,"comprehension_count":12392,"contact_count":3329,"autonomy_count":12044}}
