{"data":{"satisfaction":8.153064970023248,"comprehension":7.653910149750416,"contact":6.6980317679558015,"contact_reachability":0.7949932341001353,"contact_satisfaction":8.470524017467248,"autonomy":6.076257025672186},"metadata":{"satisfaction_count":16346,"comprehension_count":13823,"contact_count":2896,"contactReachability_count":2956,"contactSatisfaction_count":2290,"autonomy_count":13166}}
