{"data":{"satisfaction":8.201573443346446,"comprehension":7.655669144981412,"contact":7.468428049185776,"contact_reachability":0.8666666666666667,"contact_satisfaction":8.626679462571976,"autonomy":5.309982486865149},"metadata":{"satisfaction_count":10423,"comprehension_count":8608,"contact_count":3009,"contactReachability_count":3030,"contactSatisfaction_count":2605,"autonomy_count":8565}}
