{"data":{"satisfaction":8.679063936481404,"comprehension":8.029350104821804,"contact":7.454650395778364,"contact_reachability":0.8620576671035387,"contact_satisfaction":8.656644963615474,"autonomy":6.091117917304747},"metadata":{"satisfaction_count":11965,"comprehension_count":10017,"contact_count":3032,"contactReachability_count":3052,"contactSatisfaction_count":2611,"autonomy_count":10448}}
