{"data":{"satisfaction":8.247793004100027,"comprehension":8.039157789538239,"contact":7.258442526898903,"contact_reachability":0.8489451476793249,"contact_satisfaction":8.565053425518542,"autonomy":5.8864861396303905},"metadata":{"satisfaction_count":54146,"comprehension_count":44027,"contact_count":9387,"contactReachability_count":9480,"contactSatisfaction_count":7955,"autonomy_count":31168}}
