{"data":{"satisfaction":8.12251049628593,"comprehension":8.233126985866111,"contact":6.95543953375425,"contact_reachability":8.259827420901246,"contact_satisfaction":8.44413325471698,"autonomy":6.067259588660367},"metadata":{"satisfaction_count":46445,"comprehension_count":36508,"contact_count":4118,"autonomy_count":14392}}
