{"data":{"satisfaction":8.60986035907666,"comprehension":8.150162866449511,"contact":7.058275347912525,"contact_reachability":8.384558642734202,"contact_satisfaction":8.435550935550935,"autonomy":6.497584541062802},"metadata":{"satisfaction_count":17545,"comprehension_count":15350,"contact_count":4024,"autonomy_count":14904}}
