{"data":{"satisfaction":8.523998136067101,"comprehension":7.903684210526316,"contact":7.55807757885763,"contact_reachability":0.8683319220999153,"contact_satisfaction":8.713144963144963,"autonomy":5.765406209835622},"metadata":{"satisfaction_count":17168,"comprehension_count":14250,"contact_count":4692,"contactReachability_count":4724,"contactSatisfaction_count":4070,"autonomy_count":14783}}
