{"data":{"satisfaction":8.170418831377077,"comprehension":7.683461945831442,"contact":6.878105039034777,"contact_reachability":0.8093249826026444,"contact_satisfaction":8.538546255506608,"autonomy":6.1883660973251695},"metadata":{"satisfaction_count":15591,"comprehension_count":13218,"contact_count":2818,"contactReachability_count":2874,"contactSatisfaction_count":2270,"autonomy_count":12412}}
