{"data":{"satisfaction":8.268374164810691,"comprehension":7.846686495027419,"contact":7.238908519827247,"contact_reachability":0.8336549594751061,"contact_satisfaction":8.713374291115311,"autonomy":6.039181456696731},"metadata":{"satisfaction_count":12572,"comprehension_count":10759,"contact_count":2547,"contactReachability_count":2591,"contactSatisfaction_count":2116,"autonomy_count":10311}}
