{"data":{"satisfaction":8.328996316590006,"comprehension":7.88338845620399,"contact":7.161841674844619,"contact_reachability":0.8331720690211256,"contact_satisfaction":8.62043508219313,"autonomy":5.9987239566145245},"metadata":{"satisfaction_count":54569,"comprehension_count":46865,"contact_count":12228,"contactReachability_count":12402,"contactSatisfaction_count":10159,"autonomy_count":45453}}
