{"data":{"satisfaction":8.270448548812665,"comprehension":7.916709274976991,"contact":7.339984939759036,"contact_reachability":0.8521284540702017,"contact_satisfaction":8.626106194690266,"autonomy":5.770647027880063},"metadata":{"satisfaction_count":11370,"comprehension_count":9779,"contact_count":2656,"contactReachability_count":2678,"contactSatisfaction_count":2260,"autonomy_count":9505}}
