{"data":{"satisfaction":8.23219467041672,"comprehension":8.211505335451108,"contact":7.195807382652286,"contact_reachability":0.8437265214124718,"contact_satisfaction":8.545913765109146,"autonomy":6.098058800538499},"metadata":{"satisfaction_count":56177,"comprehension_count":44701,"contact_count":6583,"contactReachability_count":6655,"contactSatisfaction_count":5543,"autonomy_count":23027}}
