{"data":{"satisfaction":8.19633880299725,"comprehension":8.221533056073426,"contact":7.096975088967971,"contact_reachability":8.38085181274199,"contact_satisfaction":8.486170212765957,"autonomy":6.256621841890791},"metadata":{"satisfaction_count":52715,"comprehension_count":41838,"contact_count":5620,"autonomy_count":19632}}
