{"data":{"satisfaction":8.253334330982621,"comprehension":8.046873201832117,"contact":7.250569970687222,"contact_reachability":0.8485271984519458,"contact_satisfaction":8.559984619328377,"autonomy":5.91050443549707},"metadata":{"satisfaction_count":53459,"comprehension_count":43447,"contact_count":9211,"contactReachability_count":9302,"contactSatisfaction_count":7802,"autonomy_count":30549}}
