{"data":{"satisfaction":8.524599708879185,"comprehension":7.90143809189758,"contact":7.556951245475836,"contact_reachability":0.8684711355466272,"contact_satisfaction":8.71042944785276,"autonomy":5.761464172350915},"metadata":{"satisfaction_count":17175,"comprehension_count":14255,"contact_count":4697,"contactReachability_count":4729,"contactSatisfaction_count":4075,"autonomy_count":14807}}
