{"data":{"satisfaction":8.378033084756028,"comprehension":7.886577925679423,"contact":7.191244050549812,"contact_reachability":0.8374657865078087,"contact_satisfaction":8.619307563686437,"autonomy":5.954544424554168},"metadata":{"satisfaction_count":52834,"comprehension_count":45075,"contact_count":12186,"contactReachability_count":12422,"contactSatisfaction_count":10167,"autonomy_count":44131}}
