{"data":{"satisfaction":8.439921446410656,"comprehension":7.963408852737163,"contact":7.296971321361565,"contact_reachability":0.8452025960357832,"contact_satisfaction":8.66302503182011,"autonomy":5.942724380019193},"metadata":{"satisfaction_count":46847,"comprehension_count":40078,"contact_count":11193,"contactReachability_count":11402,"contactSatisfaction_count":9428,"autonomy_count":39598}}
