{"data":{"satisfaction":8.493454545454545,"comprehension":8.109936055090998,"contact":6.835295940502014,"contact_reachability":8.224127372933252,"contact_satisfaction":8.333018511522479,"autonomy":6.160047522063816},"metadata":{"satisfaction_count":13750,"comprehension_count":12198,"contact_count":3227,"autonomy_count":11784}}
