{"data":{"satisfaction":8.225672128179596,"comprehension":8.217383386072347,"contact":7.175087384810931,"contact_reachability":0.843362136684996,"contact_satisfaction":8.525580517273928,"autonomy":6.172335600907029},"metadata":{"satisfaction_count":55235,"comprehension_count":43927,"contact_count":6294,"contactReachability_count":6365,"contactSatisfaction_count":5297,"autonomy_count":22050}}
