{"data":{"satisfaction":8.622704507512521,"comprehension":8.041797359398934,"contact":7.263320941759604,"contact_reachability":0.8471744471744471,"contact_satisfaction":8.587020216818049,"autonomy":5.982587937934424},"metadata":{"satisfaction_count":16173,"comprehension_count":13709,"contact_count":4035,"contactReachability_count":4070,"contactSatisfaction_count":3413,"autonomy_count":14243}}
