{"data":{"satisfaction":8.15174855581092,"comprehension":7.646572017066353,"contact":6.63117394416607,"contact_reachability":0.7917981072555205,"contact_satisfaction":8.42159090909091,"autonomy":6.15809968847352},"metadata":{"satisfaction_count":16099,"comprehension_count":13594,"contact_count":2794,"contactReachability_count":2853,"contactSatisfaction_count":2200,"autonomy_count":12840}}
