{"data":{"satisfaction":8.374316683260384,"comprehension":7.883408219902207,"contact":7.186176278918214,"contact_reachability":0.836902669010708,"contact_satisfaction":8.619198827552516,"autonomy":5.940667490729296},"metadata":{"satisfaction_count":53233,"comprehension_count":45402,"contact_count":12276,"contactReachability_count":12514,"contactSatisfaction_count":10235,"autonomy_count":44495}}
