{"data":{"satisfaction":8.663921568627451,"comprehension":8.030621785881253,"contact":7.4090767796083306,"contact_reachability":0.8586855908670163,"contact_satisfaction":8.638999637549837,"autonomy":6.074187174420693},"metadata":{"satisfaction_count":12750,"comprehension_count":10695,"contact_count":3217,"contactReachability_count":3241,"contactSatisfaction_count":2759,"autonomy_count":11134}}
