{"data":{"satisfaction":8.380610617452723,"comprehension":7.889844462740037,"contact":7.195929276315789,"contact_reachability":0.8378378378378378,"contact_satisfaction":8.620935960591133,"autonomy":5.9510943601852695},"metadata":{"satisfaction_count":52668,"comprehension_count":44941,"contact_count":12160,"contactReachability_count":12395,"contactSatisfaction_count":10150,"autonomy_count":44044}}
