{"data":{"satisfaction":8.322108961806636,"comprehension":7.9043494833135695,"contact":7.1440009854644,"contact_reachability":0.8301367645868738,"contact_satisfaction":8.631921016074617,"autonomy":6.021797762744838},"metadata":{"satisfaction_count":54643,"comprehension_count":47224,"contact_count":12177,"contactReachability_count":12357,"contactSatisfaction_count":10078,"autonomy_count":45234}}
