{"data":{"satisfaction":8.157208088714938,"comprehension":7.788880469785944,"contact":7.60655737704918,"contact_reachability":0.8740499457111836,"contact_satisfaction":8.710888610763455,"autonomy":5.0371819960861055},"metadata":{"satisfaction_count":6132,"comprehension_count":5279,"contact_count":1830,"contactReachability_count":1842,"contactSatisfaction_count":1598,"autonomy_count":5110}}
