{"data":{"satisfaction":8.127288410083088,"comprehension":8.355991310313286,"contact":7.107199681782021,"contact_reachability":8.373919874312648,"contact_satisfaction":8.508333333333333,"autonomy":5.515850945494995},"metadata":{"satisfaction_count":56808,"comprehension_count":43730,"contact_count":2514,"autonomy_count":7192}}
