{"data":{"satisfaction":8.28190570229573,"comprehension":7.876728774490972,"contact":7.321917808219178,"contact_reachability":0.8414963362900115,"contact_satisfaction":8.725513059701493,"autonomy":5.9571286141575275},"metadata":{"satisfaction_count":12153,"comprehension_count":10412,"contact_count":2555,"contactReachability_count":2593,"contactSatisfaction_count":2144,"autonomy_count":10030}}
