{"data":{"satisfaction":8.501530115454166,"comprehension":8.11820386450755,"contact":6.943810610382202,"contact_reachability":8.248380737820332,"contact_satisfaction":8.441400832177532,"autonomy":6.231185031185031},"metadata":{"satisfaction_count":14378,"comprehension_count":12783,"contact_count":3506,"autonomy_count":12025}}
