{"data":{"satisfaction":8.169816981698169,"comprehension":7.775092283353841,"contact":7.600247524752476,"contact_reachability":0.874507874015748,"contact_satisfaction":8.69830028328612,"autonomy":4.994590695997115},"metadata":{"satisfaction_count":6666,"comprehension_count":5689,"contact_count":2020,"contactReachability_count":2032,"contactSatisfaction_count":1765,"autonomy_count":5546}}
