{"data":{"satisfaction":8.660823637477035,"comprehension":8.03233151183971,"contact":7.387878787878788,"contact_reachability":0.8567990373044525,"contact_satisfaction":8.63314447592068,"autonomy":6.077159140727751},"metadata":{"satisfaction_count":13064,"comprehension_count":10980,"contact_count":3300,"contactReachability_count":3324,"contactSatisfaction_count":2824,"autonomy_count":11405}}
