{"data":{"satisfaction":8.117854083646792,"comprehension":8.391363203980585,"contact":7.194548872180451,"contact_reachability":8.371517027863778,"contact_satisfaction":8.61402850712678,"autonomy":5.610967184801382},"metadata":{"satisfaction_count":53702,"comprehension_count":40999,"contact_count":1596,"autonomy_count":4632}}
