{"data":{"satisfaction":8.153254357298476,"comprehension":8.36633119451525,"contact":7.065372283576773,"contact_reachability":8.348009862627686,"contact_satisfaction":8.48267750213858,"autonomy":5.94885598923284},"metadata":{"satisfaction_count":58752,"comprehension_count":45508,"contact_count":2807,"autonomy_count":8916}}
