{"data":{"satisfaction":8.433801033864333,"comprehension":7.955672009864365,"contact":7.288037682189833,"contact_reachability":0.8446110917335193,"contact_satisfaction":8.659450897571277,"autonomy":5.947935905755504},"metadata":{"satisfaction_count":47395,"comprehension_count":40550,"contact_count":11252,"contactReachability_count":11468,"contactSatisfaction_count":9470,"autonomy_count":40066}}
