{"data":{"satisfaction":8.127219145007812,"comprehension":8.361420194838173,"contact":7.137380853709076,"contact_reachability":8.386568386568387,"contact_satisfaction":8.530212976721149,"autonomy":5.475770925110132},"metadata":{"satisfaction_count":56328,"comprehension_count":43318,"contact_count":2413,"autonomy_count":6810}}
