{"data":{"satisfaction":8.252347858752817,"comprehension":8.046797346339659,"contact":7.246123607774623,"contact_reachability":0.8481669730723478,"contact_satisfaction":8.558163528501419,"autonomy":5.908119306784176},"metadata":{"satisfaction_count":53240,"comprehension_count":43261,"contact_count":9158,"contactReachability_count":9247,"contactSatisfaction_count":7754,"autonomy_count":30409}}
