{"data":{"satisfaction":8.189185037253246,"comprehension":8.224308683229212,"contact":7.074030014641289,"contact_reachability":8.371040723981901,"contact_satisfaction":8.468996494303243,"autonomy":6.15964477488641},"metadata":{"satisfaction_count":52076,"comprehension_count":41298,"contact_count":5464,"autonomy_count":19368}}
