{"data":{"satisfaction":8.506328507047655,"comprehension":8.115748802786243,"contact":7.206577815993121,"contact_reachability":0.8349968146103207,"contact_satisfaction":8.651612903225807,"autonomy":6.37579012138502},"metadata":{"satisfaction_count":20858,"comprehension_count":18376,"contact_count":4652,"contactReachability_count":4709,"contactSatisfaction_count":3875,"autonomy_count":17877}}
