{"data":{"satisfaction":8.526688292539074,"comprehension":7.8857265140166914,"contact":7.496680681566718,"contact_reachability":0.8670621841353549,"contact_satisfaction":8.655467552376086,"autonomy":5.88463134596763},"metadata":{"satisfaction_count":16955,"comprehension_count":14019,"contact_count":4519,"contactReachability_count":4551,"contactSatisfaction_count":3914,"autonomy_count":14458}}
