{"data":{"satisfaction":8.37770058144935,"comprehension":7.885956121048389,"contact":7.195121951219512,"contact_reachability":0.8375710675931776,"contact_satisfaction":8.622901794327609,"autonomy":5.929423790582431},"metadata":{"satisfaction_count":53831,"comprehension_count":45899,"contact_count":12423,"contactReachability_count":12664,"contactSatisfaction_count":10366,"autonomy_count":45001}}
