{"data":{"satisfaction":6.3768115942028984,"comprehension":6.491228070175438,"contact":3.712121212121212,"contact_reachability":0.5588235294117647,"contact_satisfaction":6.805555555555555,"autonomy":4.2592592592592595},"metadata":{"satisfaction_count":69,"comprehension_count":57,"contact_count":33,"contactReachability_count":34,"contactSatisfaction_count":18,"autonomy_count":54}}
