{"data":{"satisfaction":6.8604651162790695,"comprehension":7.361111111111111,"contact":3.4722222222222223,"contact_reachability":6.111111111111112,"contact_satisfaction":5.681818181818182,"autonomy":4.444444444444445},"metadata":{"satisfaction_count":43,"comprehension_count":36,"contact_count":18,"autonomy_count":18}}
