{"data":{"satisfaction":6.785714285714286,"comprehension":7.285714285714286,"contact":3.4722222222222223,"contact_reachability":6.111111111111112,"contact_satisfaction":5.681818181818182,"autonomy":4.117647058823529},"metadata":{"satisfaction_count":42,"comprehension_count":35,"contact_count":18,"autonomy_count":17}}
