{"data":{"satisfaction":6.730769230769231,"comprehension":7.7631578947368425,"contact":5.454545454545454,"contact_reachability":0.6363636363636364,"contact_satisfaction":8.571428571428571,"autonomy":3.888888888888889},"metadata":{"satisfaction_count":26,"comprehension_count":19,"contact_count":11,"contactReachability_count":11,"contactSatisfaction_count":7,"autonomy_count":18}}
