{"data":{"satisfaction":5.514018691588785,"comprehension":5.86734693877551,"contact":4.625,"contact_reachability":0.7619047619047619,"contact_satisfaction":6.166666666666667,"autonomy":4.444444444444445},"metadata":{"satisfaction_count":107,"comprehension_count":98,"contact_count":40,"contactReachability_count":42,"contactSatisfaction_count":30,"autonomy_count":81}}
