{"data":{"satisfaction":5.1923076923076925,"comprehension":5.648148148148148,"contact":4.407894736842105,"contact_reachability":0.717948717948718,"contact_satisfaction":6.203703703703703,"autonomy":5.411764705882353},"metadata":{"satisfaction_count":130,"comprehension_count":108,"contact_count":38,"contactReachability_count":39,"contactSatisfaction_count":27,"autonomy_count":85}}
