{"data":{"satisfaction":4.926686217008798,"comprehension":5.639329805996472,"contact":3.369565217391304,"contact_reachability":0.6914893617021277,"contact_satisfaction":4.920634920634921,"autonomy":4.8842592592592595},"metadata":{"satisfaction_count":682,"comprehension_count":567,"contact_count":184,"contactReachability_count":188,"contactSatisfaction_count":126,"autonomy_count":432}}
