{"data":{"satisfaction":7.153284671532846,"comprehension":7.2727272727272725,"contact":2.9411764705882355,"contact_reachability":0.5588235294117647,"contact_satisfaction":5.2631578947368425,"autonomy":6.494845360824742},"metadata":{"satisfaction_count":137,"comprehension_count":110,"contact_count":34,"contactReachability_count":34,"contactSatisfaction_count":19,"autonomy_count":97}}
