{"data":{"satisfaction":4.584859584859585,"comprehension":5.983606557377049,"contact":3.103448275862069,"contact_reachability":0.673469387755102,"contact_satisfaction":4.639175257731959,"autonomy":4.942528735632184},"metadata":{"satisfaction_count":819,"comprehension_count":610,"contact_count":145,"contactReachability_count":147,"contactSatisfaction_count":97,"autonomy_count":348}}
