{"data":{"satisfaction":6.03960396039604,"comprehension":6.344086021505376,"contact":4.473684210526316,"contact_reachability":0.75,"contact_satisfaction":6.071428571428571,"autonomy":4.691358024691358},"metadata":{"satisfaction_count":101,"comprehension_count":93,"contact_count":38,"contactReachability_count":40,"contactSatisfaction_count":28,"autonomy_count":81}}
