{"data":{"satisfaction":6.605839416058394,"comprehension":6.349557522123894,"contact":2.8472222222222223,"contact_reachability":0.625,"contact_satisfaction":4.880952380952381,"autonomy":5.6521739130434785},"metadata":{"satisfaction_count":137,"comprehension_count":113,"contact_count":36,"contactReachability_count":40,"contactSatisfaction_count":21,"autonomy_count":92}}
