{"data":{"satisfaction":4.66,"comprehension":6.133093525179856,"contact":3.2086614173228347,"contact_reachability":0.689922480620155,"contact_satisfaction":4.683908045977011,"autonomy":4.870967741935484},"metadata":{"satisfaction_count":750,"comprehension_count":556,"contact_count":127,"contactReachability_count":129,"contactSatisfaction_count":87,"autonomy_count":310}}
