{"data":{"satisfaction":5.427272727272728,"comprehension":5.718142548596112,"contact":3.732638888888889,"contact_reachability":0.7483443708609272,"contact_satisfaction":5.070754716981132,"autonomy":4.89247311827957},"metadata":{"satisfaction_count":550,"comprehension_count":463,"contact_count":144,"contactReachability_count":151,"contactSatisfaction_count":106,"autonomy_count":372}}
