{
  "data": {
    "satisfaction": 4.147025813692481,
    "comprehension": 7.300194931773879,
    "contact": 3.875,
    "autonomy": 4.791666666666667
  },
  "metadata": {
    "satisfaction_count": 891,
    "comprehension_count": 513,
    "contact_count": 20,
    "autonomy_count": 48
  }
}
