{"data":{"satisfaction":6.569343065693431,"comprehension":6.371681415929204,"contact":2.972972972972973,"contact_reachability":0.6341463414634146,"contact_satisfaction":5,"autonomy":5.543478260869565},"metadata":{"satisfaction_count":137,"comprehension_count":113,"contact_count":37,"contactReachability_count":41,"contactSatisfaction_count":22,"autonomy_count":92}}
