{"data":{"satisfaction":6.269146608315099,"comprehension":6.282722513089006,"contact":3.2231404958677685,"contact_reachability":0.6640625,"contact_satisfaction":5,"autonomy":5.425867507886435},"metadata":{"satisfaction_count":457,"comprehension_count":382,"contact_count":121,"contactReachability_count":128,"contactSatisfaction_count":78,"autonomy_count":317}}
