{"data":{"satisfaction":4.4495412844036695,"comprehension":5,"contact":2.6923076923076925,"contact_reachability":6.153846153846154,"contact_satisfaction":4.375,"autonomy":4.324324324324325},"metadata":{"satisfaction_count":218,"comprehension_count":183,"contact_count":65,"autonomy_count":148}}
