{
  "data": {
    "satisfaction": 4.134295227524972,
    "comprehension": 7.260536398467433,
    "contact": 3.4375,
    "autonomy": 4.545454545454546
  },
  "metadata": {
    "satisfaction_count": 901,
    "comprehension_count": 522,
    "contact_count": 24,
    "autonomy_count": 55
  }
}
