{"data":{"satisfaction":4.903417533432393,"comprehension":5.591397849462366,"contact":3.387978142076503,"contact_reachability":0.6898395721925134,"contact_satisfaction":4.96,"autonomy":4.847058823529411},"metadata":{"satisfaction_count":673,"comprehension_count":558,"contact_count":183,"contactReachability_count":187,"contactSatisfaction_count":125,"autonomy_count":425}}
