{"data":{"satisfaction":5,"comprehension":5.428571428571429,"contact":2.992424242424242,"contact_reachability":6.764705882352942,"contact_satisfaction":4.488636363636363,"autonomy":4.482758620689655},"metadata":{"satisfaction_count":209,"comprehension_count":175,"contact_count":66,"autonomy_count":145}}
