{"data":{"satisfaction":4.257172131147541,"comprehension":6.616719242902208,"contact":3.0585106382978724,"contact_reachability":6.666666666666666,"contact_satisfaction":4.637096774193548,"autonomy":4.553571428571429},"metadata":{"satisfaction_count":976,"comprehension_count":634,"contact_count":94,"autonomy_count":224}}
