{"data":{"satisfaction":4.976415094339623,"comprehension":5.393258426966292,"contact":2.9044117647058822,"contact_reachability":6.7142857142857135,"contact_satisfaction":4.388888888888889,"autonomy":4.45945945945946},"metadata":{"satisfaction_count":212,"comprehension_count":178,"contact_count":68,"autonomy_count":148}}
