{"data":{"satisfaction":5.860420650095603,"comprehension":6.044018058690745,"contact":3.5961538461538463,"contact_reachability":0.6956521739130435,"contact_satisfaction":5.3125,"autonomy":5.4390934844192635},"metadata":{"satisfaction_count":523,"comprehension_count":443,"contact_count":130,"contactReachability_count":138,"contactSatisfaction_count":88,"autonomy_count":353}}
