{"data":{"satisfaction":5.149700598802395,"comprehension":5.821428571428571,"contact":3.1382978723404253,"contact_reachability":0.7021276595744681,"contact_satisfaction":4.46969696969697,"autonomy":5.675675675675675},"metadata":{"satisfaction_count":167,"comprehension_count":140,"contact_count":47,"contactReachability_count":47,"contactSatisfaction_count":33,"autonomy_count":111}}
