{"data":{"satisfaction":5.851063829787234,"comprehension":6.044520547945205,"contact":3.6811023622047245,"contact_reachability":0.7111111111111111,"contact_satisfaction":5.3125,"autonomy":5.431034482758621},"metadata":{"satisfaction_count":517,"comprehension_count":438,"contact_count":127,"contactReachability_count":135,"contactSatisfaction_count":88,"autonomy_count":348}}
