{"data":{"satisfaction":5,"comprehension":5.6422018348623855,"contact":4.444444444444445,"contact_reachability":0.7297297297297297,"contact_satisfaction":6.153846153846154,"autonomy":5.238095238095238},"metadata":{"satisfaction_count":126,"comprehension_count":109,"contact_count":36,"contactReachability_count":37,"contactSatisfaction_count":26,"autonomy_count":84}}
