{"data":{"satisfaction":5.901950630070775,"comprehension":8.261952819477735,"contact":3.8636363636363638,"autonomy":5.5491329479768785},"metadata":{"satisfaction_count":11586,"comprehension_count":7927,"contact_count":44,"autonomy_count":173}}
