{"data":{"satisfaction":6.79782838474104,"comprehension":7.06427980621529,"contact":3.568218954248366,"contact_reachability":0.5603864734299517,"contact_satisfaction":6.441740412979351,"autonomy":6.9390671690268935},"metadata":{"satisfaction_count":10407,"comprehension_count":8463,"contact_count":1224,"contactReachability_count":1242,"contactSatisfaction_count":678,"autonomy_count":7697}}
