{"data":{"satisfaction":5.896097226977063,"comprehension":8.23354975652391,"contact":3.1147540983606556,"contact_reachability":6.507936507936508,"contact_satisfaction":4.871794871794871,"autonomy":5.368852459016393},"metadata":{"satisfaction_count":11684,"comprehension_count":8009,"contact_count":61,"autonomy_count":244}}
