{"data":{"satisfaction":6.825373713841972,"comprehension":7.085472126059448,"contact":3.615996649916248,"contact_reachability":0.5647540983606557,"contact_satisfaction":6.512066365007541,"autonomy":6.921576277799454},"metadata":{"satisfaction_count":10302,"comprehension_count":8377,"contact_count":1194,"contactReachability_count":1220,"contactSatisfaction_count":663,"autonomy_count":7689}}
