{"data":{"satisfaction":5.900773195876289,"comprehension":8.250502008032129,"contact":3.3482142857142856,"autonomy":5.420560747663552},"metadata":{"satisfaction_count":11640,"comprehension_count":7968,"contact_count":56,"autonomy_count":214}}
