{"data":{"satisfaction":6.80984274898078,"comprehension":7.079952267303103,"contact":3.6101836393989983,"contact_reachability":0.5657894736842105,"contact_satisfaction":6.455223880597015,"autonomy":6.962108299462436},"metadata":{"satisfaction_count":10302,"comprehension_count":8380,"contact_count":1198,"contactReachability_count":1216,"contactSatisfaction_count":670,"autonomy_count":7627}}
