{"data":{"satisfaction":6.552511415525114,"comprehension":6.327160493827161,"contact":3.6011904761904763,"contact_reachability":0.6091954022988506,"contact_satisfaction":6.05,"autonomy":4.968944099378882},"metadata":{"satisfaction_count":438,"comprehension_count":324,"contact_count":84,"contactReachability_count":87,"contactSatisfaction_count":50,"autonomy_count":322}}
