{"data":{"satisfaction":6.140202702702703,"comprehension":6.103104212860311,"contact":2.98828125,"contact_reachability":0.5078125,"contact_satisfaction":5.884615384615385,"autonomy":4.888888888888889},"metadata":{"satisfaction_count":592,"comprehension_count":451,"contact_count":128,"contactReachability_count":128,"contactSatisfaction_count":65,"autonomy_count":405}}
