{"data":{"satisfaction":6.820590833251546,"comprehension":7.090711962414167,"contact":3.6015164279696714,"contact_reachability":0.5651452282157676,"contact_satisfaction":6.447963800904978,"autonomy":6.97699021422904},"metadata":{"satisfaction_count":10189,"comprehension_count":8301,"contact_count":1187,"contactReachability_count":1205,"contactSatisfaction_count":663,"autonomy_count":7562}}
