{"data":{"satisfaction":6.237704918032787,"comprehension":6.401918976545843,"contact":3.5535714285714284,"contact_reachability":0.5785714285714286,"contact_satisfaction":6.1419753086419755,"autonomy":4.869358669833729},"metadata":{"satisfaction_count":610,"comprehension_count":469,"contact_count":140,"contactReachability_count":140,"contactSatisfaction_count":81,"autonomy_count":421}}
