{"data":{"satisfaction":5.915652173913044,"comprehension":8.175353965668462,"contact":3.1707317073170733,"contact_reachability":6.104651162790697,"contact_satisfaction":5.360824742268041,"autonomy":5.127768313458263},"metadata":{"satisfaction_count":11500,"comprehension_count":7981,"contact_count":164,"autonomy_count":587}}
