{"data":{"satisfaction":6.112682481751825,"comprehension":7.824862293440161,"contact":3.7237762237762237,"contact_reachability":0.6151202749140894,"contact_satisfaction":6.120689655172414,"autonomy":6.656575849310461},"metadata":{"satisfaction_count":10960,"comprehension_count":7988,"contact_count":572,"contactReachability_count":582,"contactSatisfaction_count":348,"autonomy_count":2973}}
