{"data":{"satisfaction":7.554757015742642,"comprehension":7.7564628641772675,"contact":3.953804347826087,"contact_reachability":0.6162162162162163,"contact_satisfaction":6.438053097345133,"autonomy":7.168490153172867},"metadata":{"satisfaction_count":2922,"comprehension_count":2437,"contact_count":368,"contactReachability_count":370,"contactSatisfaction_count":226,"autonomy_count":2285}}
