{"data":{"satisfaction":6.8416020931870785,"comprehension":7.098830049261084,"contact":3.618942731277533,"contact_reachability":0.5793991416309013,"contact_satisfaction":6.368217054263566,"autonomy":6.965823466092573},"metadata":{"satisfaction_count":9937,"comprehension_count":8120,"contact_count":1135,"contactReachability_count":1165,"contactSatisfaction_count":645,"autonomy_count":7432}}
