{"data":{"satisfaction":6.761967117706969,"comprehension":7.0862989323843415,"contact":3.649851632047478,"contact_reachability":0.5635036496350365,"contact_satisfaction":6.56,"autonomy":7.189453125},"metadata":{"satisfaction_count":6873,"comprehension_count":5620,"contact_count":674,"contactReachability_count":685,"contactSatisfaction_count":375,"autonomy_count":5120}}
