{"data":{"satisfaction":6.286231884057971,"comprehension":6.190476190476191,"contact":3.394308943089431,"contact_reachability":5.9689922480620154,"contact_satisfaction":5.880281690140845,"autonomy":4.800995024875622},"metadata":{"satisfaction_count":552,"comprehension_count":441,"contact_count":123,"autonomy_count":402}}
