{"data":{"satisfaction":5.913959766611512,"comprehension":8.177567160431835,"contact":3.171875,"contact_reachability":6.0843373493975905,"contact_satisfaction":5.342105263157895,"autonomy":5.183246073298429},"metadata":{"satisfaction_count":11483,"comprehension_count":7966,"contact_count":160,"autonomy_count":573}}
