{"data":{"satisfaction":7.4688398849472675,"comprehension":7.54217568353694,"contact":3.663793103448276,"contact_reachability":0.5856164383561644,"contact_satisfaction":6.28698224852071,"autonomy":6.95970695970696},"metadata":{"satisfaction_count":2086,"comprehension_count":1719,"contact_count":290,"contactReachability_count":292,"contactSatisfaction_count":169,"autonomy_count":1638}}
