{"data":{"satisfaction":5.91380060949064,"comprehension":8.177168319317184,"contact":3.1832298136645965,"contact_reachability":6.107784431137725,"contact_satisfaction":5.338541666666667,"autonomy":5.174216027874564},"metadata":{"satisfaction_count":11485,"comprehension_count":7967,"contact_count":161,"autonomy_count":574}}
