{"data":{"satisfaction":7.195930670685757,"comprehension":7.391443167305236,"contact":3.725669099756691,"contact_reachability":0.6023952095808384,"contact_satisfaction":6.25,"autonomy":6.952511773940345},"metadata":{"satisfaction_count":6635,"comprehension_count":5481,"contact_count":822,"contactReachability_count":835,"contactSatisfaction_count":490,"autonomy_count":5096}}
