{"data":{"satisfaction":5.9065071689149065,"comprehension":8.220506485484867,"contact":3.25,"contact_reachability":6.707317073170732,"contact_satisfaction":4.90566037735849,"autonomy":5.451713395638629},"metadata":{"satisfaction_count":11787,"comprehension_count":8095,"contact_count":80,"autonomy_count":321}}
