{"data":{"satisfaction":6.1525423728813555,"comprehension":6.345291479820628,"contact":3.4698275862068964,"contact_reachability":0.5294117647058824,"contact_satisfaction":6.708333333333333,"autonomy":5.216284987277354},"metadata":{"satisfaction_count":590,"comprehension_count":446,"contact_count":116,"contactReachability_count":119,"contactSatisfaction_count":60,"autonomy_count":393}}
