{"data":{"satisfaction":5.9045817570407735,"comprehension":8.18964464525583,"contact":3.2589285714285716,"contact_reachability":6.610169491525424,"contact_satisfaction":5.069444444444445,"autonomy":5.248756218905473},"metadata":{"satisfaction_count":11895,"comprehension_count":8189,"contact_count":112,"autonomy_count":402}}
