{"data":{"satisfaction":6.148867313915858,"comprehension":6.207446808510638,"contact":3.162878787878788,"contact_reachability":0.5454545454545454,"contact_satisfaction":5.798611111111111,"autonomy":4.882075471698113},"metadata":{"satisfaction_count":618,"comprehension_count":470,"contact_count":132,"contactReachability_count":132,"contactSatisfaction_count":72,"autonomy_count":424}}
