{"data":{"satisfaction":6.872781065088757,"comprehension":6.969534050179211,"contact":3.201219512195122,"contact_reachability":0.5060240963855421,"contact_satisfaction":6.402439024390244,"autonomy":6.7185069984447905},"metadata":{"satisfaction_count":1690,"comprehension_count":1395,"contact_count":246,"contactReachability_count":249,"contactSatisfaction_count":123,"autonomy_count":1286}}
