{"data":{"satisfaction":7.706597222222222,"comprehension":7.941779417794178,"contact":3.9402985074626864,"contact_reachability":0.6160714285714286,"contact_satisfaction":6.407766990291262,"autonomy":7.41978021978022},"metadata":{"satisfaction_count":2880,"comprehension_count":2439,"contact_count":335,"contactReachability_count":336,"contactSatisfaction_count":206,"autonomy_count":2275}}
