{"data":{"satisfaction":6.140696321489305,"comprehension":7.821603427172582,"contact":3.7350936967632027,"contact_reachability":0.6164154103852596,"contact_satisfaction":6.124301675977653,"autonomy":6.767061839154117},"metadata":{"satisfaction_count":11173,"comprehension_count":8170,"contact_count":587,"contactReachability_count":597,"contactSatisfaction_count":358,"autonomy_count":3121}}
