{"data":{"satisfaction":7.555955235811351,"comprehension":7.728255646323883,"contact":3.934049079754601,"contact_reachability":0.6128048780487805,"contact_satisfaction":6.444723618090452,"autonomy":7.070809984717269},"metadata":{"satisfaction_count":2502,"comprehension_count":2081,"contact_count":326,"contactReachability_count":328,"contactSatisfaction_count":199,"autonomy_count":1963}}
