{"data":{"satisfaction":6.575682382133995,"comprehension":6.338983050847458,"contact":3.8141025641025643,"contact_reachability":0.6419753086419753,"contact_satisfaction":6.071428571428571,"autonomy":5.0508474576271185},"metadata":{"satisfaction_count":403,"comprehension_count":295,"contact_count":78,"contactReachability_count":81,"contactSatisfaction_count":49,"autonomy_count":295}}
