{"data":{"satisfaction":6.8185362050482405,"comprehension":7.085329341317365,"contact":3.6108786610878663,"contact_reachability":0.5655399835119538,"contact_satisfaction":6.459580838323354,"autonomy":6.965036803364879},"metadata":{"satisfaction_count":10261,"comprehension_count":8350,"contact_count":1195,"contactReachability_count":1213,"contactSatisfaction_count":668,"autonomy_count":7608}}
