{"data":{"satisfaction":6.818898413636812,"comprehension":7.090337404764784,"contact":3.6165670367207516,"contact_reachability":0.5685449957947856,"contact_satisfaction":6.4361702127659575,"autonomy":6.98461130273282},"metadata":{"satisfaction_count":10149,"comprehension_count":8269,"contact_count":1171,"contactReachability_count":1189,"contactSatisfaction_count":658,"autonomy_count":7538}}
