{"data":{"satisfaction":6.797250528744472,"comprehension":7.06318713795957,"contact":3.568218954248366,"contact_reachability":0.5603864734299517,"contact_satisfaction":6.441740412979351,"autonomy":6.938775510204081},"metadata":{"satisfaction_count":10402,"comprehension_count":8459,"contact_count":1224,"contactReachability_count":1242,"contactSatisfaction_count":678,"autonomy_count":7693}}
