{"data":{"satisfaction":6.438356164383562,"comprehension":6.262886597938144,"contact":3.2882882882882885,"contact_reachability":0.5701754385964912,"contact_satisfaction":5.887096774193548,"autonomy":4.947089947089947},"metadata":{"satisfaction_count":511,"comprehension_count":388,"contact_count":111,"contactReachability_count":114,"contactSatisfaction_count":62,"autonomy_count":378}}
