{"data":{"satisfaction":6.102340523175768,"comprehension":7.823099230866221,"contact":3.743362831858407,"contact_reachability":0.6191304347826087,"contact_satisfaction":6.11271676300578,"autonomy":6.628982528263104},"metadata":{"satisfaction_count":10895,"comprehension_count":7931,"contact_count":565,"contactReachability_count":575,"contactSatisfaction_count":346,"autonomy_count":2919}}
