{"data":{"satisfaction":5.920505715275373,"comprehension":8.167062055187914,"contact":3.2947976878612715,"contact_reachability":6.2430939226519335,"contact_satisfaction":5.428571428571429,"autonomy":5.080906148867314},"metadata":{"satisfaction_count":11548,"comprehension_count":8009,"contact_count":173,"autonomy_count":618}}
