{"data":{"satisfaction":6.821483920960868,"comprehension":7.082142006194901,"contact":3.6196830692243536,"contact_reachability":0.5657142857142857,"contact_satisfaction":6.506746626686657,"autonomy":6.911898274296094},"metadata":{"satisfaction_count":10324,"comprehension_count":8394,"contact_count":1199,"contactReachability_count":1225,"contactSatisfaction_count":667,"autonomy_count":7707}}
