{"data":{"satisfaction":6.570957471002957,"comprehension":6.823954532697165,"contact":3.397072710103872,"contact_reachability":0.5367441860465116,"contact_satisfaction":6.412655971479501,"autonomy":6.84974254953971},"metadata":{"satisfaction_count":8794,"comprehension_count":7126,"contact_count":1059,"contactReachability_count":1075,"contactSatisfaction_count":561,"autonomy_count":6409}}
