{"data":{"satisfaction":5.905800151527907,"comprehension":8.193493150684931,"contact":3.2110091743119265,"contact_reachability":6.608695652173912,"contact_satisfaction":5,"autonomy":5.294117647058823},"metadata":{"satisfaction_count":11879,"comprehension_count":8176,"contact_count":109,"autonomy_count":391}}
