{"data":{"satisfaction":5.932615936459134,"comprehension":8.137918307086615,"contact":3.325358851674641,"contact_reachability":0.6129032258064516,"contact_satisfaction":5.56,"autonomy":5.147849462365591},"metadata":{"satisfaction_count":11709,"comprehension_count":8128,"contact_count":209,"contactReachability_count":217,"contactSatisfaction_count":125,"autonomy_count":744}}
