{"data":{"satisfaction":6.092007434944238,"comprehension":7.826281477693979,"contact":3.7613430127041743,"contact_reachability":0.6203208556149733,"contact_satisfaction":6.131656804733728,"autonomy":6.605179141539553},"metadata":{"satisfaction_count":10760,"comprehension_count":7823,"contact_count":551,"contactReachability_count":561,"contactSatisfaction_count":338,"autonomy_count":2819}}
