{"data":{"satisfaction":6.084033613445378,"comprehension":6.300223214285714,"contact":3.5,"contact_reachability":0.5338983050847458,"contact_satisfaction":6.708333333333333,"autonomy":5.2405063291139244},"metadata":{"satisfaction_count":595,"comprehension_count":448,"contact_count":115,"contactReachability_count":118,"contactSatisfaction_count":60,"autonomy_count":395}}
