{"data":{"satisfaction":5.93148211829436,"comprehension":8.15163528245788,"contact":3.5,"contact_reachability":0.6313131313131313,"contact_satisfaction":5.683760683760684,"autonomy":5.152838427947598},"metadata":{"satisfaction_count":11632,"comprehension_count":8072,"contact_count":190,"contactReachability_count":198,"contactSatisfaction_count":117,"autonomy_count":687}}
