{"data":{"satisfaction":6.349238171611868,"comprehension":6.059250978200112,"contact":4.389920424403183,"contact_reachability":0.6824644549763034,"contact_satisfaction":6.810699588477366,"autonomy":4.47588424437299},"metadata":{"satisfaction_count":2494,"comprehension_count":1789,"contact_count":377,"contactReachability_count":422,"contactSatisfaction_count":243,"autonomy_count":1555}}
