{"data":{"satisfaction":6.328217237308146,"comprehension":6.037891268533772,"contact":4.365384615384615,"contact_reachability":0.6758620689655173,"contact_satisfaction":6.837349397590361,"autonomy":4.443037974683544},"metadata":{"satisfaction_count":2541,"comprehension_count":1821,"contact_count":390,"contactReachability_count":435,"contactSatisfaction_count":249,"autonomy_count":1580}}
