{"data":{"satisfaction":6.413133832086451,"comprehension":6.076388888888889,"contact":4.518156424581005,"contact_reachability":0.6965174129353234,"contact_satisfaction":6.853813559322034,"autonomy":4.487350199733688},"metadata":{"satisfaction_count":2406,"comprehension_count":1728,"contact_count":358,"contactReachability_count":402,"contactSatisfaction_count":236,"autonomy_count":1502}}
