{"data":{"satisfaction":6.333465033583564,"comprehension":6.043502202643172,"contact":4.410621761658031,"contact_reachability":0.6821345707656613,"contact_satisfaction":6.837349397590361,"autonomy":4.457142857142857},"metadata":{"satisfaction_count":2531,"comprehension_count":1816,"contact_count":386,"contactReachability_count":431,"contactSatisfaction_count":249,"autonomy_count":1575}}
