{"data":{"satisfaction":7.063978965819457,"comprehension":7.415118185544474,"contact":3.3714820092625577,"contact_reachability":0.5692011212333566,"contact_satisfaction":5.999207606973059,"autonomy":3.7264646850807606},"metadata":{"satisfaction_count":19397,"comprehension_count":14638,"contact_count":5614,"contactReachability_count":5708,"contactSatisfaction_count":3155,"autonomy_count":10463}}
