{"data":{"satisfaction":7.067189567189567,"comprehension":7.024142349583552,"contact":3.404118404118404,"contact_reachability":0.5658475823802513,"contact_satisfaction":6.173350307659665,"autonomy":3.7250330792010584},"metadata":{"satisfaction_count":21164,"comprehension_count":17169,"contact_count":8547,"contactReachability_count":8831,"contactSatisfaction_count":4713,"autonomy_count":15871}}
