{"data":{"satisfaction":6.920954246038811,"comprehension":6.521458724202627,"contact":3.095965770171149,"contact_reachability":0.5282338806567881,"contact_satisfaction":5.954153605015674,"autonomy":3.5953177257525084},"metadata":{"satisfaction_count":5617,"comprehension_count":4264,"contact_count":2454,"contactReachability_count":2497,"contactSatisfaction_count":1276,"autonomy_count":4186}}
