{"data":{"satisfaction":7.171690921690922,"comprehension":7.236162742668319,"contact":3.4258036107441656,"contact_reachability":0.5719810915341642,"contact_satisfaction":6.101960784313725,"autonomy":3.9013055985837575},"metadata":{"satisfaction_count":5772,"comprehension_count":4842,"contact_count":2271,"contactReachability_count":2327,"contactSatisfaction_count":1275,"autonomy_count":4519}}
