{"data":{"satisfaction":7.073575511709386,"comprehension":7.064998883180701,"contact":3.4481981981981984,"contact_reachability":0.5593073593073593,"contact_satisfaction":6.368552412645591,"autonomy":3.7227528777859415},"metadata":{"satisfaction_count":5423,"comprehension_count":4477,"contact_count":2220,"contactReachability_count":2310,"contactSatisfaction_count":1202,"autonomy_count":4083}}
