{"data":{"satisfaction":7.048813691170751,"comprehension":7.3792672772689425,"contact":3.3554763447828906,"contact_reachability":0.5678520172221336,"contact_satisfaction":5.98209127671866,"autonomy":3.70207139709123},"metadata":{"satisfaction_count":20568,"comprehension_count":15613,"contact_count":6172,"contactReachability_count":6271,"contactSatisfaction_count":3462,"autonomy_count":11345}}
