{"data":{"satisfaction":7.0783508834552915,"comprehension":7.0687984496124034,"contact":3.4144444444444444,"contact_reachability":0.5558886509635974,"contact_satisfaction":6.3334707337180545,"autonomy":3.7479464914339355},"metadata":{"satisfaction_count":5603,"comprehension_count":4644,"contact_count":2250,"contactReachability_count":2335,"contactSatisfaction_count":1213,"autonomy_count":4261}}
