{"data":{"satisfaction":7.091885568435606,"comprehension":7.9439831002331,"contact":3.5299735527475757,"contact_reachability":5.921319062771189,"contact_satisfaction":6.027345709984948,"autonomy":3.8304004854368934},"metadata":{"satisfaction_count":18806,"comprehension_count":13728,"contact_count":3403,"autonomy_count":6592}}
