{"data":{"satisfaction":7.152636498597899,"comprehension":8.416740836637269,"contact":3.8371579876434248,"autonomy":3.935205183585313},"metadata":{"satisfaction_count":18187,"comprehension_count":12359,"contact_count":1133,"autonomy_count":2315}}
