{"data":{"satisfaction":7.205882352941177,"comprehension":7.246037061844162,"contact":3.4433745988078863,"contact_reachability":0.5685393258426966,"contact_satisfaction":6.150696150696151,"autonomy":3.835681872462384},"metadata":{"satisfaction_count":5338,"comprehension_count":4479,"contact_count":2181,"contactReachability_count":2225,"contactSatisfaction_count":1221,"autonomy_count":4187}}
