{"data":{"satisfaction":7.06576903158985,"comprehension":7.418468932372125,"contact":3.377200862378728,"contact_reachability":0.5702420922424457,"contact_satisfaction":5.997925973197192,"autonomy":3.7273777435502504},"metadata":{"satisfaction_count":19310,"comprehension_count":14565,"contact_count":5566,"contactReachability_count":5659,"contactSatisfaction_count":3134,"autonomy_count":10388}}
