{"data":{"satisfaction":7.110400829302004,"comprehension":7.145263157894737,"contact":3.404496699669967,"contact_reachability":5.789259560618389,"contact_satisfaction":5.941324694024478,"autonomy":3.7094972067039107},"metadata":{"satisfaction_count":5788,"comprehension_count":4750,"contact_count":2424,"autonomy_count":4475}}
