{"data":{"satisfaction":7.072294776119403,"comprehension":7.031375703942076,"contact":3.4122287968441816,"contact_reachability":0.5668088928812037,"contact_satisfaction":6.17727368199958,"autonomy":3.711990111248455},"metadata":{"satisfaction_count":21440,"comprehension_count":17402,"contact_count":8619,"contactReachability_count":8906,"contactSatisfaction_count":4761,"autonomy_count":16180}}
