{"data":{"satisfaction":7.1723368655884,"comprehension":7.213969562844843,"contact":3.4665065558873165,"contact_reachability":0.5663549039433772,"contact_satisfaction":6.250585205992509,"autonomy":3.848077935755661},"metadata":{"satisfaction_count":19723,"comprehension_count":16493,"contact_count":7703,"contactReachability_count":7912,"contactSatisfaction_count":4272,"autonomy_count":15192}}
