{"data":{"satisfaction":7.077474061199768,"comprehension":7.028775337287362,"contact":3.40915015641293,"contact_reachability":0.5684396269221074,"contact_satisfaction":6.157015065913371,"autonomy":3.657641437573575},"metadata":{"satisfaction_count":18987,"comprehension_count":15343,"contact_count":7672,"contactReachability_count":7934,"contactSatisfaction_count":4248,"autonomy_count":14441}}
