{"data":{"satisfaction":7.048384688137787,"comprehension":7.388329715150319,"contact":3.3490486613908064,"contact_reachability":0.5679973496769919,"contact_satisfaction":5.971179825878115,"autonomy":3.713218547872825},"metadata":{"satisfaction_count":20089,"comprehension_count":15201,"contact_count":5939,"contactReachability_count":6037,"contactSatisfaction_count":3331,"autonomy_count":10977}}
