{"data":{"satisfaction":7.044526814620185,"comprehension":7.364148850964204,"contact":3.3520092735703244,"contact_reachability":0.5693219823654606,"contact_satisfaction":5.963018971679956,"autonomy":3.6073096779480456},"metadata":{"satisfaction_count":21313,"comprehension_count":16231,"contact_count":6470,"contactReachability_count":6578,"contactSatisfaction_count":3637,"autonomy_count":12203}}
