{"data":{"satisfaction":7.05724197745013,"comprehension":6.983243243243243,"contact":3.3123220821472144,"contact_reachability":0.5673616680032078,"contact_satisfaction":5.9021739130434785,"autonomy":3.5977401129943503},"metadata":{"satisfaction_count":5765,"comprehension_count":4625,"contact_count":2459,"contactReachability_count":2494,"contactSatisfaction_count":1380,"autonomy_count":4425}}
