{"data":{"satisfaction":7.241732015001705,"comprehension":7.282741116751269,"contact":3.573667711598746,"contact_reachability":0.5808695652173913,"contact_satisfaction":6.288416075650118,"autonomy":3.884370191250824},"metadata":{"satisfaction_count":5866,"comprehension_count":4925,"contact_count":2233,"contactReachability_count":2300,"contactSatisfaction_count":1269,"autonomy_count":4549}}
