{"data":{"satisfaction":7.1735648866423105,"comprehension":7.216000958141206,"contact":3.466448550166795,"contact_reachability":0.5661461586508432,"contact_satisfaction":6.252603563989817,"autonomy":3.8426527958387515},"metadata":{"satisfaction_count":19981,"comprehension_count":16699,"contact_count":7794,"contactReachability_count":8005,"contactSatisfaction_count":4321,"autonomy_count":15380}}
