{"data":{"satisfaction":6.916725228390724,"comprehension":6.780469092503288,"contact":3.096968438538206,"contact_reachability":0.5316197470420236,"contact_satisfaction":5.9186507936507935,"autonomy":3.575743494423792},"metadata":{"satisfaction_count":5692,"comprehension_count":4562,"contact_count":2408,"contactReachability_count":2451,"contactSatisfaction_count":1260,"autonomy_count":4304}}
