{"data":{"satisfaction":7.095718329794763,"comprehension":7.067266495287061,"contact":3.4774266365688487,"contact_reachability":0.567131647776809,"contact_satisfaction":6.303191489361702,"autonomy":3.8257397839361205},"metadata":{"satisfaction_count":5652,"comprehension_count":4668,"contact_count":2215,"contactReachability_count":2294,"contactSatisfaction_count":1222,"autonomy_count":4258}}
