{"data":{"satisfaction":7.140268213120696,"comprehension":7.199631316417263,"contact":3.344170403587444,"contact_reachability":0.5644736842105263,"contact_satisfaction":6.028698464025869,"autonomy":3.8295901829127112},"metadata":{"satisfaction_count":5518,"comprehension_count":4611,"contact_count":2230,"contactReachability_count":2280,"contactSatisfaction_count":1237,"autonomy_count":4319}}
