{"data":{"satisfaction":6.999296435272045,"comprehension":6.650900213610009,"contact":3.312068048910154,"contact_reachability":0.5616509926854755,"contact_satisfaction":5.978886756238004,"autonomy":3.556653288051868},"metadata":{"satisfaction_count":4264,"comprehension_count":3277,"contact_count":1881,"contactReachability_count":1914,"contactSatisfaction_count":1042,"autonomy_count":3239}}
