{"data":{"satisfaction":7.048159904771352,"comprehension":7.386780705203828,"contact":3.3454712874602377,"contact_reachability":0.5679459726568934,"contact_satisfaction":5.964925373134329,"autonomy":3.71441523118767},"metadata":{"satisfaction_count":20162,"comprehension_count":15258,"contact_count":5973,"contactReachability_count":6071,"contactSatisfaction_count":3350,"autonomy_count":11030}}
