{"data":{"satisfaction":7.006765405010056,"comprehension":7.02820796460177,"contact":3.3625162127107653,"contact_reachability":0.5619800332778702,"contact_satisfaction":6.1726190476190474,"autonomy":3.642685851318945},"metadata":{"satisfaction_count":5469,"comprehension_count":4520,"contact_count":2313,"contactReachability_count":2404,"contactSatisfaction_count":1260,"autonomy_count":4170}}
