{"data":{"satisfaction":7.260552636040007,"comprehension":7.298647557529269,"contact":3.608030168589175,"contact_reachability":0.5843035791289349,"contact_satisfaction":6.304263565891473,"autonomy":3.885987815491732},"metadata":{"satisfaction_count":5899,"comprehension_count":4954,"contact_count":2254,"contactReachability_count":2319,"contactSatisfaction_count":1290,"autonomy_count":4596}}
