{"data":{"satisfaction":7.083762444215585,"comprehension":7.825320620425703,"contact":3.5016895969104516,"contact_reachability":0.5870753148016156,"contact_satisfaction":6.032224532224532,"autonomy":3.775405196809879},"metadata":{"satisfaction_count":20391,"comprehension_count":14893,"contact_count":4143,"contactReachability_count":4209,"contactSatisfaction_count":2405,"autonomy_count":7774}}
