{"data":{"satisfaction":7.124482044198895,"comprehension":7.1174226367104705,"contact":3.3601153687680263,"contact_reachability":5.735174654752234,"contact_satisfaction":5.9222948438634715,"autonomy":3.689995513683266},"metadata":{"satisfaction_count":5792,"comprehension_count":4718,"contact_count":2427,"autonomy_count":4458}}
