{"data":{"satisfaction":7.153319760208121,"comprehension":8.45624632939005,"contact":3.8035331905781584,"autonomy":4.025091479351803},"metadata":{"satisfaction_count":17682,"comprehension_count":11919,"contact_count":934,"autonomy_count":1913}}
