{"data":{"satisfaction":7.166109449234559,"comprehension":7.239616276618174,"contact":3.4025594970812754,"contact_reachability":0.5706140350877194,"contact_satisfaction":6.071714743589744,"autonomy":3.8541197658712294},"metadata":{"satisfaction_count":5683,"comprehension_count":4743,"contact_count":2227,"contactReachability_count":2280,"contactSatisfaction_count":1248,"autonomy_count":4442}}
