{"data":{"satisfaction":7.050481583660035,"comprehension":7.3797234435735675,"contact":3.35664897893552,"contact_reachability":0.5681278683335971,"contact_satisfaction":5.981375358166189,"autonomy":3.698642137538327},"metadata":{"satisfaction_count":20661,"comprehension_count":15693,"contact_count":6219,"contactReachability_count":6319,"contactSatisfaction_count":3490,"autonomy_count":11415}}
