{"data":{"satisfaction":7.044244538277951,"comprehension":7.064153880364688,"contact":3.379120879120879,"contact_reachability":0.5602027883396705,"contact_satisfaction":6.229740680713128,"autonomy":3.6596055514974433},"metadata":{"satisfaction_count":5447,"comprehension_count":4497,"contact_count":2275,"contactReachability_count":2367,"contactSatisfaction_count":1234,"autonomy_count":4107}}
