{"data":{"satisfaction":7.074451515286369,"comprehension":7.005162805944056,"contact":3.392522849906398,"contact_reachability":0.5631534030296566,"contact_satisfaction":6.178800641797031,"autonomy":3.7456620198811836},"metadata":{"satisfaction_count":22471,"comprehension_count":18304,"contact_count":9081,"contactReachability_count":9374,"contactSatisfaction_count":4986,"autonomy_count":17001}}
