{"data":{"satisfaction":7.074792109843357,"comprehension":7.025507159904534,"contact":3.4125840537944283,"contact_reachability":0.5657527881040892,"contact_satisfaction":6.191721132897603,"autonomy":3.7451412282974865},"metadata":{"satisfaction_count":20684,"comprehension_count":16760,"contact_count":8328,"contactReachability_count":8608,"contactSatisfaction_count":4590,"autonomy_count":15436}}
