{"data":{"satisfaction":7.153675970047652,"comprehension":8.459951149667312,"contact":3.774617067833698,"autonomy":4.021390374331551},"metadata":{"satisfaction_count":17628,"comprehension_count":11873,"contact_count":914,"autonomy_count":1870}}
