{"data":{"satisfaction":7.120034542314335,"comprehension":7.2103563242342155,"contact":3.3949335548172757,"contact_reachability":5.815573770491803,"contact_satisfaction":5.894015861571738,"autonomy":3.7640197397936292},"metadata":{"satisfaction_count":5790,"comprehension_count":4799,"contact_count":2408,"autonomy_count":4458}}
