{"data":{"satisfaction":7.082708947648282,"comprehension":7.810182733050848,"contact":3.500705550329257,"contact_reachability":0.587826891923166,"contact_satisfaction":6.023876972885471,"autonomy":3.7701840030041307},"metadata":{"satisfaction_count":20687,"comprehension_count":15104,"contact_count":4252,"contactReachability_count":4321,"contactSatisfaction_count":2471,"autonomy_count":7989}}
