{"data":{"satisfaction":7.048801410665777,"comprehension":7.370903051952121,"contact":3.3518693800283956,"contact_reachability":0.569144808319106,"contact_satisfaction":5.963373561605389,"autonomy":3.6461421190819006},"metadata":{"satisfaction_count":20983,"comprehension_count":15957,"contact_count":6339,"contactReachability_count":6443,"contactSatisfaction_count":3563,"autonomy_count":11807}}
