{"data":{"satisfaction":7.326512808311524,"comprehension":6.384757858037806,"contact":4.929684852592342,"contact_reachability":0.7369914853358562,"contact_satisfaction":6.871752479924421,"autonomy":6.116996154105661},"metadata":{"satisfaction_count":25218,"comprehension_count":18357,"contact_count":2951,"contactReachability_count":3171,"contactSatisfaction_count":2117,"autonomy_count":14821}}
