{"data":{"satisfaction":7.458360284605433,"comprehension":6.788230292724402,"contact":4.768202502844141,"contact_reachability":0.7383227176220807,"contact_satisfaction":6.626482213438735,"autonomy":6.287593076104826},"metadata":{"satisfaction_count":24736,"comprehension_count":16466,"contact_count":1758,"contactReachability_count":1884,"contactSatisfaction_count":1265,"autonomy_count":10341}}
