{"data":{"satisfaction":7.403284110136902,"comprehension":7.253936427434098,"contact":4.617768595041323,"contact_reachability":7.347725520431766,"contact_satisfaction":6.452078521939954,"autonomy":6.303518440016957},"metadata":{"satisfaction_count":26004,"comprehension_count":16957,"contact_count":1210,"autonomy_count":7077}}
