{"data":{"satisfaction":7.4153942152400525,"comprehension":7.185984207557811,"contact":4.5507518796992485,"contact_reachability":0.7272089761570828,"contact_satisfaction":6.431987247608927,"autonomy":6.221452399281499},"metadata":{"satisfaction_count":27244,"comprehension_count":17730,"contact_count":1330,"contactReachability_count":1426,"contactSatisfaction_count":941,"autonomy_count":7794}}
