{"data":{"satisfaction":7.393181315032101,"comprehension":6.7219541616405305,"contact":5.445205479452055,"contact_reachability":0.7710622710622711,"contact_satisfaction":7.208549222797927,"autonomy":6.533144275079759},"metadata":{"satisfaction_count":4517,"comprehension_count":3316,"contact_count":511,"contactReachability_count":546,"contactSatisfaction_count":386,"autonomy_count":2821}}
