{"data":{"satisfaction":7.397963195973577,"comprehension":7.2876151484135105,"contact":4.617214532871972,"contact_reachability":7.370550161812298,"contact_satisfaction":6.422984356197353,"autonomy":6.316878510198049},"metadata":{"satisfaction_count":25432,"comprehension_count":16609,"contact_count":1156,"autonomy_count":6766}}
