{"data":{"satisfaction":7.623011015911873,"comprehension":6.153846153846154,"contact":4.420152091254753,"contact_reachability":0.7253765932792584,"contact_satisfaction":6.317934782608695,"autonomy":6.004079782411605},"metadata":{"satisfaction_count":8170,"comprehension_count":5395,"contact_count":789,"contactReachability_count":863,"contactSatisfaction_count":552,"autonomy_count":4412}}
