{"data":{"satisfaction":7.5923354623715635,"comprehension":5.868513632365875,"contact":4.044321329639889,"contact_reachability":0.6840796019900498,"contact_satisfaction":6.239316239316239,"autonomy":5.768637532133676},"metadata":{"satisfaction_count":3601,"comprehension_count":2274,"contact_count":361,"contactReachability_count":402,"contactSatisfaction_count":234,"autonomy_count":1945}}
