{"data":{"satisfaction":7.3239172160560795,"comprehension":6.386696408144589,"contact":4.928697183098592,"contact_reachability":0.7369458128078817,"contact_satisfaction":6.864884747425209,"autonomy":6.013076441538568},"metadata":{"satisfaction_count":23966,"comprehension_count":17484,"contact_count":2840,"contactReachability_count":3045,"contactSatisfaction_count":2039,"autonomy_count":14377}}
