{"data":{"satisfaction":7.391676656961809,"comprehension":6.247871564096327,"contact":4.6993127147766325,"contact_reachability":0.7296875,"contact_satisfaction":6.687041564792176,"autonomy":5.799142682180037},"metadata":{"satisfaction_count":5839,"comprehension_count":4111,"contact_count":582,"contactReachability_count":640,"contactSatisfaction_count":409,"autonomy_count":3266}}
