{"data":{"satisfaction":7.4852575324794985,"comprehension":6.38585155732273,"contact":4.796428571428572,"contact_reachability":0.7292027729636048,"contact_satisfaction":6.828813559322034,"autonomy":6.574441164065795},"metadata":{"satisfaction_count":21706,"comprehension_count":15090,"contact_count":2100,"contactReachability_count":2308,"contactSatisfaction_count":1475,"autonomy_count":11855}}
