{"data":{"satisfaction":7.3904365904365905,"comprehension":7.356707123339899,"contact":4.72852912142152,"contact_reachability":7.4392523364485985,"contact_satisfaction":6.481732070365359,"autonomy":6.389718076285241},"metadata":{"satisfaction_count":24050,"comprehension_count":15737,"contact_count":1013,"autonomy_count":6030}}
