{"data":{"satisfaction":7.56563354603464,"comprehension":6.25,"contact":4.610951008645533,"contact_reachability":7.406417112299465,"contact_satisfaction":6.4,"autonomy":6.309268131505039},"metadata":{"satisfaction_count":10970,"comprehension_count":7486,"contact_count":1041,"autonomy_count":6053}}
