{"data":{"satisfaction":7.1949339207048455,"comprehension":6.384766807995154,"contact":4.629310344827586,"contact_reachability":0.7059773828756059,"contact_satisfaction":6.7462311557788945,"autonomy":6.175929333824071},"metadata":{"satisfaction_count":4540,"comprehension_count":3302,"contact_count":580,"contactReachability_count":619,"contactSatisfaction_count":398,"autonomy_count":2717}}
