{"data":{"satisfaction":7.386316659776767,"comprehension":6.6921244394618835,"contact":5.027522935779817,"contact_reachability":0.7482876712328768,"contact_satisfaction":6.884422110552764,"autonomy":6.504822081809112},"metadata":{"satisfaction_count":4838,"comprehension_count":3568,"contact_count":545,"contactReachability_count":584,"contactSatisfaction_count":398,"autonomy_count":3007}}
