{"data":{"satisfaction":7.6263194933145675,"comprehension":6.094961240310077,"contact":4.349415204678363,"contact_reachability":0.729693741677763,"contact_satisfaction":6.185031185031185,"autonomy":5.861710423706785},"metadata":{"satisfaction_count":7105,"comprehension_count":4644,"contact_count":684,"contactReachability_count":751,"contactSatisfaction_count":481,"autonomy_count":3847}}
