{"data":{"satisfaction":7.461983030700496,"comprehension":6.789902481175163,"contact":4.761416861826698,"contact_reachability":0.7392253136933988,"contact_satisfaction":6.611788617886178,"autonomy":6.315789473684211},"metadata":{"satisfaction_count":24397,"comprehension_count":16202,"contact_count":1708,"contactReachability_count":1833,"contactSatisfaction_count":1230,"autonomy_count":10089}}
