{"data":{"satisfaction":7.285019064820389,"comprehension":8.033832729667434,"contact":4.611486486486487,"autonomy":6.736353077816492},"metadata":{"satisfaction_count":19932,"comprehension_count":12148,"contact_count":148,"autonomy_count":861}}
