{"data":{"satisfaction":7.503037371822909,"comprehension":6.382717779802369,"contact":4.817880794701987,"contact_reachability":0.7292051756007394,"contact_satisfaction":6.868191721132898,"autonomy":6.242696248623931},"metadata":{"satisfaction_count":20577,"comprehension_count":14269,"contact_count":1963,"contactReachability_count":2164,"contactSatisfaction_count":1377,"autonomy_count":11809}}
