{"data":{"satisfaction":7.565149747180086,"comprehension":6.422624174562159,"contact":5.09861932938856,"contact_reachability":0.73992673992674,"contact_satisfaction":7.082191780821918,"autonomy":6.514285714285714},"metadata":{"satisfaction_count":5142,"comprehension_count":3483,"contact_count":507,"contactReachability_count":546,"contactSatisfaction_count":365,"autonomy_count":2975}}
