{"data":{"satisfaction":7.4349881796690305,"comprehension":6.252944640753828,"contact":4.856091030789826,"contact_reachability":0.7487745098039216,"contact_satisfaction":6.692804428044281,"autonomy":5.72636815920398},"metadata":{"satisfaction_count":7191,"comprehension_count":5094,"contact_count":747,"contactReachability_count":816,"contactSatisfaction_count":542,"autonomy_count":4020}}
