{"data":{"satisfaction":7.396434634974533,"comprehension":6.245781099324976,"contact":4.688566552901024,"contact_reachability":0.7286821705426356,"contact_satisfaction":6.684914841849149,"autonomy":5.789793438639125},"metadata":{"satisfaction_count":5890,"comprehension_count":4148,"contact_count":586,"contactReachability_count":645,"contactSatisfaction_count":411,"autonomy_count":3292}}
