{"data":{"satisfaction":7.391066851548384,"comprehension":7.370880709192523,"contact":4.744433198380567,"contact_reachability":7.461685823754789,"contact_satisfaction":6.483402489626556,"autonomy":6.428814135236154},"metadata":{"satisfaction_count":23799,"comprehension_count":15567,"contact_count":988,"autonomy_count":5886}}
