{"data":{"satisfaction":7.221004165753124,"comprehension":6.4051646028390214,"contact":4.68213058419244,"contact_reachability":0.711755233494364,"contact_satisfaction":6.761786600496278,"autonomy":6.175824175824176},"metadata":{"satisfaction_count":4561,"comprehension_count":3311,"contact_count":582,"contactReachability_count":621,"contactSatisfaction_count":403,"autonomy_count":2730}}
