{"data":{"satisfaction":7.496802008812242,"comprehension":6.386464370951244,"contact":4.784972812654473,"contact_reachability":0.7276805742485419,"contact_satisfaction":6.836158192090395,"autonomy":6.220453053184504},"metadata":{"satisfaction_count":21107,"comprehension_count":14665,"contact_count":2023,"contactReachability_count":2229,"contactSatisfaction_count":1416,"autonomy_count":12184}}
