{"data":{"satisfaction":7.299000044841039,"comprehension":7.833658149270969,"contact":4.844594594594595,"contact_reachability":7.2894736842105265,"contact_satisfaction":6.713483146067416,"autonomy":6.956521739130435},"metadata":{"satisfaction_count":22301,"comprehension_count":13854,"contact_count":370,"autonomy_count":2231}}
