{"data":{"satisfaction":7.552881108679796,"comprehension":6.246502331778814,"contact":4.636015325670498,"contact_reachability":7.42653606411398,"contact_satisfaction":6.410596026490066,"autonomy":6.29434086784359},"metadata":{"satisfaction_count":10968,"comprehension_count":7505,"contact_count":1044,"autonomy_count":6061}}
