{"data":{"satisfaction":7.389209619138597,"comprehension":7.353398489560195,"contact":4.712953876349362,"contact_reachability":7.41635687732342,"contact_satisfaction":6.48110661268556,"autonomy":6.379566870557117},"metadata":{"satisfaction_count":24077,"comprehension_count":15757,"contact_count":1019,"autonomy_count":6049}}
