{"data":{"satisfaction":7.6041970271058,"comprehension":5.854591836734694,"contact":3.967551622418879,"contact_reachability":0.6754617414248021,"contact_satisfaction":6.226851851851852,"autonomy":5.816104461371055},"metadata":{"satisfaction_count":3431,"comprehension_count":2156,"contact_count":339,"contactReachability_count":379,"contactSatisfaction_count":216,"autonomy_count":1838}}
