{"data":{"satisfaction":7.327666464278487,"comprehension":6.382694767280209,"contact":4.915458937198068,"contact_reachability":0.7362495979414603,"contact_satisfaction":6.855149181905679,"autonomy":6.123265925874802},"metadata":{"satisfaction_count":24705,"comprehension_count":17983,"contact_count":2898,"contactReachability_count":3109,"contactSatisfaction_count":2078,"autonomy_count":14489}}
