{"data":{"satisfaction":7.467529720353682,"comprehension":6.793683268333226,"contact":4.741326841144248,"contact_reachability":0.7353443369379624,"contact_satisfaction":6.612903225806452,"autonomy":6.314583333333333},"metadata":{"satisfaction_count":23637,"comprehension_count":15641,"contact_count":1643,"contactReachability_count":1757,"contactSatisfaction_count":1178,"autonomy_count":9600}}
