{"data":{"satisfaction":7.325826585695006,"comprehension":6.386994219653179,"contact":4.9373013069586715,"contact_reachability":0.7362347510715463,"contact_satisfaction":6.882077794190054,"autonomy":6.010264341957256},"metadata":{"satisfaction_count":23712,"comprehension_count":17300,"contact_count":2831,"contactReachability_count":3033,"contactSatisfaction_count":2031,"autonomy_count":14224}}
