{"data":{"satisfaction":7.572714681440443,"comprehension":5.910159074475778,"contact":4.013002364066194,"contact_reachability":0.69593147751606,"contact_satisfaction":6.040925266903915,"autonomy":5.7234314980793854},"metadata":{"satisfaction_count":4332,"comprehension_count":2766,"contact_count":423,"contactReachability_count":467,"contactSatisfaction_count":281,"autonomy_count":2343}}
