{"data":{"satisfaction":7.468544038346315,"comprehension":6.607493685096829,"contact":5.382409177820268,"contact_reachability":0.7704626334519573,"contact_satisfaction":7.144670050761421,"autonomy":6.512010529779532},"metadata":{"satisfaction_count":5007,"comprehension_count":3563,"contact_count":523,"contactReachability_count":562,"contactSatisfaction_count":394,"autonomy_count":3039}}
