{"data":{"satisfaction":7.406271173680644,"comprehension":7.22190118462872,"contact":4.587245696400626,"contact_reachability":0.7319211102994887,"contact_satisfaction":6.435236004390779,"autonomy":6.252193870662887},"metadata":{"satisfaction_count":26566,"comprehension_count":17305,"contact_count":1278,"contactReachability_count":1369,"contactSatisfaction_count":911,"autonomy_count":7407}}
