{"data":{"satisfaction":7.426376440460947,"comprehension":6.24171853041558,"contact":4.81353591160221,"contact_reachability":0.7420986093552465,"contact_satisfaction":6.701923076923077,"autonomy":5.752032520325203},"metadata":{"satisfaction_count":7029,"comprehension_count":4981,"contact_count":724,"contactReachability_count":791,"contactSatisfaction_count":520,"autonomy_count":3936}}
