{"data":{"satisfaction":7.449552174382217,"comprehension":6.291312916919345,"contact":4.858067729083666,"contact_reachability":0.7479452054794521,"contact_satisfaction":6.699862637362638,"autonomy":5.7352380952380955},"metadata":{"satisfaction_count":9267,"comprehension_count":6596,"contact_count":1004,"contactReachability_count":1095,"contactSatisfaction_count":728,"autonomy_count":5250}}
