{"data":{"satisfaction":7.283909231562661,"comprehension":8.089060905069752,"contact":4.426605504587156,"autonomy":6.588021778584392},"metadata":{"satisfaction_count":19390,"comprehension_count":11756,"contact_count":109,"autonomy_count":551}}
