{"data":{"satisfaction":3.0985915492957745,"comprehension":3.7254901960784315,"contact":3.6363636363636362,"contact_reachability":0.5454545454545454,"contact_satisfaction":6.666666666666667,"autonomy":4.285714285714286},"metadata":{"satisfaction_count":71,"comprehension_count":51,"contact_count":11,"contactReachability_count":11,"contactSatisfaction_count":6,"autonomy_count":28}}
