{"data":{"satisfaction":3.4782608695652173,"comprehension":3.6666666666666665,"contact":3.3333333333333335,"contact_reachability":0.3333333333333333,"contact_satisfaction":10,"autonomy":4.545454545454546},"metadata":{"satisfaction_count":23,"comprehension_count":15,"contact_count":3,"contactReachability_count":3,"contactSatisfaction_count":1,"autonomy_count":11}}
