{"data":{"satisfaction":5.957446808510638,"comprehension":6.089743589743589,"contact":6.428571428571429,"contact_reachability":0.8571428571428571,"contact_satisfaction":7.5,"autonomy":4.333333333333333},"metadata":{"satisfaction_count":47,"comprehension_count":39,"contact_count":7,"contactReachability_count":7,"contactSatisfaction_count":6,"autonomy_count":30}}
