{"data":{"satisfaction":7.148058252427185,"comprehension":7.92562724014337,"contact":4.239130434782608,"contact_reachability":7.5,"contact_satisfaction":5.735294117647059,"autonomy":6.018518518518518},"metadata":{"satisfaction_count":824,"comprehension_count":558,"contact_count":23,"autonomy_count":108}}
