{"data":{"satisfaction":7.129213483146067,"comprehension":8.097269624573379,"contact":4.342105263157895,"contact_reachability":8,"contact_satisfaction":5.5,"autonomy":6.0227272727272725},"metadata":{"satisfaction_count":890,"comprehension_count":586,"contact_count":19,"autonomy_count":88}}
