{"data":{"satisfaction":7.124145785876993,"comprehension":8.122837370242214,"contact":4.166666666666667,"contact_reachability":7.894736842105264,"contact_satisfaction":5.357142857142857,"autonomy":6.024096385542169},"metadata":{"satisfaction_count":878,"comprehension_count":578,"contact_count":18,"autonomy_count":83}}
