{"data":{"satisfaction":6.062992125984252,"comprehension":5.436643835616438,"contact":3.0223880597014925,"contact_reachability":0.6029411764705882,"contact_satisfaction":5.0625,"autonomy":5.555555555555555},"metadata":{"satisfaction_count":381,"comprehension_count":292,"contact_count":67,"contactReachability_count":68,"contactSatisfaction_count":40,"autonomy_count":234}}
