{"data":{"satisfaction":7.110148514851486,"comprehension":7.646797153024911,"contact":2.9411764705882355,"contact_reachability":0.5428571428571428,"contact_satisfaction":5.555555555555555,"autonomy":6.040268456375839},"metadata":{"satisfaction_count":808,"comprehension_count":562,"contact_count":34,"contactReachability_count":35,"contactSatisfaction_count":18,"autonomy_count":149}}
