{"data":{"satisfaction":7.028301886792453,"comprehension":5.897435897435898,"contact":4.444444444444445,"contact_reachability":7,"contact_satisfaction":6.666666666666667,"autonomy":6.769230769230769},"metadata":{"satisfaction_count":106,"comprehension_count":78,"contact_count":9,"autonomy_count":65}}
