{"data":{"satisfaction":7.108208955223881,"comprehension":7.64336917562724,"contact":2.9411764705882355,"contact_reachability":0.5428571428571428,"contact_satisfaction":5.555555555555555,"autonomy":6.054421768707483},"metadata":{"satisfaction_count":804,"comprehension_count":558,"contact_count":34,"contactReachability_count":35,"contactSatisfaction_count":18,"autonomy_count":147}}
