{"data":{"satisfaction":6.102941176470588,"comprehension":5.454545454545454,"contact":3.5365853658536586,"contact_reachability":0.5952380952380952,"contact_satisfaction":6.041666666666667,"autonomy":5.654761904761905},"metadata":{"satisfaction_count":272,"comprehension_count":209,"contact_count":41,"contactReachability_count":42,"contactSatisfaction_count":24,"autonomy_count":168}}
