{"data":{"satisfaction":6.317460317460317,"comprehension":5.69620253164557,"contact":4.021739130434782,"contact_reachability":0.6382978723404256,"contact_satisfaction":6.379310344827586,"autonomy":5.647668393782383},"metadata":{"satisfaction_count":315,"comprehension_count":237,"contact_count":46,"contactReachability_count":47,"contactSatisfaction_count":29,"autonomy_count":193}}
