{"data":{"satisfaction":6.65924276169265,"comprehension":5.982658959537572,"contact":4.423076923076923,"contact_reachability":0.696969696969697,"contact_satisfaction":6.388888888888889,"autonomy":5.9655172413793105},"metadata":{"satisfaction_count":449,"comprehension_count":346,"contact_count":65,"contactReachability_count":66,"contactSatisfaction_count":45,"autonomy_count":290}}
