{"data":{"satisfaction":7.146282973621103,"comprehension":7.906360424028269,"contact":4.0625,"contact_reachability":7.199999999999999,"contact_satisfaction":5.735294117647059,"autonomy":6.052631578947368},"metadata":{"satisfaction_count":834,"comprehension_count":566,"contact_count":24,"autonomy_count":114}}
