{"data":{"satisfaction":6.826923076923077,"comprehension":5.592105263157895,"contact":4.285714285714286,"contact_reachability":6.25,"contact_satisfaction":7.5,"autonomy":6.666666666666667},"metadata":{"satisfaction_count":104,"comprehension_count":76,"contact_count":7,"autonomy_count":63}}
