{"data":{"satisfaction":7.132530120481928,"comprehension":8.24585635359116,"contact":3.8333333333333335,"autonomy":5.294117647058823},"metadata":{"satisfaction_count":830,"comprehension_count":543,"contact_count":15,"autonomy_count":51}}
