{"data":{"satisfaction":6.175438596491228,"comprehension":5.5963302752293576,"contact":3.6904761904761907,"contact_reachability":0.6046511627906976,"contact_satisfaction":6.2,"autonomy":5.706214689265536},"metadata":{"satisfaction_count":285,"comprehension_count":218,"contact_count":42,"contactReachability_count":43,"contactSatisfaction_count":25,"autonomy_count":177}}
