{"data":{"satisfaction":7.756849315068493,"comprehension":7.472527472527473,"contact":6.54,"contact_reachability":0.8412698412698413,"contact_satisfaction":7.785714285714286,"autonomy":5.518518518518518},"metadata":{"satisfaction_count":292,"comprehension_count":273,"contact_count":125,"contactReachability_count":126,"contactSatisfaction_count":105,"autonomy_count":270}}
