{"data":{"satisfaction":8.447596532702915,"comprehension":8.084016393442623,"contact":7.219570405727923,"contact_reachability":0.8883610451306413,"contact_satisfaction":8.131720430107526,"autonomy":6.29222972972973},"metadata":{"satisfaction_count":1269,"comprehension_count":1220,"contact_count":419,"contactReachability_count":421,"contactSatisfaction_count":372,"autonomy_count":1184}}
