{"data":{"satisfaction":8.232248520710058,"comprehension":7.91601866251944,"contact":6.9465648854961835,"contact_reachability":0.8582089552238806,"contact_satisfaction":8.125,"autonomy":5.7507987220447285},"metadata":{"satisfaction_count":676,"comprehension_count":643,"contact_count":262,"contactReachability_count":268,"contactSatisfaction_count":224,"autonomy_count":626}}
