{"data":{"satisfaction":8.261224489795918,"comprehension":7.93236301369863,"contact":7.048808172531214,"contact_reachability":0.874439461883408,"contact_satisfaction":8.075422626788036,"autonomy":6.011408512505485},"metadata":{"satisfaction_count":2450,"comprehension_count":2336,"contact_count":881,"contactReachability_count":892,"contactSatisfaction_count":769,"autonomy_count":2279}}
