{"data":{"satisfaction":8.038507821901323,"comprehension":7.8155940594059405,"contact":6.3312693498452015,"contact_reachability":0.8501529051987767,"contact_satisfaction":7.463503649635037,"autonomy":6.0519480519480515},"metadata":{"satisfaction_count":831,"comprehension_count":808,"contact_count":323,"contactReachability_count":327,"contactSatisfaction_count":274,"autonomy_count":770}}
