{"data":{"satisfaction":7.622950819672131,"comprehension":7.198275862068965,"contact":6,"contact_reachability":8.03921568627451,"contact_satisfaction":7.5,"autonomy":5.315315315315315},"metadata":{"satisfaction_count":122,"comprehension_count":116,"contact_count":50,"autonomy_count":111}}
