{"data":{"satisfaction":8.033226152197214,"comprehension":7.768969422423556,"contact":6.861979166666667,"contact_reachability":0.8491048593350383,"contact_satisfaction":8.107692307692307,"autonomy":5.641618497109826},"metadata":{"satisfaction_count":933,"comprehension_count":883,"contact_count":384,"contactReachability_count":391,"contactSatisfaction_count":325,"autonomy_count":865}}
