{"data":{"satisfaction":7.737704918032787,"comprehension":7.491228070175438,"contact":6.553030303030303,"contact_reachability":0.8421052631578947,"contact_satisfaction":7.792792792792793,"autonomy":5.49645390070922},"metadata":{"satisfaction_count":305,"comprehension_count":285,"contact_count":132,"contactReachability_count":133,"contactSatisfaction_count":111,"autonomy_count":282}}
