{"data":{"satisfaction":7.664233576642336,"comprehension":7.228682170542636,"contact":5.97457627118644,"contact_reachability":8,"contact_satisfaction":7.5,"autonomy":5.161290322580645},"metadata":{"satisfaction_count":137,"comprehension_count":129,"contact_count":59,"autonomy_count":124}}
