{"data":{"satisfaction":8.229329173166926,"comprehension":7.913256955810147,"contact":6.922310756972111,"contact_reachability":0.8515625,"contact_satisfaction":8.157276995305164,"autonomy":5.69023569023569},"metadata":{"satisfaction_count":641,"comprehension_count":611,"contact_count":251,"contactReachability_count":256,"contactSatisfaction_count":213,"autonomy_count":594}}
