{"data":{"satisfaction":7.837209302325581,"comprehension":7.425373134328358,"contact":6.638888888888889,"contact_reachability":0.8571428571428571,"contact_satisfaction":7.759740259740259,"autonomy":5.482233502538071},"metadata":{"satisfaction_count":215,"comprehension_count":201,"contact_count":90,"contactReachability_count":91,"contactSatisfaction_count":77,"autonomy_count":197}}
