{"data":{"satisfaction":7.575757575757576,"comprehension":7.421875,"contact":6.0227272727272725,"contact_reachability":8.222222222222221,"contact_satisfaction":7.361111111111111,"autonomy":5.393258426966292},"metadata":{"satisfaction_count":99,"comprehension_count":96,"contact_count":44,"autonomy_count":89}}
