{"data":{"satisfaction":8.22538860103627,"comprehension":7.920656634746922,"contact":7.02542372881356,"contact_reachability":0.8741721854304636,"contact_satisfaction":8.06420233463035,"autonomy":5.750350631136045},"metadata":{"satisfaction_count":772,"comprehension_count":731,"contact_count":295,"contactReachability_count":302,"contactSatisfaction_count":257,"autonomy_count":713}}
