{"data":{"satisfaction":7.748815165876778,"comprehension":7.551546391752577,"contact":6.929347826086956,"contact_reachability":0.8586956521739131,"contact_satisfaction":8.069620253164556,"autonomy":5.606060606060606},"metadata":{"satisfaction_count":211,"comprehension_count":194,"contact_count":92,"contactReachability_count":92,"contactSatisfaction_count":79,"autonomy_count":198}}
