{"data":{"satisfaction":7.1,"comprehension":7.295918367346939,"contact":5.714285714285714,"contact_reachability":8.181818181818182,"contact_satisfaction":7.0588235294117645,"autonomy":6.086956521739131},"metadata":{"satisfaction_count":50,"comprehension_count":49,"contact_count":21,"autonomy_count":46}}
