{"data":{"satisfaction":7.825,"comprehension":7.406914893617022,"contact":6.627906976744186,"contact_reachability":0.8620689655172413,"contact_satisfaction":7.702702702702703,"autonomy":5.326086956521739},"metadata":{"satisfaction_count":200,"comprehension_count":188,"contact_count":86,"contactReachability_count":87,"contactSatisfaction_count":74,"autonomy_count":184}}
