{"data":{"satisfaction":7.745664739884393,"comprehension":7.574404761904762,"contact":7.352941176470588,"contact_reachability":0.8571428571428571,"contact_satisfaction":8.561643835616438,"autonomy":5.654761904761905},"metadata":{"satisfaction_count":173,"comprehension_count":168,"contact_count":85,"contactReachability_count":84,"contactSatisfaction_count":73,"autonomy_count":168}}
