{"data":{"satisfaction":7.78393351800554,"comprehension":7.5811209439528024,"contact":6.558441558441558,"contact_reachability":0.8258064516129032,"contact_satisfaction":7.952755905511811,"autonomy":5.72700296735905},"metadata":{"satisfaction_count":361,"comprehension_count":339,"contact_count":154,"contactReachability_count":155,"contactSatisfaction_count":127,"autonomy_count":337}}
