{"data":{"satisfaction":7.744565217391305,"comprehension":7.326589595375722,"contact":6.518987341772152,"contact_reachability":0.85,"contact_satisfaction":7.686567164179104,"autonomy":5.238095238095238},"metadata":{"satisfaction_count":184,"comprehension_count":173,"contact_count":79,"contactReachability_count":80,"contactSatisfaction_count":67,"autonomy_count":168}}
