{"data":{"satisfaction":8.254931714719271,"comprehension":7.921974522292993,"contact":6.929133858267717,"contact_reachability":0.8538461538461538,"contact_satisfaction":8.148148148148149,"autonomy":5.718954248366013},"metadata":{"satisfaction_count":659,"comprehension_count":628,"contact_count":254,"contactReachability_count":260,"contactSatisfaction_count":216,"autonomy_count":612}}
