{"data":{"satisfaction":7.657894736842105,"comprehension":7.540983606557377,"contact":6.989247311827957,"contact_reachability":0.8260869565217391,"contact_satisfaction":8.441558441558442,"autonomy":5.760869565217392},"metadata":{"satisfaction_count":190,"comprehension_count":183,"contact_count":93,"contactReachability_count":92,"contactSatisfaction_count":77,"autonomy_count":184}}
