{"data":{"satisfaction":7.758620689655173,"comprehension":7.377300613496932,"contact":6.452702702702703,"contact_reachability":0.84,"contact_satisfaction":7.701612903225806,"autonomy":5.189873417721519},"metadata":{"satisfaction_count":174,"comprehension_count":163,"contact_count":74,"contactReachability_count":75,"contactSatisfaction_count":62,"autonomy_count":158}}
