{"data":{"satisfaction":8.110273327049953,"comprehension":7.84113545816733,"contact":6.927570093457944,"contact_reachability":0.8604118993135011,"contact_satisfaction":8.079019073569482,"autonomy":5.699797160243408},"metadata":{"satisfaction_count":1061,"comprehension_count":1004,"contact_count":428,"contactReachability_count":437,"contactSatisfaction_count":367,"autonomy_count":986}}
