{"data":{"satisfaction":7.645502645502646,"comprehension":7.527472527472527,"contact":6.989247311827957,"contact_reachability":0.8260869565217391,"contact_satisfaction":8.441558441558442,"autonomy":5.737704918032787},"metadata":{"satisfaction_count":189,"comprehension_count":182,"contact_count":93,"contactReachability_count":92,"contactSatisfaction_count":77,"autonomy_count":183}}
