{"data":{"satisfaction":8.244170096021948,"comprehension":7.935413642960813,"contact":7.065602836879433,"contact_reachability":0.8788927335640139,"contact_satisfaction":8.066801619433198,"autonomy":5.724852071005917},"metadata":{"satisfaction_count":729,"comprehension_count":689,"contact_count":282,"contactReachability_count":289,"contactSatisfaction_count":247,"autonomy_count":676}}
