{"data":{"satisfaction":8.22464949462015,"comprehension":7.945670628183362,"contact":6.859148550724638,"contact_reachability":0.8694096601073346,"contact_satisfaction":7.904488517745302,"autonomy":6.079187105816398},"metadata":{"satisfaction_count":3067,"comprehension_count":2945,"contact_count":1104,"contactReachability_count":1118,"contactSatisfaction_count":958,"autonomy_count":2854}}
