{"data":{"satisfaction":8.254735993550987,"comprehension":7.921419518377693,"contact":7.021158129175946,"contact_reachability":0.8745874587458746,"contact_satisfaction":8.042091836734693,"autonomy":5.99393676916414},"metadata":{"satisfaction_count":2481,"comprehension_count":2367,"contact_count":898,"contactReachability_count":909,"contactSatisfaction_count":784,"autonomy_count":2309}}
