{"data":{"satisfaction":5.978260869565218,"comprehension":5.6395348837209305,"contact":5.208333333333333,"contact_reachability":0.75,"contact_satisfaction":6.944444444444445,"autonomy":6.428571428571429},"metadata":{"satisfaction_count":46,"comprehension_count":43,"contact_count":12,"contactReachability_count":12,"contactSatisfaction_count":9,"autonomy_count":42}}
