{"data":{"satisfaction":4.545454545454546,"comprehension":4.53125,"contact":3.8043478260869565,"contact_reachability":6.086956521739131,"contact_satisfaction":6.25,"autonomy":3.3333333333333335},"metadata":{"satisfaction_count":55,"comprehension_count":48,"contact_count":23,"autonomy_count":45}}
