{"data":{"satisfaction":4.508196721311475,"comprehension":3.9285714285714284,"contact":4.545454545454546,"contact_reachability":0.7272727272727273,"contact_satisfaction":6.25,"autonomy":5.09433962264151},"metadata":{"satisfaction_count":61,"comprehension_count":56,"contact_count":22,"contactReachability_count":22,"contactSatisfaction_count":16,"autonomy_count":53}}
