{"data":{"satisfaction":4.489247311827957,"comprehension":4.298245614035087,"contact":3.888888888888889,"contact_reachability":0.6527777777777778,"contact_satisfaction":5.957446808510638,"autonomy":4.430379746835443},"metadata":{"satisfaction_count":186,"comprehension_count":171,"contact_count":72,"contactReachability_count":72,"contactSatisfaction_count":47,"autonomy_count":158}}
