{"data":{"satisfaction":4.951219512195122,"comprehension":4.834254143646409,"contact":3.7704918032786887,"contact_reachability":0.6557377049180327,"contact_satisfaction":5.75,"autonomy":3.9130434782608696},"metadata":{"satisfaction_count":205,"comprehension_count":181,"contact_count":61,"contactReachability_count":61,"contactSatisfaction_count":40,"autonomy_count":115}}
