{"data":{"satisfaction":5.6,"comprehension":5.433333333333334,"contact":3.372093023255814,"contact_reachability":0.627906976744186,"contact_satisfaction":5.37037037037037,"autonomy":3.5526315789473686},"metadata":{"satisfaction_count":175,"comprehension_count":150,"contact_count":43,"contactReachability_count":43,"contactSatisfaction_count":27,"autonomy_count":76}}
