{"data":{"satisfaction":4.537037037037037,"comprehension":4.5212765957446805,"contact":3.5,"contact_reachability":6,"contact_satisfaction":5.833333333333333,"autonomy":3.1818181818181817},"metadata":{"satisfaction_count":54,"comprehension_count":47,"contact_count":25,"autonomy_count":44}}
