{"data":{"satisfaction":4.639175257731959,"comprehension":4.438202247191011,"contact":4.087837837837838,"contact_reachability":0.6578947368421053,"contact_satisfaction":6.302083333333333,"autonomy":4.424242424242424},"metadata":{"satisfaction_count":194,"comprehension_count":178,"contact_count":74,"contactReachability_count":76,"contactSatisfaction_count":48,"autonomy_count":165}}
