{"data":{"satisfaction":4.955555555555556,"comprehension":4.825,"contact":3.8257575757575757,"contact_reachability":0.6515151515151515,"contact_satisfaction":5.872093023255814,"autonomy":4.029850746268656},"metadata":{"satisfaction_count":225,"comprehension_count":200,"contact_count":66,"contactReachability_count":66,"contactSatisfaction_count":43,"autonomy_count":134}}
