{"data":{"satisfaction":4.2073170731707314,"comprehension":4.1558441558441555,"contact":4.62962962962963,"contact_reachability":0.7037037037037037,"contact_satisfaction":6.578947368421052,"autonomy":5.068493150684931},"metadata":{"satisfaction_count":82,"comprehension_count":77,"contact_count":27,"contactReachability_count":27,"contactSatisfaction_count":19,"autonomy_count":73}}
