{"data":{"satisfaction":5.002755580049601,"comprehension":6.378439079169006,"contact":2.627952755905512,"contact_reachability":7.276264591439689,"contact_satisfaction":3.6277173913043477,"autonomy":3.671875},"metadata":{"satisfaction_count":3629,"comprehension_count":1781,"contact_count":254,"autonomy_count":384}}
