{"data":{"satisfaction":6.071098799630656,"comprehension":5.599394785847299,"contact":3.162878787878788,"contact_reachability":0.7423764458464774,"contact_satisfaction":4.304123711340206,"autonomy":4.137535816618911},"metadata":{"satisfaction_count":3249,"comprehension_count":2148,"contact_count":924,"contactReachability_count":951,"contactSatisfaction_count":679,"autonomy_count":1745}}
