{"data":{"satisfaction":6.531791907514451,"comprehension":5.989208633093525,"contact":3.224852071005917,"contact_reachability":0.664804469273743,"contact_satisfaction":5,"autonomy":4.597701149425287},"metadata":{"satisfaction_count":865,"comprehension_count":556,"contact_count":169,"contactReachability_count":179,"contactSatisfaction_count":109,"autonomy_count":435}}
