{"data":{"satisfaction":5.660044857417494,"comprehension":5.204228736184526,"contact":2.938423645320197,"contact_reachability":0.7571701720841301,"contact_satisfaction":3.9191852825229962,"autonomy":3.764434180138568},"metadata":{"satisfaction_count":3121,"comprehension_count":2081,"contact_count":1015,"contactReachability_count":1046,"contactSatisfaction_count":761,"autonomy_count":1732}}
