{"data":{"satisfaction":6.125954198473282,"comprehension":5.7209737827715355,"contact":3.3874045801526718,"contact_reachability":0.7584905660377359,"contact_satisfaction":4.482323232323233,"autonomy":3.9955357142857144},"metadata":{"satisfaction_count":786,"comprehension_count":534,"contact_count":262,"contactReachability_count":265,"contactSatisfaction_count":198,"autonomy_count":448}}
