{"data":{"satisfaction":5.607235142118863,"comprehension":5.37962962962963,"contact":3.2051282051282053,"contact_reachability":0.804416403785489,"contact_satisfaction":4,"autonomy":3.5294117647058822},"metadata":{"satisfaction_count":774,"comprehension_count":540,"contact_count":312,"contactReachability_count":317,"contactSatisfaction_count":250,"autonomy_count":459}}
