{"data":{"satisfaction":5.1582649472450175,"comprehension":4.665775401069519,"contact":2.2033898305084745,"contact_reachability":0.7391304347826086,"contact_satisfaction":2.9953917050691246,"autonomy":3.347022587268994},"metadata":{"satisfaction_count":853,"comprehension_count":561,"contact_count":295,"contactReachability_count":299,"contactSatisfaction_count":217,"autonomy_count":487}}
