{"data":{"satisfaction":6.02496714848883,"comprehension":5.608910891089109,"contact":3.203422053231939,"contact_reachability":0.7547169811320755,"contact_satisfaction":4.255050505050505,"autonomy":4},"metadata":{"satisfaction_count":761,"comprehension_count":505,"contact_count":263,"contactReachability_count":265,"contactSatisfaction_count":198,"autonomy_count":430}}
