{"data":{"satisfaction":6.130050505050505,"comprehension":5.7330827067669174,"contact":3.3582089552238807,"contact_reachability":0.7601476014760148,"contact_satisfaction":4.433497536945813,"autonomy":4},"metadata":{"satisfaction_count":792,"comprehension_count":532,"contact_count":268,"contactReachability_count":271,"contactSatisfaction_count":203,"autonomy_count":450}}
