{"data":{"satisfaction":5.470668485675307,"comprehension":5.797773654916512,"contact":2.4143468950749463,"contact_reachability":7.441860465116279,"contact_satisfaction":3.258670520231214,"autonomy":3.4858681022880216},"metadata":{"satisfaction_count":2932,"comprehension_count":1617,"contact_count":467,"autonomy_count":743}}
