{"data":{"satisfaction":6.036021150033047,"comprehension":5.544566850275413,"contact":3.169897377423033,"contact_reachability":0.7422222222222222,"contact_satisfaction":4.310077519379845,"autonomy":4.114391143911439},"metadata":{"satisfaction_count":3026,"comprehension_count":1997,"contact_count":877,"contactReachability_count":900,"contactSatisfaction_count":645,"autonomy_count":1626}}
