{"data":{"satisfaction":6.062248374109632,"comprehension":5.587546816479401,"contact":3.1581798483206933,"contact_reachability":0.7421052631578947,"contact_satisfaction":4.299410029498525,"autonomy":4.132564841498559},"metadata":{"satisfaction_count":3229,"comprehension_count":2136,"contact_count":923,"contactReachability_count":950,"contactSatisfaction_count":678,"autonomy_count":1735}}
