{"data":{"satisfaction":5.660828025477707,"comprehension":5.199284009546539,"contact":2.9480901077375123,"contact_reachability":0.7557034220532319,"contact_satisfaction":3.93979057591623,"autonomy":3.763625932300631},"metadata":{"satisfaction_count":3140,"comprehension_count":2095,"contact_count":1021,"contactReachability_count":1052,"contactSatisfaction_count":764,"autonomy_count":1743}}
