{"data":{"satisfaction":6.374745417515275,"comprehension":5.845162986330179,"contact":3.298898071625344,"contact_reachability":0.6944818304172274,"contact_satisfaction":4.799599198396794,"autonomy":4.442282749675746},"metadata":{"satisfaction_count":2946,"comprehension_count":1902,"contact_count":726,"contactReachability_count":743,"contactSatisfaction_count":499,"autonomy_count":1542}}
