{"data":{"satisfaction":5.148861646234676,"comprehension":4.72972972972973,"contact":2.7763819095477387,"contact_reachability":0.7658536585365854,"contact_satisfaction":3.6589403973509933,"autonomy":3.0275229357798166},"metadata":{"satisfaction_count":571,"comprehension_count":370,"contact_count":199,"contactReachability_count":205,"contactSatisfaction_count":151,"autonomy_count":327}}
