{"data":{"satisfaction":6.0772357723577235,"comprehension":5.4905063291139244,"contact":3.4308510638297873,"contact_reachability":0.7172774869109948,"contact_satisfaction":4.813432835820896,"autonomy":4.447368421052632},"metadata":{"satisfaction_count":738,"comprehension_count":474,"contact_count":188,"contactReachability_count":191,"contactSatisfaction_count":134,"autonomy_count":380}}
