{"data":{"satisfaction":5.054811205846528,"comprehension":4.529250457038391,"contact":2.3793103448275863,"contact_reachability":0.75,"contact_satisfaction":3.1944444444444446,"autonomy":3.147751605995717},"metadata":{"satisfaction_count":821,"comprehension_count":547,"contact_count":290,"contactReachability_count":296,"contactSatisfaction_count":216,"autonomy_count":467}}
