{"data":{"satisfaction":6.526845637583893,"comprehension":5.85676625659051,"contact":3.757142857142857,"contact_reachability":0.6574585635359116,"contact_satisfaction":5.81858407079646,"autonomy":4.642857142857143},"metadata":{"satisfaction_count":894,"comprehension_count":569,"contact_count":175,"contactReachability_count":181,"contactSatisfaction_count":113,"autonomy_count":448}}
