{"data":{"satisfaction":6.428571428571429,"comprehension":5.776022304832714,"contact":3.609375,"contact_reachability":0.6506024096385542,"contact_satisfaction":5.661764705882353,"autonomy":4.680851063829787},"metadata":{"satisfaction_count":854,"comprehension_count":538,"contact_count":160,"contactReachability_count":166,"contactSatisfaction_count":102,"autonomy_count":423}}
