{"data":{"satisfaction":5.294417971409122,"comprehension":5.269461077844311,"contact":2.4844913151364763,"contact_reachability":0.758830694275274,"contact_satisfaction":3.2935855263157894,"autonomy":3.3224222585924714},"metadata":{"satisfaction_count":2938,"comprehension_count":1837,"contact_count":806,"contactReachability_count":821,"contactSatisfaction_count":608,"autonomy_count":1222}}
