{"data":{"satisfaction":5.67817896389325,"comprehension":5.21421845574388,"contact":2.9651162790697674,"contact_reachability":0.7563499529633114,"contact_satisfaction":3.9586028460543337,"autonomy":3.7677053824362607},"metadata":{"satisfaction_count":3185,"comprehension_count":2124,"contact_count":1032,"contactReachability_count":1063,"contactSatisfaction_count":773,"autonomy_count":1765}}
