{"data":{"satisfaction":5.440656159536829,"comprehension":5.718424101969872,"contact":2.4215867158671585,"contact_reachability":0.7377049180327869,"contact_satisfaction":3.2977386934673367,"autonomy":3.4085510688836105},"metadata":{"satisfaction_count":3109,"comprehension_count":1726,"contact_count":542,"contactReachability_count":549,"contactSatisfaction_count":398,"autonomy_count":842}}
