{"data":{"satisfaction":5.3056516724336795,"comprehension":4.959677419354839,"contact":2.65253360910031,"contact_reachability":0.7637637637637638,"contact_satisfaction":3.508891928864569,"autonomy":3.3974784339747846},"metadata":{"satisfaction_count":2601,"comprehension_count":1798,"contact_count":967,"contactReachability_count":999,"contactSatisfaction_count":731,"autonomy_count":1507}}
