{"data":{"satisfaction":5.488822155488823,"comprehension":5.790585395292697,"contact":2.449290060851927,"contact_reachability":0.746,"contact_satisfaction":3.2991803278688523,"autonomy":3.4615384615384617},"metadata":{"satisfaction_count":2997,"comprehension_count":1657,"contact_count":493,"contactReachability_count":500,"contactSatisfaction_count":366,"autonomy_count":780}}
