{"data":{"satisfaction":6.5607886089813805,"comprehension":5.98122866894198,"contact":3.6527777777777777,"contact_reachability":0.6842105263157895,"contact_satisfaction":5.479166666666667,"autonomy":4.606986899563319},"metadata":{"satisfaction_count":913,"comprehension_count":586,"contact_count":180,"contactReachability_count":190,"contactSatisfaction_count":120,"autonomy_count":458}}
