{"data":{"satisfaction":6.123978201634878,"comprehension":5.536480686695279,"contact":3.289473684210526,"contact_reachability":0.6994818652849741,"contact_satisfaction":4.734848484848484,"autonomy":4.403183023872679},"metadata":{"satisfaction_count":734,"comprehension_count":466,"contact_count":190,"contactReachability_count":193,"contactSatisfaction_count":132,"autonomy_count":377}}
