{"data":{"satisfaction":4.976449808654695,"comprehension":6.479400749063671,"contact":2.5892857142857144,"contact_reachability":7.309941520467836,"contact_satisfaction":3.5655737704918034,"autonomy":3.303964757709251},"metadata":{"satisfaction_count":3397,"comprehension_count":1602,"contact_count":168,"autonomy_count":227}}
