{"data":{"satisfaction":6.0608108108108105,"comprehension":5.511603375527426,"contact":3.3947368421052633,"contact_reachability":0.7098445595854922,"contact_satisfaction":4.813432835820896,"autonomy":4.45910290237467},"metadata":{"satisfaction_count":740,"comprehension_count":474,"contact_count":190,"contactReachability_count":193,"contactSatisfaction_count":134,"autonomy_count":379}}
