{"data":{"satisfaction":6.127968337730871,"comprehension":5.521694214876033,"contact":3.789473684210526,"contact_reachability":0.7150259067357513,"contact_satisfaction":5.333333333333333,"autonomy":4.467532467532467},"metadata":{"satisfaction_count":758,"comprehension_count":484,"contact_count":190,"contactReachability_count":193,"contactSatisfaction_count":135,"autonomy_count":385}}
