{"data":{"satisfaction":5.4881079162229325,"comprehension":5.852864583333333,"contact":2.377049180327869,"contact_reachability":7.3842592592592595,"contact_satisfaction":3.232484076433121,"autonomy":3.5014836795252227},"metadata":{"satisfaction_count":2817,"comprehension_count":1536,"contact_count":427,"autonomy_count":674}}
