{"data":{"satisfaction":5.2936507936507935,"comprehension":5.272750125691302,"contact":2.5224971878515188,"contact_reachability":0.7591160220994475,"contact_satisfaction":3.342026825633383,"autonomy":3.382570162481536},"metadata":{"satisfaction_count":3150,"comprehension_count":1989,"contact_count":889,"contactReachability_count":905,"contactSatisfaction_count":671,"autonomy_count":1354}}
