{"data":{"satisfaction":6.0577819198508855,"comprehension":5.580985915492958,"contact":3.1684782608695654,"contact_reachability":0.7444561774023232,"contact_satisfaction":4.299410029498525,"autonomy":4.136337377238591},"metadata":{"satisfaction_count":3219,"comprehension_count":2130,"contact_count":920,"contactReachability_count":947,"contactSatisfaction_count":678,"autonomy_count":1731}}
