{"data":{"satisfaction":6.0935524652338815,"comprehension":5.696798493408663,"contact":3.293357933579336,"contact_reachability":0.7554744525547445,"contact_satisfaction":4.375,"autonomy":3.964365256124722},"metadata":{"satisfaction_count":791,"comprehension_count":531,"contact_count":271,"contactReachability_count":274,"contactSatisfaction_count":204,"autonomy_count":449}}
