{"data":{"satisfaction":6.1479591836734695,"comprehension":5.699432892249527,"contact":3.316733067729084,"contact_reachability":0.7677165354330708,"contact_satisfaction":4.3359375,"autonomy":4.063205417607223},"metadata":{"satisfaction_count":784,"comprehension_count":529,"contact_count":251,"contactReachability_count":254,"contactSatisfaction_count":192,"autonomy_count":443}}
