{"data":{"satisfaction":6.550169109357385,"comprehension":5.991228070175438,"contact":3.4011627906976742,"contact_reachability":0.6868131868131868,"contact_satisfaction":5.086956521739131,"autonomy":4.573991031390134},"metadata":{"satisfaction_count":887,"comprehension_count":570,"contact_count":172,"contactReachability_count":182,"contactSatisfaction_count":115,"autonomy_count":446}}
