{"data":{"satisfaction":5.141843971631205,"comprehension":4.777183600713013,"contact":2.559322033898305,"contact_reachability":0.7730263157894737,"contact_satisfaction":3.34070796460177,"autonomy":3.172268907563025},"metadata":{"satisfaction_count":846,"comprehension_count":561,"contact_count":295,"contactReachability_count":304,"contactSatisfaction_count":226,"autonomy_count":476}}
