{"data":{"satisfaction":5.29809861424428,"comprehension":5.2597236438075745,"contact":2.517162471395881,"contact_reachability":0.7573033707865169,"contact_satisfaction":3.3434650455927053,"autonomy":3.3408919123204837},"metadata":{"satisfaction_count":3103,"comprehension_count":1954,"contact_count":874,"contactReachability_count":890,"contactSatisfaction_count":658,"autonomy_count":1323}}
