{"data":{"satisfaction":5.721784776902887,"comprehension":5.416666666666667,"contact":2.9838709677419355,"contact_reachability":0.7756410256410257,"contact_satisfaction":3.8541666666666665,"autonomy":3.5857461024498885},"metadata":{"satisfaction_count":762,"comprehension_count":522,"contact_count":310,"contactReachability_count":312,"contactSatisfaction_count":240,"autonomy_count":449}}
