{"data":{"satisfaction":5.586734693877551,"comprehension":5.362976406533575,"contact":3.094855305466238,"contact_reachability":0.8069620253164557,"contact_satisfaction":3.85,"autonomy":3.540772532188841},"metadata":{"satisfaction_count":784,"comprehension_count":551,"contact_count":311,"contactReachability_count":316,"contactSatisfaction_count":250,"autonomy_count":466}}
