{"data":{"satisfaction":5.469937802349689,"comprehension":5.8082234777150035,"contact":2.3846153846153846,"contact_reachability":7.418655097613883,"contact_satisfaction":3.2291666666666665,"autonomy":3.4578146611341634},"metadata":{"satisfaction_count":2894,"comprehension_count":1593,"contact_count":455,"autonomy_count":723}}
