{"data":{"satisfaction":8.928571428571429,"comprehension":8.402777777777779,"contact":6.666666666666667,"contact_reachability":0.6666666666666666,"contact_satisfaction":10,"autonomy":7.878787878787879},"metadata":{"satisfaction_count":42,"comprehension_count":36,"contact_count":3,"contactReachability_count":3,"contactSatisfaction_count":2,"autonomy_count":33}}
