{"data":{"satisfaction":8.513513513513514,"comprehension":8.014705882352942,"contact":4.285714285714286,"contact_reachability":4.285714285714286,"contact_satisfaction":10,"autonomy":7.575757575757576},"metadata":{"satisfaction_count":37,"comprehension_count":34,"contact_count":7,"autonomy_count":33}}
