{"data":{"satisfaction":7.698412698412699,"comprehension":8.221830985915492,"contact":5.480769230769231,"contact_reachability":8.148148148148147,"contact_satisfaction":6.785714285714286,"autonomy":5.090909090909091},"metadata":{"satisfaction_count":315,"comprehension_count":284,"contact_count":26,"autonomy_count":55}}
