{"data":{"satisfaction":7.661290322580645,"comprehension":8.205357142857142,"contact":5.480769230769231,"contact_reachability":8.148148148148147,"contact_satisfaction":6.785714285714286,"autonomy":4.901960784313726},"metadata":{"satisfaction_count":310,"comprehension_count":280,"contact_count":26,"autonomy_count":51}}
