{"data":{"satisfaction":7.7215189873417724,"comprehension":7.650462962962963,"contact":4.965277777777778,"contact_reachability":0.7123287671232876,"contact_satisfaction":7.009803921568627,"autonomy":4.569536423841059},"metadata":{"satisfaction_count":237,"comprehension_count":216,"contact_count":72,"contactReachability_count":73,"contactSatisfaction_count":51,"autonomy_count":151}}
