{"data":{"satisfaction":7.65625,"comprehension":7.579365079365079,"contact":4.84375,"contact_reachability":6.875,"contact_satisfaction":7.045454545454546,"autonomy":4.426229508196721},"metadata":{"satisfaction_count":64,"comprehension_count":63,"contact_count":32,"autonomy_count":61}}
