{"data":{"satisfaction":7.549019607843137,"comprehension":6.875,"contact":4.523809523809524,"contact_reachability":0.6190476190476191,"contact_satisfaction":7.3076923076923075,"autonomy":4.081632653061225},"metadata":{"satisfaction_count":51,"comprehension_count":48,"contact_count":21,"contactReachability_count":21,"contactSatisfaction_count":13,"autonomy_count":49}}
