{"data":{"satisfaction":7.6923076923076925,"comprehension":8.20578231292517,"contact":5.446428571428571,"contact_reachability":8.275862068965518,"contact_satisfaction":6.630434782608695,"autonomy":5.46875},"metadata":{"satisfaction_count":325,"comprehension_count":294,"contact_count":28,"autonomy_count":64}}
