{"data":{"satisfaction":7.289719626168225,"comprehension":6.95273631840796,"contact":4.851485148514851,"contact_reachability":0.6732673267326733,"contact_satisfaction":7.205882352941177,"autonomy":4.702970297029703},"metadata":{"satisfaction_count":214,"comprehension_count":201,"contact_count":101,"contactReachability_count":101,"contactSatisfaction_count":68,"autonomy_count":202}}
