{"data":{"satisfaction":7.9411764705882355,"comprehension":7.336956521739131,"contact":5,"contact_reachability":0.6818181818181818,"contact_satisfaction":7.333333333333333,"autonomy":4.3478260869565215},"metadata":{"satisfaction_count":51,"comprehension_count":46,"contact_count":22,"contactReachability_count":22,"contactSatisfaction_count":15,"autonomy_count":46}}
