{"data":{"satisfaction":7.608695652173913,"comprehension":7.574626865671642,"contact":4.924242424242424,"contact_reachability":7.352941176470589,"contact_satisfaction":6.770833333333333,"autonomy":4.923076923076923},"metadata":{"satisfaction_count":69,"comprehension_count":67,"contact_count":33,"autonomy_count":65}}
