{"data":{"satisfaction":7.3271889400921655,"comprehension":6.96078431372549,"contact":5,"contact_reachability":0.6857142857142857,"contact_satisfaction":7.291666666666667,"autonomy":4.682926829268292},"metadata":{"satisfaction_count":217,"comprehension_count":204,"contact_count":105,"contactReachability_count":105,"contactSatisfaction_count":72,"autonomy_count":205}}
