{"data":{"satisfaction":6.746031746031746,"comprehension":6.853448275862069,"contact":5.357142857142857,"contact_reachability":0.7428571428571429,"contact_satisfaction":7.211538461538462,"autonomy":4.285714285714286},"metadata":{"satisfaction_count":63,"comprehension_count":58,"contact_count":35,"contactReachability_count":35,"contactSatisfaction_count":26,"autonomy_count":56}}
