{"data":{"satisfaction":7.71689497716895,"comprehension":7.329268292682927,"contact":4.857142857142857,"contact_reachability":0.6822429906542056,"contact_satisfaction":7.183098591549296,"autonomy":4.759615384615385},"metadata":{"satisfaction_count":219,"comprehension_count":205,"contact_count":105,"contactReachability_count":107,"contactSatisfaction_count":71,"autonomy_count":208}}
