{"data":{"satisfaction":7.647058823529412,"comprehension":6.785714285714286,"contact":4.758064516129032,"contact_reachability":0.7096774193548387,"contact_satisfaction":6.704545454545454,"autonomy":3.673469387755102},"metadata":{"satisfaction_count":51,"comprehension_count":49,"contact_count":31,"contactReachability_count":31,"contactSatisfaction_count":22,"autonomy_count":49}}
