{"data":{"satisfaction":7.719298245614035,"comprehension":7.12962962962963,"contact":3.9705882352941178,"contact_reachability":0.5882352941176471,"contact_satisfaction":6.75,"autonomy":4.821428571428571},"metadata":{"satisfaction_count":57,"comprehension_count":54,"contact_count":34,"contactReachability_count":34,"contactSatisfaction_count":20,"autonomy_count":56}}
