{"data":{"satisfaction":7.462686567164179,"comprehension":7.461538461538462,"contact":4.46969696969697,"contact_reachability":7.058823529411765,"contact_satisfaction":6.413043478260869,"autonomy":4.603174603174603},"metadata":{"satisfaction_count":67,"comprehension_count":65,"contact_count":33,"autonomy_count":63}}
