{"data":{"satisfaction":7.971014492753623,"comprehension":7.954545454545454,"contact":4.919354838709677,"contact_reachability":7.5,"contact_satisfaction":6.630434782608695,"autonomy":5.303030303030303},"metadata":{"satisfaction_count":69,"comprehension_count":66,"contact_count":31,"autonomy_count":66}}
