{"data":{"satisfaction":7.825,"comprehension":7.419786096256685,"contact":4.921875,"contact_reachability":0.6938775510204082,"contact_satisfaction":7.159090909090909,"autonomy":4.684210526315789},"metadata":{"satisfaction_count":200,"comprehension_count":187,"contact_count":96,"contactReachability_count":98,"contactSatisfaction_count":66,"autonomy_count":190}}
