{"data":{"satisfaction":7.264150943396227,"comprehension":7.15,"contact":5.735294117647059,"contact_reachability":0.8235294117647058,"contact_satisfaction":6.964285714285714,"autonomy":5.813953488372093},"metadata":{"satisfaction_count":53,"comprehension_count":50,"contact_count":17,"contactReachability_count":17,"contactSatisfaction_count":14,"autonomy_count":43}}
