{"data":{"satisfaction":7.673611111111111,"comprehension":8.243243243243244,"contact":4.7727272727272725,"autonomy":6.333333333333333},"metadata":{"satisfaction_count":288,"comprehension_count":259,"contact_count":11,"autonomy_count":30}}
