{"data":{"satisfaction":7.733333333333333,"comprehension":7.682926829268292,"contact":5.357142857142857,"contact_reachability":0.75,"contact_satisfaction":7.180851063829787,"autonomy":4.60431654676259},"metadata":{"satisfaction_count":225,"comprehension_count":205,"contact_count":63,"contactReachability_count":64,"contactSatisfaction_count":47,"autonomy_count":139}}
