{"data":{"satisfaction":7.647058823529412,"comprehension":7.0680628272251305,"contact":4.917582417582418,"contact_reachability":0.6630434782608695,"contact_satisfaction":7.458333333333333,"autonomy":4.690721649484536},"metadata":{"satisfaction_count":204,"comprehension_count":191,"contact_count":91,"contactReachability_count":92,"contactSatisfaction_count":60,"autonomy_count":194}}
