{"data":{"satisfaction":7.7874564459930316,"comprehension":8.125,"contact":5.048076923076923,"contact_reachability":0.7358490566037735,"contact_satisfaction":6.907894736842105,"autonomy":4.857142857142857},"metadata":{"satisfaction_count":287,"comprehension_count":260,"contact_count":52,"contactReachability_count":53,"contactSatisfaction_count":38,"autonomy_count":105}}
