{"data":{"satisfaction":7.71889400921659,"comprehension":7.327586206896552,"contact":4.857142857142857,"contact_reachability":0.6822429906542056,"contact_satisfaction":7.183098591549296,"autonomy":4.70873786407767},"metadata":{"satisfaction_count":217,"comprehension_count":203,"contact_count":105,"contactReachability_count":107,"contactSatisfaction_count":71,"autonomy_count":206}}
