{"data":{"satisfaction":9.155113986444855,"comprehension":8.957504376890022,"contact":4.232352941176471,"contact_reachability":0.567409144196952,"contact_satisfaction":7.479209979209979,"autonomy":8.412327995493683},"metadata":{"satisfaction_count":12984,"comprehension_count":12566,"contact_count":850,"contactReachability_count":853,"contactSatisfaction_count":481,"autonomy_count":12427}}
