{"data":{"satisfaction":9.158333333333333,"comprehension":8.963104325699746,"contact":4.242170022371365,"contact_reachability":0.568561872909699,"contact_satisfaction":7.480276134122288,"autonomy":8.254829123328381},"metadata":{"satisfaction_count":13800,"comprehension_count":13362,"contact_count":894,"contactReachability_count":897,"contactSatisfaction_count":507,"autonomy_count":13460}}
