{"data":{"satisfaction":9.138301683984235,"comprehension":8.791714614499424,"contact":3.858173076923077,"contact_reachability":0.5666666666666667,"contact_satisfaction":6.858974358974359,"autonomy":8.111571805503203},"metadata":{"satisfaction_count":2791,"comprehension_count":2607,"contact_count":208,"contactReachability_count":210,"contactSatisfaction_count":117,"autonomy_count":2653}}
