{"data":{"satisfaction":9.183889772125067,"comprehension":8.974550898203592,"contact":4.235807860262009,"contact_reachability":0.5739130434782609,"contact_satisfaction":7.404580152671755,"autonomy":8.33648393194707},"metadata":{"satisfaction_count":3774,"comprehension_count":3674,"contact_count":229,"contactReachability_count":230,"contactSatisfaction_count":131,"autonomy_count":3703}}
