{"data":{"satisfaction":9.055640632976008,"comprehension":9.208292255449665,"contact":5,"contact_reachability":6.551724137931034,"contact_satisfaction":7.662721893491124,"autonomy":8.01881067961165},"metadata":{"satisfaction_count":9795,"comprehension_count":9129,"contact_count":259,"autonomy_count":3296}}
