{"data":{"satisfaction":9.087192013593883,"comprehension":9.013976912630149,"contact":4.465767634854772,"contact_reachability":0.6090534979423868,"contact_satisfaction":7.3715753424657535,"autonomy":8.089668615984406},"metadata":{"satisfaction_count":9416,"comprehension_count":8836,"contact_count":482,"contactReachability_count":486,"contactSatisfaction_count":292,"autonomy_count":6156}}
