{"data":{"satisfaction":9.157168784029038,"comprehension":8.962472819974508,"contact":4.243273542600897,"contact_reachability":0.5687150837988827,"contact_satisfaction":7.480237154150197,"autonomy":8.255433164632331},"metadata":{"satisfaction_count":13775,"comprehension_count":13337,"contact_count":892,"contactReachability_count":895,"contactSatisfaction_count":506,"autonomy_count":13436}}
