{"data":{"satisfaction":9.103305785123966,"comprehension":8.950397953382604,"contact":3.7007874015748032,"contact_reachability":0.5433070866141733,"contact_satisfaction":6.811594202898551,"autonomy":8.261240751280592},"metadata":{"satisfaction_count":3630,"comprehension_count":3518,"contact_count":254,"contactReachability_count":254,"contactSatisfaction_count":138,"autonomy_count":3514}}
