{"data":{"satisfaction":9.091154746892451,"comprehension":9.004534606205251,"contact":4.480737018425461,"contact_reachability":0.610648918469218,"contact_satisfaction":7.369146005509642,"autonomy":8.11484844609285},"metadata":{"satisfaction_count":11102,"comprehension_count":10475,"contact_count":597,"contactReachability_count":601,"contactSatisfaction_count":363,"autonomy_count":7819}}
