{"data":{"satisfaction":9.113851992409867,"comprehension":8.844942935852027,"contact":4.733502538071066,"contact_reachability":6.231155778894473,"contact_satisfaction":7.64344262295082,"autonomy":8.024642289348172},"metadata":{"satisfaction_count":2635,"comprehension_count":2541,"contact_count":197,"autonomy_count":2516}}
