{"data":{"satisfaction":9.135572139303482,"comprehension":8.896779789656295,"contact":4.476225854383358,"contact_reachability":0.6099706744868035,"contact_satisfaction":7.401719901719901,"autonomy":8.158153778847206},"metadata":{"satisfaction_count":9648,"comprehension_count":9223,"contact_count":673,"contactReachability_count":682,"contactSatisfaction_count":407,"autonomy_count":9143}}
