{"data":{"satisfaction":9.148347303495177,"comprehension":8.936205195659323,"contact":4.358147713950762,"contact_reachability":0.5845974329054843,"contact_satisfaction":7.479879275653923,"autonomy":8.357065534182697},"metadata":{"satisfaction_count":12646,"comprehension_count":12164,"contact_count":853,"contactReachability_count":857,"contactSatisfaction_count":497,"autonomy_count":12009}}
