{"data":{"satisfaction":9.10964230171073,"comprehension":8.817540322580646,"contact":4.896907216494846,"contact_reachability":6.326530612244898,"contact_satisfaction":7.786885245901639,"autonomy":7.995110024449878},"metadata":{"satisfaction_count":2572,"comprehension_count":2480,"contact_count":194,"autonomy_count":2454}}
