{"data":{"satisfaction":9.168079096045197,"comprehension":8.978556940017386,"contact":3.90625,"contact_reachability":0.5523809523809524,"contact_satisfaction":7.12719298245614,"autonomy":8.275171624713959},"metadata":{"satisfaction_count":3540,"comprehension_count":3451,"contact_count":208,"contactReachability_count":210,"contactSatisfaction_count":114,"autonomy_count":3496}}
