{"data":{"satisfaction":9.092950932964754,"comprehension":8.878815080789947,"contact":3.8310185185185186,"contact_reachability":0.5416666666666666,"contact_satisfaction":7.072649572649572,"autonomy":8.249013275923932},"metadata":{"satisfaction_count":2894,"comprehension_count":2785,"contact_count":216,"contactReachability_count":216,"contactSatisfaction_count":117,"autonomy_count":2787}}
