{"data":{"satisfaction":9.065201397829686,"comprehension":9.169378698224852,"contact":4.767267267267267,"contact_reachability":0.6388059701492538,"contact_satisfaction":7.488207547169812,"autonomy":8.066914498141264},"metadata":{"satisfaction_count":10874,"comprehension_count":10140,"contact_count":333,"contactReachability_count":335,"contactSatisfaction_count":212,"autonomy_count":4304}}
