{"data":{"satisfaction":9.146192183264843,"comprehension":8.90958904109589,"contact":4.512738853503185,"contact_reachability":0.6095717884130982,"contact_satisfaction":7.457894736842105,"autonomy":8.183903826741306},"metadata":{"satisfaction_count":11437,"comprehension_count":10950,"contact_count":785,"contactReachability_count":794,"contactSatisfaction_count":475,"autonomy_count":10897}}
