{"data":{"satisfaction":9.05661312710688,"comprehension":9.201222753854333,"contact":4.936131386861314,"contact_reachability":6.4855072463768115,"contact_satisfaction":7.641242937853107,"autonomy":8.02919708029197},"metadata":{"satisfaction_count":10086,"comprehension_count":9405,"contact_count":274,"autonomy_count":3562}}
