{"data":{"satisfaction":9.154576111677516,"comprehension":8.958096936294375,"contact":4.2556346381969155,"contact_reachability":0.5697399527186762,"contact_satisfaction":7.489561586638831,"autonomy":8.35502766026684},"metadata":{"satisfaction_count":12751,"comprehension_count":12338,"contact_count":843,"contactReachability_count":846,"contactSatisfaction_count":479,"autonomy_count":12292}}
