{"data":{"satisfaction":9.151144225651942,"comprehension":8.995346290719956,"contact":4.385775862068965,"contact_reachability":0.6068376068376068,"contact_satisfaction":7.267857142857143,"autonomy":8.386388583973655},"metadata":{"satisfaction_count":3758,"comprehension_count":3653,"contact_count":232,"contactReachability_count":234,"contactSatisfaction_count":140,"autonomy_count":3644}}
