{"data":{"satisfaction":9.157163221667854,"comprehension":8.818147159740755,"contact":3.9215686274509802,"contact_reachability":0.558252427184466,"contact_satisfaction":7.079646017699115,"autonomy":8.118440779610195},"metadata":{"satisfaction_count":2806,"comprehension_count":2623,"contact_count":204,"contactReachability_count":206,"contactSatisfaction_count":113,"autonomy_count":2668}}
