{"data":{"satisfaction":9.138947368421052,"comprehension":8.86150758251561,"contact":4.4879518072289155,"contact_reachability":0.6428571428571429,"contact_satisfaction":7.028301886792453,"autonomy":8.100088573959257},"metadata":{"satisfaction_count":2375,"comprehension_count":2242,"contact_count":166,"contactReachability_count":168,"contactSatisfaction_count":106,"autonomy_count":2258}}
