{"data":{"satisfaction":9.147594581971042,"comprehension":8.934728067335707,"contact":4.364942528735632,"contact_reachability":0.5846681922196796,"contact_satisfaction":7.490138067061144,"autonomy":8.343563303052623},"metadata":{"satisfaction_count":12846,"comprehension_count":12356,"contact_count":870,"contactReachability_count":874,"contactSatisfaction_count":507,"autonomy_count":12219}}
