{"data":{"satisfaction":9.131637168141593,"comprehension":8.865546218487395,"contact":4.777486910994765,"contact_reachability":6.321243523316062,"contact_satisfaction":7.604166666666667,"autonomy":8.060161974546856},"metadata":{"satisfaction_count":2712,"comprehension_count":2618,"contact_count":191,"autonomy_count":2593}}
