{"data":{"satisfaction":9.156695812241141,"comprehension":8.957805071315372,"contact":4.234154929577465,"contact_reachability":0.5672514619883041,"contact_satisfaction":7.484439834024896,"autonomy":8.456024484536082},"metadata":{"satisfaction_count":13038,"comprehension_count":12620,"contact_count":852,"contactReachability_count":855,"contactSatisfaction_count":482,"autonomy_count":12416}}
