{"data":{"satisfaction":9.067766062899883,"comprehension":9.165700202957378,"contact":4.797687861271676,"contact_reachability":0.6457142857142857,"contact_satisfaction":7.4774774774774775,"autonomy":8.06251385502106},"metadata":{"satisfaction_count":11097,"comprehension_count":10347,"contact_count":346,"contactReachability_count":350,"contactSatisfaction_count":222,"autonomy_count":4511}}
