{"data":{"satisfaction":9.14868849914636,"comprehension":8.934938689899967,"contact":4.372133027522936,"contact_reachability":0.5856164383561644,"contact_satisfaction":7.490176817288802,"autonomy":8.34121676724841},"metadata":{"satisfaction_count":12886,"comprehension_count":12396,"contact_count":872,"contactReachability_count":876,"contactSatisfaction_count":509,"autonomy_count":12262}}
