{"data":{"satisfaction":9.151761517615176,"comprehension":8.84893125361063,"contact":4.39453125,"contact_reachability":0.6307692307692307,"contact_satisfaction":7.03125,"autonomy":8.086807538549401},"metadata":{"satisfaction_count":1845,"comprehension_count":1731,"contact_count":128,"contactReachability_count":130,"contactSatisfaction_count":80,"autonomy_count":1751}}
