{"data":{"satisfaction":9.111429595127195,"comprehension":8.819730438038189,"contact":4.430693069306931,"contact_reachability":0.6206896551724138,"contact_satisfaction":7.16,"autonomy":8.048780487804878},"metadata":{"satisfaction_count":2791,"comprehension_count":2671,"contact_count":202,"contactReachability_count":203,"contactSatisfaction_count":125,"autonomy_count":2665}}
