{"data":{"satisfaction":9.111617312072893,"comprehension":8.877118644067796,"contact":3.968609865470852,"contact_reachability":0.5515695067264574,"contact_satisfaction":7.195121951219512,"autonomy":8.253807106598984},"metadata":{"satisfaction_count":3073,"comprehension_count":2950,"contact_count":223,"contactReachability_count":223,"contactSatisfaction_count":123,"autonomy_count":2955}}
