{"data":{"satisfaction":9.137878324671354,"comprehension":8.897474155387403,"contact":4.472713864306785,"contact_reachability":0.6084425036390102,"contact_satisfaction":7.41442542787286,"autonomy":8.146043319751232},"metadata":{"satisfaction_count":9813,"comprehension_count":9383,"contact_count":678,"contactReachability_count":687,"contactSatisfaction_count":409,"autonomy_count":9326}}
