{"data":{"satisfaction":9.118722979714,"comprehension":8.840567028351417,"contact":3.8555555555555556,"contact_reachability":0.5466666666666666,"contact_satisfaction":7.0528455284552845,"autonomy":8.258154059680777},"metadata":{"satisfaction_count":3007,"comprehension_count":2857,"contact_count":225,"contactReachability_count":225,"contactSatisfaction_count":123,"autonomy_count":2882}}
