{"data":{"satisfaction":9.137409200968523,"comprehension":8.897911832946635,"contact":4.487554904831625,"contact_reachability":0.6098265895953757,"contact_satisfaction":7.421307506053269,"autonomy":8.158929140550303},"metadata":{"satisfaction_count":9912,"comprehension_count":9482,"contact_count":683,"contactReachability_count":692,"contactSatisfaction_count":413,"autonomy_count":9413}}
