{"data":{"satisfaction":9.113924050632912,"comprehension":8.844711177794448,"contact":4.7265625,"contact_reachability":6.288659793814433,"contact_satisfaction":7.5625,"autonomy":8.100643208475217},"metadata":{"satisfaction_count":2765,"comprehension_count":2666,"contact_count":192,"autonomy_count":2643}}
