{"data":{"satisfaction":9.142248722316866,"comprehension":8.910723812911257,"contact":4.479038224414303,"contact_reachability":0.6060975609756097,"contact_satisfaction":7.443647540983607,"autonomy":8.164810690423163},"metadata":{"satisfaction_count":11740,"comprehension_count":11246,"contact_count":811,"contactReachability_count":820,"contactSatisfaction_count":488,"autonomy_count":11225}}
