{"data":{"satisfaction":9.118513065881487,"comprehension":8.859214040442579,"contact":4.756410256410256,"contact_reachability":6.2944162436548226,"contact_satisfaction":7.602459016393443,"autonomy":8.032345013477089},"metadata":{"satisfaction_count":2717,"comprehension_count":2621,"contact_count":195,"autonomy_count":2597}}
