{"data":{"satisfaction":9.139780018331805,"comprehension":8.904096477794793,"contact":4.4555112881806105,"contact_reachability":0.6023622047244095,"contact_satisfaction":7.455555555555556,"autonomy":8.167115902964959},"metadata":{"satisfaction_count":10910,"comprehension_count":10448,"contact_count":753,"contactReachability_count":762,"contactSatisfaction_count":450,"autonomy_count":10388}}
