{"data":{"satisfaction":9.105425163524432,"comprehension":8.828685258964143,"contact":4.725,"contact_reachability":6.188118811881188,"contact_satisfaction":7.682926829268292,"autonomy":8.005640612409348},"metadata":{"satisfaction_count":2599,"comprehension_count":2510,"contact_count":200,"autonomy_count":2482}}
