{"data":{"satisfaction":9.17682101272678,"comprehension":9.052704576976423,"contact":4.735023041474655,"contact_reachability":0.6330275229357798,"contact_satisfaction":7.5,"autonomy":8.27605476390053},"metadata":{"satisfaction_count":3693,"comprehension_count":3605,"contact_count":217,"contactReachability_count":218,"contactSatisfaction_count":137,"autonomy_count":3579}}
