{"data":{"satisfaction":9.147115050399721,"comprehension":8.910518195843544,"contact":4.510800508259212,"contact_reachability":0.6092964824120602,"contact_satisfaction":7.457983193277311,"autonomy":8.183723685409642},"metadata":{"satisfaction_count":11508,"comprehension_count":11019,"contact_count":787,"contactReachability_count":796,"contactSatisfaction_count":476,"autonomy_count":10973}}
