{"data":{"satisfaction":9.146523688142745,"comprehension":8.909061696658098,"contact":4.513444302176697,"contact_reachability":0.6088607594936709,"contact_satisfaction":7.468220338983051,"autonomy":8.186767555596568},"metadata":{"satisfaction_count":11377,"comprehension_count":10892,"contact_count":781,"contactReachability_count":790,"contactSatisfaction_count":472,"autonomy_count":10837}}
