{"data":{"satisfaction":9.173295454545455,"comprehension":8.884172225591268,"contact":4.354166666666667,"contact_reachability":0.6147540983606558,"contact_satisfaction":7.157534246575342,"autonomy":8.120885697187314},"metadata":{"satisfaction_count":1760,"comprehension_count":1649,"contact_count":120,"contactReachability_count":122,"contactSatisfaction_count":73,"autonomy_count":1671}}
