{"data":{"satisfaction":9.171597633136095,"comprehension":9.060435022026432,"contact":4.767441860465116,"contact_reachability":0.6372093023255814,"contact_satisfaction":7.481751824817518,"autonomy":8.316638842515303},"metadata":{"satisfaction_count":3718,"comprehension_count":3632,"contact_count":215,"contactReachability_count":215,"contactSatisfaction_count":137,"autonomy_count":3594}}
