{"data":{"satisfaction":9.116672800883327,"comprehension":8.784790278322227,"contact":4,"contact_reachability":0.5801886792452831,"contact_satisfaction":6.9421487603305785,"autonomy":8.089540717869548},"metadata":{"satisfaction_count":2717,"comprehension_count":2551,"contact_count":210,"contactReachability_count":212,"contactSatisfaction_count":121,"autonomy_count":2591}}
