{"data":{"satisfaction":9.110714285714286,"comprehension":8.823749066467514,"contact":4.353233830845771,"contact_reachability":0.6138613861386139,"contact_satisfaction":7.1138211382113825,"autonomy":8.047138047138047},"metadata":{"satisfaction_count":2800,"comprehension_count":2678,"contact_count":201,"contactReachability_count":202,"contactSatisfaction_count":123,"autonomy_count":2673}}
