{"data":{"satisfaction":9.11239300334946,"comprehension":8.849267540478026,"contact":4.753886010362694,"contact_reachability":6.256410256410256,"contact_satisfaction":7.645833333333333,"autonomy":8.024162120031177},"metadata":{"satisfaction_count":2687,"comprehension_count":2594,"contact_count":193,"autonomy_count":2566}}
