{"data":{"satisfaction":9.154993564019081,"comprehension":8.956622076194947,"contact":4.213124274099884,"contact_reachability":0.5648148148148148,"contact_satisfaction":7.479381443298969,"autonomy":8.335423197492164},"metadata":{"satisfaction_count":13207,"comprehension_count":12783,"contact_count":861,"contactReachability_count":864,"contactSatisfaction_count":485,"autonomy_count":12760}}
