{"data":{"satisfaction":9.174540029835903,"comprehension":9.01714870744817,"contact":4.296875,"contact_reachability":0.5797665369649806,"contact_satisfaction":7.4324324324324325,"autonomy":8.319327731092438},"metadata":{"satisfaction_count":4022,"comprehension_count":3907,"contact_count":256,"contactReachability_count":257,"contactSatisfaction_count":148,"autonomy_count":3927}}
