{"data":{"satisfaction":9.13031474323578,"comprehension":8.974140380789997,"contact":3.8979591836734695,"contact_reachability":0.5506072874493927,"contact_satisfaction":7.126865671641791,"autonomy":8.29623287671233},"metadata":{"satisfaction_count":3622,"comprehension_count":3519,"contact_count":245,"contactReachability_count":247,"contactSatisfaction_count":134,"autonomy_count":3504}}
