{"data":{"satisfaction":7.288936299908564,"comprehension":8.692689964732287,"contact":5.034722222222222,"autonomy":5.302593659942363},"metadata":{"satisfaction_count":3281,"comprehension_count":3119,"contact_count":72,"autonomy_count":347}}
