{"data":{"satisfaction":7.222062625682275,"comprehension":8.204172876304025,"contact":3.8176895306859207,"contact_reachability":0.5714285714285714,"contact_satisfaction":6.735668789808917,"autonomy":5.385139740967962},"metadata":{"satisfaction_count":3481,"comprehension_count":3355,"contact_count":277,"contactReachability_count":280,"contactSatisfaction_count":157,"autonomy_count":1467}}
