{"data":{"satisfaction":7.290303390838787,"comprehension":8.65703125,"contact":4.791666666666667,"contact_reachability":6.666666666666666,"contact_satisfaction":7.1875,"autonomy":5.3629976580796255},"metadata":{"satisfaction_count":3362,"comprehension_count":3200,"contact_count":84,"autonomy_count":427}}
