{"data":{"satisfaction":7.289887021217966,"comprehension":8.569572748267898,"contact":4.085820895522388,"contact_reachability":6.296296296296297,"contact_satisfaction":6.517857142857143,"autonomy":5.510204081632653},"metadata":{"satisfaction_count":3629,"comprehension_count":3464,"contact_count":134,"autonomy_count":686}}
