{"data":{"satisfaction":7.2462311557788945,"comprehension":7.559217301750772,"contact":2.727272727272727,"contact_reachability":0.4576271186440678,"contact_satisfaction":6,"autonomy":5.24504692387904},"metadata":{"satisfaction_count":995,"comprehension_count":971,"contact_count":176,"contactReachability_count":177,"contactSatisfaction_count":80,"autonomy_count":959}}
