{"data":{"satisfaction":7.262532981530343,"comprehension":7.439678284182306,"contact":3.6481481481481484,"contact_reachability":5.882352941176471,"contact_satisfaction":6.234177215189874,"autonomy":5.46448087431694},"metadata":{"satisfaction_count":758,"comprehension_count":746,"contact_count":135,"autonomy_count":732}}
