{"data":{"satisfaction":7.195269860521528,"comprehension":8.229461756373938,"contact":3.904255319148936,"contact_reachability":5.966386554621849,"contact_satisfaction":6.600719424460432,"autonomy":5.385208012326657},"metadata":{"satisfaction_count":3298,"comprehension_count":3177,"contact_count":235,"autonomy_count":1298}}
