{"data":{"satisfaction":7.056694813027744,"comprehension":7.400744416873449,"contact":3.5122699386503067,"contact_reachability":0.5030674846625767,"contact_satisfaction":6.9817073170731705,"autonomy":4.974811083123425},"metadata":{"satisfaction_count":829,"comprehension_count":806,"contact_count":163,"contactReachability_count":163,"contactSatisfaction_count":82,"autonomy_count":794}}
