{"data":{"satisfaction":7.217434537620153,"comprehension":8.299137931034483,"contact":3.904639175257732,"contact_reachability":6.091370558375635,"contact_satisfaction":6.4743589743589745,"autonomy":5.483870967741935},"metadata":{"satisfaction_count":3017,"comprehension_count":2900,"contact_count":194,"autonomy_count":1023}}
