{"data":{"satisfaction":7.125225767609874,"comprehension":7.747133560582585,"contact":3.612938596491228,"contact_reachability":0.5446623093681917,"contact_satisfaction":6.67004048582996,"autonomy":5.234171725932351},"metadata":{"satisfaction_count":3322,"comprehension_count":3227,"contact_count":456,"contactReachability_count":459,"contactSatisfaction_count":247,"autonomy_count":2306}}
