{"data":{"satisfaction":6.790668348045397,"comprehension":7.209302325581396,"contact":3.6834319526627217,"contact_reachability":0.514792899408284,"contact_satisfaction":7.155172413793103,"autonomy":4.934210526315789},"metadata":{"satisfaction_count":793,"comprehension_count":774,"contact_count":169,"contactReachability_count":169,"contactSatisfaction_count":87,"autonomy_count":760}}
