{"data":{"satisfaction":7.292117465224111,"comprehension":8.705662219329644,"contact":5.169491525423729,"autonomy":5.2805280528052805},"metadata":{"satisfaction_count":3235,"comprehension_count":3073,"contact_count":59,"autonomy_count":303}}
