{"data":{"satisfaction":7.327657237022796,"comprehension":7.525359256128487,"contact":3.173854447439353,"contact_reachability":0.48326639892904955,"contact_satisfaction":6.615168539325842,"autonomy":5.3010659752232785},"metadata":{"satisfaction_count":3641,"comprehension_count":3549,"contact_count":742,"contactReachability_count":747,"contactSatisfaction_count":356,"autonomy_count":3471}}
