{"data":{"satisfaction":7.455262359720958,"comprehension":7.630597014925373,"contact":2.980769230769231,"contact_reachability":0.46636085626911317,"contact_satisfaction":6.43687707641196,"autonomy":5.436028007638447},"metadata":{"satisfaction_count":3297,"comprehension_count":3216,"contact_count":650,"contactReachability_count":654,"contactSatisfaction_count":301,"autonomy_count":3142}}
