{"data":{"satisfaction":7.292013311148087,"comprehension":8.579628015111886,"contact":4.109848484848484,"contact_reachability":6.315789473684211,"contact_satisfaction":6.536144578313253,"autonomy":5.5120481927710845},"metadata":{"satisfaction_count":3606,"comprehension_count":3441,"contact_count":132,"autonomy_count":664}}
