{"data":{"satisfaction":7.324574499850701,"comprehension":7.514561618638872,"contact":3.1401137980085347,"contact_reachability":0.4774011299435028,"contact_satisfaction":6.629129129129129,"autonomy":5.26266416510319},"metadata":{"satisfaction_count":3349,"comprehension_count":3262,"contact_count":703,"contactReachability_count":708,"contactSatisfaction_count":333,"autonomy_count":3198}}
