{"data":{"satisfaction":6.829128440366972,"comprehension":7.120141342756184,"contact":3.125,"contact_reachability":0.4787234042553192,"contact_satisfaction":6.527777777777778,"autonomy":4.9939975990396155},"metadata":{"satisfaction_count":872,"comprehension_count":849,"contact_count":188,"contactReachability_count":188,"contactSatisfaction_count":90,"autonomy_count":833}}
