{"data":{"satisfaction":7.327804329491144,"comprehension":7.530294287362954,"contact":3.1842818428184283,"contact_reachability":0.4845222072678331,"contact_satisfaction":6.619718309859155,"autonomy":5.2707474985285465},"metadata":{"satisfaction_count":3557,"comprehension_count":3466,"contact_count":738,"contactReachability_count":743,"contactSatisfaction_count":355,"autonomy_count":3398}}
