{"data":{"satisfaction":7.447065940713854,"comprehension":7.626356589147287,"contact":2.974732006125574,"contact_reachability":0.4657534246575342,"contact_satisfaction":6.432119205298013,"autonomy":5.426577862353314},"metadata":{"satisfaction_count":3306,"comprehension_count":3225,"contact_count":653,"contactReachability_count":657,"contactSatisfaction_count":302,"autonomy_count":3153}}
