{"data":{"satisfaction":7.539414414414415,"comprehension":7.764976958525345,"contact":2.6005747126436782,"contact_reachability":0.4431818181818182,"contact_satisfaction":5.953947368421052,"autonomy":5.421545667447306},"metadata":{"satisfaction_count":888,"comprehension_count":868,"contact_count":174,"contactReachability_count":176,"contactSatisfaction_count":76,"autonomy_count":854}}
