{"data":{"satisfaction":7.584269662921348,"comprehension":7.744252873563219,"contact":2.513368983957219,"contact_reachability":0.43915343915343913,"contact_satisfaction":5.802469135802469,"autonomy":5.319396051103368},"metadata":{"satisfaction_count":890,"comprehension_count":870,"contact_count":187,"contactReachability_count":189,"contactSatisfaction_count":81,"autonomy_count":861}}
