{"data":{"satisfaction":7.328535139712108,"comprehension":7.529692931633836,"contact":3.1818181818181817,"contact_reachability":0.4838274932614555,"contact_satisfaction":6.624293785310734,"autonomy":5.267355982274742},"metadata":{"satisfaction_count":3543,"comprehension_count":3452,"contact_count":737,"contactReachability_count":742,"contactSatisfaction_count":354,"autonomy_count":3385}}
