{"data":{"satisfaction":7.034198113207547,"comprehension":7.270253929866989,"contact":3.2386363636363638,"contact_reachability":0.48295454545454547,"contact_satisfaction":6.705882352941177,"autonomy":4.987654320987654},"metadata":{"satisfaction_count":848,"comprehension_count":827,"contact_count":176,"contactReachability_count":176,"contactSatisfaction_count":85,"autonomy_count":810}}
