{"data":{"satisfaction":7.3265136853746196,"comprehension":7.524815655133295,"contact":3.173854447439353,"contact_reachability":0.48326639892904955,"contact_satisfaction":6.615168539325842,"autonomy":5.288155227338546},"metadata":{"satisfaction_count":3617,"comprehension_count":3526,"contact_count":742,"contactReachability_count":747,"contactSatisfaction_count":356,"autonomy_count":3453}}
