{"data":{"satisfaction":7.207422927267285,"comprehension":8.229037267080745,"contact":3.89917695473251,"contact_reachability":0.5934959349593496,"contact_satisfaction":6.625874125874126,"autonomy":5.370786516853933},"metadata":{"satisfaction_count":3341,"comprehension_count":3220,"contact_count":243,"contactReachability_count":246,"contactSatisfaction_count":143,"autonomy_count":1335}}
