{"data":{"satisfaction":7.203310430980637,"comprehension":8.25056799740344,"contact":3.8839285714285716,"contact_reachability":6.035242290748899,"contact_satisfaction":6.492537313432836,"autonomy":5.3903654485049834},"metadata":{"satisfaction_count":3202,"comprehension_count":3081,"contact_count":224,"autonomy_count":1204}}
