{"data":{"satisfaction":7.124221761043581,"comprehension":7.740311260299054,"contact":3.6530172413793105,"contact_reachability":0.5460385438972163,"contact_satisfaction":6.726190476190476,"autonomy":5.237691001697793},"metadata":{"satisfaction_count":3373,"comprehension_count":3277,"contact_count":464,"contactReachability_count":467,"contactSatisfaction_count":252,"autonomy_count":2356}}
