{"data":{"satisfaction":7.102966841186737,"comprehension":7.477758007117438,"contact":3.3726415094339623,"contact_reachability":0.5092592592592593,"contact_satisfaction":6.745283018867925,"autonomy":5.1454545454545455},"metadata":{"satisfaction_count":573,"comprehension_count":562,"contact_count":106,"contactReachability_count":108,"contactSatisfaction_count":53,"autonomy_count":550}}
