{"data":{"satisfaction":7.135416666666667,"comprehension":7.397757255936676,"contact":3.2553956834532376,"contact_reachability":5.633802816901409,"contact_satisfaction":5.876623376623376,"autonomy":5.5720053835800805},"metadata":{"satisfaction_count":768,"comprehension_count":758,"contact_count":139,"autonomy_count":743}}
