{"data":{"satisfaction":7.283840190816935,"comprehension":8.657581453634085,"contact":4.791666666666667,"contact_reachability":6.666666666666666,"contact_satisfaction":7.1875,"autonomy":5.298329355608592},"metadata":{"satisfaction_count":3354,"comprehension_count":3192,"contact_count":84,"autonomy_count":419}}
