{"data":{"satisfaction":7.027027027027027,"comprehension":7.243975903614458,"contact":3.310055865921788,"contact_reachability":0.49162011173184356,"contact_satisfaction":6.732954545454546,"autonomy":5.012285012285012},"metadata":{"satisfaction_count":851,"comprehension_count":830,"contact_count":179,"contactReachability_count":179,"contactSatisfaction_count":88,"autonomy_count":814}}
