{"data":{"satisfaction":7.556053811659193,"comprehension":7.7088100686498855,"contact":2.5546448087431695,"contact_reachability":0.42702702702702705,"contact_satisfaction":6.071428571428571,"autonomy":5.474537037037037},"metadata":{"satisfaction_count":892,"comprehension_count":874,"contact_count":183,"contactReachability_count":185,"contactSatisfaction_count":77,"autonomy_count":864}}
