{"data":{"satisfaction":7.328034682080925,"comprehension":7.531129558256745,"contact":3.156808803301238,"contact_reachability":0.4808743169398907,"contact_satisfaction":6.6138328530259365,"autonomy":5.255364158355999},"metadata":{"satisfaction_count":3460,"comprehension_count":3373,"contact_count":727,"contactReachability_count":732,"contactSatisfaction_count":347,"autonomy_count":3309}}
