{"data":{"satisfaction":7.290182719108083,"comprehension":8.704760352135638,"contact":5.258620689655173,"autonomy":5.286195286195286},"metadata":{"satisfaction_count":3229,"comprehension_count":3067,"contact_count":58,"autonomy_count":297}}
