{"data":{"satisfaction":7.464985994397759,"comprehension":7.6355661881977674,"contact":2.9952830188679247,"contact_reachability":0.46875,"contact_satisfaction":6.4358108108108105,"autonomy":5.438825448613377},"metadata":{"satisfaction_count":3213,"comprehension_count":3135,"contact_count":636,"contactReachability_count":640,"contactSatisfaction_count":296,"autonomy_count":3065}}
