{"data":{"satisfaction":7.137740149788343,"comprehension":7.792588866532529,"contact":3.641439205955335,"contact_reachability":0.5541871921182266,"contact_satisfaction":6.61036036036036,"autonomy":5.237173281703775},"metadata":{"satisfaction_count":3071,"comprehension_count":2982,"contact_count":403,"contactReachability_count":406,"contactSatisfaction_count":222,"autonomy_count":2066}}
