{"data":{"satisfaction":7.207438766253402,"comprehension":7.441932486838031,"contact":3.6137440758293837,"contact_reachability":0.5396578538102644,"contact_satisfaction":6.787833827893175,"autonomy":5.2631578947368425},"metadata":{"satisfaction_count":3307,"comprehension_count":3229,"contact_count":633,"contactReachability_count":643,"contactSatisfaction_count":337,"autonomy_count":3154}}
