{"data":{"satisfaction":7.183734939759036,"comprehension":7.38928939237899,"contact":3.762135922330097,"contact_reachability":0.5339805825242718,"contact_satisfaction":7.045454545454546,"autonomy":5.137420718816068},"metadata":{"satisfaction_count":996,"comprehension_count":971,"contact_count":206,"contactReachability_count":206,"contactSatisfaction_count":110,"autonomy_count":946}}
