{"data":{"satisfaction":7.247658688865765,"comprehension":8.360137332851464,"contact":4.15680473372781,"contact_reachability":6.235294117647059,"contact_satisfaction":6.690476190476191,"autonomy":5.504484304932736},"metadata":{"satisfaction_count":2883,"comprehension_count":2767,"contact_count":169,"autonomy_count":892}}
