{"data":{"satisfaction":6.780575539568345,"comprehension":7.175925925925926,"contact":3.6235955056179776,"contact_reachability":0.5112359550561798,"contact_satisfaction":7.087912087912088,"autonomy":4.899497487437186},"metadata":{"satisfaction_count":834,"comprehension_count":810,"contact_count":178,"contactReachability_count":178,"contactSatisfaction_count":91,"autonomy_count":796}}
