{"data":{"satisfaction":7.249826268241835,"comprehension":8.365314989138305,"contact":4.15680473372781,"contact_reachability":6.235294117647059,"contact_satisfaction":6.690476190476191,"autonomy":5.52423900789177},"metadata":{"satisfaction_count":2878,"comprehension_count":2762,"contact_count":169,"autonomy_count":887}}
