{"data":{"satisfaction":5.759312320916905,"comprehension":5.8636149126946675,"contact":2.966417910447761,"contact_reachability":0.5302013422818792,"contact_satisfaction":6.2109375,"autonomy":6.871508379888268},"metadata":{"satisfaction_count":3141,"comprehension_count":2119,"contact_count":134,"contactReachability_count":149,"contactSatisfaction_count":64,"autonomy_count":1790}}
