{"data":{"satisfaction":6.980030143180105,"comprehension":8.335421888053467,"contact":2.625,"contact_reachability":5,"contact_satisfaction":5.526315789473684,"autonomy":7.8711985688729875},"metadata":{"satisfaction_count":5308,"comprehension_count":3591,"contact_count":80,"autonomy_count":1677}}
