{"data":{"satisfaction":7.0447139753801595,"comprehension":8.313285217856189,"contact":2.4725274725274726,"contact_reachability":0.4631578947368421,"contact_satisfaction":5.625,"autonomy":7.866154690071311},"metadata":{"satisfaction_count":5524,"comprehension_count":3741,"contact_count":91,"contactReachability_count":95,"contactSatisfaction_count":40,"autonomy_count":1823}}
