{"data":{"satisfaction":7.767906718489728,"comprehension":7.651685393258427,"contact":2.253086419753086,"contact_reachability":0.38271604938271603,"contact_satisfaction":5.887096774193548,"autonomy":7.518427518427519},"metadata":{"satisfaction_count":1801,"comprehension_count":1335,"contact_count":81,"contactReachability_count":81,"contactSatisfaction_count":31,"autonomy_count":1221}}
