{"data":{"satisfaction":7.298407806882383,"comprehension":7.37719298245614,"contact":2.5,"contact_reachability":0.35714285714285715,"contact_satisfaction":7.155172413793103,"autonomy":7.35408560311284},"metadata":{"satisfaction_count":1947,"comprehension_count":1425,"contact_count":83,"contactReachability_count":84,"contactSatisfaction_count":29,"autonomy_count":1285}}
