{"data":{"satisfaction":6.836734693877551,"comprehension":8.337891218474628,"contact":2.640845070422535,"contact_reachability":5.066666666666667,"contact_satisfaction":5.514705882352941,"autonomy":7.821428571428571},"metadata":{"satisfaction_count":4900,"comprehension_count":3291,"contact_count":71,"autonomy_count":1400}}
