{"data":{"satisfaction":8.515189088654681,"comprehension":8.411290322580646,"contact":2.8645833333333335,"contact_reachability":5.961538461538462,"contact_satisfaction":5.092592592592593,"autonomy":7.8264680105170905},"metadata":{"satisfaction_count":1613,"comprehension_count":1240,"contact_count":48,"autonomy_count":1141}}
