{"data":{"satisfaction":8.299620733249052,"comprehension":8.310372771474878,"contact":2.2641509433962264,"contact_reachability":5.087719298245615,"contact_satisfaction":4.8,"autonomy":7.789661319073084},"metadata":{"satisfaction_count":1582,"comprehension_count":1234,"contact_count":53,"autonomy_count":1122}}
