{"data":{"satisfaction":6.292293837643124,"comprehension":6.382417182380779,"contact":2.5,"contact_reachability":0.4697406340057637,"contact_satisfaction":5.833333333333333,"autonomy":7.122093023255814},"metadata":{"satisfaction_count":7773,"comprehension_count":5494,"contact_count":322,"contactReachability_count":347,"contactSatisfaction_count":138,"autonomy_count":4816}}
