{"data":{"satisfaction":8.104294478527608,"comprehension":7.792485055508113,"contact":1.619718309859155,"contact_reachability":0.30985915492957744,"contact_satisfaction":5.2272727272727275,"autonomy":7.690892364305427},"metadata":{"satisfaction_count":1630,"comprehension_count":1171,"contact_count":71,"contactReachability_count":71,"contactSatisfaction_count":22,"autonomy_count":1087}}
