{"data":{"satisfaction":7.857142857142857,"comprehension":7.596153846153846,"contact":2.0547945205479454,"contact_reachability":0.3698630136986301,"contact_satisfaction":5.555555555555555,"autonomy":7.547826086956522},"metadata":{"satisfaction_count":1708,"comprehension_count":1248,"contact_count":73,"contactReachability_count":73,"contactSatisfaction_count":27,"autonomy_count":1150}}
