{"data":{"satisfaction":4.783627558194032,"comprehension":5.0526971894832275,"contact":2.375886524822695,"contact_reachability":0.5096153846153846,"contact_satisfaction":5.1937984496124034,"autonomy":6.658516707416463},"metadata":{"satisfaction_count":6401,"comprehension_count":4412,"contact_count":282,"contactReachability_count":312,"contactSatisfaction_count":129,"autonomy_count":3681}}
