{"data":{"satisfaction":6.238730616660656,"comprehension":6.381889763779528,"contact":2.1825396825396823,"contact_reachability":0.39097744360902253,"contact_satisfaction":6.111111111111111,"autonomy":6.994502138057422},"metadata":{"satisfaction_count":2773,"comprehension_count":1905,"contact_count":126,"contactReachability_count":133,"contactSatisfaction_count":45,"autonomy_count":1637}}
