{"data":{"satisfaction":6.328252032520325,"comprehension":8.42469018112488,"contact":2.878787878787879,"contact_reachability":4.242424242424242,"contact_satisfaction":6.785714285714286,"autonomy":8.063492063492063},"metadata":{"satisfaction_count":4920,"comprehension_count":3147,"contact_count":33,"autonomy_count":630}}
