{"data":{"satisfaction":4.400535833891493,"comprehension":4.817535545023697,"contact":2.6293103448275863,"contact_reachability":0.48484848484848486,"contact_satisfaction":6.354166666666667,"autonomy":6.786516853932584},"metadata":{"satisfaction_count":1493,"comprehension_count":1055,"contact_count":58,"contactReachability_count":66,"contactSatisfaction_count":24,"autonomy_count":890}}
