{"data":{"satisfaction":8.304816223067174,"comprehension":8.3442088091354,"contact":2.2641509433962264,"contact_reachability":5.087719298245615,"contact_satisfaction":4.8,"autonomy":7.846291331546023},"metadata":{"satisfaction_count":1578,"comprehension_count":1226,"contact_count":53,"autonomy_count":1119}}
