{"data":{"satisfaction":6.349094567404427,"comprehension":8.424442349984291,"contact":2.7142857142857144,"contact_reachability":4.285714285714286,"contact_satisfaction":6.333333333333333,"autonomy":8.045112781954888},"metadata":{"satisfaction_count":4970,"comprehension_count":3183,"contact_count":35,"autonomy_count":665}}
