{"data":{"satisfaction":5.512155591572123,"comprehension":5.595754944524844,"contact":2.9734848484848486,"contact_reachability":0.5374149659863946,"contact_satisfaction":6.1328125,"autonomy":6.825304701102728},"metadata":{"satisfaction_count":3085,"comprehension_count":2073,"contact_count":132,"contactReachability_count":147,"contactSatisfaction_count":64,"autonomy_count":1723}}
