{"data":{"satisfaction":4.412162162162162,"comprehension":4.832214765100671,"contact":2.013888888888889,"contact_reachability":0.48148148148148145,"contact_satisfaction":4.833333333333333,"autonomy":6.311569301260023},"metadata":{"satisfaction_count":1480,"comprehension_count":1043,"contact_count":72,"contactReachability_count":81,"contactSatisfaction_count":30,"autonomy_count":873}}
