{"data":{"satisfaction":6.152988403211419,"comprehension":8.43794452347084,"contact":3.5526315789473686,"autonomy":7.824773413897281},"metadata":{"satisfaction_count":4484,"comprehension_count":2812,"contact_count":19,"autonomy_count":331}}
