{"data":{"satisfaction":8.418530351437699,"comprehension":7.99502712477396,"contact":1.856060606060606,"contact_reachability":0.3484848484848485,"contact_satisfaction":5.326086956521739,"autonomy":7.859884836852207},"metadata":{"satisfaction_count":1565,"comprehension_count":1106,"contact_count":66,"contactReachability_count":66,"contactSatisfaction_count":23,"autonomy_count":1042}}
