{"data":{"satisfaction":4.438844086021505,"comprehension":4.840171755725191,"contact":2.013888888888889,"contact_reachability":0.48148148148148145,"contact_satisfaction":4.833333333333333,"autonomy":6.351197263397948},"metadata":{"satisfaction_count":1488,"comprehension_count":1048,"contact_count":72,"contactReachability_count":81,"contactSatisfaction_count":30,"autonomy_count":877}}
