{"data":{"satisfaction":6.471796787448636,"comprehension":6.674757281553398,"contact":2.256637168141593,"contact_reachability":0.3813559322033898,"contact_satisfaction":6.375,"autonomy":7.070457354758962},"metadata":{"satisfaction_count":2677,"comprehension_count":1854,"contact_count":113,"contactReachability_count":118,"contactSatisfaction_count":40,"autonomy_count":1618}}
