{"data":{"satisfaction":5.553935860058309,"comprehension":5.752082544490723,"contact":2.468652037617555,"contact_reachability":0.47277936962750716,"contact_satisfaction":5.833333333333333,"autonomy":6.85910196859102},"metadata":{"satisfaction_count":7546,"comprehension_count":5282,"contact_count":319,"contactReachability_count":349,"contactSatisfaction_count":135,"autonomy_count":4521}}
