{"data":{"satisfaction":6.944284341978866,"comprehension":8.337126600284495,"contact":2.664473684210526,"contact_reachability":5.125,"contact_satisfaction":5.472972972972973,"autonomy":7.862928348909658},"metadata":{"satisfaction_count":5205,"comprehension_count":3515,"contact_count":76,"autonomy_count":1605}}
