{"data":{"satisfaction":7.022092267706303,"comprehension":7.047183481253396,"contact":2.5892857142857144,"contact_reachability":0.47416413373860183,"contact_satisfaction":5.907407407407407,"autonomy":7.308712507651499},"metadata":{"satisfaction_count":7695,"comprehension_count":5521,"contact_count":308,"contactReachability_count":329,"contactSatisfaction_count":135,"autonomy_count":4901}}
