{"data":{"satisfaction":8.359522313010686,"comprehension":8.366477272727273,"contact":2.311320754716981,"contact_reachability":5.263157894736842,"contact_satisfaction":4.711538461538462,"autonomy":7.807486631016043},"metadata":{"satisfaction_count":1591,"comprehension_count":1232,"contact_count":53,"autonomy_count":1122}}
