{"data":{"satisfaction":7.262223474707623,"comprehension":7.251818360526833,"contact":2.6423487544483986,"contact_reachability":0.4684385382059801,"contact_satisfaction":6.136363636363637,"autonomy":7.395328338475099},"metadata":{"satisfaction_count":7097,"comprehension_count":5087,"contact_count":281,"contactReachability_count":301,"contactSatisfaction_count":121,"autonomy_count":4538}}
