{"data":{"satisfaction":6.999629011315155,"comprehension":8.326944140197153,"contact":2.5595238095238093,"contact_reachability":4.886363636363637,"contact_satisfaction":5.512820512820513,"autonomy":7.866205305651673},"metadata":{"satisfaction_count":5391,"comprehension_count":3652,"contact_count":84,"autonomy_count":1734}}
