{"data":{"satisfaction":8.400377121307354,"comprehension":8.395613322502031,"contact":2.5,"contact_reachability":5.660377358490566,"contact_satisfaction":4.711538461538462,"autonomy":7.809439002671416},"metadata":{"satisfaction_count":1591,"comprehension_count":1231,"contact_count":49,"autonomy_count":1123}}
