{"data":{"satisfaction":7.09094070596418,"comprehension":8.290488431876607,"contact":2.5240384615384617,"contact_reachability":0.48148148148148145,"contact_satisfaction":5.46875,"autonomy":7.839349262836807},"metadata":{"satisfaction_count":5751,"comprehension_count":3890,"contact_count":104,"contactReachability_count":108,"contactSatisfaction_count":48,"autonomy_count":1967}}
