{"data":{"satisfaction":5.852053915275995,"comprehension":5.9281650071123755,"contact":2.992424242424242,"contact_reachability":0.5205479452054794,"contact_satisfaction":6.370967741935484,"autonomy":6.9140625},"metadata":{"satisfaction_count":3116,"comprehension_count":2109,"contact_count":132,"contactReachability_count":146,"contactSatisfaction_count":62,"autonomy_count":1792}}
