{"data":{"satisfaction":6.985529035895508,"comprehension":8.333564686285397,"contact":2.625,"contact_reachability":5,"contact_satisfaction":5.526315789473684,"autonomy":7.871962062833432},"metadata":{"satisfaction_count":5321,"comprehension_count":3602,"contact_count":80,"autonomy_count":1687}}
