{"data":{"satisfaction":7.386674779434134,"comprehension":7.388888888888889,"contact":2.391732283464567,"contact_reachability":0.44074074074074077,"contact_satisfaction":5.898058252427185,"autonomy":7.442684944457575},"metadata":{"satisfaction_count":6574,"comprehension_count":4725,"contact_count":254,"contactReachability_count":270,"contactSatisfaction_count":103,"autonomy_count":4231}}
