{"data":{"satisfaction":7.545605306799336,"comprehension":7.552824988516307,"contact":2.356828193832599,"contact_reachability":0.4279661016949153,"contact_satisfaction":5.815217391304348,"autonomy":7.483443708609271},"metadata":{"satisfaction_count":6030,"comprehension_count":4354,"contact_count":227,"contactReachability_count":236,"contactSatisfaction_count":92,"autonomy_count":3926}}
