{"data":{"satisfaction":4.518569463548831,"comprehension":4.8612463485881205,"contact":2.2265625,"contact_reachability":0.5277777777777778,"contact_satisfaction":4.75,"autonomy":6.292397660818714},"metadata":{"satisfaction_count":1454,"comprehension_count":1027,"contact_count":64,"contactReachability_count":72,"contactSatisfaction_count":30,"autonomy_count":855}}
