{"data":{"satisfaction":4.400134048257373,"comprehension":4.845825426944971,"contact":2.5847457627118646,"contact_reachability":0.4626865671641791,"contact_satisfaction":6.630434782608695,"autonomy":6.798642533936651},"metadata":{"satisfaction_count":1492,"comprehension_count":1054,"contact_count":59,"contactReachability_count":67,"contactSatisfaction_count":23,"autonomy_count":884}}
