{"data":{"satisfaction":7.037238873751136,"comprehension":8.315231965674444,"contact":2.4725274725274726,"contact_reachability":0.4631578947368421,"contact_satisfaction":5.625,"autonomy":7.861878453038674},"metadata":{"satisfaction_count":5505,"comprehension_count":3729,"contact_count":91,"contactReachability_count":95,"contactSatisfaction_count":40,"autonomy_count":1810}}
