{"data":{"satisfaction":7.037762968770417,"comprehension":7.054725915133855,"contact":2.5898692810457518,"contact_reachability":0.4709480122324159,"contact_satisfaction":5.958646616541353,"autonomy":7.310217480508823},"metadata":{"satisfaction_count":7653,"comprehension_count":5491,"contact_count":306,"contactReachability_count":327,"contactSatisfaction_count":133,"autonomy_count":4874}}
