{"data":{"satisfaction":5.58903922372557,"comprehension":5.775811497849042,"contact":2.4920127795527156,"contact_reachability":0.4752186588921283,"contact_satisfaction":5.864661654135339,"autonomy":6.8604651162790695},"metadata":{"satisfaction_count":7317,"comprehension_count":5114,"contact_count":313,"contactReachability_count":343,"contactSatisfaction_count":133,"autonomy_count":4386}}
