{"data":{"satisfaction":7.3298353009765345,"comprehension":7.312144597887896,"contact":2.4049429657794676,"contact_reachability":0.4432624113475177,"contact_satisfaction":5.966981132075472,"autonomy":7.431234371448056},"metadata":{"satisfaction_count":6861,"comprehension_count":4924,"contact_count":263,"contactReachability_count":282,"contactSatisfaction_count":106,"autonomy_count":4399}}
