{"data":{"satisfaction":6.025931928687196,"comprehension":6.090198863636363,"contact":2.878787878787879,"contact_reachability":0.4827586206896552,"contact_satisfaction":6.666666666666667,"autonomy":7.006155567991047},"metadata":{"satisfaction_count":3085,"comprehension_count":2112,"contact_count":132,"contactReachability_count":145,"contactSatisfaction_count":57,"autonomy_count":1787}}
