{"data":{"satisfaction":7.303935650675093,"comprehension":7.284870922553532,"contact":2.5919117647058822,"contact_reachability":0.46048109965635736,"contact_satisfaction":6.130434782608695,"autonomy":7.423189055842117},"metadata":{"satisfaction_count":6962,"comprehension_count":4997,"contact_count":272,"contactReachability_count":291,"contactSatisfaction_count":115,"autonomy_count":4459}}
