{"data":{"satisfaction":9.197441116603663,"comprehension":9.128054231227653,"contact":4.0223097112860895,"contact_reachability":0.5616797900262467,"contact_satisfaction":7.161214953271028,"autonomy":8.4694639390772},"metadata":{"satisfaction_count":6878,"comprehension_count":6712,"contact_count":381,"contactReachability_count":381,"contactSatisfaction_count":214,"autonomy_count":6697}}
