{"data":{"satisfaction":9.239313717224517,"comprehension":9.369007079487409,"contact":4.794354838709677,"contact_reachability":6.336,"contact_satisfaction":7.60230179028133,"autonomy":8.437301946582163},"metadata":{"satisfaction_count":23722,"comprehension_count":22318,"contact_count":620,"autonomy_count":11045}}
