{"data":{"satisfaction":9.205651072904171,"comprehension":9.19244671861797,"contact":4.512459371614301,"contact_reachability":0.6030204962243797,"contact_satisfaction":7.504504504504505,"autonomy":8.329271264928101},"metadata":{"satisfaction_count":22509,"comprehension_count":21302,"contact_count":923,"contactReachability_count":927,"contactSatisfaction_count":555,"autonomy_count":16412}}
