{"data":{"satisfaction":9.209729151817534,"comprehension":9.046792948237059,"contact":4.157894736842105,"contact_reachability":0.5778546712802768,"contact_satisfaction":7.269938650306749,"autonomy":8.370044052863436},"metadata":{"satisfaction_count":5612,"comprehension_count":5332,"contact_count":285,"contactReachability_count":289,"contactSatisfaction_count":163,"autonomy_count":5448}}
