{"data":{"satisfaction":9.20857607950651,"comprehension":9.191512464371351,"contact":4.483921161825726,"contact_reachability":0.5995872033023736,"contact_satisfaction":7.504340277777778,"autonomy":8.470484061393153},"metadata":{"satisfaction_count":23344,"comprehension_count":22103,"contact_count":964,"contactReachability_count":969,"contactSatisfaction_count":576,"autonomy_count":16940}}
