{"data":{"satisfaction":9.19086531446082,"comprehension":9.10576194086429,"contact":4.084415584415584,"contact_reachability":0.5662337662337662,"contact_satisfaction":7.213302752293578,"autonomy":8.419704730340465},"metadata":{"satisfaction_count":6853,"comprehension_count":6595,"contact_count":385,"contactReachability_count":385,"contactSatisfaction_count":218,"autonomy_count":6638}}
