{"data":{"satisfaction":9.257139262800353,"comprehension":9.164178135549207,"contact":4.763349514563107,"contact_reachability":6.39225181598063,"contact_satisfaction":7.461977186311787,"autonomy":8.410003887521057},"metadata":{"satisfaction_count":7949,"comprehension_count":7702,"contact_count":412,"autonomy_count":7717}}
