{"data":{"satisfaction":9.205385068673225,"comprehension":9.193772455089821,"contact":4.505586592178771,"contact_reachability":0.6017797552836485,"contact_satisfaction":7.509310986964619,"autonomy":8.372546552591848},"metadata":{"satisfaction_count":22061,"comprehension_count":20875,"contact_count":895,"contactReachability_count":899,"contactSatisfaction_count":537,"autonomy_count":15896}}
