{"data":{"satisfaction":9.20930569647775,"comprehension":9.06971445929526,"contact":4.260355029585799,"contact_reachability":0.5877192982456141,"contact_satisfaction":7.309644670050761,"autonomy":8.443579766536965},"metadata":{"satisfaction_count":6899,"comprehension_count":6584,"contact_count":338,"contactReachability_count":342,"contactSatisfaction_count":197,"autonomy_count":6682}}
