{"data":{"satisfaction":9.24599053882543,"comprehension":9.127117625856062,"contact":4.592889908256881,"contact_reachability":0.6068181818181818,"contact_satisfaction":7.614068441064639,"autonomy":8.502757132582115},"metadata":{"satisfaction_count":8667,"comprehension_count":8323,"contact_count":436,"contactReachability_count":440,"contactSatisfaction_count":263,"autonomy_count":8342}}
