{"data":{"satisfaction":9.228171731789677,"comprehension":9.166769649036086,"contact":3.95124716553288,"contact_reachability":0.5758928571428571,"contact_satisfaction":6.942231075697211,"autonomy":8.467672678198994},"metadata":{"satisfaction_count":8292,"comprehension_count":8092,"contact_count":441,"contactReachability_count":448,"contactSatisfaction_count":251,"autonomy_count":8151}}
