{"data":{"satisfaction":9.188313949439376,"comprehension":9.104857501344327,"contact":4.179561573178595,"contact_reachability":0.5900383141762452,"contact_satisfaction":7.131463146314632,"autonomy":8.385551573643687},"metadata":{"satisfaction_count":28718,"comprehension_count":27895,"contact_count":1551,"contactReachability_count":1566,"contactSatisfaction_count":909,"autonomy_count":28183}}
