{"data":{"satisfaction":9.197685403873406,"comprehension":9.456289436189701,"contact":4.82361963190184,"contact_reachability":6.299694189602446,"contact_satisfaction":7.670731707317073,"autonomy":8.40648854961832},"metadata":{"satisfaction_count":21170,"comprehension_count":19652,"contact_count":326,"autonomy_count":5240}}
