{"data":{"satisfaction":9.21329568788501,"comprehension":9.141732283464567,"contact":3.966992665036675,"contact_reachability":0.5769230769230769,"contact_satisfaction":6.963519313304721,"autonomy":8.473242392444911},"metadata":{"satisfaction_count":7792,"comprehension_count":7620,"contact_count":409,"contactReachability_count":416,"contactSatisfaction_count":233,"autonomy_count":7624}}
