{"data":{"satisfaction":9.189119647123691,"comprehension":9.107345594913715,"contact":4.15129781420765,"contact_reachability":0.5886332882273342,"contact_satisfaction":7.099883177570093,"autonomy":8.349000298418382},"metadata":{"satisfaction_count":27205,"comprehension_count":26424,"contact_count":1464,"contactReachability_count":1478,"contactSatisfaction_count":856,"autonomy_count":26808}}
