{"data":{"satisfaction":9.222026789338384,"comprehension":9.085789175403796,"contact":4.338842975206612,"contact_reachability":0.5940054495912807,"contact_satisfaction":7.359813084112149,"autonomy":8.450566354356035},"metadata":{"satisfaction_count":7391,"comprehension_count":7058,"contact_count":363,"contactReachability_count":367,"contactSatisfaction_count":214,"autonomy_count":7151}}
