{"data":{"satisfaction":9.219624629568653,"comprehension":9.146279306829765,"contact":4.216867469879518,"contact_reachability":0.5813253012048193,"contact_satisfaction":7.253886010362694,"autonomy":8.412805391743893},"metadata":{"satisfaction_count":6074,"comprehension_count":5886,"contact_count":332,"contactReachability_count":332,"contactSatisfaction_count":193,"autonomy_count":5935}}
