{"data":{"satisfaction":9.185830595629195,"comprehension":9.0531611353056,"contact":4.130747126436781,"contact_reachability":0.5747126436781609,"contact_satisfaction":7.1875,"autonomy":8.454762615706182},"metadata":{"satisfaction_count":7001,"comprehension_count":6659,"contact_count":348,"contactReachability_count":348,"contactSatisfaction_count":200,"autonomy_count":6698}}
