{"data":{"satisfaction":9.235943569822123,"comprehension":9.358885168920388,"contact":4.701492537313433,"contact_reachability":0.6192592592592593,"contact_satisfaction":7.627118644067797,"autonomy":8.21982579842389},"metadata":{"satisfaction_count":24455,"comprehension_count":22999,"contact_count":670,"contactReachability_count":675,"contactSatisfaction_count":413,"autonomy_count":12055}}
