{"data":{"satisfaction":9.18280839190857,"comprehension":9.495959537236207,"contact":4.90566037735849,"contact_reachability":6.291079812206572,"contact_satisfaction":7.819548872180451,"autonomy":8.213654050229925},"metadata":{"satisfaction_count":18637,"comprehension_count":17201,"contact_count":212,"autonomy_count":2827}}
