{"data":{"satisfaction":9.22462521504055,"comprehension":9.16425333669101,"contact":3.9709302325581395,"contact_reachability":0.5779816513761468,"contact_satisfaction":6.941056910569106,"autonomy":8.468660077567872},"metadata":{"satisfaction_count":8138,"comprehension_count":7942,"contact_count":430,"contactReachability_count":436,"contactSatisfaction_count":246,"autonomy_count":7993}}
