{"data":{"satisfaction":9.209631147540984,"comprehension":9.18918626772743,"contact":4.492574257425742,"contact_reachability":0.6039408866995074,"contact_satisfaction":7.462993421052632,"autonomy":8.393931034482758},"metadata":{"satisfaction_count":24400,"comprehension_count":23128,"contact_count":1010,"contactReachability_count":1015,"contactSatisfaction_count":608,"autonomy_count":18125}}
