{"data":{"satisfaction":9.18878291519801,"comprehension":9.106189967982925,"contact":4.158653846153846,"contact_reachability":0.5892063492063492,"contact_satisfaction":7.105695509309967,"autonomy":8.376723895299747},"metadata":{"satisfaction_count":28938,"comprehension_count":28110,"contact_count":1560,"contactReachability_count":1575,"contactSatisfaction_count":913,"autonomy_count":28424}}
