{"data":{"satisfaction":9.2328217513244,"comprehension":9.336867829184444,"contact":4.626358695652174,"contact_reachability":0.6126855600539811,"contact_satisfaction":7.583518930957684,"autonomy":8.421175011626104},"metadata":{"satisfaction_count":25672,"comprehension_count":24143,"contact_count":736,"contactReachability_count":741,"contactSatisfaction_count":449,"autonomy_count":12902}}
