{"data":{"satisfaction":9.224833949807103,"comprehension":9.109426076881698,"contact":4.377836611195159,"contact_reachability":0.5944734876773712,"contact_satisfaction":7.429396662387677,"autonomy":8.389081598942848},"metadata":{"satisfaction_count":25143,"comprehension_count":24167,"contact_count":1322,"contactReachability_count":1339,"contactSatisfaction_count":779,"autonomy_count":24216}}
