{"data":{"satisfaction":9.233061671329523,"comprehension":9.163757636204961,"contact":4.088729016786571,"contact_reachability":0.5876777251184834,"contact_satisfaction":7.016460905349795,"autonomy":8.511564287490675},"metadata":{"satisfaction_count":8221,"comprehension_count":8021,"contact_count":417,"contactReachability_count":422,"contactSatisfaction_count":243,"autonomy_count":8042}}
