{"data":{"satisfaction":9.22038138051044,"comprehension":9.11337099811676,"contact":4.3685478320715765,"contact_reachability":0.5943012211668928,"contact_satisfaction":7.423976608187134,"autonomy":8.360649603352792},"metadata":{"satisfaction_count":27584,"comprehension_count":26550,"contact_count":1453,"contactReachability_count":1474,"contactSatisfaction_count":855,"autonomy_count":26724}}
