{"data":{"satisfaction":9.259930220075148,"comprehension":9.156710197277022,"contact":4.91183879093199,"contact_reachability":6.448362720403022,"contact_satisfaction":7.6171875,"autonomy":8.430605975984362},"metadata":{"satisfaction_count":7452,"comprehension_count":7198,"contact_count":397,"autonomy_count":7162}}
