{"data":{"satisfaction":9.25620339811759,"comprehension":9.161194595277182,"contact":4.765432098765432,"contact_reachability":6.403940886699507,"contact_satisfaction":7.4517374517374515,"autonomy":8.436395759717314},"metadata":{"satisfaction_count":8181,"comprehension_count":7919,"contact_count":405,"autonomy_count":7924}}
