{"data":{"satisfaction":9.190739167374682,"comprehension":9.103140666470068,"contact":4.0576923076923075,"contact_reachability":0.5641025641025641,"contact_satisfaction":7.193181818181818,"autonomy":8.415812591508052},"metadata":{"satisfaction_count":7062,"comprehension_count":6782,"contact_count":390,"contactReachability_count":390,"contactSatisfaction_count":220,"autonomy_count":6830}}
