{"data":{"satisfaction":9.259751237773216,"comprehension":9.177513325895625,"contact":4.063981042654029,"contact_reachability":0.57981220657277,"contact_satisfaction":7.05761316872428,"autonomy":8.483201581027668},"metadata":{"satisfaction_count":8281,"comprehension_count":8067,"contact_count":422,"contactReachability_count":426,"contactSatisfaction_count":243,"autonomy_count":8096}}
