{"data":{"satisfaction":9.235967368805552,"comprehension":9.164794708598528,"contact":4.140625,"contact_reachability":0.5938242280285035,"contact_satisfaction":7.030612244897959,"autonomy":8.484735666418466},"metadata":{"satisfaction_count":8213,"comprehension_count":8013,"contact_count":416,"contactReachability_count":421,"contactSatisfaction_count":245,"autonomy_count":8058}}
