{"data":{"satisfaction":9.214605902129248,"comprehension":9.19123427672956,"contact":4.4183494293239685,"contact_reachability":0.5944055944055944,"contact_satisfaction":7.455555555555556,"autonomy":8.433469027416745},"metadata":{"satisfaction_count":26770,"comprehension_count":25440,"contact_count":1139,"contactReachability_count":1144,"contactSatisfaction_count":675,"autonomy_count":20389}}
