{"data":{"satisfaction":9.188256511635972,"comprehension":9.10522369407648,"contact":4.172025723472669,"contact_reachability":0.5898089171974522,"contact_satisfaction":7.121295279912184,"autonomy":8.366483283961067},"metadata":{"satisfaction_count":28833,"comprehension_count":28007,"contact_count":1555,"contactReachability_count":1570,"contactSatisfaction_count":911,"autonomy_count":28356}}
