{"data":{"satisfaction":9.23193296869545,"comprehension":9.334832109561917,"contact":4.6138211382113825,"contact_reachability":0.6110363391655451,"contact_satisfaction":7.583518930957684,"autonomy":8.447890148885289},"metadata":{"satisfaction_count":25779,"comprehension_count":24242,"contact_count":738,"contactReachability_count":743,"contactSatisfaction_count":449,"autonomy_count":12963}}
