{"data":{"satisfaction":9.211739780658027,"comprehension":9.192749430124495,"contact":4.505025125628141,"contact_reachability":0.603,"contact_satisfaction":7.495819397993311,"autonomy":8.420074349442379},"metadata":{"satisfaction_count":24072,"comprehension_count":22812,"contact_count":995,"contactReachability_count":1000,"contactSatisfaction_count":598,"autonomy_count":17754}}
