{"data":{"satisfaction":9.162904938927245,"comprehension":9.08645336963921,"contact":4.3317422434367545,"contact_reachability":0.6335697399527187,"contact_satisfaction":6.875,"autonomy":8.495768495768496},"metadata":{"satisfaction_count":7532,"comprehension_count":7345,"contact_count":419,"contactReachability_count":423,"contactSatisfaction_count":264,"autonomy_count":7326}}
