{"data":{"satisfaction":9.222957288765087,"comprehension":9.110813855252042,"contact":4.423503325942351,"contact_reachability":0.5995623632385121,"contact_satisfaction":7.4440298507462686,"autonomy":8.451933567705176},"metadata":{"satisfaction_count":25848,"comprehension_count":24857,"contact_count":1353,"contactReachability_count":1371,"contactSatisfaction_count":804,"autonomy_count":24747}}
