{"data":{"satisfaction":9.245409218046941,"comprehension":9.167497507477567,"contact":4.120145631067961,"contact_reachability":0.5889423076923077,"contact_satisfaction":7.04356846473029,"autonomy":8.486499876145652},"metadata":{"satisfaction_count":8223,"comprehension_count":8024,"contact_count":412,"contactReachability_count":416,"contactSatisfaction_count":241,"autonomy_count":8074}}
