{"data":{"satisfaction":9.23348492101484,"comprehension":9.157327586206897,"contact":4.107954545454546,"contact_reachability":0.5850340136054422,"contact_satisfaction":7.033073929961089,"autonomy":8.467207074428888},"metadata":{"satisfaction_count":8356,"comprehension_count":8120,"contact_count":440,"contactReachability_count":441,"contactSatisfaction_count":257,"autonomy_count":8142}}
