{"data":{"satisfaction":9.243224216825062,"comprehension":9.122486288848263,"contact":4.82361963190184,"contact_reachability":6.299694189602446,"contact_satisfaction":7.670731707317073,"autonomy":8.40648854961832},"metadata":{"satisfaction_count":5682,"comprehension_count":5470,"contact_count":326,"autonomy_count":5240}}
