{"data":{"satisfaction":9.241185112634671,"comprehension":9.41323998119024,"contact":4.9183006535947715,"contact_reachability":6.3478260869565215,"contact_satisfaction":7.757731958762887,"autonomy":8.452868852459016},"metadata":{"satisfaction_count":20420,"comprehension_count":19139,"contact_count":459,"autonomy_count":7808}}
