{"data":{"satisfaction":9.166666666666666,"comprehension":9.087127263045794,"contact":4.382352941176471,"contact_reachability":0.6293706293706294,"contact_satisfaction":7.0018796992481205,"autonomy":8.496461476832687},"metadata":{"satisfaction_count":7704,"comprehension_count":7512,"contact_count":425,"contactReachability_count":429,"contactSatisfaction_count":266,"autonomy_count":7489}}
