{"data":{"satisfaction":9.215259932793042,"comprehension":9.194691003042047,"contact":4.484315589353612,"contact_reachability":0.6017029328287606,"contact_satisfaction":7.476228209191759,"autonomy":8.355662549717396},"metadata":{"satisfaction_count":25295,"comprehension_count":23997,"contact_count":1052,"contactReachability_count":1057,"contactSatisfaction_count":631,"autonomy_count":19108}}
