{"data":{"satisfaction":9.225327201980898,"comprehension":9.110209338457764,"contact":4.400224215246637,"contact_reachability":0.5955719557195572,"contact_satisfaction":7.4525316455696204,"autonomy":8.440897714684281},"metadata":{"satisfaction_count":25443,"comprehension_count":24458,"contact_count":1338,"contactReachability_count":1355,"contactSatisfaction_count":790,"autonomy_count":24373}}
