{"data":{"satisfaction":9.150812387168449,"comprehension":9.068110572812767,"contact":4.384328358208955,"contact_reachability":0.6339066339066339,"contact_satisfaction":6.966403162055336,"autonomy":8.481084939329051},"metadata":{"satisfaction_count":7201,"comprehension_count":7018,"contact_count":402,"contactReachability_count":407,"contactSatisfaction_count":253,"autonomy_count":7005}}
