{"data":{"satisfaction":9.246458923512748,"comprehension":9.130806413581702,"contact":4.547018348623853,"contact_reachability":0.6022727272727273,"contact_satisfaction":7.595785440613027,"autonomy":8.478133427130965},"metadata":{"satisfaction_count":8825,"comprehension_count":8482,"contact_count":436,"contactReachability_count":440,"contactSatisfaction_count":261,"autonomy_count":8529}}
