{"data":{"satisfaction":9.182852386237514,"comprehension":9.512793497892835,"contact":4.957142857142857,"autonomy":8.257003112494441},"metadata":{"satisfaction_count":18020,"comprehension_count":16610,"contact_count":175,"autonomy_count":2249}}
