{"data":{"satisfaction":7.462686567164179,"comprehension":7.386363636363637,"contact":6.944444444444445,"contact_reachability":0.7777777777777778,"contact_satisfaction":8.928571428571429,"autonomy":5.6521739130434785},"metadata":{"satisfaction_count":67,"comprehension_count":66,"contact_count":9,"contactReachability_count":9,"contactSatisfaction_count":7,"autonomy_count":46}}
