{"data":{"satisfaction":9.264637725938513,"comprehension":9.123837493881547,"contact":4.128329297820823,"contact_reachability":0.5408653846153846,"contact_satisfaction":7.68018018018018,"autonomy":8.30114566284779},"metadata":{"satisfaction_count":6473,"comprehension_count":6129,"contact_count":413,"contactReachability_count":416,"contactSatisfaction_count":222,"autonomy_count":6110}}
