{"data":{"satisfaction":9.14149474503698,"comprehension":9.00609982277542,"contact":4.313698630136987,"contact_reachability":0.5814576634512326,"contact_satisfaction":7.540708812260537,"autonomy":8.232174669594398},"metadata":{"satisfaction_count":25690,"comprehension_count":24263,"contact_count":1825,"contactReachability_count":1866,"contactSatisfaction_count":1044,"autonomy_count":24137}}
