{"data":{"satisfaction":9.204179127665359,"comprehension":9.363245340305305,"contact":4.729916897506925,"contact_reachability":6.464924346629987,"contact_satisfaction":7.344086021505376,"autonomy":8.191043459077873},"metadata":{"satisfaction_count":25747,"comprehension_count":23714,"contact_count":722,"autonomy_count":9066}}
