{"data":{"satisfaction":9.149824253075572,"comprehension":9.013055641902394,"contact":3.8627450980392157,"contact_reachability":0.5320388349514563,"contact_satisfaction":7.323420074349443,"autonomy":8.312750849027477},"metadata":{"satisfaction_count":6828,"comprehension_count":6434,"contact_count":510,"contactReachability_count":515,"contactSatisfaction_count":269,"autonomy_count":6478}}
