{"data":{"satisfaction":9.234398782343987,"comprehension":9.109342505199168,"contact":4.515086206896552,"contact_reachability":0.6067653276955602,"contact_satisfaction":7.5359712230215825,"autonomy":8.322082931533268},"metadata":{"satisfaction_count":6570,"comprehension_count":6251,"contact_count":464,"contactReachability_count":473,"contactSatisfaction_count":278,"autonomy_count":6222}}
