{"data":{"satisfaction":9.211431914381087,"comprehension":9.332860449488539,"contact":4.57667731629393,"contact_reachability":0.6253968253968254,"contact_satisfaction":7.346153846153846,"autonomy":8.366274706029522},"metadata":{"satisfaction_count":29059,"comprehension_count":26786,"contact_count":939,"contactReachability_count":945,"contactSatisfaction_count":585,"autonomy_count":11991}}
