{"data":{"satisfaction":9.1651904340124,"comprehension":8.989068889587921,"contact":4.090909090909091,"contact_reachability":0.5662921348314607,"contact_satisfaction":7.287449392712551,"autonomy":8.328125},"metadata":{"satisfaction_count":6774,"comprehension_count":6358,"contact_count":440,"contactReachability_count":445,"contactSatisfaction_count":247,"autonomy_count":6400}}
