{"data":{"satisfaction":9.232808239927294,"comprehension":9.106147475712692,"contact":4.458154506437769,"contact_reachability":0.6021052631578947,"contact_satisfaction":7.5,"autonomy":8.352828072424291},"metadata":{"satisfaction_count":6602,"comprehension_count":6279,"contact_count":466,"contactReachability_count":475,"contactSatisfaction_count":277,"autonomy_count":6241}}
