{"data":{"satisfaction":9.1926305306587,"comprehension":9.051376009572241,"contact":4.142992424242424,"contact_reachability":0.5576208178438662,"contact_satisfaction":7.543103448275862,"autonomy":8.38733986435569},"metadata":{"satisfaction_count":7029,"comprehension_count":6686,"contact_count":528,"contactReachability_count":538,"contactSatisfaction_count":290,"autonomy_count":6635}}
