{"data":{"satisfaction":9.210983786852095,"comprehension":9.3407491443295,"contact":4.620866590649943,"contact_reachability":6.319365798414496,"contact_satisfaction":7.341485507246377,"autonomy":8.210554043375186},"metadata":{"satisfaction_count":28187,"comprehension_count":26003,"contact_count":877,"autonomy_count":11389}}
