{"data":{"satisfaction":8.940363450217559,"comprehension":8.865326356375654,"contact":3.6336206896551726,"contact_reachability":0.49743589743589745,"contact_satisfaction":7.368881118881119,"autonomy":8.23346408765048},"metadata":{"satisfaction_count":7814,"comprehension_count":7262,"contact_count":580,"contactReachability_count":585,"contactSatisfaction_count":286,"autonomy_count":7393}}
