{"data":{"satisfaction":9.180194805194805,"comprehension":9.004941951678695,"contact":4.150110375275938,"contact_reachability":0.5764192139737991,"contact_satisfaction":7.258687258687258,"autonomy":8.305746408494691},"metadata":{"satisfaction_count":6776,"comprehension_count":6374,"contact_count":453,"contactReachability_count":458,"contactSatisfaction_count":259,"autonomy_count":6404}}
