{"data":{"satisfaction":9.211032238982549,"comprehension":9.06225711176745,"contact":4.4776876267748476,"contact_reachability":0.6007984031936128,"contact_satisfaction":7.534129692832765,"autonomy":8.356014390739873},"metadata":{"satisfaction_count":6762,"comprehension_count":6433,"contact_count":493,"contactReachability_count":501,"contactSatisfaction_count":293,"autonomy_count":6393}}
