{"data":{"satisfaction":9.191100633564167,"comprehension":9.014926539543607,"contact":4.093886462882096,"contact_reachability":0.5745140388768899,"contact_satisfaction":7.183908045977011,"autonomy":8.302709436312675},"metadata":{"satisfaction_count":6787,"comprehension_count":6398,"contact_count":458,"contactReachability_count":463,"contactSatisfaction_count":261,"autonomy_count":6422}}
