{"data":{"satisfaction":9.256538150444864,"comprehension":9.069645111516342,"contact":4.59551656920078,"contact_reachability":6.40926640926641,"contact_satisfaction":7.209480122324159,"autonomy":8.253250423968344},"metadata":{"satisfaction_count":7418,"comprehension_count":7129,"contact_count":513,"autonomy_count":7076}}
