{"data":{"satisfaction":9.251418292514183,"comprehension":9.073200812536275,"contact":4.209486166007905,"contact_reachability":5.929549902152642,"contact_satisfaction":7.147651006711409,"autonomy":8.238537434706906},"metadata":{"satisfaction_count":7227,"comprehension_count":6892,"contact_count":506,"autonomy_count":6892}}
