{"data":{"satisfaction":8.941041053843202,"comprehension":8.865199449793673,"contact":3.6192109777015435,"contact_reachability":0.4965986394557823,"contact_satisfaction":7.351916376306621,"autonomy":8.235532720389399},"metadata":{"satisfaction_count":7819,"comprehension_count":7270,"contact_count":583,"contactReachability_count":588,"contactSatisfaction_count":287,"autonomy_count":7396}}
