{"data":{"satisfaction":9.204624970844025,"comprehension":9.316490226541895,"contact":4.587087087087087,"contact_reachability":0.6238805970149254,"contact_satisfaction":7.379227053140097,"autonomy":8.213061037872437},"metadata":{"satisfaction_count":30011,"comprehension_count":27677,"contact_count":999,"contactReachability_count":1005,"contactSatisfaction_count":621,"autonomy_count":13123}}
