{"data":{"satisfaction":8.947607904316172,"comprehension":8.86038777243136,"contact":3.4425493716337523,"contact_reachability":0.4866785079928952,"contact_satisfaction":7.154850746268656,"autonomy":8.297665369649806},"metadata":{"satisfaction_count":7692,"comprehension_count":7066,"contact_count":557,"contactReachability_count":563,"contactSatisfaction_count":268,"autonomy_count":7196}}
