{"data":{"satisfaction":9.231535505905791,"comprehension":9.045379289584588,"contact":4.103092783505154,"contact_reachability":0.5816326530612245,"contact_satisfaction":7.107142857142857,"autonomy":8.291766826923077},"metadata":{"satisfaction_count":7027,"comprehension_count":6644,"contact_count":485,"contactReachability_count":490,"contactSatisfaction_count":280,"autonomy_count":6656}}
