{"data":{"satisfaction":9.19157311561452,"comprehension":9.017774343122102,"contact":4.098272138228942,"contact_reachability":0.5747863247863247,"contact_satisfaction":7.1875,"autonomy":8.300462249614792},"metadata":{"satisfaction_count":6859,"comprehension_count":6470,"contact_count":463,"contactReachability_count":468,"contactSatisfaction_count":264,"autonomy_count":6490}}
