{"data":{"satisfaction":9.131574056866754,"comprehension":9.000611729418265,"contact":4.057158119658119,"contact_reachability":0.5551489806586514,"contact_satisfaction":7.438785504407444,"autonomy":8.311039420882839},"metadata":{"satisfaction_count":26905,"comprehension_count":25338,"contact_count":1872,"contactReachability_count":1913,"contactSatisfaction_count":1021,"autonomy_count":25418}}
