{"data":{"satisfaction":9.226549219595118,"comprehension":9.098941368078176,"contact":4.415011037527594,"contact_reachability":0.6017316017316018,"contact_satisfaction":7.434944237918216,"autonomy":8.299918500407498},"metadata":{"satisfaction_count":6471,"comprehension_count":6140,"contact_count":453,"contactReachability_count":462,"contactSatisfaction_count":269,"autonomy_count":6135}}
