{"data":{"satisfaction":9.153752863495486,"comprehension":9.028506594809247,"contact":4.01595744680851,"contact_reachability":0.551056338028169,"contact_satisfaction":7.330097087378641,"autonomy":8.321479374110954},"metadata":{"satisfaction_count":7421,"comprehension_count":7051,"contact_count":564,"contactReachability_count":568,"contactSatisfaction_count":309,"autonomy_count":7030}}
