{"data":{"satisfaction":9.209277896377621,"comprehension":9.325014701558365,"contact":4.528985507246377,"contact_reachability":0.6183127572016461,"contact_satisfaction":7.352941176470588,"autonomy":8.353584936026394},"metadata":{"satisfaction_count":29511,"comprehension_count":27208,"contact_count":966,"contactReachability_count":972,"contactSatisfaction_count":595,"autonomy_count":12427}}
