{"data":{"satisfaction":9.15802297250261,"comprehension":9.458744102190341,"contact":4.951657458563536,"autonomy":8.187633262260128},"metadata":{"satisfaction_count":28730,"comprehension_count":26069,"contact_count":362,"autonomy_count":4221}}
