{"data":{"satisfaction":9.204307989069282,"comprehension":9.106294536817103,"contact":4.253554502369668,"contact_reachability":0.5879629629629629,"contact_satisfaction":7.35655737704918,"autonomy":8.283822780512647},"metadata":{"satisfaction_count":6221,"comprehension_count":5894,"contact_count":422,"contactReachability_count":432,"contactSatisfaction_count":244,"autonomy_count":5891}}
