{"data":{"satisfaction":9.261117136659436,"comprehension":9.085305719921104,"contact":4.695481335952849,"contact_reachability":6.498054474708171,"contact_satisfaction":7.264437689969605,"autonomy":8.205091937765205},"metadata":{"satisfaction_count":7376,"comprehension_count":7098,"contact_count":509,"autonomy_count":7070}}
