{"data":{"satisfaction":9.152604407458776,"comprehension":9.0301521889918,"contact":3.9873417721518987,"contact_reachability":0.5418692598595354,"contact_satisfaction":7.476780185758514,"autonomy":8.361711730193246},"metadata":{"satisfaction_count":25956,"comprehension_count":24509,"contact_count":1817,"contactReachability_count":1851,"contactSatisfaction_count":969,"autonomy_count":24373}}
