{"data":{"satisfaction":9.231055530742891,"comprehension":9.095786340852131,"contact":4.402061855670103,"contact_reachability":0.5882352941176471,"contact_satisfaction":7.570921985815603,"autonomy":8.349881796690307},"metadata":{"satisfaction_count":6717,"comprehension_count":6384,"contact_count":485,"contactReachability_count":493,"contactSatisfaction_count":282,"autonomy_count":6345}}
