{"data":{"satisfaction":8.931552587646078,"comprehension":8.85060677918817,"contact":3.447508896797153,"contact_reachability":0.4876760563380282,"contact_satisfaction":7.149446494464945,"autonomy":8.290844298245615},"metadata":{"satisfaction_count":7787,"comprehension_count":7169,"contact_count":562,"contactReachability_count":568,"contactSatisfaction_count":271,"autonomy_count":7296}}
