{"data":{"satisfaction":9.149646107178969,"comprehension":8.99039511023794,"contact":4.118122977346278,"contact_reachability":0.5548387096774193,"contact_satisfaction":7.441520467836257,"autonomy":8.374649708989006},"metadata":{"satisfaction_count":4945,"comprehension_count":4581,"contact_count":309,"contactReachability_count":310,"contactSatisfaction_count":171,"autonomy_count":4639}}
