{"data":{"satisfaction":9.151901678750049,"comprehension":9.028946828166701,"contact":3.996138996138996,"contact_reachability":0.5430427720628046,"contact_satisfaction":7.476780185758514,"autonomy":8.310830221200805},"metadata":{"satisfaction_count":25793,"comprehension_count":24355,"contact_count":1813,"contactReachability_count":1847,"contactSatisfaction_count":969,"autonomy_count":24367}}
