{"data":{"satisfaction":9.16927499201533,"comprehension":9.428929121725732,"contact":4.986238532110092,"contact_reachability":6.648351648351648,"contact_satisfaction":7.5069060773480665,"autonomy":8.117352204039511},"metadata":{"satisfaction_count":31310,"comprehension_count":28556,"contact_count":545,"autonomy_count":6783}}
