{"data":{"satisfaction":9.227920227920228,"comprehension":9.03993971363979,"contact":4.139344262295082,"contact_reachability":0.5821501014198783,"contact_satisfaction":7.163120567375887,"autonomy":8.29617354624887},"metadata":{"satisfaction_count":7020,"comprehension_count":6635,"contact_count":488,"contactReachability_count":493,"contactSatisfaction_count":282,"autonomy_count":6638}}
