{"data":{"satisfaction":5.344827586206897,"comprehension":4.722222222222222,"contact":4.333333333333333,"contact_reachability":0.7333333333333333,"contact_satisfaction":5.909090909090909,"autonomy":5.284090909090909},"metadata":{"satisfaction_count":319,"comprehension_count":216,"contact_count":45,"contactReachability_count":45,"contactSatisfaction_count":33,"autonomy_count":176}}
