{"data":{"satisfaction":5.476190476190476,"comprehension":4.762443438914027,"contact":4.139344262295082,"contact_reachability":0.7096774193548387,"contact_satisfaction":5.872093023255814,"autonomy":4.670329670329671},"metadata":{"satisfaction_count":336,"comprehension_count":221,"contact_count":61,"contactReachability_count":62,"contactSatisfaction_count":43,"autonomy_count":182}}
