{"data":{"satisfaction":5.864055299539171,"comprehension":4.659498207885305,"contact":3.1779661016949152,"contact_reachability":7.432432432432432,"contact_satisfaction":4.6875,"autonomy":4.260869565217392},"metadata":{"satisfaction_count":434,"comprehension_count":279,"contact_count":59,"autonomy_count":230}}
