{"data":{"satisfaction":5.958904109589041,"comprehension":4.520123839009288,"contact":2.9225352112676055,"contact_reachability":0.6781609195402298,"contact_satisfaction":4.825581395348837,"autonomy":4.2164179104477615},"metadata":{"satisfaction_count":511,"comprehension_count":323,"contact_count":71,"contactReachability_count":87,"contactSatisfaction_count":43,"autonomy_count":268}}
