{"data":{"satisfaction":5.914893617021277,"comprehension":4.601328903654485,"contact":3.2421875,"contact_reachability":7.25,"contact_satisfaction":4.940476190476191,"autonomy":4.257028112449799},"metadata":{"satisfaction_count":470,"comprehension_count":301,"contact_count":64,"autonomy_count":249}}
