{"data":{"satisfaction":5.549450549450549,"comprehension":4.48087431693989,"contact":1.6216216216216217,"contact_reachability":0.47619047619047616,"contact_satisfaction":4,"autonomy":4.1891891891891895},"metadata":{"satisfaction_count":273,"comprehension_count":183,"contact_count":37,"contactReachability_count":42,"contactSatisfaction_count":15,"autonomy_count":148}}
