{"data":{"satisfaction":4.881656804733728,"comprehension":3.4134615384615383,"contact":1.3,"contact_reachability":0.2692307692307692,"contact_satisfaction":5.416666666666667,"autonomy":3.8372093023255816},"metadata":{"satisfaction_count":169,"comprehension_count":104,"contact_count":25,"contactReachability_count":26,"contactSatisfaction_count":6,"autonomy_count":86}}
