{"data":{"satisfaction":6.118421052631579,"comprehension":3.237704918032787,"contact":2.2916666666666665,"contact_reachability":0.5,"contact_satisfaction":5.892857142857143,"autonomy":3.269230769230769},"metadata":{"satisfaction_count":228,"comprehension_count":122,"contact_count":36,"contactReachability_count":44,"contactSatisfaction_count":14,"autonomy_count":104}}
