{"data":{"satisfaction":5.86096256684492,"comprehension":4.408783783783784,"contact":2.910958904109589,"contact_reachability":0.6229508196721312,"contact_satisfaction":5.51948051948052,"autonomy":3.9637826961770624},"metadata":{"satisfaction_count":935,"comprehension_count":592,"contact_count":146,"contactReachability_count":183,"contactSatisfaction_count":77,"autonomy_count":497}}
