{"data":{"satisfaction":5.957854406130268,"comprehension":4.490881458966565,"contact":2.986111111111111,"contact_reachability":0.6818181818181818,"contact_satisfaction":4.886363636363637,"autonomy":4.197080291970803},"metadata":{"satisfaction_count":522,"comprehension_count":329,"contact_count":72,"contactReachability_count":88,"contactSatisfaction_count":44,"autonomy_count":274}}
