{"data":{"satisfaction":5.67524115755627,"comprehension":4.697452229299363,"contact":3.4826589595375723,"contact_reachability":0.6358974358974359,"contact_satisfaction":5.9068627450980395,"autonomy":4.318618042226488},"metadata":{"satisfaction_count":933,"comprehension_count":628,"contact_count":173,"contactReachability_count":195,"contactSatisfaction_count":102,"autonomy_count":521}}
