{"data":{"satisfaction":6.846153846153846,"comprehension":5.603070175438597,"contact":3.611111111111111,"contact_reachability":0.6494845360824743,"contact_satisfaction":5.803571428571429,"autonomy":4.139784946236559},"metadata":{"satisfaction_count":325,"comprehension_count":228,"contact_count":90,"contactReachability_count":97,"contactSatisfaction_count":56,"autonomy_count":186}}
