{"data":{"satisfaction":5.975609756097561,"comprehension":4.645522388059701,"contact":2.7777777777777777,"contact_reachability":0.5952380952380952,"contact_satisfaction":5.2631578947368425,"autonomy":4.083333333333333},"metadata":{"satisfaction_count":205,"comprehension_count":134,"contact_count":36,"contactReachability_count":42,"contactSatisfaction_count":19,"autonomy_count":120}}
