{"data":{"satisfaction":5.932584269662922,"comprehension":4.380650994575046,"contact":2.8518518518518516,"contact_reachability":0.627906976744186,"contact_satisfaction":5.422535211267606,"autonomy":4.008528784648187},"metadata":{"satisfaction_count":890,"comprehension_count":553,"contact_count":135,"contactReachability_count":172,"contactSatisfaction_count":71,"autonomy_count":469}}
