{"data":{"satisfaction":5.92,"comprehension":4.545454545454546,"contact":2.9642857142857144,"contact_reachability":0.686046511627907,"contact_satisfaction":4.825581395348837,"autonomy":4.242424242424242},"metadata":{"satisfaction_count":500,"comprehension_count":319,"contact_count":70,"contactReachability_count":86,"contactSatisfaction_count":43,"autonomy_count":264}}
