{"data":{"satisfaction":5.9226190476190474,"comprehension":4.517133956386293,"contact":2.9642857142857144,"contact_reachability":0.686046511627907,"contact_satisfaction":4.825581395348837,"autonomy":4.2105263157894735},"metadata":{"satisfaction_count":504,"comprehension_count":321,"contact_count":70,"contactReachability_count":86,"contactSatisfaction_count":43,"autonomy_count":266}}
