{"data":{"satisfaction":5.630153121319199,"comprehension":4.416517055655296,"contact":2.5704225352112675,"contact_reachability":0.5454545454545454,"contact_satisfaction":5.447761194029851,"autonomy":4.098712446351931},"metadata":{"satisfaction_count":849,"comprehension_count":557,"contact_count":142,"contactReachability_count":165,"contactSatisfaction_count":67,"autonomy_count":466}}
