{"data":{"satisfaction":5.829439252336448,"comprehension":4.676258992805756,"contact":3.2327586206896552,"contact_reachability":7.534246575342466,"contact_satisfaction":4.6875,"autonomy":4.279475982532751},"metadata":{"satisfaction_count":428,"comprehension_count":278,"contact_count":58,"autonomy_count":229}}
