{"data":{"satisfaction":5.860927152317881,"comprehension":4.621993127147766,"contact":3.237704918032787,"contact_reachability":7.402597402597403,"contact_satisfaction":4.817073170731708,"autonomy":4.201680672268908},"metadata":{"satisfaction_count":453,"comprehension_count":291,"contact_count":61,"autonomy_count":238}}
