{"data":{"satisfaction":5.992592592592593,"comprehension":4.286585365853658,"contact":2.963917525773196,"contact_reachability":0.6583333333333333,"contact_satisfaction":5.133928571428571,"autonomy":3.9528023598820057},"metadata":{"satisfaction_count":675,"comprehension_count":410,"contact_count":97,"contactReachability_count":120,"contactSatisfaction_count":56,"autonomy_count":339}}
