{"data":{"satisfaction":5.198019801980198,"comprehension":4.396551724137931,"contact":2.013888888888889,"contact_reachability":6.800000000000001,"contact_satisfaction":3.625,"autonomy":4.303030303030303},"metadata":{"satisfaction_count":303,"comprehension_count":203,"contact_count":36,"autonomy_count":165}}
