{"data":{"satisfaction":5.9688826025459685,"comprehension":4.27906976744186,"contact":2.9207920792079207,"contact_reachability":0.6451612903225806,"contact_satisfaction":5.175438596491228,"autonomy":4.044943820224719},"metadata":{"satisfaction_count":707,"comprehension_count":430,"contact_count":101,"contactReachability_count":124,"contactSatisfaction_count":57,"autonomy_count":356}}
