{"data":{"satisfaction":5.601799775028121,"comprehension":4.609243697478991,"contact":3.399390243902439,"contact_reachability":0.6304347826086957,"contact_satisfaction":5.807291666666667,"autonomy":4.262626262626263},"metadata":{"satisfaction_count":889,"comprehension_count":595,"contact_count":164,"contactReachability_count":184,"contactSatisfaction_count":96,"autonomy_count":495}}
