{"data":{"satisfaction":5.8782327586206895,"comprehension":4.418803418803419,"contact":2.9310344827586206,"contact_reachability":0.6263736263736264,"contact_satisfaction":5.51948051948052,"autonomy":3.983739837398374},"metadata":{"satisfaction_count":928,"comprehension_count":585,"contact_count":145,"contactReachability_count":182,"contactSatisfaction_count":77,"autonomy_count":492}}
