{"data":{"satisfaction":6.145251396648045,"comprehension":5.458015267175573,"contact":3.8333333333333335,"contact_reachability":0.65625,"contact_satisfaction":6.052631578947368,"autonomy":5.3097345132743365},"metadata":{"satisfaction_count":179,"comprehension_count":131,"contact_count":30,"contactReachability_count":32,"contactSatisfaction_count":19,"autonomy_count":113}}
