{"data":{"satisfaction":6.01010101010101,"comprehension":4.305225653206651,"contact":2.9797979797979797,"contact_reachability":0.6557377049180327,"contact_satisfaction":5.175438596491228,"autonomy":4.051724137931035},"metadata":{"satisfaction_count":693,"comprehension_count":421,"contact_count":99,"contactReachability_count":122,"contactSatisfaction_count":57,"autonomy_count":348}}
