{"data":{"satisfaction":5.98314606741573,"comprehension":4.282407407407407,"contact":2.9207920792079207,"contact_reachability":0.6451612903225806,"contact_satisfaction":5.175438596491228,"autonomy":4.061624649859944},"metadata":{"satisfaction_count":712,"comprehension_count":432,"contact_count":101,"contactReachability_count":124,"contactSatisfaction_count":57,"autonomy_count":357}}
