{"data":{"satisfaction":5.568181818181818,"comprehension":4.797872340425532,"contact":4.17910447761194,"contact_reachability":0.7142857142857143,"contact_satisfaction":5.957446808510638,"autonomy":4.578947368421052},"metadata":{"satisfaction_count":352,"comprehension_count":235,"contact_count":67,"contactReachability_count":70,"contactSatisfaction_count":47,"autonomy_count":190}}
