{"data":{"satisfaction":7.581967213114754,"comprehension":5.555555555555555,"contact":5.833333333333333,"autonomy":4.193548387096774},"metadata":{"satisfaction_count":122,"comprehension_count":72,"contact_count":21,"autonomy_count":62}}
