{"data":{"satisfaction":6.569767441860465,"comprehension":5.023474178403756,"contact":3.9130434782608696,"contact_reachability":8.360655737704919,"contact_satisfaction":5,"autonomy":4.35754189944134},"metadata":{"satisfaction_count":344,"comprehension_count":213,"contact_count":46,"autonomy_count":179}}
