{"data":{"satisfaction":5.274390243902439,"comprehension":4.6022727272727275,"contact":4.215686274509804,"contact_reachability":0.7307692307692307,"contact_satisfaction":5.8108108108108105,"autonomy":4.8901098901098905},"metadata":{"satisfaction_count":328,"comprehension_count":220,"contact_count":51,"contactReachability_count":52,"contactSatisfaction_count":37,"autonomy_count":182}}
