{"data":{"satisfaction":7.964462438146649,"comprehension":7.798590504451038,"contact":4.278350515463917,"contact_reachability":0.6310679611650486,"contact_satisfaction":7.033898305084746,"autonomy":6.924019607843137},"metadata":{"satisfaction_count":2223,"comprehension_count":1348,"contact_count":97,"contactReachability_count":103,"contactSatisfaction_count":59,"autonomy_count":816}}
