{"data":{"satisfaction":7.2727272727272725,"comprehension":7.041284403669724,"contact":4.078947368421052,"contact_reachability":7.368421052631579,"contact_satisfaction":5.535714285714286,"autonomy":6.481481481481482},"metadata":{"satisfaction_count":110,"comprehension_count":109,"contact_count":19,"autonomy_count":108}}
