{"data":{"satisfaction":6.8316831683168315,"comprehension":6.4646464646464645,"contact":4.565217391304348,"contact_reachability":0.6086956521739131,"contact_satisfaction":7.5,"autonomy":4.183673469387755},"metadata":{"satisfaction_count":101,"comprehension_count":99,"contact_count":23,"contactReachability_count":23,"contactSatisfaction_count":14,"autonomy_count":98}}
