{"data":{"satisfaction":7.286821705426356,"comprehension":7.165354330708661,"contact":4.782608695652174,"contact_reachability":0.6086956521739131,"contact_satisfaction":7.857142857142857,"autonomy":5.36},"metadata":{"satisfaction_count":129,"comprehension_count":127,"contact_count":23,"contactReachability_count":23,"contactSatisfaction_count":14,"autonomy_count":125}}
