{"data":{"satisfaction":7.418111753371869,"comprehension":7.465069860279441,"contact":3.860294117647059,"contact_reachability":0.6470588235294118,"contact_satisfaction":5.965909090909091,"autonomy":6.259946949602122},"metadata":{"satisfaction_count":519,"comprehension_count":501,"contact_count":68,"contactReachability_count":68,"contactSatisfaction_count":44,"autonomy_count":377}}
