{"data":{"satisfaction":7.205882352941177,"comprehension":7.132352941176471,"contact":3.4375,"contact_reachability":0.7083333333333334,"contact_satisfaction":4.852941176470588,"autonomy":6.078431372549019},"metadata":{"satisfaction_count":102,"comprehension_count":102,"contact_count":24,"contactReachability_count":24,"contactSatisfaction_count":17,"autonomy_count":102}}
