{"data":{"satisfaction":7.409867172675522,"comprehension":7.209302325581396,"contact":4.022988505747127,"contact_reachability":0.6222222222222222,"contact_satisfaction":6.60377358490566,"autonomy":6.091269841269841},"metadata":{"satisfaction_count":527,"comprehension_count":516,"contact_count":87,"contactReachability_count":90,"contactSatisfaction_count":53,"autonomy_count":504}}
