{"data":{"satisfaction":7.3841059602649,"comprehension":7.5286697247706424,"contact":3.389830508474576,"contact_reachability":0.6271186440677966,"contact_satisfaction":5.405405405405405,"autonomy":6.5495207667731625},"metadata":{"satisfaction_count":453,"comprehension_count":436,"contact_count":59,"contactReachability_count":59,"contactSatisfaction_count":37,"autonomy_count":313}}
