{"data":{"satisfaction":7.368421052631579,"comprehension":7.518656716417911,"contact":3.2547169811320753,"contact_reachability":0.6226415094339622,"contact_satisfaction":5.2272727272727275,"autonomy":6.654676258992806},"metadata":{"satisfaction_count":418,"comprehension_count":402,"contact_count":53,"contactReachability_count":53,"contactSatisfaction_count":33,"autonomy_count":278}}
