{"data":{"satisfaction":6.932773109243698,"comprehension":6.934782608695652,"contact":2.586206896551724,"contact_reachability":0.6551724137931034,"contact_satisfaction":3.9473684210526314,"autonomy":6.6371681415929205},"metadata":{"satisfaction_count":119,"comprehension_count":115,"contact_count":29,"contactReachability_count":29,"contactSatisfaction_count":19,"autonomy_count":113}}
