{"data":{"satisfaction":7.285714285714286,"comprehension":7.190476190476191,"contact":3.4375,"contact_reachability":0.7083333333333334,"contact_satisfaction":4.852941176470588,"autonomy":6.190476190476191},"metadata":{"satisfaction_count":105,"comprehension_count":105,"contact_count":24,"contactReachability_count":24,"contactSatisfaction_count":17,"autonomy_count":105}}
