{"data":{"satisfaction":7.100840336134453,"comprehension":6.810344827586207,"contact":6.041666666666667,"contact_reachability":0.7083333333333334,"contact_satisfaction":8.529411764705882,"autonomy":4.869565217391305},"metadata":{"satisfaction_count":119,"comprehension_count":116,"contact_count":24,"contactReachability_count":24,"contactSatisfaction_count":17,"autonomy_count":115}}
