{"data":{"satisfaction":7.545638945233265,"comprehension":7.8012684989429175,"contact":3.75,"contact_reachability":6.5625,"contact_satisfaction":5.714285714285714,"autonomy":6.683937823834197},"metadata":{"satisfaction_count":493,"comprehension_count":473,"contact_count":32,"autonomy_count":193}}
