{"data":{"satisfaction":6.741573033707865,"comprehension":6.264367816091954,"contact":5.476190476190476,"contact_reachability":0.7142857142857143,"contact_satisfaction":7.666666666666667,"autonomy":3.9080459770114944},"metadata":{"satisfaction_count":89,"comprehension_count":87,"contact_count":21,"contactReachability_count":21,"contactSatisfaction_count":15,"autonomy_count":87}}
