{"data":{"satisfaction":7.253521126760563,"comprehension":7.122302158273381,"contact":4.230769230769231,"contact_reachability":0.5769230769230769,"contact_satisfaction":7.333333333333333,"autonomy":5.4411764705882355},"metadata":{"satisfaction_count":142,"comprehension_count":139,"contact_count":26,"contactReachability_count":26,"contactSatisfaction_count":15,"autonomy_count":136}}
