{"data":{"satisfaction":7.368421052631579,"comprehension":7.123893805309734,"contact":3.6904761904761907,"contact_reachability":7.619047619047619,"contact_satisfaction":4.84375,"autonomy":6.607142857142857},"metadata":{"satisfaction_count":114,"comprehension_count":113,"contact_count":21,"autonomy_count":112}}
