{"data":{"satisfaction":7.328042328042328,"comprehension":6.75531914893617,"contact":4.67741935483871,"contact_reachability":0.6129032258064516,"contact_satisfaction":7.631578947368421,"autonomy":5.388888888888889},"metadata":{"satisfaction_count":189,"comprehension_count":188,"contact_count":31,"contactReachability_count":31,"contactSatisfaction_count":19,"autonomy_count":180}}
