{"data":{"satisfaction":7.621681415929204,"comprehension":8.037383177570094,"contact":3.8636363636363638,"contact_reachability":4.545454545454545,"contact_satisfaction":8.5,"autonomy":6.853932584269663},"metadata":{"satisfaction_count":452,"comprehension_count":428,"contact_count":11,"autonomy_count":89}}
