{"data":{"satisfaction":7.646396396396397,"comprehension":8.077380952380953,"contact":3.8636363636363638,"contact_reachability":4.545454545454545,"contact_satisfaction":8.5,"autonomy":6.91358024691358},"metadata":{"satisfaction_count":444,"comprehension_count":420,"contact_count":11,"autonomy_count":81}}
