{"data":{"satisfaction":7.383177570093458,"comprehension":7.193396226415095,"contact":3.5714285714285716,"contact_reachability":0.7142857142857143,"contact_satisfaction":5,"autonomy":6.666666666666667},"metadata":{"satisfaction_count":107,"comprehension_count":106,"contact_count":21,"contactReachability_count":21,"contactSatisfaction_count":15,"autonomy_count":105}}
