{"data":{"satisfaction":6.71875,"comprehension":6.352201257861635,"contact":4.527027027027027,"contact_reachability":0.6216216216216216,"contact_satisfaction":7.282608695652174,"autonomy":5.1655629139072845},"metadata":{"satisfaction_count":160,"comprehension_count":159,"contact_count":37,"contactReachability_count":37,"contactSatisfaction_count":23,"autonomy_count":151}}
