{"data":{"satisfaction":7.033398821218075,"comprehension":6.578685258964144,"contact":4.854368932038835,"contact_reachability":0.6407766990291263,"contact_satisfaction":7.575757575757576,"autonomy":5.082304526748971},"metadata":{"satisfaction_count":509,"comprehension_count":502,"contact_count":103,"contactReachability_count":103,"contactSatisfaction_count":66,"autonomy_count":486}}
