{"data":{"satisfaction":7.033898305084746,"comprehension":6.982758620689655,"contact":3.5294117647058822,"contact_reachability":0.8235294117647058,"contact_satisfaction":4.285714285714286,"autonomy":6.551724137931035},"metadata":{"satisfaction_count":59,"comprehension_count":58,"contact_count":17,"contactReachability_count":17,"contactSatisfaction_count":14,"autonomy_count":58}}
