{"data":{"satisfaction":7.809917355371901,"comprehension":7.354166666666667,"contact":4,"contact_reachability":6.5,"contact_satisfaction":6.153846153846154,"autonomy":6.638655462184874},"metadata":{"satisfaction_count":121,"comprehension_count":120,"contact_count":20,"autonomy_count":119}}
