{"data":{"satisfaction":7.716535433070866,"comprehension":7.642276422764228,"contact":3.9285714285714284,"contact_reachability":5.7142857142857135,"contact_satisfaction":6.875,"autonomy":7.155172413793103},"metadata":{"satisfaction_count":127,"comprehension_count":123,"contact_count":14,"autonomy_count":116}}
