{"data":{"satisfaction":8.95010431154381,"comprehension":9.231694669155777,"contact":3.9,"autonomy":7.650448852931397},"metadata":{"satisfaction_count":57520,"comprehension_count":48210,"contact_count":225,"autonomy_count":9023}}
