{"data":{"satisfaction":8.910622070390085,"comprehension":9.07874631983006,"contact":3.868715083798883,"contact_reachability":0.5760869565217391,"contact_satisfaction":6.856435643564357,"autonomy":8.236291690220463},"metadata":{"satisfaction_count":62935,"comprehension_count":53666,"contact_count":537,"contactReachability_count":552,"contactSatisfaction_count":303,"autonomy_count":24766}}
