{"data":{"satisfaction":8.880365909350383,"comprehension":9.015967663810526,"contact":3.733183856502242,"contact_reachability":0.5584795321637427,"contact_satisfaction":6.805177111716621,"autonomy":8.313984924143634},"metadata":{"satisfaction_count":70072,"comprehension_count":59871,"contact_count":669,"contactReachability_count":684,"contactSatisfaction_count":367,"autonomy_count":31441}}
