{"data":{"satisfaction":9.058871086285462,"comprehension":9.04264717693358,"contact":3.9224137931034484,"contact_reachability":5.720338983050848,"contact_satisfaction":6.9465648854961835,"autonomy":8.689598010774969},"metadata":{"satisfaction_count":13606,"comprehension_count":12451,"contact_count":232,"autonomy_count":12065}}
