{"data":{"satisfaction":8.722156873728037,"comprehension":8.682846913993803,"contact":3.1307053941908713,"contact_reachability":0.46818923327895595,"contact_satisfaction":6.821880650994575,"autonomy":8.646525679758309},"metadata":{"satisfaction_count":53559,"comprehension_count":47764,"contact_count":1205,"contactReachability_count":1226,"contactSatisfaction_count":553,"autonomy_count":47995}}
