{"data":{"satisfaction":8.943928758855943,"comprehension":9.207834963182297,"contact":3.9720394736842106,"contact_reachability":5.8730158730158735,"contact_satisfaction":6.939655172413793,"autonomy":7.618184813045627},"metadata":{"satisfaction_count":60976,"comprehension_count":51334,"contact_count":304,"autonomy_count":12142}}
