{"data":{"satisfaction":9.070444915254237,"comprehension":9.01100307062436,"contact":3.637295081967213,"contact_reachability":0.5546558704453441,"contact_satisfaction":6.623134328358209,"autonomy":8.75546487904401},"metadata":{"satisfaction_count":15104,"comprehension_count":13678,"contact_count":244,"contactReachability_count":247,"contactSatisfaction_count":134,"autonomy_count":13724}}
