{"data":{"satisfaction":8.665641551341192,"comprehension":8.605703037604338,"contact":3.0268863833477884,"contact_reachability":0.4568006843455945,"contact_satisfaction":6.737451737451737,"autonomy":8.701208178438662},"metadata":{"satisfaction_count":52677,"comprehension_count":46484,"contact_count":1153,"contactReachability_count":1169,"contactSatisfaction_count":518,"autonomy_count":47344}}
