{"data":{"satisfaction":8.892706177048725,"comprehension":9.090253040167056,"contact":3.9164785553047405,"contact_reachability":5.829694323144104,"contact_satisfaction":6.884920634920635,"autonomy":8.107601984006479},"metadata":{"satisfaction_count":57487,"comprehension_count":48846,"contact_count":443,"autonomy_count":19758}}
