{"data":{"satisfaction":8.906753513884128,"comprehension":8.910919106549954,"contact":3.9537037037037037,"contact_reachability":5.734767025089606,"contact_satisfaction":7.069536423841059,"autonomy":8.492676645742797},"metadata":{"satisfaction_count":14585,"comprehension_count":13252,"contact_count":270,"autonomy_count":12426}}
