{"data":{"satisfaction":8.67621887250842,"comprehension":8.630303973441228,"contact":3.0693069306930694,"contact_reachability":0.46222583265637696,"contact_satisfaction":6.763636363636364,"autonomy":8.640073642221541},"metadata":{"satisfaction_count":54333,"comprehension_count":48195,"contact_count":1212,"contactReachability_count":1231,"contactSatisfaction_count":550,"autonomy_count":48885}}
