{"data":{"satisfaction":8.897262144539651,"comprehension":9.090375822236483,"contact":3.9270152505446623,"contact_reachability":5.801687763713081,"contact_satisfaction":6.9326923076923075,"autonomy":8.116951758600807},"metadata":{"satisfaction_count":58586,"comprehension_count":49864,"contact_count":459,"autonomy_count":20812}}
