{"data":{"satisfaction":8.894516872484607,"comprehension":9.089387903666108,"contact":3.9309210526315788,"contact_reachability":5.817409766454352,"contact_satisfaction":6.920849420849421,"autonomy":8.133451344839456},"metadata":{"satisfaction_count":58142,"comprehension_count":49453,"contact_count":456,"autonomy_count":20337}}
