{"data":{"satisfaction":8.897739523263574,"comprehension":9.090616643545047,"contact":3.913755458515284,"contact_reachability":5.792811839323467,"contact_satisfaction":6.920849420849421,"autonomy":8.115626511852927},"metadata":{"satisfaction_count":58439,"comprehension_count":49737,"contact_count":458,"autonomy_count":20670}}
