{"data":{"satisfaction":8.891546480079965,"comprehension":8.739524727544557,"contact":4.081439393939394,"contact_reachability":0.5804066543438078,"contact_satisfaction":7.159468438538206,"autonomy":8.134023199532672},"metadata":{"satisfaction_count":28012,"comprehension_count":25417,"contact_count":528,"contactReachability_count":541,"contactSatisfaction_count":301,"autonomy_count":23966}}
