{"data":{"satisfaction":8.959651969262039,"comprehension":9.250015974100657,"contact":3.9086294416243654,"autonomy":7.622145681847174},"metadata":{"satisfaction_count":56087,"comprehension_count":46951,"contact_count":197,"autonomy_count":7839}}
