{"data":{"satisfaction":8.664624308543331,"comprehension":8.600799947687344,"contact":3.0253940455341506,"contact_reachability":0.45375972342264476,"contact_satisfaction":6.7745098039215685,"autonomy":8.67963108905408},"metadata":{"satisfaction_count":52064,"comprehension_count":45878,"contact_count":1142,"contactReachability_count":1157,"contactSatisfaction_count":510,"autonomy_count":46949}}
