{"data":{"satisfaction":8.92052594476967,"comprehension":8.87824794602899,"contact":3.725925925925926,"contact_reachability":0.5356622998544396,"contact_satisfaction":7.064606741573034,"autonomy":8.402364830027842},"metadata":{"satisfaction_count":32627,"comprehension_count":29942,"contact_count":675,"contactReachability_count":687,"contactSatisfaction_count":356,"autonomy_count":29093}}
