{"data":{"satisfaction":8.832060280759702,"comprehension":8.730634317451038,"contact":3.4262048192771086,"contact_reachability":0.5059880239520959,"contact_satisfaction":6.811377245508982,"autonomy":8.88152303246643},"metadata":{"satisfaction_count":19376,"comprehension_count":17105,"contact_count":332,"contactReachability_count":334,"contactSatisfaction_count":167,"autonomy_count":17649}}
