{"data":{"satisfaction":8.946068930648016,"comprehension":9.219615199422197,"contact":4.015444015444015,"contact_reachability":5.888888888888889,"contact_satisfaction":7.027027027027027,"autonomy":7.683573050719152},"metadata":{"satisfaction_count":59335,"comprehension_count":49844,"contact_count":259,"autonomy_count":10568}}
