{"data":{"satisfaction":8.784395356810501,"comprehension":8.682716843689342,"contact":3.570593735390369,"contact_reachability":0.5141423357664233,"contact_satisfaction":7.111266294227188,"autonomy":8.283692093033723},"metadata":{"satisfaction_count":102085,"comprehension_count":91702,"contact_count":2139,"contactReachability_count":2192,"contactSatisfaction_count":1074,"autonomy_count":88871}}
