{"data":{"satisfaction":8.72297735293815,"comprehension":8.747260428143251,"contact":3.283353733170135,"contact_reachability":0.4933894230769231,"contact_satisfaction":6.782553729456384,"autonomy":8.480889067570285},"metadata":{"satisfaction_count":97187,"comprehension_count":84411,"contact_count":1634,"contactReachability_count":1664,"contactSatisfaction_count":791,"autonomy_count":69646}}
