{"data":{"satisfaction":8.730777354239795,"comprehension":8.753252159433863,"contact":3.2919161676646707,"contact_reachability":0.4950029394473839,"contact_satisfaction":6.778668310727497,"autonomy":8.44863760785894},"metadata":{"satisfaction_count":99427,"comprehension_count":86481,"contact_count":1670,"contactReachability_count":1701,"contactSatisfaction_count":811,"autonomy_count":71969}}
