{"data":{"satisfaction":8.781227617510766,"comprehension":8.676537244917641,"contact":3.493576017130621,"contact_reachability":0.5054257095158597,"contact_satisfaction":7.093478260869565,"autonomy":8.341727709264458},"metadata":{"satisfaction_count":115883,"comprehension_count":103692,"contact_count":2335,"contactReachability_count":2396,"contactSatisfaction_count":1150,"autonomy_count":102251}}
