{"data":{"satisfaction":8.821844334735173,"comprehension":8.829369718427468,"contact":3.3250355618776672,"contact_reachability":0.49297752808988765,"contact_satisfaction":6.834795321637427,"autonomy":8.530556503926254},"metadata":{"satisfaction_count":32814,"comprehension_count":29939,"contact_count":703,"contactReachability_count":712,"contactSatisfaction_count":342,"autonomy_count":29290}}
