{"data":{"satisfaction":8.833722838247725,"comprehension":8.736649803260258,"contact":3.3955223880597014,"contact_reachability":0.5059171597633136,"contact_satisfaction":6.770833333333333,"autonomy":8.828324547578935},"metadata":{"satisfaction_count":20111,"comprehension_count":17790,"contact_count":335,"contactReachability_count":338,"contactSatisfaction_count":168,"autonomy_count":18401}}
