{"data":{"satisfaction":8.781014726669406,"comprehension":8.675163573837118,"contact":3.561004784688995,"contact_reachability":0.5123773937412424,"contact_satisfaction":7.115200764818356,"autonomy":8.28465471967568},"metadata":{"satisfaction_count":99751,"comprehension_count":89562,"contact_count":2090,"contactReachability_count":2141,"contactSatisfaction_count":1046,"autonomy_count":86828}}
