{"data":{"satisfaction":8.75394961079637,"comprehension":8.689826046559645,"contact":3.520852428964253,"contact_reachability":0.5137900355871886,"contact_satisfaction":7.05463728191001,"autonomy":8.39627273392042},"metadata":{"satisfaction_count":108555,"comprehension_count":96865,"contact_count":2182,"contactReachability_count":2248,"contactSatisfaction_count":1089,"autonomy_count":95727}}
