{"data":{"satisfaction":8.749261887366513,"comprehension":8.698019023661661,"contact":3.468413320274241,"contact_reachability":0.5080721747388414,"contact_satisfaction":7.040258449304175,"autonomy":8.426598303725704},"metadata":{"satisfaction_count":99917,"comprehension_count":89047,"contact_count":2042,"contactReachability_count":2106,"contactSatisfaction_count":1006,"autonomy_count":88547}}
