{"data":{"satisfaction":8.735378976918279,"comprehension":8.75820575045572,"contact":3.310849598163031,"contact_reachability":0.4954904171364149,"contact_satisfaction":6.809327036599764,"autonomy":8.440456334645406},"metadata":{"satisfaction_count":102592,"comprehension_count":89419,"contact_count":1742,"contactReachability_count":1774,"contactSatisfaction_count":847,"autonomy_count":74945}}
