{"data":{"satisfaction":8.751811041634895,"comprehension":8.694056168248268,"contact":3.4971711456859973,"contact_reachability":0.5125858123569794,"contact_satisfaction":7.0241477272727275,"autonomy":8.40763712852597},"metadata":{"satisfaction_count":104912,"comprehension_count":93576,"contact_count":2121,"contactReachability_count":2185,"contactSatisfaction_count":1056,"autonomy_count":92705}}
