{"data":{"satisfaction":8.945333716732163,"comprehension":9.201993714026052,"contact":4.051987767584098,"contact_reachability":5.958702064896755,"contact_satisfaction":6.973684210526316,"autonomy":7.785624024381179},"metadata":{"satisfaction_count":62598,"comprehension_count":52816,"contact_count":327,"autonomy_count":13453}}
