{"data":{"satisfaction":8.753909069040173,"comprehension":8.554084476843911,"contact":3.701923076923077,"contact_reachability":0.5200945626477541,"contact_satisfaction":7.230046948356808,"autonomy":7.805887496356747},"metadata":{"satisfaction_count":20785,"comprehension_count":18656,"contact_count":416,"contactReachability_count":423,"contactSatisfaction_count":213,"autonomy_count":17155}}
