{"data":{"satisfaction":8.650273224043715,"comprehension":8.570921729927358,"contact":3.045625587958608,"contact_reachability":0.45817843866171004,"contact_satisfaction":6.744791666666667,"autonomy":8.732351566152408},"metadata":{"satisfaction_count":47580,"comprehension_count":41574,"contact_count":1063,"contactReachability_count":1076,"contactSatisfaction_count":480,"autonomy_count":42780}}
