{"data":{"satisfaction":9.026559759458783,"comprehension":9.008326508326508,"contact":4.557926829268292,"contact_reachability":0.6272189349112426,"contact_satisfaction":7.400990099009901,"autonomy":8.472101763515466},"metadata":{"satisfaction_count":7982,"comprehension_count":7326,"contact_count":164,"contactReachability_count":169,"contactSatisfaction_count":101,"autonomy_count":6918}}
