{"data":{"satisfaction":8.784362919286188,"comprehension":8.683524221415686,"contact":3.581081081081081,"contact_reachability":0.5156746933212176,"contact_satisfaction":7.1157407407407405,"autonomy":8.279773580675895},"metadata":{"satisfaction_count":102436,"comprehension_count":92026,"contact_count":2146,"contactReachability_count":2201,"contactSatisfaction_count":1080,"autonomy_count":89215}}
