{"data":{"satisfaction":8.882881788361074,"comprehension":8.34801604354677,"contact":6.5668064709406835,"contact_reachability":0.8125,"contact_satisfaction":8.166915052160954,"autonomy":6.554646840148699},"metadata":{"satisfaction_count":8231,"comprehension_count":6981,"contact_count":1669,"contactReachability_count":1744,"contactSatisfaction_count":1342,"autonomy_count":6725}}
