{"data":{"satisfaction":8.830412040011012,"comprehension":8.388612791702679,"contact":6.828595672464997,"contact_reachability":0.8206521739130435,"contact_satisfaction":8.348029045643154,"autonomy":6.501581760663249},"metadata":{"satisfaction_count":10897,"comprehension_count":9256,"contact_count":2357,"contactReachability_count":2392,"contactSatisfaction_count":1928,"autonomy_count":9167}}
