{"data":{"satisfaction":8.768956785485711,"comprehension":8.402154541404112,"contact":6.829655946148093,"contact_reachability":0.8187651331719128,"contact_satisfaction":8.39655172413793,"autonomy":6.428642797668609},"metadata":{"satisfaction_count":35937,"comprehension_count":31422,"contact_count":8022,"contactReachability_count":8260,"contactSatisfaction_count":6525,"autonomy_count":30025}}
