{"data":{"satisfaction":8.770485030434902,"comprehension":8.402799672110474,"contact":6.829147593715205,"contact_reachability":0.8190990990990991,"contact_satisfaction":8.392884293750951,"autonomy":6.421891464699684},"metadata":{"satisfaction_count":36307,"comprehension_count":31718,"contact_count":8083,"contactReachability_count":8325,"contactSatisfaction_count":6577,"autonomy_count":30368}}
