{"data":{"satisfaction":8.796370429677076,"comprehension":8.309190031152648,"contact":6.802771226415095,"contact_reachability":0.815242494226328,"contact_satisfaction":8.384811046511627,"autonomy":6.3634930643127365},"metadata":{"satisfaction_count":7494,"comprehension_count":6420,"contact_count":1696,"contactReachability_count":1732,"contactSatisfaction_count":1376,"autonomy_count":6344}}
