{"data":{"satisfaction":8.835137152453816,"comprehension":8.407472334830722,"contact":6.79159445407279,"contact_reachability":0.8172502134927413,"contact_satisfaction":8.337765957446809,"autonomy":6.489750692520776},"metadata":{"satisfaction_count":10718,"comprehension_count":9127,"contact_count":2308,"contactReachability_count":2342,"contactSatisfaction_count":1880,"autonomy_count":9025}}
