{"data":{"satisfaction":8.777419770588994,"comprehension":8.986426243620489,"contact":6.641589506172839,"contact_reachability":8.154311649016641,"contact_satisfaction":8.18203422053232,"autonomy":6.403364792778006},"metadata":{"satisfaction_count":38795,"comprehension_count":32526,"contact_count":1296,"autonomy_count":4874}}
