{"data":{"satisfaction":8.827057845349804,"comprehension":8.462604814714634,"contact":6.916622968012585,"contact_reachability":0.8267756770567195,"contact_satisfaction":8.411989795918368,"autonomy":6.432848588537211},"metadata":{"satisfaction_count":8419,"comprehension_count":7394,"contact_count":1907,"contactReachability_count":1957,"contactSatisfaction_count":1568,"autonomy_count":7014}}
