{"data":{"satisfaction":8.778306424355874,"comprehension":8.99234970981658,"contact":6.620901639344262,"contact_reachability":8.15112540192926,"contact_satisfaction":8.159090909090908,"autonomy":6.394084384515007},"metadata":{"satisfaction_count":38463,"comprehension_count":32221,"contact_count":1220,"autonomy_count":4598}}
