{"data":{"satisfaction":8.794855652486735,"comprehension":8.38617677286742,"contact":6.78585049580473,"contact_reachability":0.8185890257558791,"contact_satisfaction":8.329822097378278,"autonomy":6.319437152157933},"metadata":{"satisfaction_count":11119,"comprehension_count":9730,"contact_count":2622,"contactReachability_count":2679,"contactSatisfaction_count":2136,"autonomy_count":9523}}
