{"data":{"satisfaction":8.795674869500372,"comprehension":8.348225289622874,"contact":6.828219432821943,"contact_reachability":0.82124943000456,"contact_satisfaction":8.349914724275155,"autonomy":6.3162489088415015},"metadata":{"satisfaction_count":9387,"comprehension_count":8114,"contact_count":2151,"contactReachability_count":2193,"contactSatisfaction_count":1759,"autonomy_count":8019}}
