{"data":{"satisfaction":8.80299918408688,"comprehension":9.052572820460773,"contact":6.644345238095238,"autonomy":5.951219512195122},"metadata":{"satisfaction_count":35543,"comprehension_count":29559,"contact_count":672,"autonomy_count":2050}}
