{"data":{"satisfaction":8.768554509169645,"comprehension":8.556888793657595,"contact":6.725758054327227,"contact_reachability":0.8153439975151421,"contact_satisfaction":8.280672759090026,"autonomy":6.4274802681829755},"metadata":{"satisfaction_count":38333,"comprehension_count":32669,"contact_count":6332,"contactReachability_count":6439,"contactSatisfaction_count":5143,"autonomy_count":23566}}
