{"data":{"satisfaction":8.799004659559415,"comprehension":8.830006337135615,"contact":6.684797206553855,"contact_reachability":8.12285789612444,"contact_satisfaction":8.265526403188309,"autonomy":6.416604338070306},"metadata":{"satisfaction_count":40991,"comprehension_count":34716,"contact_count":3723,"autonomy_count":13370}}
