{"data":{"satisfaction":8.802109100377555,"comprehension":8.859948893199102,"contact":6.665329052969502,"contact_reachability":8.145465994962217,"contact_satisfaction":8.219517022961204,"autonomy":6.384608533000802},"metadata":{"satisfaction_count":38405,"comprehension_count":32481,"contact_count":3115,"autonomy_count":11227}}
