{"data":{"satisfaction":8.844205956831063,"comprehension":8.450522648083624,"contact":6.9638979370249725,"contact_reachability":0.8335073068893528,"contact_satisfaction":8.42252133946159,"autonomy":6.375887552528619},"metadata":{"satisfaction_count":8293,"comprehension_count":7175,"contact_count":1842,"contactReachability_count":1916,"contactSatisfaction_count":1523,"autonomy_count":6901}}
