{"data":{"satisfaction":8.769147733114012,"comprehension":8.554150590788522,"contact":6.726613152207471,"contact_reachability":0.8150341685649203,"contact_satisfaction":8.284220532319392,"autonomy":6.409447511518825},"metadata":{"satisfaction_count":38908,"comprehension_count":33176,"contact_count":6478,"contactReachability_count":6585,"contactSatisfaction_count":5260,"autonomy_count":24091}}
