{"data":{"satisfaction":8.81371969248965,"comprehension":8.422501699524133,"contact":6.918512658227848,"contact_reachability":0.8312945973496432,"contact_satisfaction":8.381789137380192,"autonomy":6.357315169575706},"metadata":{"satisfaction_count":8455,"comprehension_count":7355,"contact_count":1896,"contactReachability_count":1962,"contactSatisfaction_count":1565,"autonomy_count":7047}}
