{"data":{"satisfaction":8.799467592042403,"comprehension":8.814932787023265,"contact":6.704659318637274,"contact_reachability":8.138219380226268,"contact_satisfaction":8.273570324574962,"autonomy":6.267151481888035},"metadata":{"satisfaction_count":42073,"comprehension_count":35633,"contact_count":3992,"autonomy_count":14576}}
