{"data":{"satisfaction":8.803230044396122,"comprehension":8.789698996655519,"contact":6.733572549899081,"contact_reachability":0.8155638601890526,"contact_satisfaction":8.294198895027625,"autonomy":6.327274975272008},"metadata":{"satisfaction_count":44148,"comprehension_count":37375,"contact_count":4459,"contactReachability_count":4549,"contactSatisfaction_count":3620,"autonomy_count":16176}}
