{"data":{"satisfaction":8.828673408685306,"comprehension":8.467173087357569,"contact":6.932418162618796,"contact_reachability":0.8281893004115226,"contact_satisfaction":8.416666666666666,"autonomy":6.438453858222792},"metadata":{"satisfaction_count":8405,"comprehension_count":7372,"contact_count":1894,"contactReachability_count":1944,"contactSatisfaction_count":1560,"autonomy_count":7011}}
