{"data":{"satisfaction":8.802375785776604,"comprehension":8.782307082452432,"contact":6.740174672489083,"contact_reachability":0.816138698630137,"contact_satisfaction":8.296156947057243,"autonomy":6.320562094643286},"metadata":{"satisfaction_count":44701,"comprehension_count":37840,"contact_count":4580,"contactReachability_count":4672,"contactSatisfaction_count":3721,"autonomy_count":16652}}
