{"data":{"satisfaction":8.868031854379977,"comprehension":8.455119743541392,"contact":6.732793522267206,"contact_reachability":0.8227060653188181,"contact_satisfaction":8.257199602780537,"autonomy":6.587285967329266},"metadata":{"satisfaction_count":6153,"comprehension_count":5303,"contact_count":1235,"contactReachability_count":1286,"contactSatisfaction_count":1007,"autonomy_count":5081}}
