{
  "data": {
    "satisfaction": 8.808720072619993,
    "comprehension": 9.061273589734839,
    "contact": 6.748747913188648,
    "autonomy": 5.932671081677705
  },
  "metadata": {
    "satisfaction_count": 35252,
    "comprehension_count": 29303,
    "contact_count": 599,
    "autonomy_count": 1812
  }
}
