{"data":{"satisfaction":8.801334114112585,"comprehension":8.85456130855734,"contact":6.653443113772455,"contact_reachability":8.131060828680576,"contact_satisfaction":8.218380177514794,"autonomy":6.264636043560141},"metadata":{"satisfaction_count":39277,"comprehension_count":33258,"contact_count":3340,"autonomy_count":12213}}
