{"data":{"satisfaction":8.767742918062748,"comprehension":8.407248242744798,"contact":6.8328116494284155,"contact_reachability":0.8176167173654278,"contact_satisfaction":8.411375439772156,"autonomy":6.42195502924189},"metadata":{"satisfaction_count":32830,"comprehension_count":28738,"contact_count":7348,"contactReachability_count":7561,"contactSatisfaction_count":5969,"autonomy_count":27529}}
