{"data":{"satisfaction":8.801245575518616,"comprehension":8.782122535397644,"contact":6.7445295404814,"contact_reachability":0.8163484230851749,"contact_satisfaction":8.299003769520732,"autonomy":6.308728869638453},"metadata":{"satisfaction_count":44638,"comprehension_count":37785,"contact_count":4570,"contactReachability_count":4661,"contactSatisfaction_count":3714,"autonomy_count":16623}}
