{"data":{"satisfaction":8.776927399716342,"comprehension":8.406743295019156,"contact":6.835530257639305,"contact_reachability":0.819355589159009,"contact_satisfaction":8.39848351001178,"autonomy":6.3987876854362735},"metadata":{"satisfaction_count":37369,"comprehension_count":32625,"contact_count":8345,"contactReachability_count":8597,"contactSatisfaction_count":6792,"autonomy_count":31345}}
