{"data":{"satisfaction":8.798460763863915,"comprehension":8.817338995046,"contact":6.695100051308363,"contact_reachability":8.136489549231932,"contact_satisfaction":8.26393286890437,"autonomy":6.307887502643265},"metadata":{"satisfaction_count":41709,"comprehension_count":35325,"contact_count":3898,"autonomy_count":14187}}
