{"data":{"satisfaction":8.779012011198411,"comprehension":8.38347022587269,"contact":6.779916949792375,"contact_reachability":0.8179800221975583,"contact_satisfaction":8.326379230412611,"autonomy":6.318009278785323},"metadata":{"satisfaction_count":11073,"comprehension_count":9740,"contact_count":2649,"contactReachability_count":2703,"contactSatisfaction_count":2157,"autonomy_count":9484}}
