{"data":{"satisfaction":8.933026920551542,"comprehension":8.458557519856521,"contact":6.67150319210679,"contact_reachability":0.8284286507495836,"contact_satisfaction":8.129420084865629,"autonomy":6.662661860899746},"metadata":{"satisfaction_count":9138,"comprehension_count":7806,"contact_count":1723,"contactReachability_count":1801,"contactSatisfaction_count":1414,"autonomy_count":7491}}
