{"data":{"satisfaction":8.86627189735998,"comprehension":8.334301059660328,"contact":6.506682867557716,"contact_reachability":0.8104651162790698,"contact_satisfaction":8.113636363636363,"autonomy":6.556141672946496},"metadata":{"satisfaction_count":8106,"comprehension_count":6889,"contact_count":1646,"contactReachability_count":1720,"contactSatisfaction_count":1320,"autonomy_count":6635}}
