{"data":{"satisfaction":8.826775431861805,"comprehension":8.43771507226428,"contact":6.879750271444083,"contact_reachability":0.8270440251572327,"contact_satisfaction":8.381283068783068,"autonomy":6.431049436253252},"metadata":{"satisfaction_count":8336,"comprehension_count":7265,"contact_count":1842,"contactReachability_count":1908,"contactSatisfaction_count":1512,"autonomy_count":6918}}
