{
  "data": {
    "satisfaction": 8.80647718265202,
    "comprehension": 9.058743402009195,
    "contact": 6.725409836065574,
    "autonomy": 5.963597430406852
  },
  "metadata": {
    "satisfaction_count": 35324,
    "comprehension_count": 29365,
    "contact_count": 610,
    "autonomy_count": 1868
  }
}
