{"data":{"satisfaction":8.855349671249252,"comprehension":8.453090354767184,"contact":6.988327904451683,"contact_reachability":0.8365535248041776,"contact_satisfaction":8.41890124264225,"autonomy":6.418557595028183},"metadata":{"satisfaction_count":8365,"comprehension_count":7216,"contact_count":1842,"contactReachability_count":1915,"contactSatisfaction_count":1529,"autonomy_count":6919}}
