{"data":{"satisfaction":8.88157084820879,"comprehension":8.349521600463902,"contact":6.550364077669903,"contact_reachability":0.8114086146682189,"contact_satisfaction":8.15332326283988,"autonomy":6.548819016097488},"metadata":{"satisfaction_count":8123,"comprehension_count":6898,"contact_count":1648,"contactReachability_count":1718,"contactSatisfaction_count":1324,"autonomy_count":6647}}
