{"data":{"satisfaction":8.774454477050414,"comprehension":8.40543909871641,"contact":6.8366855353486695,"contact_reachability":0.8194996492868833,"contact_satisfaction":8.398431720668738,"autonomy":6.404746632456703},"metadata":{"satisfaction_count":37212,"comprehension_count":32487,"contact_count":8303,"contactReachability_count":8554,"contactSatisfaction_count":6759,"autonomy_count":31180}}
