{"data":{"satisfaction":8.798782141360354,"comprehension":8.83635119792728,"contact":6.690305700908841,"contact_reachability":8.13463098134631,"contact_satisfaction":8.259945596735804,"autonomy":6.4698121992860465},"metadata":{"satisfaction_count":40563,"comprehension_count":34351,"contact_count":3631,"autonomy_count":12886}}
