{"data":{"satisfaction":8.833131067961165,"comprehension":8.445730523981148,"contact":6.98087431693989,"contact_reachability":0.8328912466843501,"contact_satisfaction":8.432343234323433,"autonomy":6.499265785609398},"metadata":{"satisfaction_count":8240,"comprehension_count":7214,"contact_count":1830,"contactReachability_count":1885,"contactSatisfaction_count":1515,"autonomy_count":6810}}
