{"data":{"satisfaction":8.818171133051246,"comprehension":8.498848394526487,"contact":6.767705382436261,"contact_reachability":0.8153329602686066,"contact_satisfaction":8.32404181184669,"autonomy":6.5677906814047855},"metadata":{"satisfaction_count":8508,"comprehension_count":7381,"contact_count":1765,"contactReachability_count":1787,"contactSatisfaction_count":1435,"autonomy_count":7147}}
