{"data":{"satisfaction":8.830326669917113,"comprehension":8.416523727844483,"contact":6.754486884491486,"contact_reachability":0.8188833408987743,"contact_satisfaction":8.273675310033822,"autonomy":6.5519646593815395},"metadata":{"satisfaction_count":10255,"comprehension_count":8745,"contact_count":2173,"contactReachability_count":2203,"contactSatisfaction_count":1774,"autonomy_count":8602}}
