{"data":{"satisfaction":8.736842105263158,"comprehension":8.403101159219261,"contact":6.711016002977298,"contact_reachability":8.103070175438598,"contact_satisfaction":8.317573800738007,"autonomy":6.391304347826087},"metadata":{"satisfaction_count":11305,"comprehension_count":10093,"contact_count":2687,"autonomy_count":9660}}
