{"data":{"satisfaction":8.827294934808842,"comprehension":8.429113880942651,"contact":6.845189975747777,"contact_reachability":0.8213772376845682,"contact_satisfaction":8.390586292320396,"autonomy":6.41233879400488},"metadata":{"satisfaction_count":33977,"comprehension_count":29364,"contact_count":7422,"contactReachability_count":7653,"contactSatisfaction_count":6055,"autonomy_count":28690}}
