{"data":{"satisfaction":8.875032141938801,"comprehension":8.341422721067799,"contact":6.486917677089981,"contact_reachability":0.8028083028083028,"contact_satisfaction":8.171221864951768,"autonomy":6.531637619720521},"metadata":{"satisfaction_count":7778,"comprehension_count":6593,"contact_count":1567,"contactReachability_count":1638,"contactSatisfaction_count":1244,"autonomy_count":6369}}
