{"data":{"satisfaction":8.885799985368351,"comprehension":8.427104240509031,"contact":6.7499552212072365,"contact_reachability":0.8255172413793104,"contact_satisfaction":8.244366659374316,"autonomy":6.601602721941174},"metadata":{"satisfaction_count":27338,"comprehension_count":23417,"contact_count":5583,"contactReachability_count":5800,"contactSatisfaction_count":4571,"autonomy_count":22337}}
