{"data":{"satisfaction":8.928812795674702,"comprehension":8.447878228782288,"contact":6.722972972972973,"contact_reachability":0.8306997742663657,"contact_satisfaction":8.161554921540656,"autonomy":6.616334934797529},"metadata":{"satisfaction_count":8878,"comprehension_count":7588,"contact_count":1702,"contactReachability_count":1772,"contactSatisfaction_count":1402,"autonomy_count":7285}}
