{"data":{"satisfaction":8.794461037197937,"comprehension":8.389306685896775,"contact":6.794530953285226,"contact_reachability":0.8190618019359642,"contact_satisfaction":8.33255705635771,"autonomy":6.2902374670184695},"metadata":{"satisfaction_count":11049,"comprehension_count":9707,"contact_count":2633,"contactReachability_count":2686,"contactSatisfaction_count":2147,"autonomy_count":9475}}
