{"data":{"satisfaction":8.821956870433079,"comprehension":8.371639430680021,"contact":6.8101681016810165,"contact_reachability":0.8154281098546042,"contact_satisfaction":8.38042381432896,"autonomy":6.4907623699299215},"metadata":{"satisfaction_count":11222,"comprehension_count":9485,"contact_count":2439,"contactReachability_count":2476,"contactSatisfaction_count":1982,"autonomy_count":9418}}
