{"data":{"satisfaction":8.827611395178963,"comprehension":8.429650789358034,"contact":6.84072932028422,"contact_reachability":0.8208528341133645,"contact_satisfaction":8.390889656306529,"autonomy":6.414650188666182},"metadata":{"satisfaction_count":34225,"comprehension_count":29581,"contact_count":7459,"contactReachability_count":7692,"contactSatisfaction_count":6081,"autonomy_count":28887}}
