{"data":{"satisfaction":7.9535615899252265,"comprehension":7.319054652880355,"contact":4.911111111111111,"contact_reachability":0.6782608695652174,"contact_satisfaction":7.317880794701987,"autonomy":6.819517930629042},"metadata":{"satisfaction_count":2541,"comprehension_count":2031,"contact_count":225,"contactReachability_count":230,"contactSatisfaction_count":151,"autonomy_count":1701}}
