{"data":{"satisfaction":8.254523607577042,"comprehension":8.91539245667686,"contact":4.981343283582089,"contact_reachability":0.6985294117647058,"contact_satisfaction":7.17741935483871,"autonomy":6.8173076923076925},"metadata":{"satisfaction_count":14148,"comprehension_count":9810,"contact_count":134,"contactReachability_count":136,"contactSatisfaction_count":93,"autonomy_count":1040}}
