{"data":{"satisfaction":8.272012461983532,"comprehension":9.018049568965518,"contact":4.6875,"contact_reachability":0.6216216216216216,"contact_satisfaction":7.670454545454546,"autonomy":6.875},"metadata":{"satisfaction_count":13481,"comprehension_count":9280,"contact_count":72,"contactReachability_count":74,"contactSatisfaction_count":44,"autonomy_count":576}}
