{"data":{"satisfaction":8.25232055551619,"comprehension":8.918532147602985,"contact":4.903846153846154,"contact_reachability":0.6893939393939394,"contact_satisfaction":7.162921348314606,"autonomy":6.834319526627219},"metadata":{"satisfaction_count":14113,"comprehension_count":9783,"contact_count":130,"contactReachability_count":132,"contactSatisfaction_count":89,"autonomy_count":1014}}
