{"data":{"satisfaction":7.842261904761905,"comprehension":7.077205882352941,"contact":4.655172413793103,"contact_reachability":0.5517241379310345,"contact_satisfaction":8.4375,"autonomy":7.142857142857143},"metadata":{"satisfaction_count":336,"comprehension_count":272,"contact_count":29,"contactReachability_count":29,"contactSatisfaction_count":16,"autonomy_count":252}}
