{"data":{"satisfaction":7.713999427426281,"comprehension":7.101462357826322,"contact":5.274352651048089,"contact_reachability":0.7395957193816884,"contact_satisfaction":7.225506756756757,"autonomy":6.475770925110132},"metadata":{"satisfaction_count":6986,"comprehension_count":5539,"contact_count":811,"contactReachability_count":841,"contactSatisfaction_count":592,"autonomy_count":4767}}
