{"data":{"satisfaction":7.532007627349496,"comprehension":6.939713896457766,"contact":4.851485148514851,"contact_reachability":0.7026378896882494,"contact_satisfaction":7,"autonomy":6.51743264659271},"metadata":{"satisfaction_count":3671,"comprehension_count":2936,"contact_count":404,"contactReachability_count":417,"contactSatisfaction_count":280,"autonomy_count":2524}}
