{"data":{"satisfaction":7.586948727142345,"comprehension":6.90454682324601,"contact":5.075171821305842,"contact_reachability":0.7259816207184628,"contact_satisfaction":7.0663875598086126,"autonomy":6.254313319530711},"metadata":{"satisfaction_count":8367,"comprehension_count":6642,"contact_count":1164,"contactReachability_count":1197,"contactSatisfaction_count":836,"autonomy_count":5796}}
