{"data":{"satisfaction":8.276728145149198,"comprehension":9.04140266550142,"contact":4.8046875,"contact_reachability":0.6515151515151515,"contact_satisfaction":7.5,"autonomy":6.819172113289761},"metadata":{"satisfaction_count":13338,"comprehension_count":9154,"contact_count":64,"contactReachability_count":66,"contactSatisfaction_count":41,"autonomy_count":459}}
