{"data":{"satisfaction":7.515397881251539,"comprehension":6.9365648379052365,"contact":4.911699779249449,"contact_reachability":0.7145877378435518,"contact_satisfaction":6.99685534591195,"autonomy":6.485703944987333},"metadata":{"satisfaction_count":4059,"comprehension_count":3208,"contact_count":453,"contactReachability_count":473,"contactSatisfaction_count":318,"autonomy_count":2763}}
