{"data":{"satisfaction":7.7245468175003404,"comprehension":7.102409638554217,"contact":5.262096774193548,"contact_reachability":0.7388888888888889,"contact_satisfaction":7.2156398104265405,"autonomy":6.474243335337743},"metadata":{"satisfaction_count":7337,"comprehension_count":5810,"contact_count":868,"contactReachability_count":900,"contactSatisfaction_count":633,"autonomy_count":4989}}
