{"data":{"satisfaction":7.662098049551924,"comprehension":7.040759662372279,"contact":5.271345875542692,"contact_reachability":0.7440559440559441,"contact_satisfaction":7.1702755905511815,"autonomy":6.42930066360388},"metadata":{"satisfaction_count":5691,"comprehension_count":4502,"contact_count":691,"contactReachability_count":715,"contactSatisfaction_count":508,"autonomy_count":3918}}
