{"data":{"satisfaction":8.01255230125523,"comprehension":7.277777777777778,"contact":5.535714285714286,"contact_reachability":0.7380952380952381,"contact_satisfaction":7.5,"autonomy":6.8486590038314175},"metadata":{"satisfaction_count":1434,"comprehension_count":1170,"contact_count":126,"contactReachability_count":126,"contactSatisfaction_count":93,"autonomy_count":1044}}
