{"data":{"satisfaction":7.583432657926102,"comprehension":6.900705493845692,"contact":5.07725321888412,"contact_reachability":0.7262103505843072,"contact_satisfaction":7.066905615292712,"autonomy":6.246349424497509},"metadata":{"satisfaction_count":8390,"comprehension_count":6662,"contact_count":1165,"contactReachability_count":1198,"contactSatisfaction_count":837,"autonomy_count":5821}}
