{"data":{"satisfaction":6.620626151012892,"comprehension":5.71301775147929,"contact":4.384328358208955,"contact_reachability":0.6764705882352942,"contact_satisfaction":6.527777777777778,"autonomy":4.93844049247606},"metadata":{"satisfaction_count":1086,"comprehension_count":845,"contact_count":268,"contactReachability_count":272,"contactSatisfaction_count":180,"autonomy_count":731}}
