{"data":{"satisfaction":8.03347280334728,"comprehension":7.344798657718121,"contact":4.877049180327869,"contact_reachability":0.5901639344262295,"contact_satisfaction":8.26388888888889,"autonomy":6.894639556377079},"metadata":{"satisfaction_count":717,"comprehension_count":596,"contact_count":61,"contactReachability_count":61,"contactSatisfaction_count":36,"autonomy_count":541}}
