{"data":{"satisfaction":7.7258235919234854,"comprehension":7.097382989431304,"contact":5.250817884405671,"contact_reachability":0.7386722866174921,"contact_satisfaction":7.197309417040358,"autonomy":6.456908344733242},"metadata":{"satisfaction_count":7528,"comprehension_count":5961,"contact_count":917,"contactReachability_count":949,"contactSatisfaction_count":669,"autonomy_count":5117}}
