{"data":{"satisfaction":7.521845985800109,"comprehension":6.873387235506623,"contact":5.0831749049429655,"contact_reachability":0.7340129749768304,"contact_satisfaction":6.990196078431373,"autonomy":6.219728292971057},"metadata":{"satisfaction_count":7324,"comprehension_count":5813,"contact_count":1052,"contactReachability_count":1079,"contactSatisfaction_count":765,"autonomy_count":5079}}
