{"data":{"satisfaction":7.583860570610003,"comprehension":6.901217861975643,"contact":5.07725321888412,"contact_reachability":0.7262103505843072,"contact_satisfaction":7.066905615292712,"autonomy":6.248062015503876},"metadata":{"satisfaction_count":8377,"comprehension_count":6651,"contact_count":1165,"contactReachability_count":1198,"contactSatisfaction_count":837,"autonomy_count":5805}}
