{"data":{"satisfaction":8.276535054796577,"comprehension":9.04281496062992,"contact":4.880952380952381,"contact_reachability":0.6615384615384615,"contact_satisfaction":7.5,"autonomy":6.822222222222222},"metadata":{"satisfaction_count":13322,"comprehension_count":9144,"contact_count":63,"contactReachability_count":65,"contactSatisfaction_count":41,"autonomy_count":450}}
