{"data":{"satisfaction":8.869969040247678,"comprehension":8.163934426229508,"contact":7.837837837837838,"contact_reachability":0.9121621621621622,"contact_satisfaction":8.592592592592593,"autonomy":5.033333333333333},"metadata":{"satisfaction_count":323,"comprehension_count":305,"contact_count":148,"contactReachability_count":148,"contactSatisfaction_count":135,"autonomy_count":300}}
