{"data":{"satisfaction":8.211805555555555,"comprehension":7.668539325842697,"contact":7.253521126760563,"contact_reachability":0.875,"contact_satisfaction":8.306451612903226,"autonomy":4.124513618677042},"metadata":{"satisfaction_count":288,"comprehension_count":267,"contact_count":142,"contactReachability_count":144,"contactSatisfaction_count":124,"autonomy_count":257}}
