{"data":{"satisfaction":8.145320893412496,"comprehension":7.69402525408069,"contact":7.3669849931787175,"contact_reachability":0.8940620782726046,"contact_satisfaction":8.25057295645531,"autonomy":4.60702875399361},"metadata":{"satisfaction_count":3537,"comprehension_count":3247,"contact_count":1466,"contactReachability_count":1482,"contactSatisfaction_count":1309,"autonomy_count":3130}}
