{"data":{"satisfaction":7.450907283122048,"comprehension":8.195073612684032,"contact":6.731049562682216,"contact_reachability":8.662790697674419,"contact_satisfaction":7.773569023569023,"autonomy":4.326561324303988},"metadata":{"satisfaction_count":4023,"comprehension_count":3532,"contact_count":686,"autonomy_count":1329}}
