{"data":{"satisfaction":7.697717622080679,"comprehension":7.522529069767442,"contact":6.925937904269081,"contact_reachability":0.8801546391752577,"contact_satisfaction":7.873161764705882,"autonomy":4.055555555555555},"metadata":{"satisfaction_count":3768,"comprehension_count":3440,"contact_count":1546,"contactReachability_count":1552,"contactSatisfaction_count":1360,"autonomy_count":2880}}
