{"data":{"satisfaction":8.450946643717728,"comprehension":7.935779816513762,"contact":6.763636363636364,"contact_reachability":0.841726618705036,"contact_satisfaction":8.051948051948052,"autonomy":4.127579737335835},"metadata":{"satisfaction_count":581,"comprehension_count":545,"contact_count":275,"contactReachability_count":278,"contactSatisfaction_count":231,"autonomy_count":533}}
