{"data":{"satisfaction":7.610164512338425,"comprehension":7.741935483870968,"contact":6.733576642335766,"contact_reachability":8.692098092643052,"contact_satisfaction":7.7521008403361344,"autonomy":4.040404040404041},"metadata":{"satisfaction_count":3404,"comprehension_count":3100,"contact_count":1096,"autonomy_count":2079}}
