{"data":{"satisfaction":7.709529276693456,"comprehension":7.2847043701799485,"contact":7.554347826086956,"contact_reachability":0.9180722891566265,"contact_satisfaction":8.230263157894736,"autonomy":3.6821192052980134},"metadata":{"satisfaction_count":871,"comprehension_count":778,"contact_count":414,"contactReachability_count":415,"contactSatisfaction_count":380,"autonomy_count":755}}
