{"data":{"satisfaction":7.672651933701657,"comprehension":7.354047547396931,"contact":7.059538274605103,"contact_reachability":0.8811230585424134,"contact_satisfaction":8.03040774015204,"autonomy":4.066602625680435},"metadata":{"satisfaction_count":3620,"comprehension_count":3323,"contact_count":1646,"contactReachability_count":1674,"contactSatisfaction_count":1447,"autonomy_count":3123}}
