{"data":{"satisfaction":8.255885997521686,"comprehension":7.722146274777853,"contact":6.91358024691358,"contact_reachability":0.8669724770642202,"contact_satisfaction":7.9857397504456324,"autonomy":4.58981612446959},"metadata":{"satisfaction_count":1614,"comprehension_count":1463,"contact_count":648,"contactReachability_count":654,"contactSatisfaction_count":561,"autonomy_count":1414}}
