{"data":{"satisfaction":7.616296296296296,"comprehension":7.754720052083333,"contact":6.707599629286376,"contact_reachability":8.680811808118081,"contact_satisfaction":7.732371794871795,"autonomy":4.079844206426485},"metadata":{"satisfaction_count":3375,"comprehension_count":3072,"contact_count":1079,"autonomy_count":2054}}
