{"data":{"satisfaction":8.238390092879257,"comprehension":7.708333333333333,"contact":6.913109756097561,"contact_reachability":0.8655589123867069,"contact_satisfaction":7.9982363315696645,"autonomy":4.533239038189533},"metadata":{"satisfaction_count":1615,"comprehension_count":1464,"contact_count":656,"contactReachability_count":662,"contactSatisfaction_count":567,"autonomy_count":1414}}
