{"data":{"satisfaction":8.355223880597014,"comprehension":7.867313915857605,"contact":7.25258493353028,"contact_reachability":0.8881578947368421,"contact_satisfaction":8.176519567027476,"autonomy":4.7991967871485945},"metadata":{"satisfaction_count":3350,"comprehension_count":3090,"contact_count":1354,"contactReachability_count":1368,"contactSatisfaction_count":1201,"autonomy_count":2988}}
