{"data":{"satisfaction":7.69018162674388,"comprehension":7.515854713173825,"contact":6.925287356321839,"contact_reachability":0.8804071246819338,"contact_satisfaction":7.870101596516691,"autonomy":4.047455295735901},"metadata":{"satisfaction_count":3799,"comprehension_count":3469,"contact_count":1566,"contactReachability_count":1572,"contactSatisfaction_count":1378,"autonomy_count":2908}}
