{"data":{"satisfaction":7.430167597765363,"comprehension":8.105499735589635,"contact":6.644893111638955,"contact_reachability":8.637440758293838,"contact_satisfaction":7.6960110041265475,"autonomy":4.161886551943914},"metadata":{"satisfaction_count":4296,"comprehension_count":3782,"contact_count":842,"autonomy_count":1569}}
