{"data":{"satisfaction":7.461866992068335,"comprehension":8.449701020049243,"contact":6.875,"autonomy":4.477611940298507},"metadata":{"satisfaction_count":3278,"comprehension_count":2843,"contact_count":348,"autonomy_count":670}}
