{"data":{"satisfaction":7.615112160566706,"comprehension":7.747974068071313,"contact":6.72033118675253,"contact_reachability":8.681318681318682,"contact_satisfaction":7.746553552492046,"autonomy":4.060987415295257},"metadata":{"satisfaction_count":3388,"comprehension_count":3085,"contact_count":1087,"autonomy_count":2066}}
