{"data":{"satisfaction":7.997630331753554,"comprehension":7.589285714285714,"contact":7.338709677419355,"contact_reachability":0.908256880733945,"contact_satisfaction":8.083756345177665,"autonomy":3.93048128342246},"metadata":{"satisfaction_count":422,"comprehension_count":392,"contact_count":217,"contactReachability_count":218,"contactSatisfaction_count":197,"autonomy_count":374}}
