{"data":{"satisfaction":8.460869565217392,"comprehension":7.945269016697588,"contact":6.714801444043322,"contact_reachability":0.8357142857142857,"contact_satisfaction":8.051948051948052,"autonomy":4.079696394686907},"metadata":{"satisfaction_count":575,"comprehension_count":539,"contact_count":277,"contactReachability_count":280,"contactSatisfaction_count":231,"autonomy_count":527}}
