{"data":{"satisfaction":7.760290556900727,"comprehension":7.350543478260869,"contact":7.438118811881188,"contact_reachability":0.9061728395061729,"contact_satisfaction":8.210382513661202,"autonomy":3.904494382022472},"metadata":{"satisfaction_count":826,"comprehension_count":736,"contact_count":404,"contactReachability_count":405,"contactSatisfaction_count":366,"autonomy_count":712}}
