{"data":{"satisfaction":8.258064516129032,"comprehension":7.716262975778546,"contact":7.3355263157894735,"contact_reachability":0.8766233766233766,"contact_satisfaction":8.38345864661654,"autonomy":4.187725631768953},"metadata":{"satisfaction_count":310,"comprehension_count":289,"contact_count":152,"contactReachability_count":154,"contactSatisfaction_count":133,"autonomy_count":277}}
