{"data":{"satisfaction":7.652804912084845,"comprehension":7.339568126520681,"contact":7.045871559633028,"contact_reachability":0.8803367408298256,"contact_satisfaction":8.022284122562674,"autonomy":4.033667853674328},"metadata":{"satisfaction_count":3583,"comprehension_count":3288,"contact_count":1635,"contactReachability_count":1663,"contactSatisfaction_count":1436,"autonomy_count":3089}}
