{"data":{"satisfaction":7.434353167911347,"comprehension":8.145382296519594,"contact":6.678807947019868,"contact_reachability":8.626155878467635,"contact_satisfaction":7.745775729646698,"autonomy":4.218207088255733},"metadata":{"satisfaction_count":4151,"comprehension_count":3649,"contact_count":755,"autonomy_count":1439}}
