{"data":{"satisfaction":7.932038834951456,"comprehension":7.573529411764706,"contact":7.3313492063492065,"contact_reachability":0.9090909090909091,"contact_satisfaction":8.06768558951965,"autonomy":4.066666666666666},"metadata":{"satisfaction_count":515,"comprehension_count":476,"contact_count":252,"contactReachability_count":253,"contactSatisfaction_count":229,"autonomy_count":450}}
