{"data":{"satisfaction":8.26530612244898,"comprehension":7.80295315682281,"contact":6.856995884773663,"contact_reachability":0.8676171079429735,"contact_satisfaction":7.915676959619953,"autonomy":4.282722513089006},"metadata":{"satisfaction_count":1078,"comprehension_count":982,"contact_count":486,"contactReachability_count":491,"contactSatisfaction_count":421,"autonomy_count":955}}
