{"data":{"satisfaction":8.360471645143178,"comprehension":7.872907153729072,"contact":7.200883752549286,"contact_reachability":0.8835800807537012,"contact_satisfaction":8.160631741140216,"autonomy":4.739829706717124},"metadata":{"satisfaction_count":3562,"comprehension_count":3285,"contact_count":1471,"contactReachability_count":1486,"contactSatisfaction_count":1298,"autonomy_count":3171}}
