{"data":{"satisfaction":7.361034672537149,"comprehension":7.0647590361445785,"contact":6.751165501165501,"contact_reachability":8.713789107763615,"contact_satisfaction":7.754350736278447,"autonomy":3.7876884422110555},"metadata":{"satisfaction_count":1817,"comprehension_count":1660,"contact_count":858,"autonomy_count":1592}}
