{"data":{"satisfaction":7.647058823529412,"comprehension":7.33282208588957,"contact":6.953883495145631,"contact_reachability":0.880894800483676,"contact_satisfaction":7.898001378359752,"autonomy":4.026229508196721},"metadata":{"satisfaction_count":3553,"comprehension_count":3260,"contact_count":1648,"contactReachability_count":1654,"contactSatisfaction_count":1451,"autonomy_count":3050}}
