{"data":{"satisfaction":7.613533834586466,"comprehension":7.760244547257105,"contact":6.689443920829406,"contact_reachability":8.667917448405253,"contact_satisfaction":7.723068552774755,"autonomy":4.086610253857641},"metadata":{"satisfaction_count":3325,"comprehension_count":3026,"contact_count":1061,"autonomy_count":2009}}
