{"data":{"satisfaction":7.789336801040312,"comprehension":7.437956204379562,"contact":7.5,"contact_reachability":0.9135135135135135,"contact_satisfaction":8.212166172106825,"autonomy":4.094368340943683},"metadata":{"satisfaction_count":769,"comprehension_count":685,"contact_count":369,"contactReachability_count":370,"contactSatisfaction_count":337,"autonomy_count":657}}
