{"data":{"satisfaction":8.35618479880775,"comprehension":7.867647058823529,"contact":7.247232472324724,"contact_reachability":0.887509130752374,"contact_satisfaction":8.176519567027476,"autonomy":4.7994652406417115},"metadata":{"satisfaction_count":3355,"comprehension_count":3094,"contact_count":1355,"contactReachability_count":1369,"contactSatisfaction_count":1201,"autonomy_count":2992}}
