{"data":{"satisfaction":8.361731843575418,"comprehension":7.877044215626893,"contact":7.202903443619176,"contact_reachability":0.8830213903743316,"contact_satisfaction":8.168070444104135,"autonomy":4.743952246308514},"metadata":{"satisfaction_count":3580,"comprehension_count":3302,"contact_count":1481,"contactReachability_count":1496,"contactSatisfaction_count":1306,"autonomy_count":3183}}
