{"data":{"satisfaction":7.625113739763421,"comprehension":7.77,"contact":6.705518553758325,"contact_reachability":8.664772727272727,"contact_satisfaction":7.7445054945054945,"autonomy":4.092741935483871},"metadata":{"satisfaction_count":3297,"comprehension_count":3000,"contact_count":1051,"autonomy_count":1984}}
