{"data":{"satisfaction":7.649117894147298,"comprehension":7.335978028684773,"contact":7.041692213366033,"contact_reachability":0.8800482218203737,"contact_satisfaction":8.020251396648044,"autonomy":4.0424143556280585},"metadata":{"satisfaction_count":3571,"comprehension_count":3277,"contact_count":1631,"contactReachability_count":1659,"contactSatisfaction_count":1432,"autonomy_count":3065}}
