{"data":{"satisfaction":8.501805054151625,"comprehension":7.9584942084942085,"contact":6.867816091954023,"contact_reachability":0.8409090909090909,"contact_satisfaction":8.184931506849315,"autonomy":4.0828402366863905},"metadata":{"satisfaction_count":554,"comprehension_count":518,"contact_count":261,"contactReachability_count":264,"contactSatisfaction_count":219,"autonomy_count":507}}
