{"data":{"satisfaction":7.686547556489753,"comprehension":7.51150747986191,"contact":6.926386233269598,"contact_reachability":0.8806349206349207,"contact_satisfaction":7.8692976104272265,"autonomy":4.045984900480439},"metadata":{"satisfaction_count":3806,"comprehension_count":3476,"contact_count":1569,"contactReachability_count":1575,"contactSatisfaction_count":1381,"autonomy_count":2914}}
