{"data":{"satisfaction":7.364383561643836,"comprehension":7.092746730083234,"contact":6.7610981308411215,"contact_reachability":8.78048780487805,"contact_satisfaction":7.706391478029294,"autonomy":3.8778054862842892},"metadata":{"satisfaction_count":1825,"comprehension_count":1682,"contact_count":856,"autonomy_count":1604}}
