{"data":{"satisfaction":8.366752910737386,"comprehension":8.15379403794038,"contact":3.9655172413793105,"contact_reachability":0.5702479338842975,"contact_satisfaction":7.1875,"autonomy":6.903270702853166},"metadata":{"satisfaction_count":1546,"comprehension_count":1476,"contact_count":116,"contactReachability_count":121,"contactSatisfaction_count":64,"autonomy_count":1437}}
