{"data":{"satisfaction":8.576279216677195,"comprehension":8.218934911242604,"contact":3.7371134020618557,"contact_reachability":0.5415617128463476,"contact_satisfaction":7.038834951456311,"autonomy":7.007273986837547},"metadata":{"satisfaction_count":6332,"comprehension_count":5915,"contact_count":388,"contactReachability_count":397,"contactSatisfaction_count":206,"autonomy_count":5774}}
