{"data":{"satisfaction":8.698292220113853,"comprehension":8.853663731894349,"contact":3.453038674033149,"contact_reachability":5.1098901098901095,"contact_satisfaction":6.793478260869565,"autonomy":7.175824175824176},"metadata":{"satisfaction_count":7905,"comprehension_count":7042,"contact_count":181,"autonomy_count":2730}}
