{"data":{"satisfaction":8.717647058823529,"comprehension":8.124461670973298,"contact":2.8716216216216215,"contact_reachability":0.43243243243243246,"contact_satisfaction":6.640625,"autonomy":7.026086956521739},"metadata":{"satisfaction_count":1275,"comprehension_count":1161,"contact_count":74,"contactReachability_count":74,"contactSatisfaction_count":32,"autonomy_count":1150}}
