{"data":{"satisfaction":8.697522367515486,"comprehension":9.086204637757108,"contact":4.01595744680851,"contact_reachability":6.105263157894737,"contact_satisfaction":6.62280701754386,"autonomy":7.27536231884058},"metadata":{"satisfaction_count":8718,"comprehension_count":7633,"contact_count":94,"autonomy_count":1380}}
