{"data":{"satisfaction":8.580474511061238,"comprehension":8.220972174510477,"contact":3.720779220779221,"contact_reachability":0.539440203562341,"contact_satisfaction":7.022058823529412,"autonomy":6.993154291732491},"metadata":{"satisfaction_count":6238,"comprehension_count":5822,"contact_count":385,"contactReachability_count":393,"contactSatisfaction_count":204,"autonomy_count":5697}}
