{"data":{"satisfaction":8.706814391231832,"comprehension":8.81020872357506,"contact":3.5308056872037916,"contact_reachability":0.5188679245283019,"contact_satisfaction":6.834862385321101,"autonomy":7.107075767063243},"metadata":{"satisfaction_count":8394,"comprehension_count":7474,"contact_count":211,"contactReachability_count":212,"contactSatisfaction_count":109,"autonomy_count":3194}}
