{"data":{"satisfaction":8.773291925465838,"comprehension":8.30685618729097,"contact":3.0371900826446283,"contact_reachability":4.672131147540984,"contact_satisfaction":6.5625,"autonomy":7.075956596230725},"metadata":{"satisfaction_count":1932,"comprehension_count":1794,"contact_count":121,"autonomy_count":1751}}
