{"data":{"satisfaction":8.577799012581622,"comprehension":8.221473648302917,"contact":3.727390180878553,"contact_reachability":0.5404040404040404,"contact_satisfaction":7.036585365853658,"autonomy":7.000174611489436},"metadata":{"satisfaction_count":6279,"comprehension_count":5863,"contact_count":387,"contactReachability_count":396,"contactSatisfaction_count":205,"autonomy_count":5727}}
