{"data":{"satisfaction":8.575902422943795,"comprehension":8.21005655708731,"contact":3.6394101876675604,"contact_reachability":0.5249343832020997,"contact_satisfaction":7.0703125,"autonomy":6.988060781476122},"metadata":{"satisfaction_count":6067,"comprehension_count":5658,"contact_count":373,"contactReachability_count":381,"contactSatisfaction_count":192,"autonomy_count":5528}}
