{"data":{"satisfaction":8.351591027647366,"comprehension":8.028386734120293,"contact":3.267543859649123,"contact_reachability":0.5263157894736842,"contact_satisfaction":6.208333333333333,"autonomy":6.865671641791045},"metadata":{"satisfaction_count":1917,"comprehension_count":1779,"contact_count":114,"contactReachability_count":114,"contactSatisfaction_count":60,"autonomy_count":1742}}
