{"data":{"satisfaction":8.577607311898156,"comprehension":8.212285614280715,"contact":3.6706349206349205,"contact_reachability":0.5310880829015544,"contact_satisfaction":7.043147208121828,"autonomy":6.982820329277022},"metadata":{"satisfaction_count":6127,"comprehension_count":5714,"contact_count":378,"contactReachability_count":386,"contactSatisfaction_count":197,"autonomy_count":5588}}
