{"data":{"satisfaction":8.693856771127956,"comprehension":9.069602272727273,"contact":3.6926605504587156,"contact_reachability":5.545454545454546,"contact_satisfaction":6.708333333333333,"autonomy":7.228187919463087},"metadata":{"satisfaction_count":8839,"comprehension_count":7744,"contact_count":109,"autonomy_count":1490}}
