{"data":{"satisfaction":8.737373737373737,"comprehension":8.105287569573283,"contact":2.91044776119403,"contact_reachability":0.43283582089552236,"contact_satisfaction":6.724137931034483,"autonomy":7.037383177570093},"metadata":{"satisfaction_count":1188,"comprehension_count":1078,"contact_count":67,"contactReachability_count":67,"contactSatisfaction_count":29,"autonomy_count":1070}}
