{"data":{"satisfaction":8.75721027792344,"comprehension":8.309403153153154,"contact":3.1578947368421053,"contact_reachability":4.869565217391305,"contact_satisfaction":6.545454545454546,"autonomy":7.056101792943898},"metadata":{"satisfaction_count":1907,"comprehension_count":1776,"contact_count":114,"autonomy_count":1729}}
