{"data":{"satisfaction":8.702321724709785,"comprehension":8.804853723404255,"contact":3.4976525821596245,"contact_reachability":0.514018691588785,"contact_satisfaction":6.834862385321101,"autonomy":7.1053444547420455},"metadata":{"satisfaction_count":8442,"comprehension_count":7520,"contact_count":213,"contactReachability_count":214,"contactSatisfaction_count":109,"autonomy_count":3237}}
