{"data":{"satisfaction":8.382352941176471,"comprehension":8.231850117096018,"contact":4.271844660194175,"contact_reachability":0.6095238095238096,"contact_satisfaction":7.096774193548387,"autonomy":6.911412609736632},"metadata":{"satisfaction_count":1326,"comprehension_count":1281,"contact_count":103,"contactReachability_count":105,"contactSatisfaction_count":62,"autonomy_count":1253}}
