{"data":{"satisfaction":8.599180652834677,"comprehension":8.463693247962748,"contact":3.4846153846153847,"contact_reachability":0.5184049079754601,"contact_satisfaction":6.741071428571429,"autonomy":6.990825688073395},"metadata":{"satisfaction_count":7567,"comprehension_count":6872,"contact_count":325,"contactReachability_count":326,"contactSatisfaction_count":168,"autonomy_count":4905}}
