{"data":{"satisfaction":8.776295536172396,"comprehension":8.307349665924276,"contact":3.156779661016949,"contact_reachability":0.4576271186440678,"contact_satisfaction":6.898148148148148,"autonomy":7.078587699316628},"metadata":{"satisfaction_count":1949,"comprehension_count":1796,"contact_count":118,"contactReachability_count":118,"contactSatisfaction_count":54,"autonomy_count":1756}}
