{"data":{"satisfaction":8.569448721897135,"comprehension":8.216754443712968,"contact":3.7531328320802007,"contact_reachability":0.5441176470588235,"contact_satisfaction":7.030516431924883,"autonomy":7.0348443843031125},"metadata":{"satisfaction_count":6494,"comprehension_count":6076,"contact_count":399,"contactReachability_count":408,"contactSatisfaction_count":213,"autonomy_count":5912}}
