{"data":{"satisfaction":8.364312267657992,"comprehension":8.183885640025991,"contact":3.475609756097561,"contact_reachability":0.5241935483870968,"contact_satisfaction":6.6796875,"autonomy":6.971314209472982},"metadata":{"satisfaction_count":1614,"comprehension_count":1539,"contact_count":123,"contactReachability_count":124,"contactSatisfaction_count":64,"autonomy_count":1499}}
