{"data":{"satisfaction":8.534439416792358,"comprehension":8.101928374655648,"contact":3.400900900900901,"contact_reachability":0.5225225225225225,"contact_satisfaction":6.508620689655173,"autonomy":6.962590731434952},"metadata":{"satisfaction_count":1989,"comprehension_count":1815,"contact_count":111,"contactReachability_count":111,"contactSatisfaction_count":58,"autonomy_count":1791}}
