{"data":{"satisfaction":8.459692898272554,"comprehension":8.26204523107178,"contact":2.926829268292683,"contact_reachability":0.47560975609756095,"contact_satisfaction":6.153846153846154,"autonomy":6.767676767676767},"metadata":{"satisfaction_count":1042,"comprehension_count":1017,"contact_count":82,"contactReachability_count":82,"contactSatisfaction_count":39,"autonomy_count":990}}
