{"data":{"satisfaction":8.699214749061113,"comprehension":9.079922027290449,"contact":3.7745098039215685,"contact_reachability":5.728155339805825,"contact_satisfaction":6.637931034482759,"autonomy":7.274618585298197},"metadata":{"satisfaction_count":8787,"comprehension_count":7695,"contact_count":102,"autonomy_count":1442}}
