{"data":{"satisfaction":8.752598752598752,"comprehension":8.253386004514672,"contact":3.2644628099173554,"contact_reachability":0.4628099173553719,"contact_satisfaction":7.053571428571429,"autonomy":7.096032202415181},"metadata":{"satisfaction_count":1924,"comprehension_count":1772,"contact_count":121,"contactReachability_count":121,"contactSatisfaction_count":56,"autonomy_count":1739}}
