{"data":{"satisfaction":8.529106926930385,"comprehension":8.2159839063643,"contact":3.7639664804469275,"contact_reachability":0.5439560439560439,"contact_satisfaction":7.018229166666667,"autonomy":6.999627976190476},"metadata":{"satisfaction_count":5789,"comprehension_count":5468,"contact_count":358,"contactReachability_count":364,"contactSatisfaction_count":192,"autonomy_count":5376}}
