{"data":{"satisfaction":8.5538005923001,"comprehension":8.11448724905046,"contact":3.3552631578947367,"contact_reachability":0.5087719298245614,"contact_satisfaction":6.594827586206897,"autonomy":6.962719298245614},"metadata":{"satisfaction_count":2026,"comprehension_count":1843,"contact_count":114,"contactReachability_count":114,"contactSatisfaction_count":58,"autonomy_count":1824}}
