{"data":{"satisfaction":8.703796831782752,"comprehension":8.852667231160034,"contact":3.4759358288770055,"contact_reachability":5.106382978723404,"contact_satisfaction":6.842105263157895,"autonomy":7.1902017291066285},"metadata":{"satisfaction_count":7954,"comprehension_count":7086,"contact_count":187,"autonomy_count":2776}}
