{"data":{"satisfaction":8.746056782334385,"comprehension":8.23857142857143,"contact":3.106060606060606,"contact_reachability":0.4444444444444444,"contact_satisfaction":6.988636363636363,"autonomy":7.126236183827807},"metadata":{"satisfaction_count":1902,"comprehension_count":1750,"contact_count":99,"contactReachability_count":99,"contactSatisfaction_count":44,"autonomy_count":1719}}
