{"data":{"satisfaction":8.339136490250697,"comprehension":8.135624538063562,"contact":3.357843137254902,"contact_reachability":0.5,"contact_satisfaction":6.715686274509804,"autonomy":7.065959059893859},"metadata":{"satisfaction_count":1436,"comprehension_count":1353,"contact_count":102,"contactReachability_count":102,"contactSatisfaction_count":51,"autonomy_count":1319}}
