{"data":{"satisfaction":8.543111992071358,"comprehension":8.29938900203666,"contact":4.087301587301587,"contact_reachability":0.5873015873015873,"contact_satisfaction":6.95945945945946,"autonomy":7.110423116615067},"metadata":{"satisfaction_count":1009,"comprehension_count":982,"contact_count":63,"contactReachability_count":63,"contactSatisfaction_count":37,"autonomy_count":969}}
