{"data":{"satisfaction":8.610105883929768,"comprehension":8.472960992907801,"contact":3.4775641025641026,"contact_reachability":0.5207667731629393,"contact_satisfaction":6.697530864197531,"autonomy":7.009384775808133},"metadata":{"satisfaction_count":7461,"comprehension_count":6768,"contact_count":312,"contactReachability_count":313,"contactSatisfaction_count":162,"autonomy_count":4795}}
