{"data":{"satisfaction":8.7146529562982,"comprehension":8.21478626489138,"contact":3.0294117647058822,"contact_reachability":0.4470588235294118,"contact_satisfaction":6.776315789473684,"autonomy":7.1082621082621085},"metadata":{"satisfaction_count":1556,"comprehension_count":1427,"contact_count":85,"contactReachability_count":85,"contactSatisfaction_count":38,"autonomy_count":1404}}
