{
  "data": {
    "satisfaction": 8.699580099249268,
    "comprehension": 9.186694021101992,
    "contact": 4.166666666666667,
    "autonomy": 7.478559176672384
  },
  "metadata": {
    "satisfaction_count": 7859,
    "comprehension_count": 6824,
    "contact_count": 36,
    "autonomy_count": 583
  }
}
