{"data":{"satisfaction":8.524340770791076,"comprehension":8.284671532846716,"contact":3.7903225806451615,"contact_reachability":0.5645161290322581,"contact_satisfaction":6.714285714285714,"autonomy":7.120253164556962},"metadata":{"satisfaction_count":986,"comprehension_count":959,"contact_count":62,"contactReachability_count":62,"contactSatisfaction_count":35,"autonomy_count":948}}
