{"data":{"satisfaction":8.53150406504065,"comprehension":8.326359832635983,"contact":3.8559322033898304,"contact_reachability":0.576271186440678,"contact_satisfaction":6.6911764705882355,"autonomy":7.129237288135593},"metadata":{"satisfaction_count":984,"comprehension_count":956,"contact_count":59,"contactReachability_count":59,"contactSatisfaction_count":34,"autonomy_count":944}}
