{"data":{"satisfaction":8.792657704239918,"comprehension":8.318030050083472,"contact":3.0172413793103448,"contact_reachability":4.700854700854701,"contact_satisfaction":6.481481481481482,"autonomy":7.111111111111111},"metadata":{"satisfaction_count":1934,"comprehension_count":1797,"contact_count":116,"autonomy_count":1755}}
