{"data":{"satisfaction":8.69903041572586,"comprehension":8.893363161819538,"contact":3.7579617834394905,"contact_reachability":5.443037974683545,"contact_satisfaction":6.9411764705882355,"autonomy":7.220367278797997},"metadata":{"satisfaction_count":7529,"comprehension_count":6705,"contact_count":157,"autonomy_count":2396}}
