{"data":{"satisfaction":8.532934131736527,"comprehension":8.221216644896437,"contact":3.7789017341040463,"contact_reachability":0.5482954545454546,"contact_satisfaction":6.991978609625669,"autonomy":7.002657555049354},"metadata":{"satisfaction_count":5678,"comprehension_count":5359,"contact_count":346,"contactReachability_count":352,"contactSatisfaction_count":187,"autonomy_count":5268}}
