{"data":{"satisfaction":8.511572226656025,"comprehension":8.312397596941562,"contact":3.6810344827586206,"contact_reachability":0.5559322033898305,"contact_satisfaction":6.713836477987422,"autonomy":6.951797157982725},"metadata":{"satisfaction_count":3759,"comprehension_count":3662,"contact_count":290,"contactReachability_count":295,"contactSatisfaction_count":159,"autonomy_count":3589}}
