{"data":{"satisfaction":8.804235537190083,"comprehension":8.332869855394883,"contact":3.0327868852459017,"contact_reachability":4.634146341463415,"contact_satisfaction":6.607142857142857,"autonomy":7.08997722095672},"metadata":{"satisfaction_count":1936,"comprehension_count":1798,"contact_count":122,"autonomy_count":1756}}
