{"data":{"satisfaction":8.752648305084746,"comprehension":8.30828133862734,"contact":3.130434782608696,"contact_reachability":4.827586206896552,"contact_satisfaction":6.545454545454546,"autonomy":7.082847141190198},"metadata":{"satisfaction_count":1888,"comprehension_count":1763,"contact_count":115,"autonomy_count":1714}}
