{"data":{"satisfaction":8.692801888029368,"comprehension":8.876875551632834,"contact":3.7111801242236027,"contact_reachability":5.493827160493828,"contact_satisfaction":6.7897727272727275,"autonomy":7.213510253317249},"metadata":{"satisfaction_count":7627,"comprehension_count":6798,"contact_count":161,"autonomy_count":2487}}
