{"data":{"satisfaction":8.536076326774001,"comprehension":8.614821882951654,"contact":5.735294117647059,"contact_reachability":0.754880694143167,"contact_satisfaction":7.608381502890174,"autonomy":7.8427550357374916},"metadata":{"satisfaction_count":3354,"comprehension_count":3144,"contact_count":459,"contactReachability_count":461,"contactSatisfaction_count":346,"autonomy_count":3078}}
