{"data":{"satisfaction":6.044303797468355,"comprehension":5.425170068027211,"contact":2.8813559322033897,"contact_reachability":0.9152542372881356,"contact_satisfaction":3.1481481481481484,"autonomy":4.335664335664336},"metadata":{"satisfaction_count":158,"comprehension_count":147,"contact_count":59,"contactReachability_count":59,"contactSatisfaction_count":54,"autonomy_count":143}}
