{"data":{"satisfaction":9.12054586808188,"comprehension":8.72070884592853,"contact":4.544270833333333,"contact_reachability":0.5595854922279793,"contact_satisfaction":8.154205607476635,"autonomy":7.565489749430524},"metadata":{"satisfaction_count":3957,"comprehension_count":3414,"contact_count":384,"contactReachability_count":386,"contactSatisfaction_count":214,"autonomy_count":3512}}
