{"data":{"satisfaction":8.396418396418396,"comprehension":8.209115974495951,"contact":4.941798941798941,"contact_reachability":0.7073170731707317,"contact_satisfaction":7.10806697108067,"autonomy":6.170568561872909},"metadata":{"satisfaction_count":7371,"comprehension_count":5803,"contact_count":945,"contactReachability_count":984,"contactSatisfaction_count":657,"autonomy_count":4186}}
