{"data":{"satisfaction":8.425900467418202,"comprehension":7.969867211440246,"contact":5.018337408312958,"contact_reachability":0.6992307692307692,"contact_satisfaction":7.365430622009569,"autonomy":6.168454369614911},"metadata":{"satisfaction_count":7274,"comprehension_count":5874,"contact_count":1227,"contactReachability_count":1300,"contactSatisfaction_count":836,"autonomy_count":5687}}
