{"data":{"satisfaction":8.240902376796026,"comprehension":8.506148921832883,"contact":4.863563402889246,"contact_reachability":7.0743034055727545,"contact_satisfaction":6.981566820276497,"autonomy":6.1},"metadata":{"satisfaction_count":7447,"comprehension_count":5936,"contact_count":623,"autonomy_count":2700}}
