{"data":{"satisfaction":8.43382728666326,"comprehension":7.982802145787314,"contact":5.026099925428785,"contact_reachability":0.7031029619181947,"contact_satisfaction":7.326086956521739,"autonomy":6.138888888888889},"metadata":{"satisfaction_count":7828,"comprehension_count":6338,"contact_count":1341,"contactReachability_count":1418,"contactSatisfaction_count":920,"autonomy_count":6120}}
