{"data":{"satisfaction":8.426107169072669,"comprehension":7.978418351946876,"contact":5.041071428571429,"contact_reachability":0.703778677462888,"contact_satisfaction":7.343912591050988,"autonomy":6.121107807854796},"metadata":{"satisfaction_count":8174,"comprehension_count":6626,"contact_count":1400,"contactReachability_count":1482,"contactSatisfaction_count":961,"autonomy_count":6391}}
