{"data":{"satisfaction":8.137785403193876,"comprehension":8.718620116375728,"contact":5.170623145400594,"contact_reachability":7.29106628242075,"contact_satisfaction":7.170781893004115,"autonomy":6.161268090971744},"metadata":{"satisfaction_count":7577,"comprehension_count":6015,"contact_count":337,"autonomy_count":1451}}
