{"data":{"satisfaction":8.513513513513514,"comprehension":7.665137614678899,"contact":4.891008174386921,"contact_reachability":0.6971279373368147,"contact_satisfaction":7.151394422310757,"autonomy":6.25},"metadata":{"satisfaction_count":2220,"comprehension_count":1635,"contact_count":367,"contactReachability_count":383,"contactSatisfaction_count":251,"autonomy_count":1720}}
