{"data":{"satisfaction":8.426329555361814,"comprehension":7.979320418204182,"contact":5.019927536231884,"contact_reachability":0.7027397260273973,"contact_satisfaction":7.322938689217759,"autonomy":6.134480560866794},"metadata":{"satisfaction_count":8029,"comprehension_count":6504,"contact_count":1380,"contactReachability_count":1460,"contactSatisfaction_count":946,"autonomy_count":6276}}
