{"data":{"satisfaction":8.225806451612904,"comprehension":8.58377408386853,"contact":5.059139784946237,"contact_reachability":7.145833333333334,"contact_satisfaction":7.172256097560975,"autonomy":6.070553650171485},"metadata":{"satisfaction_count":6634,"comprehension_count":5294,"contact_count":465,"autonomy_count":2041}}
