{"data":{"satisfaction":8.399726979399354,"comprehension":8.072447447447447,"contact":5.091711956521739,"contact_reachability":0.7028938906752411,"contact_satisfaction":7.420792079207921,"autonomy":6.04898336414048},"metadata":{"satisfaction_count":8058,"comprehension_count":6660,"contact_count":1472,"contactReachability_count":1555,"contactSatisfaction_count":1010,"autonomy_count":6492}}
