{"data":{"satisfaction":8.499320959710277,"comprehension":7.780120481927711,"contact":4.94550408719346,"contact_reachability":0.6909090909090909,"contact_satisfaction":7.318548387096774,"autonomy":6.1821366024518385},"metadata":{"satisfaction_count":2209,"comprehension_count":1660,"contact_count":367,"contactReachability_count":385,"contactSatisfaction_count":248,"autonomy_count":1713}}
