{"data":{"satisfaction":8.52994555353902,"comprehension":7.707190737355271,"contact":4.964887640449438,"contact_reachability":0.6935483870967742,"contact_satisfaction":7.303719008264463,"autonomy":6.216530849825379},"metadata":{"satisfaction_count":2204,"comprehension_count":1641,"contact_count":356,"contactReachability_count":372,"contactSatisfaction_count":242,"autonomy_count":1718}}
