{"data":{"satisfaction":8.133274492497794,"comprehension":8.801733780760626,"contact":5.241935483870968,"autonomy":6.291469194312796},"metadata":{"satisfaction_count":6798,"comprehension_count":5364,"contact_count":217,"autonomy_count":844}}
