{"data":{"satisfaction":8.400441934691873,"comprehension":8.074464922711059,"contact":5.124244459368704,"contact_reachability":0.7061068702290076,"contact_satisfaction":7.429406037000974,"autonomy":6.04236513258153},"metadata":{"satisfaction_count":8146,"comprehension_count":6728,"contact_count":1489,"contactReachability_count":1572,"contactSatisfaction_count":1027,"autonomy_count":6562}}
