{"data":{"satisfaction":8.409309021113243,"comprehension":7.763647642679901,"contact":4.590277777777778,"contact_reachability":0.6772486772486772,"contact_satisfaction":6.94327731092437,"autonomy":6.108374384236453},"metadata":{"satisfaction_count":2084,"comprehension_count":1612,"contact_count":360,"contactReachability_count":378,"contactSatisfaction_count":238,"autonomy_count":1624}}
