{"data":{"satisfaction":8.42092603728202,"comprehension":7.979172843166321,"contact":5.031446540880503,"contact_reachability":0.7042904290429043,"contact_satisfaction":7.3245167853509665,"autonomy":6.119815668202765},"metadata":{"satisfaction_count":8315,"comprehension_count":6746,"contact_count":1431,"contactReachability_count":1515,"contactSatisfaction_count":983,"autonomy_count":6510}}
