{"data":{"satisfaction":8.396126136766268,"comprehension":8.078185190469396,"contact":5.109114249037227,"contact_reachability":0.7051671732522796,"contact_satisfaction":7.418452935694315,"autonomy":6.035087719298246},"metadata":{"satisfaction_count":8467,"comprehension_count":7009,"contact_count":1558,"contactReachability_count":1645,"contactSatisfaction_count":1073,"autonomy_count":6840}}
