{"data":{"satisfaction":8.420181373254643,"comprehension":7.972321428571429,"contact":4.974853310980721,"contact_reachability":0.7040322580645161,"contact_satisfaction":7.185230024213075,"autonomy":6.152854511970534},"metadata":{"satisfaction_count":6947,"comprehension_count":5600,"contact_count":1193,"contactReachability_count":1240,"contactSatisfaction_count":826,"autonomy_count":5430}}
