{"data":{"satisfaction":8.395867964853954,"comprehension":8.075598909769043,"contact":5.114590058102001,"contact_reachability":0.7051987767584098,"contact_satisfaction":7.4250234301780695,"autonomy":6.033519553072626},"metadata":{"satisfaction_count":8422,"comprehension_count":6971,"contact_count":1549,"contactReachability_count":1635,"contactSatisfaction_count":1067,"autonomy_count":6802}}
