{"data":{"satisfaction":8.48052536231884,"comprehension":7.789268585131895,"contact":4.966307277628032,"contact_reachability":0.6950904392764858,"contact_satisfaction":7.282608695652174,"autonomy":6.176298890834793},"metadata":{"satisfaction_count":2208,"comprehension_count":1668,"contact_count":371,"contactReachability_count":387,"contactSatisfaction_count":253,"autonomy_count":1713}}
