{"data":{"satisfaction":8.229741504501888,"comprehension":8.565655648383581,"contact":5.091346153846154,"contact_reachability":7.174721189591078,"contact_satisfaction":7.194293478260869,"autonomy":6.067615658362989},"metadata":{"satisfaction_count":6886,"comprehension_count":5506,"contact_count":520,"autonomy_count":2248}}
