{"data":{"satisfaction":8.487640449438203,"comprehension":7.66707541385653,"contact":4.779220779220779,"contact_reachability":0.6938271604938272,"contact_satisfaction":7.049808429118774,"autonomy":6.2020905923344944},"metadata":{"satisfaction_count":2225,"comprehension_count":1631,"contact_count":385,"contactReachability_count":405,"contactSatisfaction_count":261,"autonomy_count":1722}}
