{"data":{"satisfaction":8.236664940445365,"comprehension":8.157974530018192,"contact":4.567039106145251,"contact_reachability":0.6801075268817204,"contact_satisfaction":6.841004184100418,"autonomy":6.087786259541985},"metadata":{"satisfaction_count":1931,"comprehension_count":1649,"contact_count":358,"contactReachability_count":372,"contactSatisfaction_count":239,"autonomy_count":1572}}
