{"data":{"satisfaction":8.228491455509722,"comprehension":8.570177056436739,"contact":5.099009900990099,"contact_reachability":7.208413001912046,"contact_satisfaction":7.172701949860724,"autonomy":6.061865189289012},"metadata":{"satisfaction_count":6788,"comprehension_count":5422,"contact_count":505,"autonomy_count":2166}}
