{"data":{"satisfaction":8.395252145922747,"comprehension":8.208149030282408,"contact":4.934691745036573,"contact_reachability":0.7068273092369478,"contact_satisfaction":7.101503759398496,"autonomy":6.174812030075188},"metadata":{"satisfaction_count":7456,"comprehension_count":5878,"contact_count":957,"contactReachability_count":996,"contactSatisfaction_count":665,"autonomy_count":4256}}
