{"data":{"satisfaction":8.428939517222675,"comprehension":7.969379194630872,"contact":5.018028846153846,"contact_reachability":0.700227100681302,"contact_satisfaction":7.350352112676056,"autonomy":6.1509172724126},"metadata":{"satisfaction_count":7374,"comprehension_count":5960,"contact_count":1248,"contactReachability_count":1321,"contactSatisfaction_count":852,"autonomy_count":5778}}
