{
  "data": {
    "satisfaction": 8.111784825870647,
    "comprehension": 8.832048240411229,
    "contact": 5.369127516778524,
    "autonomy": 6.353790613718411
  },
  "metadata": {
    "satisfaction_count": 6432,
    "comprehension_count": 5058,
    "contact_count": 149,
    "autonomy_count": 554
  }
}
