{"data":{"satisfaction":8.395734597156398,"comprehension":8.075518969219756,"contact":5.112612612612613,"contact_reachability":0.7050578915295551,"contact_satisfaction":7.425233644859813,"autonomy":6.035798122065728},"metadata":{"satisfaction_count":8440,"comprehension_count":6985,"contact_count":1554,"contactReachability_count":1641,"contactSatisfaction_count":1070,"autonomy_count":6816}}
