{"data":{"satisfaction":8.391906942210122,"comprehension":8.20395559724828,"contact":4.860074626865671,"contact_reachability":0.696588868940754,"contact_satisfaction":7.098092643051771,"autonomy":6.120527306967985},"metadata":{"satisfaction_count":8081,"comprehension_count":6396,"contact_count":1072,"contactReachability_count":1114,"contactSatisfaction_count":734,"autonomy_count":4779}}
