{"data":{"satisfaction":8.434223069590086,"comprehension":8.092363840539022,"contact":5.021067415730337,"contact_reachability":0.6854838709677419,"contact_satisfaction":7.47907949790795,"autonomy":6.099125364431487},"metadata":{"satisfaction_count":2098,"comprehension_count":1781,"contact_count":356,"contactReachability_count":372,"contactSatisfaction_count":239,"autonomy_count":1715}}
