{"data":{"satisfaction":8.43133487061235,"comprehension":7.980221518987341,"contact":5.033682634730539,"contact_reachability":0.7041755130927105,"contact_satisfaction":7.325708061002179,"autonomy":6.134206219312603},"metadata":{"satisfaction_count":7806,"comprehension_count":6320,"contact_count":1336,"contactReachability_count":1413,"contactSatisfaction_count":918,"autonomy_count":6110}}
