{"data":{"satisfaction":8.394170343628828,"comprehension":8.208170876419732,"contact":4.9324324324324325,"contact_reachability":0.7085828343313373,"contact_satisfaction":7.082089552238806,"autonomy":6.174888940846388},"metadata":{"satisfaction_count":7479,"comprehension_count":5899,"contact_count":962,"contactReachability_count":1002,"contactSatisfaction_count":670,"autonomy_count":4277}}
