{"data":{"satisfaction":8.397068196303378,"comprehension":7.752332485156913,"contact":4.565217391304348,"contact_reachability":0.6768707482993197,"contact_satisfaction":6.961325966850829,"autonomy":6.2783171521035595},"metadata":{"satisfaction_count":1569,"comprehension_count":1179,"contact_count":276,"contactReachability_count":294,"contactSatisfaction_count":181,"autonomy_count":1236}}
