{"data":{"satisfaction":8.49640933572711,"comprehension":7.665036674816626,"contact":4.742744063324539,"contact_reachability":0.6909547738693468,"contact_satisfaction":7.021484375,"autonomy":6.211683053788317},"metadata":{"satisfaction_count":2228,"comprehension_count":1636,"contact_count":379,"contactReachability_count":398,"contactSatisfaction_count":256,"autonomy_count":1729}}
