{"data":{"satisfaction":8.125190142987526,"comprehension":8.820517774343122,"contact":5.363128491620111,"autonomy":6.2706766917293235},"metadata":{"satisfaction_count":6574,"comprehension_count":5176,"contact_count":179,"autonomy_count":665}}
