{"data":{"satisfaction":8.39021838629528,"comprehension":8.206593770709079,"contact":4.901713709677419,"contact_reachability":0.7021276595744681,"contact_satisfaction":7.108918128654971,"autonomy":6.165345413363533},"metadata":{"satisfaction_count":7647,"comprehension_count":6036,"contact_count":992,"contactReachability_count":1034,"contactSatisfaction_count":684,"autonomy_count":4415}}
