{"data":{"satisfaction":8.214483139856274,"comprehension":8.136746597537265,"contact":4.629080118694362,"contact_reachability":0.6846590909090909,"contact_satisfaction":6.902654867256637,"autonomy":6.109607577807848},"metadata":{"satisfaction_count":1809,"comprehension_count":1543,"contact_count":337,"contactReachability_count":352,"contactSatisfaction_count":226,"autonomy_count":1478}}
