{"data":{"satisfaction":8.475862068965517,"comprehension":8.097501357957631,"contact":5.1171875,"contact_reachability":0.7014925373134329,"contact_satisfaction":7.443181818181818,"autonomy":6.006768189509306},"metadata":{"satisfaction_count":2175,"comprehension_count":1841,"contact_count":384,"contactReachability_count":402,"contactSatisfaction_count":264,"autonomy_count":1773}}
