{"data":{"satisfaction":8.419567827130852,"comprehension":7.978920118343195,"contact":5.027932960893855,"contact_reachability":0.7040210942649967,"contact_satisfaction":7.3245167853509665,"autonomy":6.124137931034483},"metadata":{"satisfaction_count":8330,"comprehension_count":6760,"contact_count":1432,"contactReachability_count":1517,"contactSatisfaction_count":983,"autonomy_count":6525}}
