{"data":{"satisfaction":8.400919985473914,"comprehension":8.077063817330211,"contact":5.116469816272966,"contact_reachability":0.7052238805970149,"contact_satisfaction":7.4261904761904765,"autonomy":6.034793041391722},"metadata":{"satisfaction_count":8261,"comprehension_count":6832,"contact_count":1524,"contactReachability_count":1608,"contactSatisfaction_count":1050,"autonomy_count":6668}}
