{"data":{"satisfaction":8.396091515729266,"comprehension":8.07506837483806,"contact":5.116580310880829,"contact_reachability":0.7049079754601227,"contact_satisfaction":7.431796801505174,"autonomy":6.032753024491},"metadata":{"satisfaction_count":8392,"comprehension_count":6947,"contact_count":1544,"contactReachability_count":1630,"contactSatisfaction_count":1063,"autonomy_count":6778}}
