{"data":{"satisfaction":8.430892366503405,"comprehension":7.9906438780020626,"contact":4.993399339933993,"contact_reachability":0.7044181705040448,"contact_satisfaction":7.274038461538462,"autonomy":6.07769611519424},"metadata":{"satisfaction_count":8371,"comprehension_count":6787,"contact_count":1515,"contactReachability_count":1607,"contactSatisfaction_count":1040,"autonomy_count":6667}}
