{"data":{"satisfaction":8.427351623740202,"comprehension":7.9786865361289205,"contact":5.029215358931553,"contact_reachability":0.7013396375098503,"contact_satisfaction":7.356532356532356,"autonomy":6.164310005369608},"metadata":{"satisfaction_count":7144,"comprehension_count":5771,"contact_count":1198,"contactReachability_count":1269,"contactSatisfaction_count":819,"autonomy_count":5587}}
