{"data":{"satisfaction":8.422028064601536,"comprehension":7.973757357750164,"contact":5.015600624024961,"contact_reachability":0.7003690036900369,"contact_satisfaction":7.340182648401827,"autonomy":6.1642675698560545},"metadata":{"satisfaction_count":7554,"comprehension_count":6116,"contact_count":1282,"contactReachability_count":1355,"contactSatisfaction_count":876,"autonomy_count":5905}}
