{"data":{"satisfaction":8.419219140265545,"comprehension":7.971437844855567,"contact":5.02706883217324,"contact_reachability":0.7022677395757132,"contact_satisfaction":7.336343115124153,"autonomy":6.1605643265031915},"metadata":{"satisfaction_count":7607,"comprehension_count":6162,"contact_count":1293,"contactReachability_count":1367,"contactSatisfaction_count":886,"autonomy_count":5954}}
