{"data":{"satisfaction":8.406521739130435,"comprehension":8.151436031331592,"contact":5.047770700636943,"contact_reachability":0.72,"contact_satisfaction":7.182779456193353,"autonomy":6.07451403887689},"metadata":{"satisfaction_count":2300,"comprehension_count":1915,"contact_count":471,"contactReachability_count":500,"contactSatisfaction_count":331,"autonomy_count":1852}}
