{"data":{"satisfaction":8.501362397820163,"comprehension":7.832136445242369,"contact":4.993206521739131,"contact_reachability":0.7083333333333334,"contact_satisfaction":7.177734375,"autonomy":6.1416861826697895},"metadata":{"satisfaction_count":2202,"comprehension_count":1671,"contact_count":368,"contactReachability_count":384,"contactSatisfaction_count":256,"autonomy_count":1708}}
