{"data":{"satisfaction":8.388017118402283,"comprehension":7.743076923076923,"contact":4.491978609625669,"contact_reachability":0.6700507614213198,"contact_satisfaction":6.885245901639344,"autonomy":6.12629022465088},"metadata":{"satisfaction_count":2103,"comprehension_count":1625,"contact_count":374,"contactReachability_count":394,"contactSatisfaction_count":244,"autonomy_count":1647}}
