{"data":{"satisfaction":9.131334022750776,"comprehension":8.735986547085203,"contact":2.488038277511962,"contact_reachability":0.5856481481481481,"contact_satisfaction":4.351464435146443,"autonomy":5.088967971530249},"metadata":{"satisfaction_count":967,"comprehension_count":892,"contact_count":418,"contactReachability_count":432,"contactSatisfaction_count":239,"autonomy_count":843}}
