{"data":{"satisfaction":9.16267942583732,"comprehension":8.58974358974359,"contact":3.1367924528301887,"contact_reachability":0.6203703703703703,"contact_satisfaction":5.115384615384615,"autonomy":4.455958549222798},"metadata":{"satisfaction_count":209,"comprehension_count":195,"contact_count":106,"contactReachability_count":108,"contactSatisfaction_count":65,"autonomy_count":193}}
