{"data":{"satisfaction":9.111498257839722,"comprehension":8.786496350364963,"contact":2.4431818181818183,"contact_reachability":5.985401459854015,"contact_satisfaction":4.188311688311688,"autonomy":4.883720930232558},"metadata":{"satisfaction_count":287,"comprehension_count":274,"contact_count":132,"autonomy_count":258}}
