{"data":{"satisfaction":9.022038567493112,"comprehension":8.880597014925373,"contact":2.3699421965317917,"contact_reachability":0.5337078651685393,"contact_satisfaction":4.555555555555555,"autonomy":4.782608695652174},"metadata":{"satisfaction_count":363,"comprehension_count":335,"contact_count":173,"contactReachability_count":178,"contactSatisfaction_count":90,"autonomy_count":322}}
