{"data":{"satisfaction":9.026772793053546,"comprehension":8.75,"contact":2.38031914893617,"contact_reachability":0.5538194444444444,"contact_satisfaction":4.372964169381108,"autonomy":5.211618257261411},"metadata":{"satisfaction_count":1382,"comprehension_count":1274,"contact_count":564,"contactReachability_count":576,"contactSatisfaction_count":307,"autonomy_count":1205}}
