{"data":{"satisfaction":9.093023255813954,"comprehension":8.71859296482412,"contact":2.489010989010989,"contact_reachability":0.5829787234042553,"contact_satisfaction":4.372586872586872,"autonomy":5.100956429330499},"metadata":{"satisfaction_count":1075,"comprehension_count":995,"contact_count":455,"contactReachability_count":470,"contactSatisfaction_count":259,"autonomy_count":941}}
