{"data":{"satisfaction":9.137931034482758,"comprehension":8.558201058201059,"contact":3.0714285714285716,"contact_reachability":0.6132075471698113,"contact_satisfaction":5.0390625,"autonomy":4.444444444444445},"metadata":{"satisfaction_count":203,"comprehension_count":189,"contact_count":105,"contactReachability_count":106,"contactSatisfaction_count":64,"autonomy_count":189}}
