{"data":{"satisfaction":9.222222222222221,"comprehension":8.905038759689923,"contact":2.32421875,"contact_reachability":6.090225563909774,"contact_satisfaction":3.914473684210526,"autonomy":4.75},"metadata":{"satisfaction_count":270,"comprehension_count":258,"contact_count":128,"autonomy_count":240}}
