{"data":{"satisfaction":9.037867078825348,"comprehension":8.693843594009984,"contact":2.547080979284369,"contact_reachability":0.5719489981785064,"contact_satisfaction":4.569256756756757,"autonomy":5.091703056768559},"metadata":{"satisfaction_count":1294,"comprehension_count":1202,"contact_count":531,"contactReachability_count":549,"contactSatisfaction_count":296,"autonomy_count":1145}}
