{"data":{"satisfaction":9.131944444444445,"comprehension":8.732545649838883,"contact":2.528735632183908,"contact_reachability":0.5888888888888889,"contact_satisfaction":4.4,"autonomy":5.0227272727272725},"metadata":{"satisfaction_count":1008,"comprehension_count":931,"contact_count":435,"contactReachability_count":450,"contactSatisfaction_count":250,"autonomy_count":880}}
