{"data":{"satisfaction":9.085972850678733,"comprehension":8.71337890625,"contact":2.5161637931034484,"contact_reachability":0.5845511482254697,"contact_satisfaction":4.40566037735849,"autonomy":5.093167701863354},"metadata":{"satisfaction_count":1105,"comprehension_count":1024,"contact_count":464,"contactReachability_count":479,"contactSatisfaction_count":265,"autonomy_count":966}}
