{"data":{"satisfaction":9.137744034707158,"comprehension":8.741197183098592,"contact":2.5822784810126582,"contact_reachability":0.5833333333333334,"contact_satisfaction":4.533333333333333,"autonomy":5.068153655514251},"metadata":{"satisfaction_count":922,"comprehension_count":852,"contact_count":395,"contactReachability_count":408,"contactSatisfaction_count":225,"autonomy_count":807}}
