{"data":{"satisfaction":9.209486166007904,"comprehension":8.865546218487395,"contact":1.9834710743801653,"contact_reachability":5.905511811023621,"contact_satisfaction":3.4782608695652173,"autonomy":4.660633484162896},"metadata":{"satisfaction_count":253,"comprehension_count":238,"contact_count":121,"autonomy_count":221}}
