{"data":{"satisfaction":9.159113796576031,"comprehension":9.217536071032187,"contact":2.723004694835681,"contact_reachability":0.6484018264840182,"contact_satisfaction":4.264705882352941,"autonomy":4.757033248081841},"metadata":{"satisfaction_count":993,"comprehension_count":901,"contact_count":213,"contactReachability_count":219,"contactSatisfaction_count":136,"autonomy_count":391}}
