{"data":{"satisfaction":9.07986111111111,"comprehension":8.777372262773723,"contact":2.462406015037594,"contact_reachability":6.0144927536231885,"contact_satisfaction":4.198717948717949,"autonomy":4.8076923076923075},"metadata":{"satisfaction_count":288,"comprehension_count":274,"contact_count":133,"autonomy_count":260}}
