{"data":{"satisfaction":9.19068736141907,"comprehension":9.30844553243574,"contact":2.5308641975308643,"contact_reachability":6.309523809523809,"contact_satisfaction":4.1,"autonomy":4.786885245901639},"metadata":{"satisfaction_count":902,"comprehension_count":817,"contact_count":162,"autonomy_count":305}}
