{"data":{"satisfaction":9.011213047910296,"comprehension":9.508720930232558,"contact":3.6184210526315788,"autonomy":4.72972972972973},"metadata":{"satisfaction_count":981,"comprehension_count":860,"contact_count":38,"autonomy_count":74}}
