{"data":{"satisfaction":9.226618705035971,"comprehension":8.552083333333334,"contact":2.971311475409836,"contact_reachability":0.6016260162601627,"contact_satisfaction":4.965753424657534,"autonomy":4.631147540983607},"metadata":{"satisfaction_count":278,"comprehension_count":240,"contact_count":122,"contactReachability_count":123,"contactSatisfaction_count":73,"autonomy_count":244}}
