{"data":{"satisfaction":9.18098510882016,"comprehension":8.987261146496815,"contact":2.7564102564102564,"contact_reachability":0.6285714285714286,"contact_satisfaction":4.452662721893491,"autonomy":4.615384615384615},"metadata":{"satisfaction_count":873,"comprehension_count":785,"contact_count":273,"contactReachability_count":280,"contactSatisfaction_count":169,"autonomy_count":520}}
