{"data":{"satisfaction":9.168466522678186,"comprehension":9.267857142857142,"contact":2.4857954545454546,"contact_reachability":6.263736263736264,"contact_satisfaction":4.050925925925926,"autonomy":4.754601226993865},"metadata":{"satisfaction_count":926,"comprehension_count":840,"contact_count":176,"autonomy_count":326}}
