{"data":{"satisfaction":9.023162134944613,"comprehension":9.50401376146789,"contact":2.925531914893617,"autonomy":4.588235294117647},"metadata":{"satisfaction_count":993,"comprehension_count":872,"contact_count":47,"autonomy_count":85}}
