{"data":{"satisfaction":9.163113006396589,"comprehension":9.242957746478874,"contact":2.5137362637362637,"contact_reachability":6.170212765957447,"contact_satisfaction":4.159090909090909,"autonomy":4.763313609467455},"metadata":{"satisfaction_count":938,"comprehension_count":852,"contact_count":182,"autonomy_count":338}}
