{"data":{"satisfaction":9.246323529411764,"comprehension":8.932692307692308,"contact":2.242063492063492,"contact_reachability":6.030534351145038,"contact_satisfaction":3.8175675675675675,"autonomy":4.8347107438016526},"metadata":{"satisfaction_count":272,"comprehension_count":260,"contact_count":126,"autonomy_count":242}}
