{"data":{"satisfaction":9.157007376185458,"comprehension":9.243039443155453,"contact":2.5407608695652173,"contact_reachability":6.210526315789474,"contact_satisfaction":4.174107142857143,"autonomy":4.785100286532951},"metadata":{"satisfaction_count":949,"comprehension_count":862,"contact_count":184,"autonomy_count":349}}
