{"data":{"satisfaction":9.257425742574258,"comprehension":8.584905660377359,"contact":2.5,"contact_reachability":0.4824561403508772,"contact_satisfaction":5.231481481481482,"autonomy":5.096525096525096},"metadata":{"satisfaction_count":303,"comprehension_count":265,"contact_count":113,"contactReachability_count":114,"contactSatisfaction_count":54,"autonomy_count":259}}
