{"data":{"satisfaction":9.165029469548134,"comprehension":8.939804772234273,"contact":2.623076923076923,"contact_reachability":0.5903614457831325,"contact_satisfaction":4.51058201058201,"autonomy":4.91499227202473},"metadata":{"satisfaction_count":1018,"comprehension_count":922,"contact_count":325,"contactReachability_count":332,"contactSatisfaction_count":189,"autonomy_count":647}}
