{"data":{"satisfaction":9.124737945492662,"comprehension":8.727272727272727,"contact":2.543103448275862,"contact_reachability":0.5857142857142857,"contact_satisfaction":4.450431034482759,"autonomy":5.083932853717027},"metadata":{"satisfaction_count":954,"comprehension_count":880,"contact_count":406,"contactReachability_count":420,"contactSatisfaction_count":232,"autonomy_count":834}}
