{"data":{"satisfaction":8.994314143567875,"comprehension":8.828897338403042,"contact":2.469298245614035,"contact_reachability":0.5618556701030928,"contact_satisfaction":4.468253968253968,"autonomy":5.152487961476726},"metadata":{"satisfaction_count":1407,"comprehension_count":1315,"contact_count":570,"contactReachability_count":582,"contactSatisfaction_count":315,"autonomy_count":1246}}
