{"data":{"satisfaction":8.985915492957746,"comprehension":8.837386018237082,"contact":2.3676470588235294,"contact_reachability":0.5057471264367817,"contact_satisfaction":4.791666666666667,"autonomy":4.840764331210191},"metadata":{"satisfaction_count":355,"comprehension_count":329,"contact_count":170,"contactReachability_count":174,"contactSatisfaction_count":84,"autonomy_count":314}}
