{"data":{"satisfaction":9.028892455858747,"comprehension":8.747833622183709,"contact":2.4063116370808677,"contact_reachability":0.5510597302504817,"contact_satisfaction":4.452554744525547,"autonomy":5.206611570247934},"metadata":{"satisfaction_count":1246,"comprehension_count":1154,"contact_count":507,"contactReachability_count":519,"contactSatisfaction_count":274,"autonomy_count":1089}}
