{"data":{"satisfaction":9.067164179104477,"comprehension":8.715139442231076,"contact":2.3177083333333335,"contact_reachability":0.4791666666666667,"contact_satisfaction":4.836956521739131,"autonomy":5.603448275862069},"metadata":{"satisfaction_count":268,"comprehension_count":251,"contact_count":96,"contactReachability_count":96,"contactSatisfaction_count":46,"autonomy_count":232}}
