{"data":{"satisfaction":8.914835164835164,"comprehension":8.73546511627907,"contact":2.403225806451613,"contact_reachability":0.5802469135802469,"contact_satisfaction":4.281609195402299,"autonomy":4.892966360856269},"metadata":{"satisfaction_count":364,"comprehension_count":344,"contact_count":155,"contactReachability_count":162,"contactSatisfaction_count":87,"autonomy_count":327}}
