{"data":{"satisfaction":9.154676258992806,"comprehension":8.830188679245284,"contact":2.2058823529411766,"contact_reachability":6.099290780141844,"contact_satisfaction":3.7037037037037037,"autonomy":4.696356275303644},"metadata":{"satisfaction_count":278,"comprehension_count":265,"contact_count":136,"autonomy_count":247}}
