{"data":{"satisfaction":9.151138716356108,"comprehension":8.955949656750573,"contact":2.7467105263157894,"contact_reachability":0.617363344051447,"contact_satisfaction":4.513513513513513,"autonomy":4.8344370860927155},"metadata":{"satisfaction_count":966,"comprehension_count":874,"contact_count":304,"contactReachability_count":311,"contactSatisfaction_count":185,"autonomy_count":604}}
