{"data":{"satisfaction":9.166666666666666,"comprehension":9.226057906458797,"contact":2.75,"contact_reachability":0.6527777777777778,"contact_satisfaction":4.277777777777778,"autonomy":4.793814432989691},"metadata":{"satisfaction_count":990,"comprehension_count":898,"contact_count":210,"contactReachability_count":216,"contactSatisfaction_count":135,"autonomy_count":388}}
