{"data":{"satisfaction":8.969696969696969,"comprehension":8.737942122186496,"contact":1.8795620437956204,"contact_reachability":0.5179856115107914,"contact_satisfaction":3.6785714285714284,"autonomy":5.839160839160839},"metadata":{"satisfaction_count":330,"comprehension_count":311,"contact_count":137,"contactReachability_count":139,"contactSatisfaction_count":70,"autonomy_count":286}}
