{"data":{"satisfaction":8.992753623188406,"comprehension":8.812015503875969,"contact":2.4469026548672566,"contact_reachability":0.5580589254766031,"contact_satisfaction":4.459677419354839,"autonomy":5.130718954248366},"metadata":{"satisfaction_count":1380,"comprehension_count":1290,"contact_count":565,"contactReachability_count":577,"contactSatisfaction_count":310,"autonomy_count":1224}}
