{"data":{"satisfaction":9.111675126903553,"comprehension":8.519021739130435,"contact":3.1009615384615383,"contact_reachability":0.6190476190476191,"contact_satisfaction":5.0390625,"autonomy":4.4324324324324325},"metadata":{"satisfaction_count":197,"comprehension_count":184,"contact_count":104,"contactReachability_count":105,"contactSatisfaction_count":64,"autonomy_count":185}}
