{"data":{"satisfaction":8.996913580246913,"comprehension":8.814935064935066,"contact":2.14,"contact_reachability":0.49206349206349204,"contact_satisfaction":4.385245901639344,"autonomy":5.880281690140845},"metadata":{"satisfaction_count":324,"comprehension_count":308,"contact_count":125,"contactReachability_count":126,"contactSatisfaction_count":61,"autonomy_count":284}}
