{"data":{"satisfaction":8.985042735042734,"comprehension":8.907322654462243,"contact":2.7729885057471266,"contact_reachability":0.5689655172413793,"contact_satisfaction":4.873737373737374,"autonomy":5.203836930455635},"metadata":{"satisfaction_count":468,"comprehension_count":437,"contact_count":174,"contactReachability_count":174,"contactSatisfaction_count":99,"autonomy_count":417}}
