{"data":{"satisfaction":9.004237288135593,"comprehension":8.939909297052154,"contact":2.7729885057471266,"contact_reachability":0.5689655172413793,"contact_satisfaction":4.873737373737374,"autonomy":5.214285714285714},"metadata":{"satisfaction_count":472,"comprehension_count":441,"contact_count":174,"contactReachability_count":174,"contactSatisfaction_count":99,"autonomy_count":420}}
