{"data":{"satisfaction":9.174085064292779,"comprehension":9.208515283842795,"contact":2.700892857142857,"contact_reachability":0.6347826086956522,"contact_satisfaction":4.321428571428571,"autonomy":4.717444717444717},"metadata":{"satisfaction_count":1011,"comprehension_count":916,"contact_count":224,"contactReachability_count":230,"contactSatisfaction_count":140,"autonomy_count":407}}
