{"data":{"satisfaction":9.017991004497752,"comprehension":8.743922204213938,"contact":2.391304347826087,"contact_reachability":0.5575221238938053,"contact_satisfaction":4.370860927152318,"autonomy":5.171232876712328},"metadata":{"satisfaction_count":1334,"comprehension_count":1234,"contact_count":552,"contactReachability_count":565,"contactSatisfaction_count":302,"autonomy_count":1168}}
