{"data":{"satisfaction":8.880374627501064,"comprehension":8.463333333333333,"contact":5.38265306122449,"contact_reachability":0.696969696969697,"contact_satisfaction":7.757352941176471,"autonomy":8.132611637347766},"metadata":{"satisfaction_count":2349,"comprehension_count":2250,"contact_count":196,"contactReachability_count":198,"contactSatisfaction_count":136,"autonomy_count":2217}}
