{"data":{"satisfaction":8.89714696715416,"comprehension":8.922435897435898,"contact":3.7753623188405796,"contact_reachability":0.514367816091954,"contact_satisfaction":7.400568181818182,"autonomy":7.62338648443432},"metadata":{"satisfaction_count":4171,"comprehension_count":3900,"contact_count":345,"contactReachability_count":348,"contactSatisfaction_count":176,"autonomy_count":2634}}
