{"data":{"satisfaction":5.69672131147541,"comprehension":6.43018018018018,"contact":3.0555555555555554,"contact_reachability":5.555555555555555,"contact_satisfaction":5.5,"autonomy":3.5294117647058822},"metadata":{"satisfaction_count":244,"comprehension_count":222,"contact_count":9,"autonomy_count":17}}
