{"data":{"satisfaction":7.975701574264202,"comprehension":6.815602836879433,"contact":4.535361842105263,"contact_reachability":0.6711915535444947,"contact_satisfaction":7.07051282051282,"autonomy":3.6090621707060064},"metadata":{"satisfaction_count":2922,"comprehension_count":2115,"contact_count":608,"contactReachability_count":663,"contactSatisfaction_count":390,"autonomy_count":1898}}
