{"data":{"satisfaction":8.074712643678161,"comprehension":7.123161764705882,"contact":3.861788617886179,"contact_reachability":0.5378787878787878,"contact_satisfaction":7.661290322580645,"autonomy":4.3685300207039335},"metadata":{"satisfaction_count":696,"comprehension_count":544,"contact_count":123,"contactReachability_count":132,"contactSatisfaction_count":62,"autonomy_count":483}}
