{"data":{"satisfaction":8.035652474904811,"comprehension":7.2481203007518795,"contact":4.681919642857143,"contact_reachability":0.6844349680170576,"contact_satisfaction":6.991666666666666,"autonomy":3.6451373422420192},"metadata":{"satisfaction_count":2889,"comprehension_count":1995,"contact_count":448,"contactReachability_count":469,"contactSatisfaction_count":300,"autonomy_count":1347}}
