{"data":{"satisfaction":7.996289424860853,"comprehension":8.23017408123791,"contact":5.859375,"contact_reachability":7.346938775510204,"contact_satisfaction":8.035714285714286,"autonomy":3.7786259541984735},"metadata":{"satisfaction_count":3234,"comprehension_count":2068,"contact_count":96,"autonomy_count":262}}
