{"data":{"satisfaction":8.03388840198656,"comprehension":7.7379371403275785,"contact":4.913522012578617,"contact_reachability":0.7044776119402985,"contact_satisfaction":7.134703196347032,"autonomy":3.6790393013100435},"metadata":{"satisfaction_count":3423,"comprehension_count":2259,"contact_count":318,"contactReachability_count":335,"contactSatisfaction_count":219,"autonomy_count":916}}
