{"data":{"satisfaction":7.925963488843814,"comprehension":6.777266754270697,"contact":3.905023547880691,"contact_reachability":0.6118980169971672,"contact_satisfaction":6.852617079889807,"autonomy":3.691241959426027},"metadata":{"satisfaction_count":2958,"comprehension_count":2283,"contact_count":637,"contactReachability_count":706,"contactSatisfaction_count":363,"autonomy_count":2021}}
