{"data":{"satisfaction":7.931854199683043,"comprehension":7.0674044265593565,"contact":3.875,"contact_reachability":0.5891472868217055,"contact_satisfaction":6.940298507462686,"autonomy":4.054669703872437},"metadata":{"satisfaction_count":631,"comprehension_count":497,"contact_count":120,"contactReachability_count":129,"contactSatisfaction_count":67,"autonomy_count":439}}
