{"data":{"satisfaction":7.993156798571854,"comprehension":8.190454124189063,"contact":5.400763358778626,"contact_reachability":7.462686567164179,"contact_satisfaction":7.293814432989691,"autonomy":3.861671469740634},"metadata":{"satisfaction_count":3361,"comprehension_count":2158,"contact_count":131,"autonomy_count":347}}
