{"data":{"satisfaction":8.274111675126903,"comprehension":7.25177304964539,"contact":4.546783625730995,"contact_reachability":7.173913043478261,"contact_satisfaction":6.533613445378151,"autonomy":3.5271317829457365},"metadata":{"satisfaction_count":788,"comprehension_count":564,"contact_count":171,"autonomy_count":516}}
