{"data":{"satisfaction":7.994610019023463,"comprehension":6.721868365180467,"contact":4.0028694404591105,"contact_reachability":0.6127770534550195,"contact_satisfaction":6.975,"autonomy":3.593970796043335},"metadata":{"satisfaction_count":3154,"comprehension_count":2355,"contact_count":697,"contactReachability_count":767,"contactSatisfaction_count":400,"autonomy_count":2123}}
