{"data":{"satisfaction":7.926439232409382,"comprehension":6.377952755905512,"contact":4.251207729468599,"contact_reachability":0.6214953271028038,"contact_satisfaction":6.984126984126984,"autonomy":3.6704730831973897},"metadata":{"satisfaction_count":938,"comprehension_count":635,"contact_count":207,"contactReachability_count":214,"contactSatisfaction_count":126,"autonomy_count":613}}
