{"data":{"satisfaction":8.20266272189349,"comprehension":6.839887640449438,"contact":3.5080645161290325,"contact_reachability":0.5410628019323671,"contact_satisfaction":7.170329670329671,"autonomy":3.6082474226804124},"metadata":{"satisfaction_count":676,"comprehension_count":534,"contact_count":186,"contactReachability_count":207,"contactSatisfaction_count":91,"autonomy_count":485}}
