{"data":{"satisfaction":8.25030376670717,"comprehension":7.173174872665535,"contact":4.355828220858895,"contact_reachability":7.085714285714285,"contact_satisfaction":6.339285714285714,"autonomy":3.6940298507462686},"metadata":{"satisfaction_count":823,"comprehension_count":589,"contact_count":163,"autonomy_count":536}}
