{"data":{"satisfaction":8.01506109690253,"comprehension":8.118681318681318,"contact":5.391566265060241,"contact_reachability":7.714285714285714,"contact_satisfaction":7.103174603174603,"autonomy":3.700440528634361},"metadata":{"satisfaction_count":3519,"comprehension_count":2275,"contact_count":166,"autonomy_count":454}}
