{"data":{"satisfaction":8.030303030303031,"comprehension":7.128440366972477,"contact":3.9015151515151514,"contact_reachability":0.5664335664335665,"contact_satisfaction":7.357142857142857,"autonomy":4.329896907216495},"metadata":{"satisfaction_count":693,"comprehension_count":545,"contact_count":132,"contactReachability_count":143,"contactSatisfaction_count":70,"autonomy_count":485}}
