{"data":{"satisfaction":8.014517506404783,"comprehension":8.121972699251431,"contact":5.365853658536586,"contact_reachability":7.687861271676301,"contact_satisfaction":7.096774193548387,"autonomy":3.7333333333333334},"metadata":{"satisfaction_count":3513,"comprehension_count":2271,"contact_count":164,"autonomy_count":450}}
