{"data":{"satisfaction":7.808460634547591,"comprehension":6.572085889570552,"contact":4.194915254237288,"contact_reachability":0.6616161616161617,"contact_satisfaction":6.75,"autonomy":3.424408014571949},"metadata":{"satisfaction_count":851,"comprehension_count":652,"contact_count":177,"contactReachability_count":198,"contactSatisfaction_count":110,"autonomy_count":549}}
