{"data":{"satisfaction":7.968248305387085,"comprehension":6.783242708848245,"contact":4.516129032258065,"contact_reachability":0.6666666666666666,"contact_satisfaction":7.0557029177718835,"autonomy":3.627829928216455},"metadata":{"satisfaction_count":2803,"comprehension_count":2023,"contact_count":589,"contactReachability_count":636,"contactSatisfaction_count":377,"autonomy_count":1811}}
