{"data":{"satisfaction":7.970679012345679,"comprehension":7.1345029239766085,"contact":3.865546218487395,"contact_reachability":0.5813953488372093,"contact_satisfaction":7.076923076923077,"autonomy":4.20353982300885},"metadata":{"satisfaction_count":648,"comprehension_count":513,"contact_count":119,"contactReachability_count":129,"contactSatisfaction_count":65,"autonomy_count":452}}
