{"data":{"satisfaction":8.01101768628588,"comprehension":8.137629097440502,"contact":5.394736842105263,"contact_reachability":7.625,"contact_satisfaction":7.192982456140351,"autonomy":3.75},"metadata":{"satisfaction_count":3449,"comprehension_count":2227,"contact_count":152,"autonomy_count":408}}
