{"data":{"satisfaction":7.71412037037037,"comprehension":6.713740458015267,"contact":3.9825581395348837,"contact_reachability":0.6414141414141414,"contact_satisfaction":6.782178217821782,"autonomy":3.5159010600706715},"metadata":{"satisfaction_count":864,"comprehension_count":655,"contact_count":172,"contactReachability_count":198,"contactSatisfaction_count":101,"autonomy_count":566}}
