{"data":{"satisfaction":7.926829268292683,"comprehension":6.768266320795504,"contact":3.9069767441860463,"contact_reachability":0.6125874125874126,"contact_satisfaction":6.8478260869565215,"autonomy":3.7060546875},"metadata":{"satisfaction_count":2993,"comprehension_count":2313,"contact_count":645,"contactReachability_count":715,"contactSatisfaction_count":368,"autonomy_count":2048}}
