{"data":{"satisfaction":7.994177137603432,"comprehension":8.220785440613026,"contact":5.679611650485437,"contact_reachability":7.333333333333333,"contact_satisfaction":7.8,"autonomy":3.7943262411347516},"metadata":{"satisfaction_count":3263,"comprehension_count":2088,"contact_count":103,"autonomy_count":282}}
