{"data":{"satisfaction":7.931034482758621,"comprehension":6.773916773916774,"contact":3.888888888888889,"contact_reachability":0.6114206128133705,"contact_satisfaction":6.829268292682927,"autonomy":3.7112403100775193},"metadata":{"satisfaction_count":3016,"comprehension_count":2331,"contact_count":648,"contactReachability_count":718,"contactSatisfaction_count":369,"autonomy_count":2064}}
