{"data":{"satisfaction":8.273955773955773,"comprehension":7.205631399317406,"contact":4.326347305389222,"contact_reachability":6.983240223463687,"contact_satisfaction":6.393805309734513,"autonomy":3.621013133208255},"metadata":{"satisfaction_count":814,"comprehension_count":586,"contact_count":167,"autonomy_count":533}}
