{"data":{"satisfaction":7.928786359077232,"comprehension":6.766551276503678,"contact":3.9069767441860463,"contact_reachability":0.6120448179271709,"contact_satisfaction":6.8478260869565215,"autonomy":3.7047898338220917},"metadata":{"satisfaction_count":2991,"comprehension_count":2311,"contact_count":645,"contactReachability_count":714,"contactSatisfaction_count":368,"autonomy_count":2046}}
