{"data":{"satisfaction":7.855659397715472,"comprehension":6.375762195121951,"contact":4.33411214953271,"contact_reachability":0.6412556053811659,"contact_satisfaction":6.9216417910447765,"autonomy":3.588516746411483},"metadata":{"satisfaction_count":963,"comprehension_count":656,"contact_count":214,"contactReachability_count":223,"contactSatisfaction_count":134,"autonomy_count":627}}
