{"data":{"satisfaction":7.833333333333333,"comprehension":6.49024024024024,"contact":3.8768115942028984,"contact_reachability":0.5990990990990991,"contact_satisfaction":6.8008474576271185,"autonomy":3.5126582278481013},"metadata":{"satisfaction_count":960,"comprehension_count":666,"contact_count":207,"contactReachability_count":222,"contactSatisfaction_count":118,"autonomy_count":632}}
