{"data":{"satisfaction":8.010533469249065,"comprehension":7.225639763779528,"contact":4.657608695652174,"contact_reachability":0.6853002070393375,"contact_satisfaction":6.9561688311688314,"autonomy":3.664011585807386},"metadata":{"satisfaction_count":2943,"comprehension_count":2032,"contact_count":460,"contactReachability_count":483,"contactSatisfaction_count":308,"autonomy_count":1381}}
