{"data":{"satisfaction":7.651515151515151,"comprehension":6.691542288557214,"contact":3.56508875739645,"contact_reachability":0.5659340659340659,"contact_satisfaction":6.694444444444445,"autonomy":3.5514018691588785},"metadata":{"satisfaction_count":792,"comprehension_count":603,"contact_count":169,"contactReachability_count":182,"contactSatisfaction_count":90,"autonomy_count":535}}
