{"data":{"satisfaction":8.295739348370928,"comprehension":7.257785467128028,"contact":4.503105590062112,"contact_reachability":7.167630057803468,"contact_satisfaction":6.473214285714286,"autonomy":3.5564053537284894},"metadata":{"satisfaction_count":798,"comprehension_count":578,"contact_count":161,"autonomy_count":523}}
