{"data":{"satisfaction":7.98637515842839,"comprehension":6.8038111736682545,"contact":4.518072289156627,"contact_reachability":0.6726519337016574,"contact_satisfaction":7.02576112412178,"autonomy":3.593977659057795},"metadata":{"satisfaction_count":3156,"comprehension_count":2309,"contact_count":664,"contactReachability_count":724,"contactSatisfaction_count":427,"autonomy_count":2059}}
