{"data":{"satisfaction":8.031729428172943,"comprehension":7.249747219413549,"contact":4.682539682539683,"contact_reachability":0.6861471861471862,"contact_satisfaction":6.976351351351352,"autonomy":3.6664162283996995},"metadata":{"satisfaction_count":2868,"comprehension_count":1978,"contact_count":441,"contactReachability_count":462,"contactSatisfaction_count":296,"autonomy_count":1331}}
