{"data":{"satisfaction":7.928452579034942,"comprehension":6.76818768833405,"contact":3.9069767441860463,"contact_reachability":0.6125874125874126,"contact_satisfaction":6.8478260869565215,"autonomy":3.707482993197279},"metadata":{"satisfaction_count":3005,"comprehension_count":2323,"contact_count":645,"contactReachability_count":715,"contactSatisfaction_count":368,"autonomy_count":2058}}
