{"data":{"satisfaction":8.24487334137515,"comprehension":6.984402079722703,"contact":4.474431818181818,"contact_reachability":0.6432432432432432,"contact_satisfaction":7.159090909090909,"autonomy":3.6029411764705883},"metadata":{"satisfaction_count":829,"comprehension_count":577,"contact_count":176,"contactReachability_count":185,"contactSatisfaction_count":110,"autonomy_count":544}}
