{"data":{"satisfaction":7.921328671328672,"comprehension":6.782155797101449,"contact":3.9065040650406506,"contact_reachability":0.6114369501466276,"contact_satisfaction":6.864285714285714,"autonomy":3.6982097186700766},"metadata":{"satisfaction_count":2860,"comprehension_count":2208,"contact_count":615,"contactReachability_count":682,"contactSatisfaction_count":350,"autonomy_count":1955}}
