{"data":{"satisfaction":7.761857707509882,"comprehension":6.560379918588874,"contact":3.8658536585365852,"contact_reachability":0.6108597285067874,"contact_satisfaction":6.659663865546219,"autonomy":3.665158371040724},"metadata":{"satisfaction_count":1012,"comprehension_count":737,"contact_count":205,"contactReachability_count":221,"contactSatisfaction_count":119,"autonomy_count":663}}
