{"data":{"satisfaction":8.00730654267685,"comprehension":7.222489187890437,"contact":4.5974576271186445,"contact_reachability":0.6826347305389222,"contact_satisfaction":6.932907348242812,"autonomy":3.631910426871938},"metadata":{"satisfaction_count":3011,"comprehension_count":2081,"contact_count":472,"contactReachability_count":501,"contactSatisfaction_count":313,"autonomy_count":1429}}
