{"data":{"satisfaction":7.990595611285267,"comprehension":6.7313338926174495,"contact":4.015580736543909,"contact_reachability":0.6134020618556701,"contact_satisfaction":6.982758620689655,"autonomy":3.597021870637506},"metadata":{"satisfaction_count":3190,"comprehension_count":2384,"contact_count":706,"contactReachability_count":776,"contactSatisfaction_count":406,"autonomy_count":2149}}
