{"data":{"satisfaction":7.979695431472082,"comprehension":6.820411022886502,"contact":4.5317589576547235,"contact_reachability":0.6701492537313433,"contact_satisfaction":7.080152671755725,"autonomy":3.6060448150078166},"metadata":{"satisfaction_count":2955,"comprehension_count":2141,"contact_count":614,"contactReachability_count":670,"contactSatisfaction_count":393,"autonomy_count":1919}}
