{"data":{"satisfaction":6.045751633986928,"comprehension":6.080868470736312,"contact":3.5141509433962264,"contact_reachability":0.6110363391655451,"contact_satisfaction":5.756070640176601,"autonomy":4.022457067371202},"metadata":{"satisfaction_count":1836,"comprehension_count":1589,"contact_count":742,"contactReachability_count":743,"contactSatisfaction_count":453,"autonomy_count":1514}}
