{"data":{"satisfaction":9.146550248245164,"comprehension":8.854944859480613,"contact":4.609649122807017,"contact_reachability":0.6211072664359861,"contact_satisfaction":7.485754985754986,"autonomy":7.9626637946508705},"metadata":{"satisfaction_count":5841,"comprehension_count":5622,"contact_count":570,"contactReachability_count":578,"contactSatisfaction_count":351,"autonomy_count":5571}}
