{"data":{"satisfaction":8.99308348077851,"comprehension":8.81179822356293,"contact":3.7932389937106916,"contact_reachability":0.5461658841940532,"contact_satisfaction":6.972543352601156,"autonomy":8.026806922293858},"metadata":{"satisfaction_count":6217,"comprehension_count":5967,"contact_count":636,"contactReachability_count":639,"contactSatisfaction_count":346,"autonomy_count":5894}}
