{"data":{"satisfaction":8.960643933123656,"comprehension":8.925146452592754,"contact":4.157392686804451,"contact_reachability":0.5915343915343916,"contact_satisfaction":7.0358744394618835,"autonomy":7.873739857388738},"metadata":{"satisfaction_count":24164,"comprehension_count":23045,"contact_count":1887,"contactReachability_count":1890,"contactSatisfaction_count":1115,"autonomy_count":16268}}
