{"data":{"satisfaction":9.089171000305903,"comprehension":8.830994797414473,"contact":4.631537242472266,"contact_reachability":6.4025356576862125,"contact_satisfaction":7.233910891089109,"autonomy":7.947301988008836},"metadata":{"satisfaction_count":6538,"comprehension_count":6343,"contact_count":631,"autonomy_count":6338}}
