{"data":{"satisfaction":9.034718978670403,"comprehension":8.826695807026065,"contact":3.6904761904761907,"contact_reachability":0.5275229357798165,"contact_satisfaction":7.0248538011695905,"autonomy":8.000652848049617},"metadata":{"satisfaction_count":6423,"comprehension_count":6177,"contact_count":651,"contactReachability_count":654,"contactSatisfaction_count":342,"autonomy_count":6127}}
