{"data":{"satisfaction":9.003283755070504,"comprehension":8.78248700519792,"contact":3.9232209737827715,"contact_reachability":0.552434456928839,"contact_satisfaction":7.101694915254237,"autonomy":7.998787143723469},"metadata":{"satisfaction_count":5177,"comprehension_count":5002,"contact_count":534,"contactReachability_count":534,"contactSatisfaction_count":295,"autonomy_count":4947}}
