{"data":{"satisfaction":9.168478260869565,"comprehension":8.84377344336084,"contact":4.507575757575758,"contact_reachability":0.6044776119402985,"contact_satisfaction":7.531645569620253,"autonomy":7.993158494868871},"metadata":{"satisfaction_count":5520,"comprehension_count":5332,"contact_count":528,"contactReachability_count":536,"contactSatisfaction_count":316,"autonomy_count":5262}}
