{"data":{"satisfaction":8.538807087596705,"comprehension":8.561387670879546,"contact":3.9570858283433132,"contact_reachability":0.5588822355289421,"contact_satisfaction":7.080357142857143,"autonomy":7.734864300626305},"metadata":{"satisfaction_count":4007,"comprehension_count":3877,"contact_count":501,"contactReachability_count":501,"contactSatisfaction_count":280,"autonomy_count":3832}}
