{"data":{"satisfaction":8.966289019172873,"comprehension":8.91834405478315,"contact":4.1319618665328655,"contact_reachability":0.5866733466933868,"contact_satisfaction":7.050513698630137,"autonomy":7.996131754776696},"metadata":{"satisfaction_count":25244,"comprehension_count":24095,"contact_count":1993,"contactReachability_count":1996,"contactSatisfaction_count":1168,"autonomy_count":17062}}
