{
  "data": {
    "satisfaction": 9.151956160445582,
    "comprehension": 9.37442480019375,
    "contact": 4.942528735632184,
    "autonomy": 8.109289617486338
  },
  "metadata": {
    "satisfaction_count": 22263,
    "comprehension_count": 20645,
    "contact_count": 174,
    "autonomy_count": 1830
  }
}
