{"data":{"satisfaction":9.082371054657429,"comprehension":8.856868395773295,"contact":3.7615384615384615,"contact_reachability":0.5344563552833078,"contact_satisfaction":7.066473988439307,"autonomy":8.032549145987753},"metadata":{"satisfaction_count":6495,"comprehension_count":6246,"contact_count":650,"contactReachability_count":653,"contactSatisfaction_count":346,"autonomy_count":6206}}
