{"data":{"satisfaction":9.13282341978568,"comprehension":9.139150458489247,"contact":4.581260364842454,"contact_reachability":0.6352357320099256,"contact_satisfaction":7.222222222222222,"autonomy":7.874139283535257},"metadata":{"satisfaction_count":25756,"comprehension_count":24319,"contact_count":1206,"contactReachability_count":1209,"contactSatisfaction_count":765,"autonomy_count":11473}}
