{"data":{"satisfaction":9.117321964313911,"comprehension":8.854794074556406,"contact":4.7550675675675675,"contact_reachability":6.492411467116358,"contact_satisfaction":7.330729166666667,"autonomy":8.018327605956472},"metadata":{"satisfaction_count":6333,"comprehension_count":6143,"contact_count":592,"autonomy_count":6111}}
