{"data":{"satisfaction":9.009212584738398,"comprehension":8.779708318329131,"contact":4.557069846678024,"contact_reachability":0.6457627118644068,"contact_satisfaction":7.076719576719577,"autonomy":7.868613138686132},"metadata":{"satisfaction_count":5753,"comprehension_count":5554,"contact_count":587,"contactReachability_count":590,"contactSatisfaction_count":378,"autonomy_count":5480}}
