{"data":{"satisfaction":9.152903569525838,"comprehension":9.330194076486379,"contact":5.163487738419619,"contact_reachability":7.054054054054054,"contact_satisfaction":7.344961240310077,"autonomy":8.076331967213115},"metadata":{"satisfaction_count":24401,"comprehension_count":22723,"contact_count":367,"autonomy_count":3904}}
