{"data":{"satisfaction":9.116204200521233,"comprehension":8.882226810673444,"contact":3.81640625,"contact_reachability":0.5489891135303266,"contact_satisfaction":6.978571428571429,"autonomy":8.091259640102828},"metadata":{"satisfaction_count":6523,"comprehension_count":6296,"contact_count":640,"contactReachability_count":643,"contactSatisfaction_count":350,"autonomy_count":6224}}
