{"data":{"satisfaction":9.181921040934254,"comprehension":9.173377596915827,"contact":4.704779756326148,"contact_reachability":0.6532710280373831,"contact_satisfaction":7.212643678160919,"autonomy":7.904653154439052},"metadata":{"satisfaction_count":24747,"comprehension_count":23345,"contact_count":1067,"contactReachability_count":1070,"contactSatisfaction_count":696,"autonomy_count":10509}}
