{"data":{"satisfaction":8.950483706720977,"comprehension":8.763805165661989,"contact":4.045291300877893,"contact_reachability":0.5754455445544554,"contact_satisfaction":7.069386331938633,"autonomy":7.9954083010713966},"metadata":{"satisfaction_count":23568,"comprehension_count":22727,"contact_count":2506,"contactReachability_count":2525,"contactSatisfaction_count":1434,"autonomy_count":22214}}
