{"data":{"satisfaction":9.169247586081253,"comprehension":8.844993399962286,"contact":4.4677734375,"contact_reachability":0.603082851637765,"contact_satisfaction":7.4754901960784315,"autonomy":8.003060443764346},"metadata":{"satisfaction_count":5489,"comprehension_count":5303,"contact_count":512,"contactReachability_count":519,"contactSatisfaction_count":306,"autonomy_count":5228}}
