{"data":{"satisfaction":8.883721917866396,"comprehension":8.74763559582985,"contact":4.0610095389507155,"contact_reachability":0.5752072641136992,"contact_satisfaction":7.095486111111111,"autonomy":7.966698253688913},"metadata":{"satisfaction_count":23547,"comprehension_count":22733,"contact_count":2516,"contactReachability_count":2533,"contactSatisfaction_count":1440,"autonomy_count":22161}}
