{"data":{"satisfaction":8.949684416392568,"comprehension":8.928421494542402,"contact":4.1138328530259365,"contact_reachability":0.5863060989643268,"contact_satisfaction":7.02509842519685,"autonomy":7.925839295542103},"metadata":{"satisfaction_count":22498,"comprehension_count":21438,"contact_count":1735,"contactReachability_count":1738,"contactSatisfaction_count":1016,"autonomy_count":14536}}
