{"data":{"satisfaction":8.59822202948829,"comprehension":8.585106382978724,"contact":4.173989455184534,"contact_reachability":0.5905096660808435,"contact_satisfaction":7.068452380952381,"autonomy":7.771221062187926},"metadata":{"satisfaction_count":4612,"comprehension_count":4465,"contact_count":569,"contactReachability_count":569,"contactSatisfaction_count":336,"autonomy_count":4406}}
