{"data":{"satisfaction":9.199386635566498,"comprehension":9.207593891869584,"contact":4.802631578947368,"contact_reachability":6.602052451539339,"contact_satisfaction":7.287326388888889,"autonomy":7.919955530850473},"metadata":{"satisfaction_count":23151,"comprehension_count":21807,"contact_count":874,"autonomy_count":8995}}
