{"data":{"satisfaction":9.207428780800587,"comprehension":9.230178841187076,"contact":4.828060522696011,"contact_reachability":6.630136986301371,"contact_satisfaction":7.297297297297297,"autonomy":7.954397394136808},"metadata":{"satisfaction_count":21834,"comprehension_count":20521,"contact_count":727,"autonomy_count":7675}}
