{"data":{"satisfaction":9.175,"comprehension":8.854743612649633,"contact":4.596774193548387,"contact_reachability":0.6219081272084805,"contact_satisfaction":7.4563953488372094,"autonomy":7.976920302921024},"metadata":{"satisfaction_count":5800,"comprehension_count":5597,"contact_count":558,"contactReachability_count":566,"contactSatisfaction_count":344,"autonomy_count":5546}}
