{"data":{"satisfaction":9.154117943972407,"comprehension":9.345146553283879,"contact":5.144694533762058,"autonomy":8.016979987871437},"metadata":{"satisfaction_count":23774,"comprehension_count":22108,"contact_count":311,"autonomy_count":3298}}
