{"data":{"satisfaction":8.883830679759749,"comprehension":8.747101485026395,"contact":4.054742907801418,"contact_reachability":0.577024647887324,"contact_satisfaction":7.063706563706564,"autonomy":7.972595787871099},"metadata":{"satisfaction_count":20978,"comprehension_count":20269,"contact_count":2256,"contactReachability_count":2272,"contactSatisfaction_count":1295,"autonomy_count":19705}}
