{"data":{"satisfaction":9.167534722222221,"comprehension":8.858402302986686,"contact":4.537545787545787,"contact_reachability":0.6173285198555957,"contact_satisfaction":7.417664670658683,"autonomy":8.041218311143535},"metadata":{"satisfaction_count":5760,"comprehension_count":5558,"contact_count":546,"contactReachability_count":554,"contactSatisfaction_count":334,"autonomy_count":5483}}
