{"data":{"satisfaction":8.310603477667916,"comprehension":8.457861189801699,"contact":3.406862745098039,"contact_reachability":0.5061274509803921,"contact_satisfaction":6.731234866828087,"autonomy":7.586454040494535},"metadata":{"satisfaction_count":5866,"comprehension_count":5648,"contact_count":816,"contactReachability_count":816,"contactSatisfaction_count":413,"autonomy_count":5581}}
