{"data":{"satisfaction":8.957594038325054,"comprehension":8.738064634594197,"contact":3.8691437802907918,"contact_reachability":0.555735056542811,"contact_satisfaction":6.962209302325581,"autonomy":7.940958039361307},"metadata":{"satisfaction_count":5636,"comprehension_count":5446,"contact_count":619,"contactReachability_count":619,"contactSatisfaction_count":344,"autonomy_count":5386}}
