{"data":{"satisfaction":8.936039360393604,"comprehension":8.762763543537865,"contact":4.030264279624894,"contact_reachability":0.5755395683453237,"contact_satisfaction":7.040208488458674,"autonomy":7.936195730390981},"metadata":{"satisfaction_count":21951,"comprehension_count":21154,"contact_count":2346,"contactReachability_count":2363,"contactSatisfaction_count":1343,"autonomy_count":20845}}
