{"data":{"satisfaction":9.155044304048953,"comprehension":9.31632218197315,"contact":5.068027210884353,"contact_reachability":6.95945945945946,"contact_satisfaction":7.303921568627451,"autonomy":8.063608827347469},"metadata":{"satisfaction_count":25167,"comprehension_count":23465,"contact_count":441,"autonomy_count":4622}}
