{"data":{"satisfaction":8.963403641608076,"comprehension":8.740212527964205,"contact":3.8870431893687707,"contact_reachability":0.5564784053156147,"contact_satisfaction":6.985074626865671,"autonomy":7.959222201245988},"metadata":{"satisfaction_count":5547,"comprehension_count":5364,"contact_count":602,"contactReachability_count":602,"contactSatisfaction_count":335,"autonomy_count":5297}}
