{"data":{"satisfaction":8.904910366328917,"comprehension":8.733499678042499,"contact":4.415820029027576,"contact_reachability":0.6037735849056604,"contact_satisfaction":7.313701923076923,"autonomy":7.857604133031966},"metadata":{"satisfaction_count":6415,"comprehension_count":6212,"contact_count":689,"contactReachability_count":689,"contactSatisfaction_count":416,"autonomy_count":6194}}
