{"data":{"satisfaction":9.139893948845915,"comprehension":8.895640900988495,"contact":3.823283082077052,"contact_reachability":0.5540765391014975,"contact_satisfaction":6.937689969604863,"autonomy":8.121311475409836},"metadata":{"satisfaction_count":6412,"comprehension_count":6171,"contact_count":597,"contactReachability_count":601,"contactSatisfaction_count":329,"autonomy_count":6100}}
