{"data":{"satisfaction":8.306024918928145,"comprehension":8.448352232459248,"contact":3.3807506053268765,"contact_reachability":0.5,"contact_satisfaction":6.761501210653753,"autonomy":7.550983899821109},"metadata":{"satisfaction_count":5859,"comprehension_count":5644,"contact_count":826,"contactReachability_count":826,"contactSatisfaction_count":413,"autonomy_count":5590}}
