{"data":{"satisfaction":8.892881824464409,"comprehension":8.753518439005772,"contact":4.053702901689043,"contact_reachability":0.5778159931212382,"contact_satisfaction":7.053504144687264,"autonomy":7.925529325870041},"metadata":{"satisfaction_count":21705,"comprehension_count":20961,"contact_count":2309,"contactReachability_count":2326,"contactSatisfaction_count":1327,"autonomy_count":20545}}
