{"data":{"satisfaction":8.474289580514208,"comprehension":8.550578541374474,"contact":3.427367055771725,"contact_reachability":0.5149156939040207,"contact_satisfaction":6.656171284634761,"autonomy":7.6949032143491385},"metadata":{"satisfaction_count":5912,"comprehension_count":5704,"contact_count":771,"contactReachability_count":771,"contactSatisfaction_count":397,"autonomy_count":5631}}
