{"data":{"satisfaction":8.29055527596041,"comprehension":8.432439491554936,"contact":3.5052754982415006,"contact_reachability":0.5193434935521688,"contact_satisfaction":6.749435665914222,"autonomy":7.544509078089194},"metadata":{"satisfaction_count":5961,"comprehension_count":5743,"contact_count":853,"contactReachability_count":853,"contactSatisfaction_count":443,"autonomy_count":5673}}
