{"data":{"satisfaction":8.413404000683878,"comprehension":8.523754653430244,"contact":3.37890625,"contact_reachability":0.5130208333333334,"contact_satisfaction":6.586294416243655,"autonomy":7.689400755803491},"metadata":{"satisfaction_count":5849,"comprehension_count":5641,"contact_count":768,"contactReachability_count":768,"contactSatisfaction_count":394,"autonomy_count":5557}}
