{"data":{"satisfaction":9.134421134421135,"comprehension":8.885211494995156,"contact":3.8543371522094927,"contact_reachability":0.5577235772357724,"contact_satisfaction":6.946902654867257,"autonomy":8.103166829905321},"metadata":{"satisfaction_count":6435,"comprehension_count":6194,"contact_count":611,"contactReachability_count":615,"contactSatisfaction_count":339,"autonomy_count":6126}}
