{"data":{"satisfaction":9.146570256009381,"comprehension":9.30371658426213,"contact":4.8937246963562755,"contact_reachability":6.800804828973844,"contact_satisfaction":7.2164179104477615,"autonomy":8.027495517035266},"metadata":{"satisfaction_count":25585,"comprehension_count":23866,"contact_count":494,"autonomy_count":5019}}
