{"data":{"satisfaction":8.737990555284156,"comprehension":8.647761696398518,"contact":4.222301136363637,"contact_reachability":0.5909090909090909,"contact_satisfaction":7.1454326923076925,"autonomy":7.787580590430947},"metadata":{"satisfaction_count":6141,"comprehension_count":5942,"contact_count":704,"contactReachability_count":704,"contactSatisfaction_count":416,"autonomy_count":5894}}
