{"data":{"satisfaction":8.472622478386167,"comprehension":7.950367647058823,"contact":8.416666666666666,"contact_reachability":0.9032258064516129,"contact_satisfaction":9.351851851851851,"autonomy":7.26890756302521},"metadata":{"satisfaction_count":347,"comprehension_count":272,"contact_count":30,"contactReachability_count":31,"contactSatisfaction_count":27,"autonomy_count":238}}
