{"data":{"satisfaction":8.297872340425531,"comprehension":7.746478873239437,"contact":8.25,"contact_reachability":0.8666666666666667,"contact_satisfaction":9.51923076923077,"autonomy":7.108433734939759},"metadata":{"satisfaction_count":376,"comprehension_count":284,"contact_count":30,"contactReachability_count":30,"contactSatisfaction_count":26,"autonomy_count":166}}
