{"data":{"satisfaction":8.313253012048193,"comprehension":7.5,"contact":8.214285714285714,"contact_reachability":0.8571428571428571,"contact_satisfaction":9.583333333333334,"autonomy":7.377049180327869},"metadata":{"satisfaction_count":83,"comprehension_count":68,"contact_count":7,"contactReachability_count":7,"contactSatisfaction_count":6,"autonomy_count":61}}
