{"data":{"satisfaction":8.720930232558139,"comprehension":8.181818181818182,"contact":8.61111111111111,"contact_reachability":0.8888888888888888,"contact_satisfaction":9.6875,"autonomy":7.049180327868853},"metadata":{"satisfaction_count":86,"comprehension_count":66,"contact_count":9,"contactReachability_count":9,"contactSatisfaction_count":8,"autonomy_count":61}}
