{"data":{"satisfaction":8.726415094339623,"comprehension":7.965116279069767,"contact":8.863636363636363,"contact_reachability":0.9090909090909091,"contact_satisfaction":9.75,"autonomy":7.3076923076923075},"metadata":{"satisfaction_count":106,"comprehension_count":86,"contact_count":11,"contactReachability_count":11,"contactSatisfaction_count":10,"autonomy_count":78}}
