{"data":{"satisfaction":8.333333333333334,"comprehension":7.776752767527675,"contact":8.53448275862069,"contact_reachability":0.896551724137931,"contact_satisfaction":9.51923076923077,"autonomy":7.012987012987013},"metadata":{"satisfaction_count":360,"comprehension_count":271,"contact_count":29,"contactReachability_count":29,"contactSatisfaction_count":26,"autonomy_count":154}}
