{"data":{"satisfaction":8.295454545454545,"comprehension":7.540322580645161,"contact":8.409090909090908,"contact_reachability":9.09090909090909,"contact_satisfaction":9.25,"autonomy":6.666666666666667},"metadata":{"satisfaction_count":88,"comprehension_count":62,"contact_count":11,"autonomy_count":48}}
