{"data":{"satisfaction":8.493150684931507,"comprehension":7.887931034482759,"contact":8.717948717948717,"contact_reachability":0.925,"contact_satisfaction":9.444444444444445,"autonomy":7.076923076923077},"metadata":{"satisfaction_count":365,"comprehension_count":290,"contact_count":39,"contactReachability_count":40,"contactSatisfaction_count":36,"autonomy_count":260}}
