{"data":{"satisfaction":8.229166666666666,"comprehension":7.570422535211268,"contact":7.708333333333333,"contact_reachability":8.333333333333334,"contact_satisfaction":9.25,"autonomy":6.724137931034483},"metadata":{"satisfaction_count":96,"comprehension_count":71,"contact_count":12,"autonomy_count":58}}
