{"data":{"satisfaction":8.043478260869565,"comprehension":7.753623188405797,"contact":7.083333333333333,"contact_reachability":0.75,"contact_satisfaction":9.444444444444445,"autonomy":6.721311475409836},"metadata":{"satisfaction_count":92,"comprehension_count":69,"contact_count":12,"contactReachability_count":12,"contactSatisfaction_count":9,"autonomy_count":61}}
