{"data":{"satisfaction":8.14645308924485,"comprehension":7.837171052631579,"contact":8.152173913043478,"contact_reachability":0.8695652173913043,"contact_satisfaction":9.375,"autonomy":6.756756756756757},"metadata":{"satisfaction_count":437,"comprehension_count":304,"contact_count":23,"contactReachability_count":23,"contactSatisfaction_count":20,"autonomy_count":111}}
