{"data":{"satisfaction":7.943820224719101,"comprehension":7.844262295081967,"contact":9.722222222222221,"contact_reachability":10,"contact_satisfaction":9.722222222222221,"autonomy":6.75},"metadata":{"satisfaction_count":445,"comprehension_count":305,"contact_count":9,"autonomy_count":40}}
