{"data":{"satisfaction":8.928571428571429,"comprehension":8.218390804597702,"contact":9.23076923076923,"contact_reachability":1,"contact_satisfaction":9.23076923076923,"autonomy":7.142857142857143},"metadata":{"satisfaction_count":112,"comprehension_count":87,"contact_count":13,"contactReachability_count":14,"contactSatisfaction_count":13,"autonomy_count":77}}
