{"data":{"satisfaction":8.14950980392157,"comprehension":7.803571428571429,"contact":8.421052631578947,"contact_reachability":8.947368421052632,"contact_satisfaction":9.411764705882353,"autonomy":6.7032967032967035},"metadata":{"satisfaction_count":408,"comprehension_count":280,"contact_count":19,"autonomy_count":91}}
