{"data":{"satisfaction":8.526315789473685,"comprehension":7.9537953795379535,"contact":8.75,"contact_reachability":0.926829268292683,"contact_satisfaction":9.45945945945946,"autonomy":7.158671586715867},"metadata":{"satisfaction_count":380,"comprehension_count":303,"contact_count":40,"contactReachability_count":41,"contactSatisfaction_count":37,"autonomy_count":271}}
