{"data":{"satisfaction":4.1458274796291095,"comprehension":4.56453737240698,"contact":2.1646927016645328,"contact_reachability":0.5166771554436753,"contact_satisfaction":4.258501259445844,"autonomy":2.9452054794520546},"metadata":{"satisfaction_count":7118,"comprehension_count":6074,"contact_count":3124,"contactReachability_count":3178,"contactSatisfaction_count":1588,"autonomy_count":5110}}
