{"data":{"satisfaction":4.335032437442076,"comprehension":6.263392410133173,"contact":2.21529284164859,"contact_reachability":5.344827586206896,"contact_satisfaction":4.168367346938775,"autonomy":3.114912846998063},"metadata":{"satisfaction_count":15106,"comprehension_count":9987,"contact_count":1844,"autonomy_count":3098}}
