{"data":{"satisfaction":4.245283018867925,"comprehension":4.563928873835732,"contact":2.2847682119205297,"contact_reachability":0.521311475409836,"contact_satisfaction":4.423076923076923,"autonomy":2.9665071770334928},"metadata":{"satisfaction_count":1431,"comprehension_count":1181,"contact_count":604,"contactReachability_count":610,"contactSatisfaction_count":312,"autonomy_count":1045}}
