{"data":{"satisfaction":3.8402457757296466,"comprehension":4.429748482220295,"contact":2.150900900900901,"contact_reachability":0.5075075075075075,"contact_satisfaction":4.238165680473373,"autonomy":2.9423264907135875},"metadata":{"satisfaction_count":1302,"comprehension_count":1153,"contact_count":666,"contactReachability_count":666,"contactSatisfaction_count":338,"autonomy_count":1023}}
