{"data":{"satisfaction":4.335351930904398,"comprehension":5.541306695464363,"contact":2.198310539018504,"contact_reachability":0.5240192153722978,"contact_satisfaction":4.213569776407093,"autonomy":3.0523751522533495},"metadata":{"satisfaction_count":10073,"comprehension_count":7408,"contact_count":2486,"contactReachability_count":2498,"contactSatisfaction_count":1297,"autonomy_count":4105}}
