{"data":{"satisfaction":3.9518518518518517,"comprehension":4.439471440750213,"contact":2.114220877458396,"contact_reachability":0.49096385542168675,"contact_satisfaction":4.326625386996904,"autonomy":2.909090909090909},"metadata":{"satisfaction_count":1350,"comprehension_count":1173,"contact_count":661,"contactReachability_count":664,"contactSatisfaction_count":323,"autonomy_count":1045}}
