{"data":{"satisfaction":4.153912172793592,"comprehension":4.564743374706475,"contact":2.156188605108055,"contact_reachability":0.5167310167310167,"contact_satisfaction":4.242912371134021,"autonomy":2.9368400079697152},"metadata":{"satisfaction_count":6991,"comprehension_count":5962,"contact_count":3054,"contactReachability_count":3108,"contactSatisfaction_count":1552,"autonomy_count":5019}}
