{"data":{"satisfaction":4.25540765391015,"comprehension":4.612711022840119,"contact":2.2745098039215685,"contact_reachability":0.5184466019417475,"contact_satisfaction":4.427480916030534,"autonomy":2.9490022172949004},"metadata":{"satisfaction_count":1202,"comprehension_count":1007,"contact_count":510,"contactReachability_count":515,"contactSatisfaction_count":262,"autonomy_count":902}}
