{"data":{"satisfaction":4.417662938681064,"comprehension":4.670009328358209,"contact":2.2894021739130435,"contact_reachability":0.5413669064748201,"contact_satisfaction":4.255050505050505,"autonomy":3.003781739600216},"metadata":{"satisfaction_count":2593,"comprehension_count":2144,"contact_count":1104,"contactReachability_count":1112,"contactSatisfaction_count":594,"autonomy_count":1851}}
