{"data":{"satisfaction":4.53212872318267,"comprehension":7.032545153127999,"contact":1.946983546617916,"autonomy":3.0672268907563027},"metadata":{"satisfaction_count":19204,"comprehension_count":11461,"contact_count":547,"autonomy_count":952}}
