{"data":{"satisfaction":3.5851318944844124,"comprehension":4.311111111111111,"contact":2.2417840375586855,"contact_reachability":0.5234375,"contact_satisfaction":4.288922155688622,"autonomy":2.7123848515864895},"metadata":{"satisfaction_count":1251,"comprehension_count":1125,"contact_count":639,"contactReachability_count":640,"contactSatisfaction_count":334,"autonomy_count":977}}
