{"data":{"satisfaction":4.332001048355393,"comprehension":6.240244986664033,"contact":2.1697626418988647,"contact_reachability":0.5261538461538462,"contact_satisfaction":4.146942800788954,"autonomy":3.078833022967101},"metadata":{"satisfaction_count":15262,"comprehension_count":10123,"contact_count":1938,"contactReachability_count":1950,"contactSatisfaction_count":1014,"autonomy_count":3222}}
