{"data":{"satisfaction":3.4687735139202407,"comprehension":4.262396694214876,"contact":2.0947901591895803,"contact_reachability":0.5078683834048641,"contact_satisfaction":4.171469740634006,"autonomy":2.5072046109510087},"metadata":{"satisfaction_count":1329,"comprehension_count":1210,"contact_count":691,"contactReachability_count":699,"contactSatisfaction_count":347,"autonomy_count":1041}}
