{"data":{"satisfaction":3.694709453599306,"comprehension":4.469111969111969,"contact":1.7660142348754448,"contact_reachability":0.4698581560283688,"contact_satisfaction":3.773764258555133,"autonomy":2.811111111111111},"metadata":{"satisfaction_count":1153,"comprehension_count":1036,"contact_count":562,"contactReachability_count":564,"contactSatisfaction_count":263,"autonomy_count":900}}
