{"data":{"satisfaction":4.531504545693415,"comprehension":7.061163160685876,"contact":1.9479830148619957,"autonomy":3.176328502415459},"metadata":{"satisfaction_count":19029,"comprehension_count":11314,"contact_count":471,"autonomy_count":828}}
