{"data":{"satisfaction":3.5917721518987342,"comprehension":4.30874558303887,"contact":2.251166407465008,"contact_reachability":0.5248447204968945,"contact_satisfaction":4.295252225519288,"autonomy":2.720812182741117},"metadata":{"satisfaction_count":1264,"comprehension_count":1132,"contact_count":643,"contactReachability_count":644,"contactSatisfaction_count":337,"autonomy_count":985}}
