{"data":{"satisfaction":4.4096671949286845,"comprehension":4.681818181818182,"contact":2.25254394079556,"contact_reachability":0.5362718089990818,"contact_satisfaction":4.227430555555555,"autonomy":3.050660792951542},"metadata":{"satisfaction_count":2524,"comprehension_count":2090,"contact_count":1081,"contactReachability_count":1089,"contactSatisfaction_count":576,"autonomy_count":1816}}
