{"data":{"satisfaction":4.335560760540094,"comprehension":6.351493479175431,"contact":2.173112338858195,"contact_reachability":5.30562347188264,"contact_satisfaction":4.111498257839721,"autonomy":3.1103678929765888},"metadata":{"satisfaction_count":14516,"comprehension_count":9508,"contact_count":1629,"autonomy_count":2691}}
