{"data":{"satisfaction":3.489154824233358,"comprehension":4.279556650246305,"contact":2.1048850574712645,"contact_reachability":0.5107604017216643,"contact_satisfaction":4.126760563380282,"autonomy":2.552380952380952},"metadata":{"satisfaction_count":1337,"comprehension_count":1218,"contact_count":696,"contactReachability_count":697,"contactSatisfaction_count":355,"autonomy_count":1050}}
