{"data":{"satisfaction":4.400522704998367,"comprehension":4.63892168437623,"contact":2.3394675019577136,"contact_reachability":5.485625485625486,"contact_satisfaction":4.2923850574712645,"autonomy":3.119395941481831},"metadata":{"satisfaction_count":3061,"comprehension_count":2541,"contact_count":1277,"autonomy_count":2119}}
