{"data":{"satisfaction":3.6583391163543837,"comprehension":4.414011914011914,"contact":2.0596524189760452,"contact_reachability":0.49254426840633736,"contact_satisfaction":4.216346153846154,"autonomy":2.709832134292566},"metadata":{"satisfaction_count":4323,"comprehension_count":3861,"contact_count":2129,"contactReachability_count":2146,"contactSatisfaction_count":1040,"autonomy_count":3336}}
