{"data":{"satisfaction":4.415204678362573,"comprehension":4.668235294117647,"contact":2.2474747474747474,"contact_reachability":0.5378304466727438,"contact_satisfaction":4.2053264604811,"autonomy":3.027823240589198},"metadata":{"satisfaction_count":2565,"comprehension_count":2125,"contact_count":1089,"contactReachability_count":1097,"contactSatisfaction_count":582,"autonomy_count":1833}}
