{"data":{"satisfaction":3.5291557876414275,"comprehension":4.2664092664092665,"contact":2.2418244406196215,"contact_reachability":0.5274914089347079,"contact_satisfaction":4.256535947712418,"autonomy":2.6733780760626398},"metadata":{"satisfaction_count":1149,"comprehension_count":1036,"contact_count":581,"contactReachability_count":582,"contactSatisfaction_count":306,"autonomy_count":894}}
