{"data":{"satisfaction":3.851195065535852,"comprehension":4.427264808362369,"contact":2.1537290715372905,"contact_reachability":0.5098934550989346,"contact_satisfaction":4.223880597014926,"autonomy":2.927308447937132},"metadata":{"satisfaction_count":1297,"comprehension_count":1148,"contact_count":657,"contactReachability_count":657,"contactSatisfaction_count":335,"autonomy_count":1018}}
