{"data":{"satisfaction":4.336040676175383,"comprehension":6.259858240990316,"contact":2.211950696677385,"contact_reachability":5.346112886048989,"contact_satisfaction":4.160786290322581,"autonomy":3.108410617204989},"metadata":{"satisfaction_count":15144,"comprehension_count":10017,"contact_count":1866,"autonomy_count":3127}}
