{"data":{"satisfaction":4.150135578707007,"comprehension":4.565490130478421,"contact":2.156494778067885,"contact_reachability":0.5166773572803078,"contact_satisfaction":4.24373795761079,"autonomy":2.93545183714002},"metadata":{"satisfaction_count":7007,"comprehension_count":5978,"contact_count":3064,"contactReachability_count":3118,"contactSatisfaction_count":1557,"autonomy_count":5035}}
