{"data":{"satisfaction":4.325061712355463,"comprehension":6.2176545259252025,"contact":2.175373134328358,"contact_reachability":0.526706231454006,"contact_satisfaction":4.152421652421652,"autonomy":3.0817610062893084},"metadata":{"satisfaction_count":15394,"comprehension_count":10241,"contact_count":2010,"contactReachability_count":2022,"contactSatisfaction_count":1053,"autonomy_count":3339}}
