{"data":{"satisfaction":4.192313466446479,"comprehension":4.574289747661902,"contact":2.1498120942944996,"contact_reachability":0.5178510710642639,"contact_satisfaction":4.169980119284294,"autonomy":2.9829365915314936},"metadata":{"satisfaction_count":6661,"comprehension_count":5667,"contact_count":2927,"contactReachability_count":2941,"contactSatisfaction_count":1509,"autonomy_count":4747}}
