{"data":{"satisfaction":3.489819004524887,"comprehension":4.314413265306122,"contact":1.9746835443037976,"contact_reachability":0.4836272040302267,"contact_satisfaction":4.105263157894737,"autonomy":2.7591463414634148},"metadata":{"satisfaction_count":884,"comprehension_count":784,"contact_count":395,"contactReachability_count":397,"contactSatisfaction_count":190,"autonomy_count":656}}
