{"data":{"satisfaction":4.1768517155058165,"comprehension":4.5728860453052045,"contact":2.1598984771573604,"contact_reachability":0.5172872340425532,"contact_satisfaction":4.246506986027944,"autonomy":2.964337250051536},"metadata":{"satisfaction_count":6791,"comprehension_count":5783,"contact_count":2955,"contactReachability_count":3008,"contactSatisfaction_count":1503,"autonomy_count":4851}}
