{"data":{"satisfaction":3.655672163918041,"comprehension":4.405061521252796,"contact":2.0686123911930365,"contact_reachability":0.489588623666836,"contact_satisfaction":4.261603375527426,"autonomy":2.719611021069692},"metadata":{"satisfaction_count":4002,"comprehension_count":3576,"contact_count":1953,"contactReachability_count":1969,"contactSatisfaction_count":948,"autonomy_count":3085}}
