{"data":{"satisfaction":4.510534366211082,"comprehension":6.838794498381877,"contact":2.1099116781158,"contact_reachability":5.268817204301075,"contact_satisfaction":4.018691588785047,"autonomy":3.0925373134328358},"metadata":{"satisfaction_count":20267,"comprehension_count":12360,"contact_count":1019,"autonomy_count":1675}}
