{"data":{"satisfaction":3.6792452830188678,"comprehension":4.5678685047720045,"contact":2.074688796680498,"contact_reachability":0.4639175257731959,"contact_satisfaction":4.504504504504505,"autonomy":2.6125},"metadata":{"satisfaction_count":1060,"comprehension_count":943,"contact_count":482,"contactReachability_count":485,"contactSatisfaction_count":222,"autonomy_count":800}}
