{"data":{"satisfaction":3.912556053811659,"comprehension":4.432013769363167,"contact":2.129204892966361,"contact_reachability":0.4923780487804878,"contact_satisfaction":4.338006230529595,"autonomy":2.8792270531400965},"metadata":{"satisfaction_count":1338,"comprehension_count":1162,"contact_count":654,"contactReachability_count":656,"contactSatisfaction_count":321,"autonomy_count":1035}}
