{"data":{"satisfaction":3.9417894358605823,"comprehension":4.460103626943005,"contact":2.127329192546584,"contact_reachability":0.5045906656465188,"contact_satisfaction":4.277907884465262,"autonomy":2.8365270877691033},"metadata":{"satisfaction_count":5566,"comprehension_count":4825,"contact_count":2576,"contactReachability_count":2614,"contactSatisfaction_count":1281,"autonomy_count":4227}}
