{"data":{"satisfaction":3.659819639278557,"comprehension":4.411269974768714,"contact":2.0713552361396306,"contact_reachability":0.48981670061099797,"contact_satisfaction":4.265327695560254,"autonomy":2.7175324675324677},"metadata":{"satisfaction_count":3992,"comprehension_count":3567,"contact_count":1948,"contactReachability_count":1964,"contactSatisfaction_count":946,"autonomy_count":3080}}
