{"data":{"satisfaction":3.9443844492440605,"comprehension":4.459501557632398,"contact":2.1275768183586155,"contact_reachability":0.5044078190877731,"contact_satisfaction":4.280125195618154,"autonomy":2.8381900023691067},"metadata":{"satisfaction_count":5556,"comprehension_count":4815,"contact_count":2571,"contactReachability_count":2609,"contactSatisfaction_count":1278,"autonomy_count":4221}}
