{"data":{"satisfaction":3.6926829268292685,"comprehension":4.582875960482986,"contact":1.9558823529411764,"contact_reachability":0.47368421052631576,"contact_satisfaction":4.15625,"autonomy":2.5126262626262625},"metadata":{"satisfaction_count":1025,"comprehension_count":911,"contact_count":510,"contactReachability_count":513,"contactSatisfaction_count":240,"autonomy_count":792}}
