{"data":{"satisfaction":4.16087460179554,"comprehension":4.567062818336163,"contact":2.1556588118154663,"contact_reachability":0.5169602087410307,"contact_satisfaction":4.239556135770235,"autonomy":2.9408200363562917},"metadata":{"satisfaction_count":6906,"comprehension_count":5890,"contact_count":3013,"contactReachability_count":3066,"contactSatisfaction_count":1532,"autonomy_count":4951}}
