{"data":{"satisfaction":4.325357913316337,"comprehension":5.51654265213925,"contact":2.1798365122615806,"contact_reachability":0.5226656334753972,"contact_satisfaction":4.18848167539267,"autonomy":3.034188034188034},"metadata":{"satisfaction_count":10198,"comprehension_count":7526,"contact_count":2569,"contactReachability_count":2581,"contactSatisfaction_count":1337,"autonomy_count":4212}}
