{"data":{"satisfaction":4.323474087046766,"comprehension":6.213582773068303,"contact":2.1757425742574257,"contact_reachability":0.5255905511811023,"contact_satisfaction":4.161931818181818,"autonomy":3.0821917808219177},"metadata":{"satisfaction_count":15417,"comprehension_count":10263,"contact_count":2020,"contactReachability_count":2032,"contactSatisfaction_count":1056,"autonomy_count":3358}}
