{"data":{"satisfaction":4.521573604060913,"comprehension":6.937526293647455,"contact":1.976592977893368,"contact_reachability":5.058214747736093,"contact_satisfaction":3.9276485788113695,"autonomy":3.097826086956522},"metadata":{"satisfaction_count":19700,"comprehension_count":11885,"contact_count":769,"autonomy_count":1288}}
