{"data":{"satisfaction":8.493952012690858,"comprehension":8.608970831040176,"contact":4.9603174603174605,"contact_reachability":0.656,"contact_satisfaction":7.530120481927711,"autonomy":8.546153846153846},"metadata":{"satisfaction_count":5043,"comprehension_count":3634,"contact_count":126,"contactReachability_count":125,"contactSatisfaction_count":83,"autonomy_count":2600}}
