{"data":{"satisfaction":8.334985133795838,"comprehension":8.992415229030339,"contact":4.024390243902439,"contact_reachability":5.6410256410256405,"contact_satisfaction":6.875,"autonomy":8.419243986254296},"metadata":{"satisfaction_count":5045,"comprehension_count":3362,"contact_count":41,"autonomy_count":582}}
