{"data":{"satisfaction":8.759282178217822,"comprehension":8.535745047372954,"contact":5,"contact_reachability":0.6190476190476191,"contact_satisfaction":8.076923076923077,"autonomy":8.626373626373626},"metadata":{"satisfaction_count":1616,"comprehension_count":1161,"contact_count":42,"contactReachability_count":42,"contactSatisfaction_count":26,"autonomy_count":1092}}
