{"data":{"satisfaction":8.493272655322517,"comprehension":8.606152156001098,"contact":4.9603174603174605,"contact_reachability":0.656,"contact_satisfaction":7.530120481927711,"autonomy":8.546221710778672},"metadata":{"satisfaction_count":5054,"comprehension_count":3641,"contact_count":126,"contactReachability_count":125,"contactSatisfaction_count":83,"autonomy_count":2607}}
