{"data":{"satisfaction":8.81578947368421,"comprehension":8.610482654600302,"contact":5.32051282051282,"contact_reachability":0.6666666666666666,"contact_satisfaction":7.980769230769231,"autonomy":8.631402183039462},"metadata":{"satisfaction_count":1748,"comprehension_count":1326,"contact_count":39,"contactReachability_count":39,"contactSatisfaction_count":26,"autonomy_count":1191}}
