{"data":{"satisfaction":8.78640776699029,"comprehension":8.601340033500838,"contact":5.535714285714286,"contact_reachability":0.6428571428571429,"contact_satisfaction":8.61111111111111,"autonomy":8.664850136239782},"metadata":{"satisfaction_count":1648,"comprehension_count":1194,"contact_count":42,"contactReachability_count":42,"contactSatisfaction_count":27,"autonomy_count":1101}}
