{"data":{"satisfaction":8.783095723014256,"comprehension":8.60079275198188,"contact":5.894039735099338,"contact_reachability":0.6923076923076923,"contact_satisfaction":8.640776699029127,"autonomy":8.546695927822482},"metadata":{"satisfaction_count":5892,"comprehension_count":4415,"contact_count":151,"contactReachability_count":156,"contactSatisfaction_count":103,"autonomy_count":4101}}
