{"data":{"satisfaction":8.320632501428843,"comprehension":8.932417115330122,"contact":4.591836734693878,"contact_reachability":6.382978723404255,"contact_satisfaction":7.03125,"autonomy":8.477366255144032},"metadata":{"satisfaction_count":5249,"comprehension_count":3529,"contact_count":49,"autonomy_count":729}}
