{"data":{"satisfaction":8.698884758364311,"comprehension":8.512058570198105,"contact":4.7727272727272725,"contact_reachability":0.5909090909090909,"contact_satisfaction":8.076923076923077,"autonomy":8.596491228070175},"metadata":{"satisfaction_count":1614,"comprehension_count":1161,"contact_count":44,"contactReachability_count":44,"contactSatisfaction_count":26,"autonomy_count":1083}}
