{"data":{"satisfaction":8.317530552043827,"comprehension":9.047427652733118,"contact":4.21875,"autonomy":8.333333333333334},"metadata":{"satisfaction_count":4746,"comprehension_count":3110,"contact_count":32,"autonomy_count":354}}
