{"data":{"satisfaction":8.532598542873155,"comprehension":8.626879212026957,"contact":5.113636363636363,"contact_reachability":0.6641221374045801,"contact_satisfaction":7.670454545454546,"autonomy":8.547466095645968},"metadata":{"satisfaction_count":5353,"comprehension_count":3858,"contact_count":132,"contactReachability_count":131,"contactSatisfaction_count":88,"autonomy_count":2802}}
