{"data":{"satisfaction":8.783185840707965,"comprehension":8.596186262115465,"contact":5.732484076433121,"contact_reachability":0.6687898089171974,"contact_satisfaction":8.571428571428571,"autonomy":8.594507269789984},"metadata":{"satisfaction_count":6328,"comprehension_count":4746,"contact_count":157,"contactReachability_count":157,"contactSatisfaction_count":105,"autonomy_count":4333}}
