{"data":{"satisfaction":8.75462392108508,"comprehension":8.572649572649572,"contact":5.238095238095238,"contact_reachability":0.6190476190476191,"contact_satisfaction":8.461538461538462,"autonomy":8.601851851851851},"metadata":{"satisfaction_count":1622,"comprehension_count":1170,"contact_count":42,"contactReachability_count":42,"contactSatisfaction_count":26,"autonomy_count":1080}}
