{"data":{"satisfaction":8.705365853658536,"comprehension":8.542257150219015,"contact":5.560897435897436,"contact_reachability":0.6770186335403726,"contact_satisfaction":8.341346153846153,"autonomy":8.560090702947846},"metadata":{"satisfaction_count":5125,"comprehension_count":3881,"contact_count":156,"contactReachability_count":161,"contactSatisfaction_count":104,"autonomy_count":3528}}
