{"data":{"satisfaction":8.82258064516129,"comprehension":8.734972677595628,"contact":5.948275862068965,"contact_reachability":0.6551724137931034,"contact_satisfaction":9.078947368421053,"autonomy":8.804347826086957},"metadata":{"satisfaction_count":1240,"comprehension_count":915,"contact_count":29,"contactReachability_count":29,"contactSatisfaction_count":19,"autonomy_count":828}}
