{"data":{"satisfaction":8.862876254180602,"comprehension":8.701754385964913,"contact":6.402439024390244,"contact_reachability":0.7073170731707317,"contact_satisfaction":9.051724137931034,"autonomy":8.680351906158357},"metadata":{"satisfaction_count":1495,"comprehension_count":1140,"contact_count":41,"contactReachability_count":41,"contactSatisfaction_count":29,"autonomy_count":1023}}
