{"data":{"satisfaction":8.825120192307692,"comprehension":8.608247422680412,"contact":5.714285714285714,"contact_reachability":0.6666666666666666,"contact_satisfaction":8.571428571428571,"autonomy":8.598949211908932},"metadata":{"satisfaction_count":1664,"comprehension_count":1261,"contact_count":42,"contactReachability_count":42,"contactSatisfaction_count":28,"autonomy_count":1142}}
