{"data":{"satisfaction":8.787906137184116,"comprehension":8.579080404429465,"contact":5.827586206896552,"contact_reachability":0.6758620689655173,"contact_satisfaction":8.622448979591837,"autonomy":8.622596786937056},"metadata":{"satisfaction_count":5540,"comprehension_count":4154,"contact_count":145,"contactReachability_count":145,"contactSatisfaction_count":98,"autonomy_count":3797}}
