{"data":{"satisfaction":8.349846661948574,"comprehension":8.81686541737649,"contact":4.838709677419355,"contact_reachability":6.333333333333333,"contact_satisfaction":7.5,"autonomy":8.43807763401109},"metadata":{"satisfaction_count":4239,"comprehension_count":2935,"contact_count":62,"autonomy_count":1082}}
