{"data":{"satisfaction":8.536989326463011,"comprehension":8.63329081632653,"contact":5.075187969924812,"contact_reachability":0.6590909090909091,"contact_satisfaction":7.670454545454546,"autonomy":8.564425770308123},"metadata":{"satisfaction_count":5434,"comprehension_count":3920,"contact_count":133,"contactReachability_count":132,"contactSatisfaction_count":88,"autonomy_count":2856}}
