{"data":{"satisfaction":8.5233798195242,"comprehension":8.379007238883144,"contact":5.304878048780488,"contact_reachability":7.142857142857143,"contact_satisfaction":7.5,"autonomy":8.464125560538116},"metadata":{"satisfaction_count":1219,"comprehension_count":967,"contact_count":41,"autonomy_count":892}}
