{"data":{"satisfaction":8.770661157024794,"comprehension":8.527522935779816,"contact":5.833333333333333,"contact_reachability":0.6944444444444444,"contact_satisfaction":8.4,"autonomy":8.496538081107815},"metadata":{"satisfaction_count":1452,"comprehension_count":1090,"contact_count":36,"contactReachability_count":36,"contactSatisfaction_count":25,"autonomy_count":1011}}
