{"data":{"satisfaction":8.773728170083523,"comprehension":8.69453044375645,"contact":5.347222222222222,"contact_reachability":0.5833333333333334,"contact_satisfaction":9.166666666666666,"autonomy":8.731596828992073},"metadata":{"satisfaction_count":1317,"comprehension_count":969,"contact_count":36,"contactReachability_count":36,"contactSatisfaction_count":21,"autonomy_count":883}}
