{"data":{"satisfaction":8.458614864864865,"comprehension":8.315677966101696,"contact":5,"contact_reachability":6.285714285714286,"contact_satisfaction":7.954545454545454,"autonomy":8.484500574052813},"metadata":{"satisfaction_count":1184,"comprehension_count":944,"contact_count":35,"autonomy_count":871}}
