{"data":{"satisfaction":8.875661375661375,"comprehension":8.689446366782008,"contact":6.0256410256410255,"contact_reachability":0.6666666666666666,"contact_satisfaction":9.038461538461538,"autonomy":8.725868725868725},"metadata":{"satisfaction_count":1512,"comprehension_count":1156,"contact_count":39,"contactReachability_count":39,"contactSatisfaction_count":26,"autonomy_count":1036}}
