{"data":{"satisfaction":8.771393643031784,"comprehension":8.527542372881356,"contact":5.116279069767442,"contact_reachability":0.627906976744186,"contact_satisfaction":8.148148148148149,"autonomy":8.62657091561939},"metadata":{"satisfaction_count":1636,"comprehension_count":1180,"contact_count":43,"contactReachability_count":43,"contactSatisfaction_count":27,"autonomy_count":1114}}
