{"data":{"satisfaction":8.802851524090462,"comprehension":8.694174757281553,"contact":4.045454545454546,"contact_reachability":0.5714285714285714,"contact_satisfaction":7.17741935483871,"autonomy":8.627450980392156},"metadata":{"satisfaction_count":2034,"comprehension_count":1545,"contact_count":55,"contactReachability_count":56,"contactSatisfaction_count":31,"autonomy_count":1377}}
