{"data":{"satisfaction":8.806122448979592,"comprehension":8.637566137566138,"contact":6.410256410256411,"contact_reachability":0.717948717948718,"contact_satisfaction":8.928571428571429,"autonomy":8.703703703703704},"metadata":{"satisfaction_count":1470,"comprehension_count":1134,"contact_count":39,"contactReachability_count":39,"contactSatisfaction_count":28,"autonomy_count":1026}}
