{"data":{"satisfaction":8.693638048177888,"comprehension":8.514554794520548,"contact":4.888888888888889,"contact_reachability":0.6,"contact_satisfaction":8.148148148148149,"autonomy":8.59504132231405},"metadata":{"satisfaction_count":1619,"comprehension_count":1168,"contact_count":45,"contactReachability_count":45,"contactSatisfaction_count":27,"autonomy_count":1089}}
