{"data":{"satisfaction":8.775649794801641,"comprehension":8.526581118240147,"contact":5.714285714285714,"contact_reachability":0.6857142857142857,"contact_satisfaction":8.333333333333334,"autonomy":8.482758620689655},"metadata":{"satisfaction_count":1462,"comprehension_count":1091,"contact_count":35,"contactReachability_count":35,"contactSatisfaction_count":24,"autonomy_count":1015}}
