{"data":{"satisfaction":8.74911158493248,"comprehension":8.613744075829384,"contact":5.5,"contact_reachability":0.7560975609756098,"contact_satisfaction":7.333333333333333,"autonomy":8.452261306532664},"metadata":{"satisfaction_count":1407,"comprehension_count":1055,"contact_count":40,"contactReachability_count":41,"contactSatisfaction_count":30,"autonomy_count":995}}
