{"data":{"satisfaction":8.85593220338983,"comprehension":8.666380789022298,"contact":6.142857142857143,"contact_reachability":0.6857142857142857,"contact_satisfaction":8.958333333333334,"autonomy":8.753568030447193},"metadata":{"satisfaction_count":1534,"comprehension_count":1166,"contact_count":35,"contactReachability_count":35,"contactSatisfaction_count":24,"autonomy_count":1051}}
