{"data":{"satisfaction":8.794112727880917,"comprehension":8.60388178209087,"contact":5.382165605095541,"contact_reachability":0.6645569620253164,"contact_satisfaction":8.125,"autonomy":8.59610705596107},"metadata":{"satisfaction_count":5979,"comprehension_count":4534,"contact_count":157,"contactReachability_count":158,"contactSatisfaction_count":104,"autonomy_count":4110}}
