{"data":{"satisfaction":8.876882776686314,"comprehension":8.667239896818574,"contact":6.184210526315789,"contact_reachability":0.6842105263157895,"contact_satisfaction":9.038461538461538,"autonomy":8.75119161105815},"metadata":{"satisfaction_count":1527,"comprehension_count":1163,"contact_count":38,"contactReachability_count":38,"contactSatisfaction_count":26,"autonomy_count":1049}}
