{"data":{"satisfaction":8.700495049504951,"comprehension":8.524978466838933,"contact":4.512195121951219,"contact_reachability":0.5609756097560976,"contact_satisfaction":8.043478260869565,"autonomy":8.625461254612546},"metadata":{"satisfaction_count":1616,"comprehension_count":1161,"contact_count":41,"contactReachability_count":41,"contactSatisfaction_count":23,"autonomy_count":1084}}
