{"data":{"satisfaction":8.806196840826246,"comprehension":8.560975609756097,"contact":5.8522727272727275,"contact_reachability":0.6818181818181818,"contact_satisfaction":8.583333333333334,"autonomy":8.55863921217547},"metadata":{"satisfaction_count":1646,"comprehension_count":1230,"contact_count":44,"contactReachability_count":44,"contactSatisfaction_count":30,"autonomy_count":1117}}
