{"data":{"satisfaction":8.428801936264623,"comprehension":8.795709761013534,"contact":4.940476190476191,"contact_reachability":0.6867469879518072,"contact_satisfaction":7.155172413793103,"autonomy":8.511979823455233},"metadata":{"satisfaction_count":4958,"comprehension_count":3473,"contact_count":84,"contactReachability_count":83,"contactSatisfaction_count":58,"autonomy_count":1586}}
