{"data":{"satisfaction":8.836094158674804,"comprehension":8.65361803084223,"contact":5.454545454545454,"contact_reachability":0.7941176470588235,"contact_satisfaction":6.923076923076923,"autonomy":8.524173027989821},"metadata":{"satisfaction_count":1147,"comprehension_count":843,"contact_count":33,"contactReachability_count":34,"contactSatisfaction_count":26,"autonomy_count":786}}
