{"data":{"satisfaction":8.729452054794521,"comprehension":8.519108280254777,"contact":5.763888888888889,"contact_reachability":0.6944444444444444,"contact_satisfaction":8.3,"autonomy":8.544739429695182},"metadata":{"satisfaction_count":1460,"comprehension_count":1099,"contact_count":36,"contactReachability_count":36,"contactSatisfaction_count":25,"autonomy_count":1017}}
