{"data":{"satisfaction":8.716228634442198,"comprehension":8.553268765133172,"contact":5.62111801242236,"contact_reachability":0.6807228915662651,"contact_satisfaction":8.37962962962963,"autonomy":8.55891719745223},"metadata":{"satisfaction_count":5441,"comprehension_count":4130,"contact_count":161,"contactReachability_count":166,"contactSatisfaction_count":108,"autonomy_count":3768}}
