{"data":{"satisfaction":8.457470251211987,"comprehension":8.596491228070175,"contact":4.869565217391305,"contact_reachability":0.6578947368421053,"contact_satisfaction":7.368421052631579,"autonomy":8.486462494451843},"metadata":{"satisfaction_count":4538,"comprehension_count":3249,"contact_count":115,"contactReachability_count":114,"contactSatisfaction_count":76,"autonomy_count":2253}}
