{"data":{"satisfaction":8.702453987730062,"comprehension":8.536090835360909,"contact":5.4769736842105265,"contact_reachability":0.6687898089171974,"contact_satisfaction":8.325,"autonomy":8.542967588462682},"metadata":{"satisfaction_count":4890,"comprehension_count":3699,"contact_count":152,"contactReachability_count":157,"contactSatisfaction_count":100,"autonomy_count":3363}}
