{"data":{"satisfaction":8.328239608801956,"comprehension":9.012773160972607,"contact":4.027777777777778,"contact_reachability":5.882352941176471,"contact_satisfaction":6.590909090909091,"autonomy":8.427672955974844},"metadata":{"satisfaction_count":4908,"comprehension_count":3249,"contact_count":36,"autonomy_count":477}}
