{"data":{"satisfaction":8.778322106552357,"comprehension":8.570822731128075,"contact":5.348837209302325,"contact_reachability":0.627906976744186,"contact_satisfaction":8.518518518518519,"autonomy":8.587155963302752},"metadata":{"satisfaction_count":1633,"comprehension_count":1179,"contact_count":43,"contactReachability_count":43,"contactSatisfaction_count":27,"autonomy_count":1090}}
