{"data":{"satisfaction":8.37962962962963,"comprehension":8.81784205394865,"contact":4.756944444444445,"contact_reachability":6.76056338028169,"contact_satisfaction":6.989795918367347,"autonomy":8.415841584158416},"metadata":{"satisfaction_count":4428,"comprehension_count":3077,"contact_count":72,"autonomy_count":1212}}
