{"data":{"satisfaction":8.790364810612672,"comprehension":8.576413119330077,"contact":5.787671232876712,"contact_reachability":0.6712328767123288,"contact_satisfaction":8.622448979591837,"autonomy":8.633587786259541},"metadata":{"satisfaction_count":5729,"comprehension_count":4299,"contact_count":146,"contactReachability_count":146,"contactSatisfaction_count":98,"autonomy_count":3930}}
