{"data":{"satisfaction":8.71457677347657,"comprehension":8.548840048840049,"contact":5.62111801242236,"contact_reachability":0.6807228915662651,"contact_satisfaction":8.37962962962963,"autonomy":8.564926372155288},"metadata":{"satisfaction_count":5399,"comprehension_count":4095,"contact_count":161,"contactReachability_count":166,"contactSatisfaction_count":108,"autonomy_count":3735}}
