{"data":{"satisfaction":8.703665568369027,"comprehension":8.535539215686274,"contact":5.402684563758389,"contact_reachability":0.6623376623376623,"contact_satisfaction":8.29896907216495,"autonomy":8.547469302186283},"metadata":{"satisfaction_count":4856,"comprehension_count":3672,"contact_count":149,"contactReachability_count":154,"contactSatisfaction_count":97,"autonomy_count":3339}}
