{"data":{"satisfaction":8.862911795961743,"comprehension":8.649135446685879,"contact":5.258620689655173,"contact_reachability":0.8,"contact_satisfaction":6.630434782608695,"autonomy":8.560371517027864},"metadata":{"satisfaction_count":941,"comprehension_count":694,"contact_count":29,"contactReachability_count":30,"contactSatisfaction_count":23,"autonomy_count":646}}
