{"data":{"satisfaction":3.865456486919381,"comprehension":3.772756827048114,"contact":2.5323415265200517,"contact_reachability":0.5636132315521628,"contact_satisfaction":4.5523255813953485,"autonomy":2.683658170914543},"metadata":{"satisfaction_count":1873,"comprehension_count":1538,"contact_count":773,"contactReachability_count":786,"contactSatisfaction_count":430,"autonomy_count":1334}}
