{"data":{"satisfaction":4.237668161434978,"comprehension":4.243562231759657,"contact":2.7401129943502824,"contact_reachability":0.6201117318435754,"contact_satisfaction":4.4495412844036695,"autonomy":2.4189526184538654},"metadata":{"satisfaction_count":1115,"comprehension_count":932,"contact_count":531,"contactReachability_count":537,"contactSatisfaction_count":327,"autonomy_count":802}}
