{"data":{"satisfaction":4.262910798122066,"comprehension":4.278149386845039,"contact":2.4844398340248963,"contact_reachability":0.5702479338842975,"contact_satisfaction":4.37043795620438,"autonomy":2.8385416666666665},"metadata":{"satisfaction_count":1065,"comprehension_count":897,"contact_count":482,"contactReachability_count":484,"contactSatisfaction_count":274,"autonomy_count":768}}
