{"data":{"satisfaction":4.460594315245478,"comprehension":4.149525316455696,"contact":2.674750356633381,"contact_reachability":0.5926966292134831,"contact_satisfaction":4.562043795620438,"autonomy":2.6499552372426143},"metadata":{"satisfaction_count":1548,"comprehension_count":1264,"contact_count":701,"contactReachability_count":712,"contactSatisfaction_count":411,"autonomy_count":1117}}
