{"data":{"satisfaction":4.107464478687213,"comprehension":4.094185487746276,"contact":2.6418520199727644,"contact_reachability":0.6137071651090342,"contact_satisfaction":4.359550561797753,"autonomy":2.5694050991501416},"metadata":{"satisfaction_count":4997,"comprehension_count":4162,"contact_count":2203,"contactReachability_count":2247,"contactSatisfaction_count":1335,"autonomy_count":3530}}
