{"data":{"satisfaction":4.024168184075484,"comprehension":6.133808095952024,"contact":2.671102661596958,"contact_reachability":6.265664160401002,"contact_satisfaction":4.2922606924643585,"autonomy":2.459270752521334},"metadata":{"satisfaction_count":6041,"comprehension_count":4002,"contact_count":789,"autonomy_count":1289}}
