{"data":{"satisfaction":4.0210027100271,"comprehension":6.190231362467866,"contact":2.7100840336134455,"contact_reachability":6.431535269709544,"contact_satisfaction":4.243421052631579,"autonomy":2.457912457912458},"metadata":{"satisfaction_count":5904,"comprehension_count":3890,"contact_count":714,"autonomy_count":1188}}
