{"data":{"satisfaction":4.234650967199327,"comprehension":4.259350393700787,"contact":2.6624548736462095,"contact_reachability":0.5982142857142857,"contact_satisfaction":4.4832826747720365,"autonomy":2.6254375729288215},"metadata":{"satisfaction_count":1189,"comprehension_count":1016,"contact_count":554,"contactReachability_count":560,"contactSatisfaction_count":329,"autonomy_count":857}}
