{"data":{"satisfaction":4.249378466245936,"comprehension":4.100372179576646,"contact":2.640426404264043,"contact_reachability":0.6003223207091055,"contact_satisfaction":4.450587422252937,"autonomy":2.492063492063492},"metadata":{"satisfaction_count":5229,"comprehension_count":4299,"contact_count":2439,"contactReachability_count":2482,"contactSatisfaction_count":1447,"autonomy_count":3780}}
