{"data":{"satisfaction":4.064349112426036,"comprehension":3.9295332136445245,"contact":2.3133748055987557,"contact_reachability":0.5897832817337462,"contact_satisfaction":3.935185185185185,"autonomy":2.7178423236514524},"metadata":{"satisfaction_count":1352,"comprehension_count":1114,"contact_count":643,"contactReachability_count":646,"contactSatisfaction_count":378,"autonomy_count":964}}
