{"data":{"satisfaction":4.0355287414110945,"comprehension":6.851192107426693,"contact":2.634228187919463,"autonomy":2.410901467505241},"metadata":{"satisfaction_count":5967,"comprehension_count":3649,"contact_count":298,"autonomy_count":477}}
