{"data":{"satisfaction":4.172137126185266,"comprehension":3.9355992844364938,"contact":2.3357371794871793,"contact_reachability":0.5780254777070064,"contact_satisfaction":4.059888579387187,"autonomy":2.73190621814475},"metadata":{"satisfaction_count":1371,"comprehension_count":1118,"contact_count":624,"contactReachability_count":628,"contactSatisfaction_count":359,"autonomy_count":981}}
