{"data":{"satisfaction":4.276615104640582,"comprehension":4.080680570801317,"contact":2.320328542094456,"contact_reachability":0.5458248472505092,"contact_satisfaction":4.28030303030303,"autonomy":2.673392181588903},"metadata":{"satisfaction_count":1099,"comprehension_count":911,"contact_count":487,"contactReachability_count":491,"contactSatisfaction_count":264,"autonomy_count":793}}
