{"data":{"satisfaction":3.9594059405940594,"comprehension":4.981476581106112,"contact":2.5332633053221287,"contact_reachability":0.6077616077616078,"contact_satisfaction":4.1966357308584685,"autonomy":2.568567696996082},"metadata":{"satisfaction_count":5050,"comprehension_count":3779,"contact_count":1428,"contactReachability_count":1443,"contactSatisfaction_count":862,"autonomy_count":2297}}
