{"data":{"satisfaction":4.2349726775956285,"comprehension":4.092575618698442,"contact":2.6364739183178325,"contact_reachability":0.5993640699523053,"contact_satisfaction":4.450511945392491,"autonomy":2.4817708333333335},"metadata":{"satisfaction_count":5307,"comprehension_count":4364,"contact_count":2473,"contactReachability_count":2516,"contactSatisfaction_count":1465,"autonomy_count":3840}}
