{"data":{"satisfaction":4.060955518945634,"comprehension":5.891712707182321,"contact":2.597064393939394,"contact_reachability":0.6117867165575304,"contact_satisfaction":4.278471138845553,"autonomy":2.5545350172215846},"metadata":{"satisfaction_count":6677,"comprehension_count":4525,"contact_count":1056,"contactReachability_count":1069,"contactSatisfaction_count":641,"autonomy_count":1742}}
