{"data":{"satisfaction":4.442934782608695,"comprehension":4.082225913621262,"contact":2.3406040268456376,"contact_reachability":0.5629139072847682,"contact_satisfaction":4.201807228915663,"autonomy":2.9423076923076925},"metadata":{"satisfaction_count":736,"comprehension_count":602,"contact_count":298,"contactReachability_count":302,"contactSatisfaction_count":166,"autonomy_count":520}}
