{"data":{"satisfaction":4.204712812960236,"comprehension":3.927601809954751,"contact":2.3764415156507415,"contact_reachability":0.5819672131147541,"contact_satisfaction":4.098011363636363,"autonomy":2.722567287784679},"metadata":{"satisfaction_count":1358,"comprehension_count":1105,"contact_count":607,"contactReachability_count":610,"contactSatisfaction_count":352,"autonomy_count":966}}
