{"data":{"satisfaction":4.097995545657016,"comprehension":3.8896457765667574,"contact":2.3222940226171245,"contact_reachability":0.5803858520900321,"contact_satisfaction":4.01536312849162,"autonomy":2.6282722513089007},"metadata":{"satisfaction_count":1347,"comprehension_count":1101,"contact_count":619,"contactReachability_count":622,"contactSatisfaction_count":358,"autonomy_count":955}}
