{"data":{"satisfaction":4.0242677824267785,"comprehension":6.165865384615385,"contact":2.6486129458388374,"contact_reachability":6.279373368146214,"contact_satisfaction":4.247881355932203,"autonomy":2.4617860016090103},"metadata":{"satisfaction_count":5975,"comprehension_count":3952,"contact_count":757,"autonomy_count":1243}}
