{"data":{"satisfaction":4.104970096927201,"comprehension":4.085954917017587,"contact":2.6331153666510976,"contact_reachability":0.6118993135011441,"contact_satisfaction":4.360015467904099,"autonomy":2.542965336440431},"metadata":{"satisfaction_count":4849,"comprehension_count":4037,"contact_count":2141,"contactReachability_count":2185,"contactSatisfaction_count":1293,"autonomy_count":3433}}
