{"data":{"satisfaction":4.1751453488372094,"comprehension":3.900804289544236,"contact":2.3593247588424435,"contact_reachability":0.5875796178343949,"contact_satisfaction":4.042699724517906,"autonomy":2.7106598984771573},"metadata":{"satisfaction_count":1376,"comprehension_count":1119,"contact_count":622,"contactReachability_count":628,"contactSatisfaction_count":363,"autonomy_count":985}}
