{"data":{"satisfaction":3.9748334566987418,"comprehension":4.034140017286084,"contact":2.6094003241491084,"contact_reachability":5.977564102564102,"contact_satisfaction":4.398907103825136,"autonomy":2.3947895791583167},"metadata":{"satisfaction_count":1351,"comprehension_count":1157,"contact_count":617,"autonomy_count":998}}
