{"data":{"satisfaction":4.201465201465202,"comprehension":3.920556552962298,"contact":2.3778501628664497,"contact_reachability":0.5883306320907618,"contact_satisfaction":4.055555555555555,"autonomy":2.7170582226762003},"metadata":{"satisfaction_count":1365,"comprehension_count":1114,"contact_count":614,"contactReachability_count":617,"contactSatisfaction_count":360,"autonomy_count":979}}
