{"data":{"satisfaction":4.217908229611741,"comprehension":4.08593044263776,"contact":2.6315789473684212,"contact_reachability":0.5974127793022345,"contact_satisfaction":4.4564483457123565,"autonomy":2.477535301668806},"metadata":{"satisfaction_count":5383,"comprehension_count":4428,"contact_count":2508,"contactReachability_count":2551,"contactSatisfaction_count":1481,"autonomy_count":3895}}
