{"data":{"satisfaction":4.254047802621434,"comprehension":4.104337631887456,"contact":2.6364200082678795,"contact_reachability":0.6003249390739236,"contact_satisfaction":4.444250871080139,"autonomy":2.497331910352188},"metadata":{"satisfaction_count":5188,"comprehension_count":4265,"contact_count":2419,"contactReachability_count":2462,"contactSatisfaction_count":1435,"autonomy_count":3748}}
