{"data":{"satisfaction":4.242712294043092,"comprehension":4.012345679012346,"contact":2.517361111111111,"contact_reachability":0.563858695652174,"contact_satisfaction":4.542606516290727,"autonomy":2.549526270456503},"metadata":{"satisfaction_count":1578,"comprehension_count":1296,"contact_count":720,"contactReachability_count":736,"contactSatisfaction_count":399,"autonomy_count":1161}}
