{"data":{"satisfaction":4.196,"comprehension":4.036231884057971,"contact":2.473021582733813,"contact_reachability":0.5571428571428572,"contact_satisfaction":4.464285714285714,"autonomy":2.642543859649123},"metadata":{"satisfaction_count":1250,"comprehension_count":1035,"contact_count":556,"contactReachability_count":560,"contactSatisfaction_count":308,"autonomy_count":912}}
