{"data":{"satisfaction":4.037488136665612,"comprehension":6.030417354397548,"contact":2.6834611171960567,"contact_reachability":6.281081081081082,"contact_satisfaction":4.305799648506151,"autonomy":2.513440860215054},"metadata":{"satisfaction_count":6322,"comprehension_count":4241,"contact_count":913,"autonomy_count":1488}}
