{"data":{"satisfaction":3.8532838983050848,"comprehension":3.7781712813908563,"contact":2.586984536082474,"contact_reachability":0.5628970775095299,"contact_satisfaction":4.6469907407407405,"autonomy":2.6582278481012658},"metadata":{"satisfaction_count":1888,"comprehension_count":1553,"contact_count":776,"contactReachability_count":787,"contactSatisfaction_count":432,"autonomy_count":1343}}
