{"data":{"satisfaction":4.024092462965977,"comprehension":6.0943996087062855,"contact":2.6543942992874108,"contact_reachability":6.264637002341921,"contact_satisfaction":4.273422562141492,"autonomy":2.4707602339181287},"metadata":{"satisfaction_count":6143,"comprehension_count":4089,"contact_count":842,"autonomy_count":1368}}
