{"data":{"satisfaction":4.102206985215342,"comprehension":4.089157245632066,"contact":2.6316425120772946,"contact_reachability":0.61239943208708,"contact_satisfaction":4.354516386890488,"autonomy":2.5475974614687216},"metadata":{"satisfaction_count":4667,"comprehension_count":3892,"contact_count":2070,"contactReachability_count":2113,"contactSatisfaction_count":1251,"autonomy_count":3309}}
