{
  "data": {
    "satisfaction": 4.0550765440788314,
    "comprehension": 7.095967029732116,
    "contact": 2.9276315789473686,
    "autonomy": 2.548262548262548
  },
  "metadata": {
    "satisfaction_count": 5683,
    "comprehension_count": 3397,
    "contact_count": 152,
    "autonomy_count": 259
  }
}
