{"data":{"satisfaction":4.133986928104576,"comprehension":3.951035031847134,"contact":2.474302496328928,"contact_reachability":0.548480463096961,"contact_satisfaction":4.56639566395664,"autonomy":2.482078853046595},"metadata":{"satisfaction_count":1530,"comprehension_count":1256,"contact_count":681,"contactReachability_count":691,"contactSatisfaction_count":369,"autonomy_count":1116}}
