{"data":{"satisfaction":4.046889365614465,"comprehension":6.545542635658915,"contact":2.7203065134099615,"contact_reachability":6.666666666666666,"contact_satisfaction":4.115942028985507,"autonomy":2.508591065292096},"metadata":{"satisfaction_count":6526,"comprehension_count":4128,"contact_count":522,"autonomy_count":873}}
