{"data":{"satisfaction":4.159902597402597,"comprehension":4.152046783625731,"contact":2.465156794425087,"contact_reachability":0.578125,"contact_satisfaction":4.2749244712990935,"autonomy":2.7455357142857144},"metadata":{"satisfaction_count":1232,"comprehension_count":1026,"contact_count":574,"contactReachability_count":576,"contactSatisfaction_count":331,"autonomy_count":896}}
