{"data":{"satisfaction":4.174630755864466,"comprehension":4.2184265010351965,"contact":2.656844106463878,"contact_reachability":0.60075329566855,"contact_satisfaction":4.4506369426751595,"autonomy":2.5916870415647923},"metadata":{"satisfaction_count":1151,"comprehension_count":966,"contact_count":526,"contactReachability_count":531,"contactSatisfaction_count":314,"autonomy_count":818}}
