{"data":{"satisfaction":4.208432776451869,"comprehension":4.054702495201536,"contact":2.4684684684684686,"contact_reachability":0.5581395348837209,"contact_satisfaction":4.4480519480519485,"autonomy":2.6528384279475983},"metadata":{"satisfaction_count":1257,"comprehension_count":1042,"contact_count":555,"contactReachability_count":559,"contactSatisfaction_count":308,"autonomy_count":916}}
