{"data":{"satisfaction":4.091436528196797,"comprehension":4.082085413200222,"contact":2.5808977035490606,"contact_reachability":0.6112836438923396,"contact_satisfaction":4.244635193133047,"autonomy":2.582543314808761},"metadata":{"satisfaction_count":4309,"comprehension_count":3606,"contact_count":1916,"contactReachability_count":1932,"contactSatisfaction_count":1165,"autonomy_count":3059}}
