{"data":{"satisfaction":4.0614717319772655,"comprehension":5.889035958526362,"contact":2.5846660395108185,"contact_reachability":0.6115241635687733,"contact_satisfaction":4.25968992248062,"autonomy":2.555746140651801},"metadata":{"satisfaction_count":6686,"comprehension_count":4533,"contact_count":1063,"contactReachability_count":1076,"contactSatisfaction_count":645,"autonomy_count":1749}}
