{"data":{"satisfaction":4.219230769230769,"comprehension":4.095844034555219,"contact":2.6293283270755112,"contact_reachability":0.6031160311603116,"contact_satisfaction":4.4104268719384185,"autonomy":2.531274953420282},"metadata":{"satisfaction_count":5200,"comprehension_count":4283,"contact_count":2397,"contactReachability_count":2439,"contactSatisfaction_count":1429,"autonomy_count":3757}}
