{"data":{"satisfaction":4.197264218862491,"comprehension":4.190110826939471,"contact":2.7287853577371046,"contact_reachability":5.907590759075908,"contact_satisfaction":4.645892351274788,"autonomy":2.6862745098039214},"metadata":{"satisfaction_count":1389,"comprehension_count":1173,"contact_count":601,"autonomy_count":1020}}
