{"data":{"satisfaction":3.98955012398158,"comprehension":4.904989508043833,"contact":2.517678255745433,"contact_reachability":0.6063084112149533,"contact_satisfaction":4.176441837732161,"autonomy":2.627149652396634},"metadata":{"satisfaction_count":5646,"comprehension_count":4289,"contact_count":1697,"contactReachability_count":1712,"contactSatisfaction_count":1023,"autonomy_count":2733}}
