{"data":{"satisfaction":4.0332590706556335,"comprehension":6.656480774127833,"contact":2.6639344262295084,"contact_reachability":6.804597701149425,"contact_satisfaction":3.9496527777777777,"autonomy":2.419127988748242},"metadata":{"satisfaction_count":6284,"comprehension_count":3927,"contact_count":427,"autonomy_count":711}}
