{"data":{"satisfaction":4.2678405931417975,"comprehension":4.275881057268722,"contact":2.4846938775510203,"contact_reachability":0.5691056910569106,"contact_satisfaction":4.379496402877698,"autonomy":2.8260869565217392},"metadata":{"satisfaction_count":1079,"comprehension_count":908,"contact_count":490,"contactReachability_count":492,"contactSatisfaction_count":278,"autonomy_count":782}}
