{"data":{"satisfaction":4.231854080481384,"comprehension":4.093299794191631,"contact":2.6340725806451615,"contact_reachability":0.5992865636147443,"contact_satisfaction":4.446902654867257,"autonomy":2.4772550038991423},"metadata":{"satisfaction_count":5318,"comprehension_count":4373,"contact_count":2480,"contactReachability_count":2523,"contactSatisfaction_count":1469,"autonomy_count":3847}}
