{"data":{"satisfaction":3.988168815115663,"comprehension":4.901185770750988,"contact":2.5205519671168526,"contact_reachability":0.6065192083818394,"contact_satisfaction":4.179649464459591,"autonomy":2.62582056892779},"metadata":{"satisfaction_count":5663,"comprehension_count":4301,"contact_count":1703,"contactReachability_count":1718,"contactSatisfaction_count":1027,"autonomy_count":2742}}
