{"data":{"satisfaction":7.790697674418604,"comprehension":9.234513274336283,"contact":3.611111111111111,"contact_reachability":5.555555555555555,"contact_satisfaction":6.5,"autonomy":8.153846153846153},"metadata":{"satisfaction_count":602,"comprehension_count":565,"contact_count":9,"autonomy_count":65}}
