{"data":{"satisfaction":7.650602409638554,"comprehension":7.875,"contact":4.833333333333333,"contact_reachability":0.8666666666666667,"contact_satisfaction":5.576923076923077,"autonomy":7.468354430379747},"metadata":{"satisfaction_count":83,"comprehension_count":80,"contact_count":15,"contactReachability_count":15,"contactSatisfaction_count":13,"autonomy_count":79}}
