{"data":{"satisfaction":7.620967741935484,"comprehension":7.97008547008547,"contact":5.526315789473684,"contact_reachability":0.8947368421052632,"contact_satisfaction":6.176470588235294,"autonomy":7.456140350877193},"metadata":{"satisfaction_count":124,"comprehension_count":117,"contact_count":19,"contactReachability_count":19,"contactSatisfaction_count":17,"autonomy_count":114}}
