{"data":{"satisfaction":6.73469387755102,"comprehension":7.419354838709677,"contact":4.886363636363637,"contact_reachability":0.6818181818181818,"contact_satisfaction":7.166666666666667,"autonomy":5.934065934065934},"metadata":{"satisfaction_count":98,"comprehension_count":93,"contact_count":22,"contactReachability_count":22,"contactSatisfaction_count":15,"autonomy_count":91}}
