{"data":{"satisfaction":8.157894736842104,"comprehension":8.177570093457945,"contact":2.738095238095238,"contact_reachability":0.6190476190476191,"contact_satisfaction":4.423076923076923,"autonomy":7.5},"metadata":{"satisfaction_count":114,"comprehension_count":107,"contact_count":21,"contactReachability_count":21,"contactSatisfaction_count":13,"autonomy_count":108}}
