{"data":{"satisfaction":7.945736434108527,"comprehension":8.225806451612904,"contact":3.8095238095238093,"contact_reachability":0.6363636363636364,"contact_satisfaction":6.153846153846154,"autonomy":7.642276422764228},"metadata":{"satisfaction_count":129,"comprehension_count":124,"contact_count":21,"contactReachability_count":22,"contactSatisfaction_count":13,"autonomy_count":123}}
