{"data":{"satisfaction":7.834645669291339,"comprehension":8.217213114754099,"contact":3.6904761904761907,"contact_reachability":0.6190476190476191,"contact_satisfaction":5.961538461538462,"autonomy":7.603305785123967},"metadata":{"satisfaction_count":127,"comprehension_count":122,"contact_count":21,"contactReachability_count":21,"contactSatisfaction_count":13,"autonomy_count":121}}
