{"data":{"satisfaction":7.997685185185185,"comprehension":8.319277108433734,"contact":4.475806451612903,"contact_reachability":0.7384615384615385,"contact_satisfaction":6.166666666666667,"autonomy":7.684729064039409},"metadata":{"satisfaction_count":432,"comprehension_count":415,"contact_count":62,"contactReachability_count":65,"contactSatisfaction_count":45,"autonomy_count":406}}
