{"data":{"satisfaction":7.751937984496124,"comprehension":8.165322580645162,"contact":4.078947368421052,"contact_reachability":0.631578947368421,"contact_satisfaction":6.458333333333333,"autonomy":7.723577235772358},"metadata":{"satisfaction_count":129,"comprehension_count":124,"contact_count":19,"contactReachability_count":19,"contactSatisfaction_count":12,"autonomy_count":123}}
