{"data":{"satisfaction":7.798690671031096,"comprehension":9.236474694589878,"contact":3.25,"contact_reachability":6,"contact_satisfaction":5.416666666666667,"autonomy":8.082191780821917},"metadata":{"satisfaction_count":611,"comprehension_count":573,"contact_count":10,"autonomy_count":73}}
