{"data":{"satisfaction":7.709923664122138,"comprehension":8.24,"contact":4.852941176470588,"contact_reachability":8.235294117647058,"contact_satisfaction":5.892857142857143,"autonomy":7.377049180327869},"metadata":{"satisfaction_count":131,"comprehension_count":125,"contact_count":17,"autonomy_count":122}}
