{"data":{"satisfaction":7.787828947368421,"comprehension":9.232456140350877,"contact":3.25,"contact_reachability":6,"contact_satisfaction":5.416666666666667,"autonomy":8.142857142857142},"metadata":{"satisfaction_count":608,"comprehension_count":570,"contact_count":10,"autonomy_count":70}}
