{"data":{"satisfaction":7.815734989648033,"comprehension":8.200431034482758,"contact":4.133333333333334,"contact_reachability":0.7051282051282052,"contact_satisfaction":5.961538461538462,"autonomy":7.648351648351649},"metadata":{"satisfaction_count":483,"comprehension_count":464,"contact_count":75,"contactReachability_count":78,"contactSatisfaction_count":52,"autonomy_count":455}}
