{"data":{"satisfaction":7.516411378555799,"comprehension":8.037757437070939,"contact":4.029850746268656,"contact_reachability":0.6521739130434783,"contact_satisfaction":6.27906976744186,"autonomy":7.458823529411765},"metadata":{"satisfaction_count":457,"comprehension_count":437,"contact_count":67,"contactReachability_count":69,"contactSatisfaction_count":43,"autonomy_count":425}}
