{"data":{"satisfaction":7.6171875,"comprehension":8.032786885245901,"contact":5.357142857142857,"contact_reachability":0.8571428571428571,"contact_satisfaction":6.25,"autonomy":7.4789915966386555},"metadata":{"satisfaction_count":128,"comprehension_count":122,"contact_count":21,"contactReachability_count":21,"contactSatisfaction_count":18,"autonomy_count":119}}
