{"data":{"satisfaction":7.833052276559865,"comprehension":9.267086330935252,"contact":4.0625,"autonomy":8.214285714285714},"metadata":{"satisfaction_count":593,"comprehension_count":556,"contact_count":8,"autonomy_count":56}}
