{"data":{"satisfaction":7.951541850220265,"comprehension":8.666281755196305,"contact":4.545454545454546,"contact_reachability":0.7954545454545454,"contact_satisfaction":5.714285714285714,"autonomy":7.711267605633803},"metadata":{"satisfaction_count":454,"comprehension_count":433,"contact_count":44,"contactReachability_count":44,"contactSatisfaction_count":35,"autonomy_count":284}}
