{"data":{"satisfaction":8.044315992292871,"comprehension":9.129098360655737,"contact":5,"contact_reachability":7.368421052631579,"contact_satisfaction":6.785714285714286,"autonomy":7.837837837837838},"metadata":{"satisfaction_count":519,"comprehension_count":488,"contact_count":19,"autonomy_count":148}}
