{"data":{"satisfaction":7.674418604651163,"comprehension":8.231707317073171,"contact":4.6875,"contact_reachability":8.125,"contact_satisfaction":5.769230769230769,"autonomy":7.416666666666667},"metadata":{"satisfaction_count":129,"comprehension_count":123,"contact_count":16,"autonomy_count":120}}
