{"data":{"satisfaction":7.825040128410915,"comprehension":9.239316239316238,"contact":3.5416666666666665,"contact_reachability":5.833333333333334,"contact_satisfaction":6.071428571428571,"autonomy":8},"metadata":{"satisfaction_count":623,"comprehension_count":585,"contact_count":12,"autonomy_count":85}}
