{"data":{"satisfaction":7.677543186180422,"comprehension":8.07730923694779,"contact":4.315068493150685,"contact_reachability":0.72,"contact_satisfaction":6.0576923076923075,"autonomy":7.654320987654321},"metadata":{"satisfaction_count":521,"comprehension_count":498,"contact_count":73,"contactReachability_count":75,"contactSatisfaction_count":52,"autonomy_count":486}}
