{"data":{"satisfaction":8.081683168316832,"comprehension":8.356958762886597,"contact":4.298245614035087,"contact_reachability":0.7333333333333333,"contact_satisfaction":5.975609756097561,"autonomy":7.757255936675461},"metadata":{"satisfaction_count":404,"comprehension_count":388,"contact_count":57,"contactReachability_count":60,"contactSatisfaction_count":41,"autonomy_count":379}}
