{"data":{"satisfaction":8.058252427184467,"comprehension":8.354430379746836,"contact":4.224137931034483,"contact_reachability":0.7213114754098361,"contact_satisfaction":5.975609756097561,"autonomy":7.746113989637306},"metadata":{"satisfaction_count":412,"comprehension_count":395,"contact_count":58,"contactReachability_count":61,"contactSatisfaction_count":41,"autonomy_count":386}}
