{"data":{"satisfaction":7.972972972972973,"comprehension":8.643326039387308,"contact":4.468085106382978,"contact_reachability":0.7872340425531915,"contact_satisfaction":5.675675675675675,"autonomy":7.62987012987013},"metadata":{"satisfaction_count":481,"comprehension_count":457,"contact_count":47,"contactReachability_count":47,"contactSatisfaction_count":37,"autonomy_count":308}}
