{"data":{"satisfaction":8.24561403508772,"comprehension":8.24766355140187,"contact":2.8947368421052633,"contact_reachability":0.631578947368421,"contact_satisfaction":4.583333333333333,"autonomy":7.592592592592593},"metadata":{"satisfaction_count":114,"comprehension_count":107,"contact_count":19,"contactReachability_count":19,"contactSatisfaction_count":12,"autonomy_count":108}}
