{"data":{"satisfaction":7.830645161290323,"comprehension":9.239690721649485,"contact":3.25,"contact_reachability":6,"contact_satisfaction":5.416666666666667,"autonomy":8.170731707317072},"metadata":{"satisfaction_count":620,"comprehension_count":582,"contact_count":10,"autonomy_count":82}}
