{"data":{"satisfaction":7.521834061135372,"comprehension":8.042237442922374,"contact":4.029850746268656,"contact_reachability":0.6521739130434783,"contact_satisfaction":6.27906976744186,"autonomy":7.464788732394366},"metadata":{"satisfaction_count":458,"comprehension_count":438,"contact_count":67,"contactReachability_count":69,"contactSatisfaction_count":43,"autonomy_count":426}}
