{"data":{"satisfaction":7.945736434108527,"comprehension":8.286290322580646,"contact":3.289473684210526,"contact_reachability":0.6,"contact_satisfaction":5.681818181818182,"autonomy":7.723577235772358},"metadata":{"satisfaction_count":129,"comprehension_count":124,"contact_count":19,"contactReachability_count":20,"contactSatisfaction_count":11,"autonomy_count":123}}
