{"data":{"satisfaction":7.840189873417722,"comprehension":9.238215488215488,"contact":3.6538461538461537,"contact_reachability":6.153846153846154,"contact_satisfaction":5.9375,"autonomy":8.085106382978724},"metadata":{"satisfaction_count":632,"comprehension_count":594,"contact_count":13,"autonomy_count":94}}
