{"data":{"satisfaction":7.489270386266094,"comprehension":8.010089686098654,"contact":3.908450704225352,"contact_reachability":0.6438356164383562,"contact_satisfaction":6.166666666666667,"autonomy":7.419354838709677},"metadata":{"satisfaction_count":466,"comprehension_count":446,"contact_count":71,"contactReachability_count":73,"contactSatisfaction_count":45,"autonomy_count":434}}
