{"data":{"satisfaction":8.899319408589532,"comprehension":8.76604938271605,"contact":3.798076923076923,"contact_reachability":0.540952380952381,"contact_satisfaction":7.078853046594982,"autonomy":7.58422760169703},"metadata":{"satisfaction_count":4261,"comprehension_count":4050,"contact_count":520,"contactReachability_count":525,"contactSatisfaction_count":279,"autonomy_count":4007}}
