{"data":{"satisfaction":8.852493219278115,"comprehension":9.158216178843052,"contact":4.652777777777778,"contact_reachability":6.238532110091743,"contact_satisfaction":7.5,"autonomy":7.60485651214128},"metadata":{"satisfaction_count":4793,"comprehension_count":4339,"contact_count":108,"autonomy_count":906}}
