{"data":{"satisfaction":8.903518993241669,"comprehension":9.07083015993907,"contact":4.2287234042553195,"contact_reachability":5.8730158730158735,"contact_satisfaction":7.2272727272727275,"autonomy":7.705345501955671},"metadata":{"satisfaction_count":4291,"comprehension_count":3939,"contact_count":188,"autonomy_count":1534}}
