{
  "data": {
    "satisfaction": 8.830340264650284,
    "comprehension": 9.207445409102867,
    "contact": 5.416666666666667,
    "autonomy": 7.780748663101604
  },
  "metadata": {
    "satisfaction_count": 4232,
    "comprehension_count": 3801,
    "contact_count": 42,
    "autonomy_count": 374
  }
}
