{"data":{"satisfaction":8.856607310215558,"comprehension":8.742690058479532,"contact":3.8768115942028984,"contact_reachability":0.5214285714285715,"contact_satisfaction":7.535211267605634,"autonomy":7.6232741617357},"metadata":{"satisfaction_count":1067,"comprehension_count":1026,"contact_count":138,"contactReachability_count":140,"contactSatisfaction_count":71,"autonomy_count":1014}}
