{"data":{"satisfaction":8.896740369272852,"comprehension":8.765580057526366,"contact":3.8016917293233083,"contact_reachability":0.547486033519553,"contact_satisfaction":6.998269896193771,"autonomy":7.589718719689622},"metadata":{"satisfaction_count":4387,"comprehension_count":4172,"contact_count":532,"contactReachability_count":537,"contactSatisfaction_count":289,"autonomy_count":4124}}
