{"data":{"satisfaction":8.92466194462331,"comprehension":8.92227564102564,"contact":3.860294117647059,"contact_reachability":0.5255474452554745,"contact_satisfaction":7.394366197183099,"autonomy":7.543186180422265},"metadata":{"satisfaction_count":4659,"comprehension_count":4368,"contact_count":408,"contactReachability_count":411,"contactSatisfaction_count":213,"autonomy_count":3126}}
