{"data":{"satisfaction":8.892926356589147,"comprehension":9.08106680749934,"contact":4.300595238095238,"contact_reachability":5.9171597633136095,"contact_satisfaction":7.297979797979798,"autonomy":7.657722987672226},"metadata":{"satisfaction_count":4128,"comprehension_count":3787,"contact_count":168,"autonomy_count":1379}}
