{"data":{"satisfaction":8.893019908851043,"comprehension":9.074025634318598,"contact":4.316860465116279,"contact_reachability":5.953757225433526,"contact_satisfaction":7.279411764705882,"autonomy":7.657021877205364},"metadata":{"satisfaction_count":4169,"comprehension_count":3823,"contact_count":172,"autonomy_count":1417}}
