{"data":{"satisfaction":8.899784740492706,"comprehension":8.804074446680081,"contact":3.7772727272727273,"contact_reachability":0.5611510791366906,"contact_satisfaction":6.78921568627451,"autonomy":7.664141414141414},"metadata":{"satisfaction_count":4181,"comprehension_count":3976,"contact_count":550,"contactReachability_count":556,"contactSatisfaction_count":306,"autonomy_count":3960}}
