{"data":{"satisfaction":8.905427066636134,"comprehension":8.915198237885463,"contact":3.763440860215054,"contact_reachability":0.5146666666666667,"contact_satisfaction":7.368421052631579,"autonomy":7.6036866359447},"metadata":{"satisfaction_count":4367,"comprehension_count":4086,"contact_count":372,"contactReachability_count":375,"contactSatisfaction_count":190,"autonomy_count":2821}}
