{"data":{"satisfaction":9.017316017316018,"comprehension":8.76814882032668,"contact":4.04,"contact_reachability":5.7142857142857135,"contact_satisfaction":7.112676056338028,"autonomy":7.766544117647059},"metadata":{"satisfaction_count":1155,"comprehension_count":1102,"contact_count":125,"autonomy_count":1088}}
