{"data":{"satisfaction":8.854775828460038,"comprehension":8.774062816616008,"contact":4.153225806451613,"contact_reachability":0.536,"contact_satisfaction":7.803030303030303,"autonomy":7.607802874743326},"metadata":{"satisfaction_count":1026,"comprehension_count":987,"contact_count":124,"contactReachability_count":125,"contactSatisfaction_count":66,"autonomy_count":974}}
