{"data":{"satisfaction":8.891418165262918,"comprehension":8.80023923444976,"contact":3.7630208333333335,"contact_reachability":0.5601374570446735,"contact_satisfaction":6.7734375,"autonomy":7.662493981704381},"metadata":{"satisfaction_count":4393,"comprehension_count":4180,"contact_count":576,"contactReachability_count":582,"contactSatisfaction_count":320,"autonomy_count":4154}}
