{"data":{"satisfaction":8.904585959574005,"comprehension":9.04773156899811,"contact":4.058295964125561,"contact_reachability":5.644444444444444,"contact_satisfaction":7.24,"autonomy":7.711306256860593},"metadata":{"satisfaction_count":4601,"comprehension_count":4232,"contact_count":223,"autonomy_count":1822}}
