{"data":{"satisfaction":8.904353285893679,"comprehension":9.02761991361673,"contact":3.9430894308943087,"contact_reachability":0.5403225806451613,"contact_satisfaction":7.348484848484849,"autonomy":7.648539778449144},"metadata":{"satisfaction_count":4778,"comprehension_count":4399,"contact_count":246,"contactReachability_count":248,"contactSatisfaction_count":132,"autonomy_count":1986}}
