{"data":{"satisfaction":8.83787497137623,"comprehension":9.202114111054508,"contact":4.426229508196721,"autonomy":7.686116700201207},"metadata":{"satisfaction_count":4367,"comprehension_count":3926,"contact_count":61,"autonomy_count":497}}
