{"data":{"satisfaction":8.873716632443532,"comprehension":9.008361204013378,"contact":3.792134831460674,"contact_reachability":0.5204460966542751,"contact_satisfaction":7.336956521739131,"autonomy":7.605021728633511},"metadata":{"satisfaction_count":4870,"comprehension_count":4485,"contact_count":267,"contactReachability_count":269,"contactSatisfaction_count":138,"autonomy_count":2071}}
