{"data":{"satisfaction":8.885365853658536,"comprehension":8.91570981210856,"contact":3.705357142857143,"contact_reachability":0.5073746312684366,"contact_satisfaction":7.366863905325443,"autonomy":7.620904836193448},"metadata":{"satisfaction_count":4100,"comprehension_count":3832,"contact_count":336,"contactReachability_count":339,"contactSatisfaction_count":169,"autonomy_count":2564}}
