{"data":{"satisfaction":8.898547273160275,"comprehension":9.072559709241952,"contact":4.251412429378531,"contact_reachability":5.842696629213483,"contact_satisfaction":7.305825242718447,"autonomy":7.669432918395574},"metadata":{"satisfaction_count":4199,"comprehension_count":3852,"contact_count":177,"autonomy_count":1446}}
