{"data":{"satisfaction":8.887108701010598,"comprehension":8.919150619889212,"contact":3.7084592145015107,"contact_reachability":0.5059880239520959,"contact_satisfaction":7.394578313253012,"autonomy":7.610935023771791},"metadata":{"satisfaction_count":4057,"comprehension_count":3791,"contact_count":331,"contactReachability_count":334,"contactSatisfaction_count":166,"autonomy_count":2524}}
