{"data":{"satisfaction":9.001766784452297,"comprehension":8.75462962962963,"contact":4.019230769230769,"contact_reachability":5.846153846153847,"contact_satisfaction":6.875,"autonomy":7.722586691658857},"metadata":{"satisfaction_count":1132,"comprehension_count":1080,"contact_count":130,"autonomy_count":1067}}
