{"data":{"satisfaction":8.909811694747274,"comprehension":8.775722844490753,"contact":3.7833675564681726,"contact_reachability":0.532520325203252,"contact_satisfaction":7.169260700389105,"autonomy":7.588297311544544},"metadata":{"satisfaction_count":4036,"comprehension_count":3839,"contact_count":487,"contactReachability_count":492,"contactSatisfaction_count":257,"autonomy_count":3794}}
