{"data":{"satisfaction":8.89197009886665,"comprehension":8.918256833419289,"contact":3.7280701754385963,"contact_reachability":0.5101449275362319,"contact_satisfaction":7.369942196531792,"autonomy":7.625430869398698},"metadata":{"satisfaction_count":4147,"comprehension_count":3878,"contact_count":342,"contactReachability_count":345,"contactSatisfaction_count":173,"autonomy_count":2611}}
