{"data":{"satisfaction":8.89127972819932,"comprehension":8.801761066158972,"contact":3.8037865748709123,"contact_reachability":0.5638841567291312,"contact_satisfaction":6.8,"autonomy":7.656773575873624},"metadata":{"satisfaction_count":4415,"comprehension_count":4202,"contact_count":581,"contactReachability_count":587,"contactSatisfaction_count":325,"autonomy_count":4178}}
