{"data":{"satisfaction":8.893869891576314,"comprehension":9.025260534662438,"contact":3.8537549407114624,"contact_reachability":0.5294117647058824,"contact_satisfaction":7.330827067669173,"autonomy":7.646176911544228},"metadata":{"satisfaction_count":4796,"comprehension_count":4414,"contact_count":253,"contactReachability_count":255,"contactSatisfaction_count":133,"autonomy_count":2001}}
