{"data":{"satisfaction":8.890288593678424,"comprehension":8.799037304452467,"contact":3.7609075043630016,"contact_reachability":0.5578583765112263,"contact_satisfaction":6.798107255520505,"autonomy":7.662872366190361},"metadata":{"satisfaction_count":4366,"comprehension_count":4155,"contact_count":573,"contactReachability_count":579,"contactSatisfaction_count":317,"autonomy_count":4129}}
