{"data":{"satisfaction":8.921143847487002,"comprehension":8.6961503208066,"contact":3.29136690647482,"contact_reachability":0.4642857142857143,"contact_satisfaction":7.1484375,"autonomy":7.679403541472507},"metadata":{"satisfaction_count":1154,"comprehension_count":1091,"contact_count":139,"contactReachability_count":140,"contactSatisfaction_count":64,"autonomy_count":1073}}
