{"data":{"satisfaction":8.886986301369863,"comprehension":8.777173913043478,"contact":3.4276729559748427,"contact_reachability":0.5617283950617284,"contact_satisfaction":6.193181818181818,"autonomy":7.6979071883530485},"metadata":{"satisfaction_count":1168,"comprehension_count":1104,"contact_count":159,"contactReachability_count":162,"contactSatisfaction_count":88,"autonomy_count":1099}}
