{"data":{"satisfaction":8.846153846153847,"comprehension":8.762183235867447,"contact":3.8811188811188813,"contact_reachability":0.5208333333333334,"contact_satisfaction":7.5,"autonomy":7.638339920948616},"metadata":{"satisfaction_count":1066,"comprehension_count":1026,"contact_count":143,"contactReachability_count":144,"contactSatisfaction_count":74,"autonomy_count":1012}}
