{"data":{"satisfaction":4.938271604938271,"comprehension":5.545454545454546,"contact":2.142857142857143,"contact_reachability":0.42857142857142855,"contact_satisfaction":5,"autonomy":5.116279069767442},"metadata":{"satisfaction_count":81,"comprehension_count":55,"contact_count":7,"contactReachability_count":7,"contactSatisfaction_count":3,"autonomy_count":43}}
