{"data":{"satisfaction":5.1584,"comprehension":5.526805251641138,"contact":4.452879581151833,"contact_reachability":0.6984126984126984,"contact_satisfaction":6.728639240506329,"autonomy":4.62962962962963},"metadata":{"satisfaction_count":6250,"comprehension_count":4570,"contact_count":955,"contactReachability_count":1071,"contactSatisfaction_count":632,"autonomy_count":3888}}
