{"data":{"satisfaction":5.160106737825217,"comprehension":5.506595405958608,"contact":4.384408602150538,"contact_reachability":0.6938579654510557,"contact_satisfaction":6.673486088379706,"autonomy":4.634146341463414},"metadata":{"satisfaction_count":5996,"comprehension_count":4397,"contact_count":930,"contactReachability_count":1042,"contactSatisfaction_count":611,"autonomy_count":3731}}
