{"data":{"satisfaction":5.157080337605501,"comprehension":5.528003420265071,"contact":4.481424148606811,"contact_reachability":0.7004608294930875,"contact_satisfaction":6.743012422360248,"autonomy":4.648526077097506},"metadata":{"satisfaction_count":6398,"comprehension_count":4678,"contact_count":969,"contactReachability_count":1085,"contactSatisfaction_count":644,"autonomy_count":3969}}
