{"data":{"satisfaction":8.476281236764082,"comprehension":8.590841949778435,"contact":4.915254237288136,"contact_reachability":0.6581196581196581,"contact_satisfaction":7.435897435897436,"autonomy":8.519764507989908},"metadata":{"satisfaction_count":4722,"comprehension_count":3385,"contact_count":118,"contactReachability_count":117,"contactSatisfaction_count":78,"autonomy_count":2378}}
