{"data":{"satisfaction":8.758471965495994,"comprehension":8.535591766723842,"contact":5,"contact_reachability":0.6190476190476191,"contact_satisfaction":8.076923076923077,"autonomy":8.635122838944495},"metadata":{"satisfaction_count":1623,"comprehension_count":1166,"contact_count":42,"contactReachability_count":42,"contactSatisfaction_count":26,"autonomy_count":1099}}
