{"data":{"satisfaction":8.115249119275289,"comprehension":7.880815806246017,"contact":5.258620689655173,"contact_reachability":0.6836158192090396,"contact_satisfaction":7.754237288135593,"autonomy":5.811269517990495},"metadata":{"satisfaction_count":1987,"comprehension_count":1569,"contact_count":348,"contactReachability_count":354,"contactSatisfaction_count":236,"autonomy_count":1473}}
