{"data":{"satisfaction":8.353730289479877,"comprehension":8.832099907493062,"contact":4.481981981981982,"contact_reachability":6.4035087719298245,"contact_satisfaction":7.107142857142857,"autonomy":6.2218045112781954},"metadata":{"satisfaction_count":4249,"comprehension_count":3243,"contact_count":111,"autonomy_count":532}}
