{"data":{"satisfaction":8.302469135802468,"comprehension":8.068181818181818,"contact":6.309523809523809,"contact_reachability":0.7619047619047619,"contact_satisfaction":8.28125,"autonomy":6.713483146067416},"metadata":{"satisfaction_count":486,"comprehension_count":374,"contact_count":63,"contactReachability_count":63,"contactSatisfaction_count":48,"autonomy_count":356}}
