{"data":{"satisfaction":8.350970017636683,"comprehension":8.046697038724373,"contact":5.7967032967032965,"contact_reachability":0.7204301075268817,"contact_satisfaction":8.115384615384615,"autonomy":5.620608899297424},"metadata":{"satisfaction_count":567,"comprehension_count":439,"contact_count":91,"contactReachability_count":93,"contactSatisfaction_count":65,"autonomy_count":427}}
