{"data":{"satisfaction":8.352974992814026,"comprehension":8.625932835820896,"contact":5,"contact_reachability":0.6730769230769231,"contact_satisfaction":7.481751824817518,"autonomy":5.908018867924528},"metadata":{"satisfaction_count":3479,"comprehension_count":2680,"contact_count":205,"contactReachability_count":208,"contactSatisfaction_count":137,"autonomy_count":848}}
