{"data":{"satisfaction":8.130585898709036,"comprehension":7.888364779874214,"contact":5.257142857142857,"contact_reachability":0.6825842696629213,"contact_satisfaction":7.763713080168777,"autonomy":5.8243967828418235},"metadata":{"satisfaction_count":2014,"comprehension_count":1590,"contact_count":350,"contactReachability_count":356,"contactSatisfaction_count":237,"autonomy_count":1492}}
