{"data":{"satisfaction":8.362676056338028,"comprehension":8.175057208237986,"contact":5.666666666666667,"contact_reachability":0.7222222222222222,"contact_satisfaction":7.846153846153846,"autonomy":6.109839816933638},"metadata":{"satisfaction_count":568,"comprehension_count":437,"contact_count":90,"contactReachability_count":90,"contactSatisfaction_count":65,"autonomy_count":437}}
