{"data":{"satisfaction":7.610759493670886,"comprehension":7.569721115537849,"contact":5.241935483870968,"contact_reachability":0.7258064516129032,"contact_satisfaction":7.222222222222222,"autonomy":5.531914893617022},"metadata":{"satisfaction_count":316,"comprehension_count":251,"contact_count":62,"contactReachability_count":62,"contactSatisfaction_count":45,"autonomy_count":235}}
