{"data":{"satisfaction":7.738636363636363,"comprehension":7.578571428571428,"contact":4.939024390243903,"contact_reachability":0.6707317073170732,"contact_satisfaction":7.363636363636363,"autonomy":5.562310030395137},"metadata":{"satisfaction_count":440,"comprehension_count":350,"contact_count":82,"contactReachability_count":82,"contactSatisfaction_count":55,"autonomy_count":329}}
