{"data":{"satisfaction":8.206442166910689,"comprehension":8.030778894472363,"contact":5.835913312693498,"contact_reachability":0.7423312883435583,"contact_satisfaction":7.887029288702929,"autonomy":6.06355382619974},"metadata":{"satisfaction_count":2049,"comprehension_count":1592,"contact_count":323,"contactReachability_count":326,"contactSatisfaction_count":239,"autonomy_count":1542}}
