{"data":{"satisfaction":8.479020979020978,"comprehension":8.288288288288289,"contact":5.861111111111111,"contact_reachability":0.7222222222222222,"contact_satisfaction":8.115384615384615,"autonomy":6.264236902050114},"metadata":{"satisfaction_count":572,"comprehension_count":444,"contact_count":90,"contactReachability_count":90,"contactSatisfaction_count":65,"autonomy_count":439}}
