{"data":{"satisfaction":8.340395480225988,"comprehension":8.60897435897436,"contact":5.011682242990654,"contact_reachability":0.6728110599078341,"contact_satisfaction":7.5,"autonomy":5.908071748878924},"metadata":{"satisfaction_count":3540,"comprehension_count":2730,"contact_count":214,"contactReachability_count":217,"contactSatisfaction_count":143,"autonomy_count":892}}
