{"data":{"satisfaction":8.36283185840708,"comprehension":8.065068493150685,"contact":5.672043010752688,"contact_reachability":0.7052631578947368,"contact_satisfaction":8.115384615384615,"autonomy":5.630841121495327},"metadata":{"satisfaction_count":565,"comprehension_count":438,"contact_count":93,"contactReachability_count":95,"contactSatisfaction_count":65,"autonomy_count":428}}
