{"data":{"satisfaction":8.35090185055048,"comprehension":8.823980374118369,"contact":4.6581196581196584,"contact_reachability":6.5,"contact_satisfaction":7.266666666666667,"autonomy":6.186131386861314},"metadata":{"satisfaction_count":4269,"comprehension_count":3261,"contact_count":117,"autonomy_count":548}}
