{"data":{"satisfaction":8.173407917383821,"comprehension":7.946183415705656,"contact":5.351662404092072,"contact_reachability":0.6926952141057935,"contact_satisfaction":7.778810408921933,"autonomy":5.886442641946697},"metadata":{"satisfaction_count":2324,"comprehension_count":1821,"contact_count":391,"contactReachability_count":397,"contactSatisfaction_count":269,"autonomy_count":1726}}
