{"data":{"satisfaction":8.383534136546185,"comprehension":8.918673705047839,"contact":4.2,"autonomy":6.261398176291793},"metadata":{"satisfaction_count":3984,"comprehension_count":3031,"contact_count":75,"autonomy_count":329}}
