{"data":{"satisfaction":8.22227626459144,"comprehension":7.999058380414312,"contact":5.766961651917404,"contact_reachability":0.7222222222222222,"contact_satisfaction":8.012295081967213,"autonomy":5.958549222797927},"metadata":{"satisfaction_count":2056,"comprehension_count":1593,"contact_count":339,"contactReachability_count":342,"contactSatisfaction_count":244,"autonomy_count":1544}}
