{"data":{"satisfaction":8.183243727598565,"comprehension":7.9423515981735155,"contact":5.33289817232376,"contact_reachability":0.6889460154241646,"contact_satisfaction":7.7958015267175576,"autonomy":5.8645707376058045},"metadata":{"satisfaction_count":2232,"comprehension_count":1752,"contact_count":383,"contactReachability_count":389,"contactSatisfaction_count":262,"autonomy_count":1654}}
