{"data":{"satisfaction":8.228941684665227,"comprehension":8.29861111111111,"contact":5.160472972972973,"contact_reachability":0.6810631229235881,"contact_satisfaction":7.6375,"autonomy":5.784},"metadata":{"satisfaction_count":2778,"comprehension_count":2160,"contact_count":296,"contactReachability_count":301,"contactSatisfaction_count":200,"autonomy_count":1250}}
