{"data":{"satisfaction":8.64176570458404,"comprehension":8.386214442013129,"contact":5.58252427184466,"contact_reachability":0.6796116504854369,"contact_satisfaction":8.214285714285714,"autonomy":6.121076233183857},"metadata":{"satisfaction_count":589,"comprehension_count":457,"contact_count":103,"contactReachability_count":103,"contactSatisfaction_count":70,"autonomy_count":446}}
