{"data":{"satisfaction":7.9506641366223905,"comprehension":7.794840294840295,"contact":5.74468085106383,"contact_reachability":0.7395833333333334,"contact_satisfaction":7.826086956521739,"autonomy":5.505050505050505},"metadata":{"satisfaction_count":527,"comprehension_count":407,"contact_count":94,"contactReachability_count":96,"contactSatisfaction_count":69,"autonomy_count":396}}
