{"data":{"satisfaction":8.382389623347468,"comprehension":8.911475409836065,"contact":4.228395061728395,"contact_reachability":6.309523809523809,"contact_satisfaction":6.85,"autonomy":6.242774566473988},"metadata":{"satisfaction_count":4009,"comprehension_count":3050,"contact_count":81,"autonomy_count":346}}
