{"data":{"satisfaction":8.221797323135755,"comprehension":8.006485484867202,"contact":5.7871720116618075,"contact_reachability":0.7254335260115607,"contact_satisfaction":8.004032258064516,"autonomy":5.966815571155073},"metadata":{"satisfaction_count":2092,"comprehension_count":1619,"contact_count":343,"contactReachability_count":346,"contactSatisfaction_count":248,"autonomy_count":1567}}
