{"data":{"satisfaction":8.340353833192923,"comprehension":8.60443959243086,"contact":5.011627906976744,"contact_reachability":0.6743119266055045,"contact_satisfaction":7.482638888888889,"autonomy":5.918591859185919},"metadata":{"satisfaction_count":3561,"comprehension_count":2748,"contact_count":215,"contactReachability_count":218,"contactSatisfaction_count":144,"autonomy_count":909}}
