{"data":{"satisfaction":7.84394250513347,"comprehension":7.661498708010336,"contact":5.625,"contact_reachability":0.7115384615384616,"contact_satisfaction":7.905405405405405,"autonomy":5.4520547945205475},"metadata":{"satisfaction_count":487,"comprehension_count":387,"contact_count":104,"contactReachability_count":104,"contactSatisfaction_count":74,"autonomy_count":365}}
