{"data":{"satisfaction":8.242160278745645,"comprehension":8.305046895935686,"contact":5.187296416938111,"contact_reachability":0.6794871794871795,"contact_satisfaction":7.693236714975845,"autonomy":5.829562594268476},"metadata":{"satisfaction_count":2870,"comprehension_count":2239,"contact_count":307,"contactReachability_count":312,"contactSatisfaction_count":207,"autonomy_count":1326}}
