{"data":{"satisfaction":6.25,"comprehension":6.339285714285714,"contact":3.611111111111111,"contact_reachability":0.6666666666666666,"contact_satisfaction":5.416666666666667,"autonomy":5.555555555555555},"metadata":{"satisfaction_count":28,"comprehension_count":28,"contact_count":9,"contactReachability_count":9,"contactSatisfaction_count":6,"autonomy_count":27}}
