{"data":{"satisfaction":6.538461538461538,"comprehension":7.146464646464646,"contact":3.888888888888889,"contact_reachability":0.6666666666666666,"contact_satisfaction":5.833333333333333,"autonomy":4.444444444444445},"metadata":{"satisfaction_count":104,"comprehension_count":99,"contact_count":27,"contactReachability_count":27,"contactSatisfaction_count":18,"autonomy_count":72}}
