{"data":{"satisfaction":6.746031746031746,"comprehension":8.220338983050848,"contact":4.722222222222222,"contact_reachability":6.666666666666666,"contact_satisfaction":7.083333333333333,"autonomy":2.7777777777777777},"metadata":{"satisfaction_count":126,"comprehension_count":118,"contact_count":9,"autonomy_count":18}}
