{"data":{"satisfaction":6.779661016949152,"comprehension":8.340909090909092,"contact":4.166666666666667,"autonomy":2},"metadata":{"satisfaction_count":118,"comprehension_count":110,"contact_count":6,"autonomy_count":10}}
