{"data":{"satisfaction":6.179245283018868,"comprehension":6.359223300970874,"contact":3.7837837837837838,"contact_reachability":0.5945945945945946,"contact_satisfaction":6.363636363636363,"autonomy":4.2},"metadata":{"satisfaction_count":106,"comprehension_count":103,"contact_count":37,"contactReachability_count":37,"contactSatisfaction_count":22,"autonomy_count":100}}
