{"data":{"satisfaction":2.938871473354232,"comprehension":3.8894052044609664,"contact":2.2,"contact_reachability":0.38235294117647056,"contact_satisfaction":5.945945945945946,"autonomy":4.40389294403893},"metadata":{"satisfaction_count":638,"comprehension_count":538,"contact_count":100,"contactReachability_count":102,"contactSatisfaction_count":37,"autonomy_count":411}}
