{"data":{"satisfaction":2.8703703703703702,"comprehension":3.576923076923077,"contact":2.5,"contact_reachability":0.30434782608695654,"contact_satisfaction":8.214285714285714,"autonomy":4.315789473684211},"metadata":{"satisfaction_count":162,"comprehension_count":130,"contact_count":23,"contactReachability_count":23,"contactSatisfaction_count":7,"autonomy_count":95}}
