{"data":{"satisfaction":3.012924071082391,"comprehension":3.943798449612403,"contact":1.8103448275862069,"contact_reachability":0.38636363636363635,"contact_satisfaction":4.7727272727272725,"autonomy":4.364089775561097},"metadata":{"satisfaction_count":619,"comprehension_count":516,"contact_count":87,"contactReachability_count":88,"contactSatisfaction_count":33,"autonomy_count":401}}
