{"data":{"satisfaction":2.8012048192771086,"comprehension":3.5576923076923075,"contact":1.6964285714285714,"contact_reachability":0.21428571428571427,"contact_satisfaction":7.916666666666667,"autonomy":4.387755102040816},"metadata":{"satisfaction_count":166,"comprehension_count":130,"contact_count":28,"contactReachability_count":28,"contactSatisfaction_count":6,"autonomy_count":98}}
