{"data":{"satisfaction":2.8735632183908044,"comprehension":3.689655172413793,"contact":2.142857142857143,"contact_reachability":0.39285714285714285,"contact_satisfaction":5.454545454545454,"autonomy":4.705882352941177},"metadata":{"satisfaction_count":174,"comprehension_count":145,"contact_count":28,"contactReachability_count":28,"contactSatisfaction_count":11,"autonomy_count":102}}
