{"data":{"satisfaction":3.0408472012102874,"comprehension":3.9663023679417124,"contact":2.010869565217391,"contact_reachability":0.40425531914893614,"contact_satisfaction":5.138888888888889,"autonomy":4.485981308411215},"metadata":{"satisfaction_count":661,"comprehension_count":549,"contact_count":92,"contactReachability_count":94,"contactSatisfaction_count":36,"autonomy_count":428}}
