{"data":{"satisfaction":3.1875792141951838,"comprehension":7.227112676056338,"contact":0.9722222222222222,"contact_reachability":3.888888888888889,"contact_satisfaction":2.5,"autonomy":4.919354838709677},"metadata":{"satisfaction_count":789,"comprehension_count":568,"contact_count":18,"autonomy_count":124}}
