{"data":{"satisfaction":3.245614035087719,"comprehension":6.447115384615385,"contact":1.3888888888888888,"contact_reachability":4.444444444444445,"contact_satisfaction":3.125,"autonomy":4.338624338624339},"metadata":{"satisfaction_count":684,"comprehension_count":520,"contact_count":36,"autonomy_count":189}}
