{"data":{"satisfaction":3.1578947368421053,"comprehension":5.02988047808765,"contact":1.4772727272727273,"contact_reachability":0.3484848484848485,"contact_satisfaction":4.239130434782608,"autonomy":4.152823920265781},"metadata":{"satisfaction_count":646,"comprehension_count":502,"contact_count":66,"contactReachability_count":66,"contactSatisfaction_count":23,"autonomy_count":301}}
