{"data":{"satisfaction":3.1751824817518246,"comprehension":3.650442477876106,"contact":2.037037037037037,"contact_reachability":0.37037037037037035,"contact_satisfaction":5.5,"autonomy":3.673469387755102},"metadata":{"satisfaction_count":137,"comprehension_count":113,"contact_count":27,"contactReachability_count":27,"contactSatisfaction_count":10,"autonomy_count":98}}
