{"data":{"satisfaction":3.228476821192053,"comprehension":5.196808510638298,"contact":1.5625,"contact_reachability":0.39285714285714285,"contact_satisfaction":3.977272727272727,"autonomy":4.193548387096774},"metadata":{"satisfaction_count":604,"comprehension_count":470,"contact_count":56,"contactReachability_count":56,"contactSatisfaction_count":22,"autonomy_count":279}}
