{"data":{"satisfaction":3.245492371705964,"comprehension":7.52431906614786,"contact":2.142857142857143,"autonomy":5.542168674698795},"metadata":{"satisfaction_count":721,"comprehension_count":514,"contact_count":7,"autonomy_count":83}}
