{"data":{"satisfaction":3.0706521739130435,"comprehension":3.860544217687075,"contact":2.8260869565217392,"contact_reachability":0.34782608695652173,"contact_satisfaction":8.125,"autonomy":4.392523364485982},"metadata":{"satisfaction_count":184,"comprehension_count":147,"contact_count":23,"contactReachability_count":23,"contactSatisfaction_count":8,"autonomy_count":107}}
