{"data":{"satisfaction":3.240875912408759,"comprehension":6.434740882917467,"contact":1.3888888888888888,"contact_reachability":4.444444444444445,"contact_satisfaction":3.125,"autonomy":4.338624338624339},"metadata":{"satisfaction_count":685,"comprehension_count":521,"contact_count":36,"autonomy_count":189}}
