{"data":{"satisfaction":3.0390625,"comprehension":3.9747191011235956,"contact":1.9505494505494505,"contact_reachability":0.391304347826087,"contact_satisfaction":5.071428571428571,"autonomy":4.433734939759036},"metadata":{"satisfaction_count":640,"comprehension_count":534,"contact_count":91,"contactReachability_count":92,"contactSatisfaction_count":35,"autonomy_count":415}}
