{"data":{"satisfaction":3.261515601783061,"comprehension":6.4833005893909625,"contact":1.4166666666666667,"contact_reachability":4.666666666666667,"contact_satisfaction":3.0357142857142856,"autonomy":4.382022471910112},"metadata":{"satisfaction_count":673,"comprehension_count":509,"contact_count":30,"autonomy_count":178}}
