{"data":{"satisfaction":3.2551319648093844,"comprehension":6.472007722007722,"contact":1.3888888888888888,"contact_reachability":4.444444444444445,"contact_satisfaction":3.125,"autonomy":4.331550802139038},"metadata":{"satisfaction_count":682,"comprehension_count":518,"contact_count":36,"autonomy_count":187}}
