{"data":{"satisfaction":3.136557610241821,"comprehension":4.927140255009108,"contact":1.6549295774647887,"contact_reachability":0.352112676056338,"contact_satisfaction":4.7,"autonomy":4.27299703264095},"metadata":{"satisfaction_count":703,"comprehension_count":549,"contact_count":71,"contactReachability_count":71,"contactSatisfaction_count":25,"autonomy_count":337}}
