{"data":{"satisfaction":2.711864406779661,"comprehension":3.4574468085106385,"contact":1.8548387096774193,"contact_reachability":0.22580645161290322,"contact_satisfaction":8.214285714285714,"autonomy":4.205607476635514},"metadata":{"satisfaction_count":177,"comprehension_count":141,"contact_count":31,"contactReachability_count":31,"contactSatisfaction_count":7,"autonomy_count":107}}
