{"data":{"satisfaction":3.344155844155844,"comprehension":3.6228813559322033,"contact":1.1956521739130435,"contact_reachability":0.17391304347826086,"contact_satisfaction":6.875,"autonomy":4.086021505376344},"metadata":{"satisfaction_count":154,"comprehension_count":118,"contact_count":23,"contactReachability_count":23,"contactSatisfaction_count":4,"autonomy_count":93}}
