{"data":{"satisfaction":2.7167630057803467,"comprehension":3.6317567567567566,"contact":2.2222222222222223,"contact_reachability":0.4074074074074074,"contact_satisfaction":5.454545454545454,"autonomy":4.571428571428571},"metadata":{"satisfaction_count":173,"comprehension_count":148,"contact_count":27,"contactReachability_count":27,"contactSatisfaction_count":11,"autonomy_count":105}}
