{"data":{"satisfaction":2.978142076502732,"comprehension":4.41358024691358,"contact":1.9642857142857142,"contact_reachability":0.3448275862068966,"contact_satisfaction":6.111111111111111,"autonomy":4.471544715447155},"metadata":{"satisfaction_count":183,"comprehension_count":162,"contact_count":28,"contactReachability_count":29,"contactSatisfaction_count":9,"autonomy_count":123}}
