{"data":{"satisfaction":2.6744186046511627,"comprehension":3.448905109489051,"contact":1.5833333333333333,"contact_reachability":0.2,"contact_satisfaction":7.916666666666667,"autonomy":4.271844660194175},"metadata":{"satisfaction_count":172,"comprehension_count":137,"contact_count":30,"contactReachability_count":30,"contactSatisfaction_count":6,"autonomy_count":103}}
