{"data":{"satisfaction":3.040752351097179,"comprehension":3.9802631578947367,"contact":1.9505494505494505,"contact_reachability":0.391304347826087,"contact_satisfaction":5.071428571428571,"autonomy":4.406779661016949},"metadata":{"satisfaction_count":638,"comprehension_count":532,"contact_count":91,"contactReachability_count":92,"contactSatisfaction_count":35,"autonomy_count":413}}
