{"data":{"satisfaction":2.8181818181818183,"comprehension":3.5852713178294575,"contact":1.6964285714285714,"contact_reachability":0.21428571428571427,"contact_satisfaction":7.916666666666667,"autonomy":4.489795918367347},"metadata":{"satisfaction_count":165,"comprehension_count":129,"contact_count":28,"contactReachability_count":28,"contactSatisfaction_count":6,"autonomy_count":98}}
