{"data":{"satisfaction":4.275521405049396,"comprehension":3.695482866043614,"contact":1.09375,"contact_reachability":0.35384615384615387,"contact_satisfaction":3.1818181818181817,"autonomy":5.5578512396694215},"metadata":{"satisfaction_count":911,"comprehension_count":642,"contact_count":64,"contactReachability_count":65,"contactSatisfaction_count":22,"autonomy_count":484}}
