{"data":{"satisfaction":4.378787878787879,"comprehension":4.088114754098361,"contact":1.5294117647058822,"contact_reachability":0.3448275862068966,"contact_satisfaction":4.642857142857143,"autonomy":5.752688172043011},"metadata":{"satisfaction_count":990,"comprehension_count":732,"contact_count":85,"contactReachability_count":87,"contactSatisfaction_count":28,"autonomy_count":558}}
