{"data":{"satisfaction":4.478947368421053,"comprehension":4.107898448519041,"contact":1.9672131147540983,"contact_reachability":0.5396825396825397,"contact_satisfaction":3.75,"autonomy":5.541284403669724},"metadata":{"satisfaction_count":950,"comprehension_count":709,"contact_count":61,"contactReachability_count":63,"contactSatisfaction_count":32,"autonomy_count":545}}
