{"data":{"satisfaction":4.2208520179372195,"comprehension":3.868217054263566,"contact":2.126865671641791,"contact_reachability":0.39705882352941174,"contact_satisfaction":5.480769230769231,"autonomy":5.642570281124498},"metadata":{"satisfaction_count":892,"comprehension_count":645,"contact_count":67,"contactReachability_count":68,"contactSatisfaction_count":26,"autonomy_count":498}}
