{"data":{"satisfaction":4.696055184306963,"comprehension":5.673929811029695,"contact":2.8181818181818183,"contact_reachability":5.555555555555555,"contact_satisfaction":5,"autonomy":5.727699530516432},"metadata":{"satisfaction_count":4639,"comprehension_count":2593,"contact_count":55,"autonomy_count":426}}
