{"data":{"satisfaction":4.124579124579125,"comprehension":3.8033536585365852,"contact":2.25,"contact_reachability":0.45161290322580644,"contact_satisfaction":5.1923076923076925,"autonomy":5.4563492063492065},"metadata":{"satisfaction_count":891,"comprehension_count":656,"contact_count":60,"contactReachability_count":62,"contactSatisfaction_count":26,"autonomy_count":504}}
