{"data":{"satisfaction":4.652795506765382,"comprehension":5.3921988855550795,"contact":2.261904761904762,"contact_reachability":5.1807228915662655,"contact_satisfaction":4.318181818181818,"autonomy":5.712309820193638},"metadata":{"satisfaction_count":3917,"comprehension_count":2333,"contact_count":84,"autonomy_count":723}}
