{"data":{"satisfaction":4.527154823020806,"comprehension":4.662300450266066,"contact":2.3042168674698793,"contact_reachability":0.48502994011976047,"contact_satisfaction":4.78125,"autonomy":5.631929046563193},"metadata":{"satisfaction_count":3701,"comprehension_count":2443,"contact_count":166,"contactReachability_count":167,"contactSatisfaction_count":80,"autonomy_count":1353}}
