{"data":{"satisfaction":4.224845995893224,"comprehension":3.984593837535014,"contact":1.6176470588235294,"contact_reachability":0.3333333333333333,"contact_satisfaction":5.092592592592593,"autonomy":5.730550284629981},"metadata":{"satisfaction_count":974,"comprehension_count":714,"contact_count":85,"contactReachability_count":87,"contactSatisfaction_count":27,"autonomy_count":527}}
