{"data":{"satisfaction":4.425750834260289,"comprehension":4.1477272727272725,"contact":2.2389558232931726,"contact_reachability":0.4624505928853755,"contact_satisfaction":4.933628318584071,"autonomy":5.712856428214107},"metadata":{"satisfaction_count":3596,"comprehension_count":2640,"contact_count":249,"contactReachability_count":253,"contactSatisfaction_count":113,"autonomy_count":1999}}
