{"data":{"satisfaction":4.5507660347961565,"comprehension":4.670846394984326,"contact":2.3850574712643677,"contact_reachability":0.5028248587570622,"contact_satisfaction":4.825581395348837,"autonomy":5.699300699300699},"metadata":{"satisfaction_count":3851,"comprehension_count":2552,"contact_count":174,"contactReachability_count":177,"contactSatisfaction_count":86,"autonomy_count":1430}}
