{"data":{"satisfaction":4.360824742268041,"comprehension":4.015471167369902,"contact":1.5,"contact_reachability":0.3333333333333333,"contact_satisfaction":4.722222222222222,"autonomy":5.703703703703703},"metadata":{"satisfaction_count":970,"comprehension_count":711,"contact_count":85,"contactReachability_count":87,"contactSatisfaction_count":27,"autonomy_count":540}}
