{"data":{"satisfaction":4.271794871794872,"comprehension":4.057665260196906,"contact":1.8037974683544304,"contact_reachability":0.345679012345679,"contact_satisfaction":5.480769230769231,"autonomy":5.822306238185255},"metadata":{"satisfaction_count":975,"comprehension_count":711,"contact_count":79,"contactReachability_count":81,"contactSatisfaction_count":26,"autonomy_count":529}}
