{"data":{"satisfaction":4.271899886234357,"comprehension":3.9227642276422765,"contact":3.7735849056603774,"contact_reachability":0.6415094339622641,"contact_satisfaction":5.882352941176471,"autonomy":5.414847161572053},"metadata":{"satisfaction_count":879,"comprehension_count":615,"contact_count":53,"contactReachability_count":53,"contactSatisfaction_count":34,"autonomy_count":458}}
