{"data":{"satisfaction":4.560209424083769,"comprehension":4.1164095371669,"contact":1.814516129032258,"contact_reachability":5,"contact_satisfaction":3.75,"autonomy":5.535390199637024},"metadata":{"satisfaction_count":955,"comprehension_count":713,"contact_count":62,"autonomy_count":551}}
