{"data":{"satisfaction":4.424753050552004,"comprehension":4.159099881563364,"contact":2.199170124481328,"contact_reachability":0.4530612244897959,"contact_satisfaction":4.953271028037383,"autonomy":5.692708333333333},"metadata":{"satisfaction_count":3442,"comprehension_count":2533,"contact_count":241,"contactReachability_count":245,"contactSatisfaction_count":107,"autonomy_count":1920}}
