{"data":{"satisfaction":4.454828660436137,"comprehension":4.104895104895105,"contact":1.9672131147540983,"contact_reachability":0.5238095238095238,"contact_satisfaction":3.870967741935484,"autonomy":5.575221238938053},"metadata":{"satisfaction_count":963,"comprehension_count":715,"contact_count":61,"contactReachability_count":63,"contactSatisfaction_count":31,"autonomy_count":565}}
