{"data":{"satisfaction":4.295190713101161,"comprehension":3.954823889739663,"contact":2.3868312757201644,"contact_reachability":0.47368421052631576,"contact_satisfaction":5.132743362831858,"autonomy":5.6467035732259685},"metadata":{"satisfaction_count":3618,"comprehension_count":2612,"contact_count":243,"contactReachability_count":247,"contactSatisfaction_count":113,"autonomy_count":1987}}
