{"data":{"satisfaction":4.550244153173991,"comprehension":4.666537417603722,"contact":2.3850574712643677,"contact_reachability":0.5028248587570622,"contact_satisfaction":4.825581395348837,"autonomy":5.714285714285714},"metadata":{"satisfaction_count":3891,"comprehension_count":2579,"contact_count":174,"contactReachability_count":177,"contactSatisfaction_count":86,"autonomy_count":1449}}
