{"data":{"satisfaction":4.441340782122905,"comprehension":4.030920060331825,"contact":2.0588235294117645,"contact_reachability":0.5283018867924528,"contact_satisfaction":4.038461538461538,"autonomy":5.659655831739962},"metadata":{"satisfaction_count":895,"comprehension_count":663,"contact_count":51,"contactReachability_count":53,"contactSatisfaction_count":26,"autonomy_count":523}}
