{"data":{"satisfaction":4.172149122807017,"comprehension":3.8493253373313343,"contact":2.1774193548387095,"contact_reachability":0.4375,"contact_satisfaction":5.1923076923076925,"autonomy":5.4863813229571985},"metadata":{"satisfaction_count":912,"comprehension_count":667,"contact_count":62,"contactReachability_count":64,"contactSatisfaction_count":26,"autonomy_count":514}}
