{"data":{"satisfaction":4.55153422501967,"comprehension":4.678345209817894,"contact":2.3982558139534884,"contact_reachability":0.5028571428571429,"contact_satisfaction":4.852941176470588,"autonomy":5.690021231422505},"metadata":{"satisfaction_count":3813,"comprehension_count":2526,"contact_count":172,"contactReachability_count":175,"contactSatisfaction_count":85,"autonomy_count":1413}}
