{"data":{"satisfaction":4.426919032597266,"comprehension":4.079320113314448,"contact":1.8442622950819672,"contact_reachability":0.5079365079365079,"contact_satisfaction":3.75,"autonomy":5.642857142857143},"metadata":{"satisfaction_count":951,"comprehension_count":706,"contact_count":61,"contactReachability_count":63,"contactSatisfaction_count":30,"autonomy_count":560}}
