{"data":{"satisfaction":4.374288964732651,"comprehension":4.094827586206897,"contact":2.2950819672131146,"contact_reachability":0.4603174603174603,"contact_satisfaction":5.185185185185185,"autonomy":5.8125},"metadata":{"satisfaction_count":879,"comprehension_count":638,"contact_count":61,"contactReachability_count":63,"contactSatisfaction_count":27,"autonomy_count":480}}
