{"data":{"satisfaction":4.322210636079249,"comprehension":3.9935064935064934,"contact":2.1232876712328768,"contact_reachability":0.41333333333333333,"contact_satisfaction":5.344827586206897,"autonomy":5.681381957773512},"metadata":{"satisfaction_count":959,"comprehension_count":693,"contact_count":73,"contactReachability_count":75,"contactSatisfaction_count":29,"autonomy_count":521}}
