{"data":{"satisfaction":4.6960626295187655,"comprehension":5.793583790628958,"contact":3.3035714285714284,"contact_reachability":6.071428571428571,"contact_satisfaction":5.4411764705882355,"autonomy":6.205533596837944},"metadata":{"satisfaction_count":4343,"comprehension_count":2369,"contact_count":28,"autonomy_count":253}}
