{"data":{"satisfaction":4.167492566897919,"comprehension":3.9769647696476964,"contact":1.678082191780822,"contact_reachability":0.3424657534246575,"contact_satisfaction":4.9,"autonomy":5.785582255083179},"metadata":{"satisfaction_count":1009,"comprehension_count":738,"contact_count":73,"contactReachability_count":73,"contactSatisfaction_count":25,"autonomy_count":541}}
