{"data":{"satisfaction":4.432077625570776,"comprehension":4.150174621653085,"contact":2.2016460905349793,"contact_reachability":0.4534412955465587,"contact_satisfaction":4.953703703703703,"autonomy":5.69672131147541},"metadata":{"satisfaction_count":3504,"comprehension_count":2577,"contact_count":243,"contactReachability_count":247,"contactSatisfaction_count":108,"autonomy_count":1952}}
