{"data":{"satisfaction":4.5021645021645025,"comprehension":4.188092016238159,"contact":2.070135746606335,"contact_reachability":0.44,"contact_satisfaction":4.815789473684211,"autonomy":5.68141592920354},"metadata":{"satisfaction_count":3003,"comprehension_count":2217,"contact_count":221,"contactReachability_count":225,"contactSatisfaction_count":95,"autonomy_count":1695}}
