{"data":{"satisfaction":4.2988879848115,"comprehension":3.9551257979722116,"contact":2.34375,"contact_reachability":0.4653846153846154,"contact_satisfaction":5.128205128205129,"autonomy":5.621301775147929},"metadata":{"satisfaction_count":3687,"comprehension_count":2663,"contact_count":256,"contactReachability_count":260,"contactSatisfaction_count":117,"autonomy_count":2028}}
