{"data":{"satisfaction":4.12839248434238,"comprehension":3.6803519061583576,"contact":1.7088607594936709,"contact_reachability":0.4375,"contact_satisfaction":3.9705882352941178,"autonomy":5.562130177514793},"metadata":{"satisfaction_count":958,"comprehension_count":682,"contact_count":79,"contactReachability_count":80,"contactSatisfaction_count":34,"autonomy_count":507}}
