{"data":{"satisfaction":4.435058078141499,"comprehension":4.083806818181818,"contact":1.8333333333333333,"contact_reachability":0.5,"contact_satisfaction":3.793103448275862,"autonomy":5.619389587073608},"metadata":{"satisfaction_count":947,"comprehension_count":704,"contact_count":60,"contactReachability_count":62,"contactSatisfaction_count":29,"autonomy_count":557}}
