{"data":{"satisfaction":4.696277688970085,"comprehension":5.775250417362271,"contact":3.3870967741935485,"contact_reachability":6,"contact_satisfaction":5.526315789473684,"autonomy":6.064981949458484},"metadata":{"satisfaction_count":4379,"comprehension_count":2396,"contact_count":31,"autonomy_count":277}}
