{"data":{"satisfaction":4.425349087003222,"comprehension":4.062952243125904,"contact":2,"contact_reachability":0.543859649122807,"contact_satisfaction":3.793103448275862,"autonomy":5.6880733944954125},"metadata":{"satisfaction_count":931,"comprehension_count":691,"contact_count":55,"contactReachability_count":57,"contactSatisfaction_count":29,"autonomy_count":545}}
