{"data":{"satisfaction":4.251254880089236,"comprehension":3.878805620608899,"contact":2.102272727272727,"contact_reachability":0.42696629213483145,"contact_satisfaction":5,"autonomy":5.580426861009891},"metadata":{"satisfaction_count":3586,"comprehension_count":2562,"contact_count":264,"contactReachability_count":267,"contactSatisfaction_count":111,"autonomy_count":1921}}
