{"data":{"satisfaction":4.248539564524695,"comprehension":3.87722882615156,"contact":2.087912087912088,"contact_reachability":0.42391304347826086,"contact_satisfaction":5,"autonomy":5.584737363726462},"metadata":{"satisfaction_count":3766,"comprehension_count":2692,"contact_count":273,"contactReachability_count":276,"contactSatisfaction_count":114,"autonomy_count":2018}}
