{"data":{"satisfaction":4.538482607504793,"comprehension":4.682704272086271,"contact":2.360248447204969,"contact_reachability":0.49382716049382713,"contact_satisfaction":4.810126582278481,"autonomy":5.631578947368421},"metadata":{"satisfaction_count":3651,"comprehension_count":2411,"contact_count":161,"contactReachability_count":162,"contactSatisfaction_count":79,"autonomy_count":1330}}
