{"data":{"satisfaction":4.319148936170213,"comprehension":3.710287443267776,"contact":1.1111111111111112,"contact_reachability":0.3424657534246575,"contact_satisfaction":3.3333333333333335,"autonomy":5.474747474747475},"metadata":{"satisfaction_count":940,"comprehension_count":661,"contact_count":72,"contactReachability_count":73,"contactSatisfaction_count":24,"autonomy_count":495}}
