{"data":{"satisfaction":7.560975609756097,"comprehension":7.013888888888889,"contact":5,"contact_reachability":0.9230769230769231,"contact_satisfaction":5.416666666666667,"autonomy":5.428571428571429},"metadata":{"satisfaction_count":41,"comprehension_count":36,"contact_count":13,"contactReachability_count":13,"contactSatisfaction_count":12,"autonomy_count":35}}
