{"data":{"satisfaction":8.424657534246576,"comprehension":8.502604166666666,"contact":7.065217391304348,"contact_reachability":0.8695652173913043,"contact_satisfaction":8.125,"autonomy":6.3768115942028984},"metadata":{"satisfaction_count":219,"comprehension_count":192,"contact_count":23,"contactReachability_count":23,"contactSatisfaction_count":20,"autonomy_count":69}}
