{"data":{"satisfaction":8.24561403508772,"comprehension":8.005050505050505,"contact":6.203703703703703,"contact_reachability":0.7241379310344828,"contact_satisfaction":8.81578947368421,"autonomy":6.195652173913044},"metadata":{"satisfaction_count":114,"comprehension_count":99,"contact_count":27,"contactReachability_count":29,"contactSatisfaction_count":19,"autonomy_count":92}}
