{"data":{"satisfaction":8.253968253968255,"comprehension":7.894736842105263,"contact":5.909090909090909,"contact_reachability":0.9090909090909091,"contact_satisfaction":6.5,"autonomy":6.071428571428571},"metadata":{"satisfaction_count":63,"comprehension_count":57,"contact_count":22,"contactReachability_count":22,"contactSatisfaction_count":20,"autonomy_count":56}}
