{"data":{"satisfaction":8.522727272727273,"comprehension":8.246753246753247,"contact":6.319444444444445,"contact_reachability":0.8888888888888888,"contact_satisfaction":7.109375,"autonomy":6.168224299065421},"metadata":{"satisfaction_count":176,"comprehension_count":154,"contact_count":36,"contactReachability_count":36,"contactSatisfaction_count":32,"autonomy_count":107}}
