{"data":{"satisfaction":8,"comprehension":7.663043478260869,"contact":5.714285714285714,"contact_reachability":0.9285714285714286,"contact_satisfaction":6.153846153846154,"autonomy":6.086956521739131},"metadata":{"satisfaction_count":50,"comprehension_count":46,"contact_count":14,"contactReachability_count":14,"contactSatisfaction_count":13,"autonomy_count":46}}
