{"data":{"satisfaction":6.336565096952908,"comprehension":6.378923766816143,"contact":3.668730650154799,"contact_reachability":6.012269938650307,"contact_satisfaction":6.139896373056994,"autonomy":3.9050535987748853},"metadata":{"satisfaction_count":722,"comprehension_count":669,"contact_count":323,"autonomy_count":653}}
