{"data":{"satisfaction":6.2095730918499354,"comprehension":5.834527220630372,"contact":3.8605898123324396,"contact_reachability":0.6861702127659575,"contact_satisfaction":5.647058823529412,"autonomy":3.675832127351664},"metadata":{"satisfaction_count":773,"comprehension_count":698,"contact_count":373,"contactReachability_count":376,"contactSatisfaction_count":255,"autonomy_count":691}}
