{"data":{"satisfaction":4.9552772808586765,"comprehension":5.1460564751704,"contact":2.880859375,"contact_reachability":0.6011560693641619,"contact_satisfaction":4.836065573770492,"autonomy":3.9397089397089395},"metadata":{"satisfaction_count":1118,"comprehension_count":1027,"contact_count":512,"contactReachability_count":519,"contactSatisfaction_count":305,"autonomy_count":962}}
