{"data":{"satisfaction":6.037167252636866,"comprehension":5.922651933701657,"contact":3.651463963963964,"contact_reachability":0.6396495071193866,"contact_satisfaction":5.800536672629696,"autonomy":3.823529411764706},"metadata":{"satisfaction_count":1991,"comprehension_count":1810,"contact_count":888,"contactReachability_count":913,"contactSatisfaction_count":559,"autonomy_count":1734}}
