{"data":{"satisfaction":6.2727272727272725,"comprehension":7.517644464049405,"contact":3.8502358490566038,"contact_reachability":6.130536130536131,"contact_satisfaction":6.327519379844961,"autonomy":3.8797169811320753},"metadata":{"satisfaction_count":2640,"comprehension_count":2267,"contact_count":424,"autonomy_count":848}}
