{"data":{"satisfaction":6.256717651922282,"comprehension":6.731490159325211,"contact":3.7661498708010335,"contact_reachability":0.6547314578005116,"contact_satisfaction":5.783730158730159,"autonomy":3.807277628032345},"metadata":{"satisfaction_count":2419,"comprehension_count":2134,"contact_count":774,"contactReachability_count":782,"contactSatisfaction_count":504,"autonomy_count":1484}}
