{"data":{"satisfaction":6.265716680637049,"comprehension":6.747030878859857,"contact":3.803050397877984,"contact_reachability":0.6587926509186351,"contact_satisfaction":5.804655870445344,"autonomy":3.8065843621399176},"metadata":{"satisfaction_count":2386,"comprehension_count":2105,"contact_count":754,"contactReachability_count":762,"contactSatisfaction_count":494,"autonomy_count":1458}}
