{"data":{"satisfaction":6.291499452754469,"comprehension":7.474619289340102,"contact":3.927038626609442,"contact_reachability":6.263269639065817,"contact_satisfaction":6.310344827586207,"autonomy":3.9319872476089266},"metadata":{"satisfaction_count":2741,"comprehension_count":2364,"contact_count":466,"autonomy_count":941}}
