{"data":{"satisfaction":6.290940025521055,"comprehension":6.770732883317262,"contact":3.8437926330150067,"contact_reachability":0.6639676113360324,"contact_satisfaction":5.821280991735537,"autonomy":3.7998600419874036},"metadata":{"satisfaction_count":2351,"comprehension_count":2074,"contact_count":733,"contactReachability_count":741,"contactSatisfaction_count":484,"autonomy_count":1429}}
