{"data":{"satisfaction":4.077809798270893,"comprehension":4.50479233226837,"contact":2.554054054054054,"contact_reachability":0.5567567567567567,"contact_satisfaction":4.587378640776699,"autonomy":3.6458333333333335},"metadata":{"satisfaction_count":347,"comprehension_count":313,"contact_count":185,"contactReachability_count":185,"contactSatisfaction_count":103,"autonomy_count":288}}
