{"data":{"satisfaction":6.386075949367089,"comprehension":6.140710382513661,"contact":3.6324786324786325,"contact_reachability":6.3456090651558075,"contact_satisfaction":5.743243243243243,"autonomy":3.855755894590846},"metadata":{"satisfaction_count":790,"comprehension_count":732,"contact_count":351,"autonomy_count":721}}
