{"data":{"satisfaction":6.290877796901893,"comprehension":6.77891654465593,"contact":3.840027700831025,"contact_reachability":0.663013698630137,"contact_satisfaction":5.824579831932773,"autonomy":3.793594306049822},"metadata":{"satisfaction_count":2324,"comprehension_count":2049,"contact_count":722,"contactReachability_count":730,"contactSatisfaction_count":476,"autonomy_count":1405}}
