{"data":{"satisfaction":6.392663043478261,"comprehension":6.419213973799127,"contact":3.7652439024390243,"contact_reachability":6.102719033232629,"contact_satisfaction":6.206030150753769,"autonomy":3.9493293591654246},"metadata":{"satisfaction_count":736,"comprehension_count":687,"contact_count":328,"autonomy_count":671}}
