{"data":{"satisfaction":6.158536585365853,"comprehension":5.554919908466819,"contact":3.7288135593220337,"contact_reachability":0.726890756302521,"contact_satisfaction":5.146198830409356,"autonomy":3.721461187214612},"metadata":{"satisfaction_count":492,"comprehension_count":437,"contact_count":236,"contactReachability_count":238,"contactSatisfaction_count":171,"autonomy_count":438}}
