{"data":{"satisfaction":6.1640625,"comprehension":5.5521201413427566,"contact":3.8087248322147653,"contact_reachability":0.7275747508305648,"contact_satisfaction":5.25462962962963,"autonomy":3.7168141592920354},"metadata":{"satisfaction_count":640,"comprehension_count":566,"contact_count":298,"contactReachability_count":301,"contactSatisfaction_count":216,"autonomy_count":565}}
