{"data":{"satisfaction":4.956672443674177,"comprehension":5.132827324478178,"contact":2.8584729981378025,"contact_reachability":0.5955882352941176,"contact_satisfaction":4.842271293375394,"autonomy":3.9130434782608696},"metadata":{"satisfaction_count":1154,"comprehension_count":1054,"contact_count":537,"contactReachability_count":544,"contactSatisfaction_count":317,"autonomy_count":989}}
