{"data":{"satisfaction":6.198412698412699,"comprehension":5.586917562724015,"contact":3.825503355704698,"contact_reachability":0.7342192691029901,"contact_satisfaction":5.229357798165138,"autonomy":3.6624775583482942},"metadata":{"satisfaction_count":630,"comprehension_count":558,"contact_count":298,"contactReachability_count":301,"contactSatisfaction_count":218,"autonomy_count":557}}
