{"data":{"satisfaction":6.395027624309392,"comprehension":6.432291666666667,"contact":3.746153846153846,"contact_reachability":6.097560975609756,"contact_satisfaction":6.180203045685279,"autonomy":3.896499238964992},"metadata":{"satisfaction_count":724,"comprehension_count":672,"contact_count":325,"autonomy_count":657}}
