{"data":{"satisfaction":4.3,"comprehension":4.845679012345679,"contact":3.022598870056497,"contact_reachability":0.6101694915254238,"contact_satisfaction":4.953703703703703,"autonomy":3.920265780730897},"metadata":{"satisfaction_count":350,"comprehension_count":324,"contact_count":177,"contactReachability_count":177,"contactSatisfaction_count":108,"autonomy_count":301}}
