{"data":{"satisfaction":6.405852417302799,"comprehension":6.244870041039672,"contact":3.6815561959654177,"contact_reachability":6.275071633237822,"contact_satisfaction":5.887096774193548,"autonomy":3.9609483960948397},"metadata":{"satisfaction_count":786,"comprehension_count":731,"contact_count":347,"autonomy_count":717}}
