{"data":{"satisfaction":6.385869565217392,"comprehension":6.4228529839883555,"contact":3.773006134969325,"contact_reachability":6.139817629179332,"contact_satisfaction":6.180904522613066,"autonomy":3.979135618479881},"metadata":{"satisfaction_count":736,"comprehension_count":687,"contact_count":326,"autonomy_count":671}}
