{"data":{"satisfaction":5.284974093264249,"comprehension":5.261627906976744,"contact":2.6315789473684212,"contact_reachability":0.5473684210526316,"contact_satisfaction":4.8076923076923075,"autonomy":3.9393939393939394},"metadata":{"satisfaction_count":193,"comprehension_count":172,"contact_count":95,"contactReachability_count":95,"contactSatisfaction_count":52,"autonomy_count":165}}
