{"data":{"satisfaction":4.159420289855072,"comprehension":4.606109324758842,"contact":2.7209944751381214,"contact_reachability":0.569060773480663,"contact_satisfaction":4.781553398058253,"autonomy":3.6713286713286712},"metadata":{"satisfaction_count":345,"comprehension_count":311,"contact_count":181,"contactReachability_count":181,"contactSatisfaction_count":103,"autonomy_count":286}}
