{"data":{"satisfaction":6.175656984785616,"comprehension":8.032631578947369,"contact":4.186991869918699,"autonomy":3.7656903765690375},"metadata":{"satisfaction_count":2892,"comprehension_count":2375,"contact_count":123,"autonomy_count":239}}
