{"data":{"satisfaction":5,"comprehension":5.07085020242915,"contact":2.3653846153846154,"contact_reachability":0.5230769230769231,"contact_satisfaction":4.522058823529412,"autonomy":3.8427947598253276},"metadata":{"satisfaction_count":267,"comprehension_count":247,"contact_count":130,"contactReachability_count":130,"contactSatisfaction_count":68,"autonomy_count":229}}
