{"data":{"satisfaction":6.110817941952506,"comprehension":5.986345148169669,"contact":3.6504683840749412,"contact_reachability":0.6382252559726962,"contact_satisfaction":5.816231343283582,"autonomy":3.807506053268765},"metadata":{"satisfaction_count":1895,"comprehension_count":1721,"contact_count":854,"contactReachability_count":879,"contactSatisfaction_count":536,"autonomy_count":1652}}
