{"data":{"satisfaction":4.980694980694981,"comprehension":5.041841004184101,"contact":2.2115384615384617,"contact_reachability":0.5076923076923077,"contact_satisfaction":4.356060606060606,"autonomy":3.7104072398190047},"metadata":{"satisfaction_count":259,"comprehension_count":239,"contact_count":130,"contactReachability_count":130,"contactSatisfaction_count":66,"autonomy_count":221}}
