{"data":{"satisfaction":6.308129215477458,"comprehension":7.429070723684211,"contact":3.9620758483033933,"contact_reachability":6.383399209486166,"contact_satisfaction":6.2421383647798745,"autonomy":3.928923988153998},"metadata":{"satisfaction_count":2817,"comprehension_count":2432,"contact_count":501,"autonomy_count":1013}}
