{"data":{"satisfaction":6.19287740308856,"comprehension":7.883738601823708,"contact":3.965863453815261,"contact_reachability":6.442687747035574,"contact_satisfaction":6.210691823899371,"autonomy":3.902439024390244},"metadata":{"satisfaction_count":3173,"comprehension_count":2632,"contact_count":249,"autonomy_count":492}}
