{"data":{"satisfaction":4.421364985163205,"comprehension":5.02435064935065,"contact":2.984375,"contact_reachability":0.6125,"contact_satisfaction":4.872448979591836,"autonomy":4.049295774647887},"metadata":{"satisfaction_count":337,"comprehension_count":308,"contact_count":160,"contactReachability_count":160,"contactSatisfaction_count":98,"autonomy_count":284}}
