{"data":{"satisfaction":6.189153871283894,"comprehension":7.954095765730115,"contact":4.142156862745098,"contact_reachability":6.666666666666666,"contact_satisfaction":6.2592592592592595,"autonomy":3.9845758354755785},"metadata":{"satisfaction_count":3061,"comprehension_count":2527,"contact_count":204,"autonomy_count":389}}
