{"data":{"satisfaction":6.380057803468208,"comprehension":6.433021806853582,"contact":3.8984375,"contact_reachability":6.141975308641975,"contact_satisfaction":6.397435897435898,"autonomy":3.837579617834395},"metadata":{"satisfaction_count":692,"comprehension_count":642,"contact_count":320,"autonomy_count":628}}
