{"data":{"satisfaction":6.157804459691252,"comprehension":5.499021526418787,"contact":3.704044117647059,"contact_reachability":0.7272727272727273,"contact_satisfaction":5.114213197969543,"autonomy":3.639921722113503},"metadata":{"satisfaction_count":583,"comprehension_count":511,"contact_count":272,"contactReachability_count":275,"contactSatisfaction_count":197,"autonomy_count":511}}
