{"data":{"satisfaction":5.8785249457700655,"comprehension":5.43640897755611,"contact":3.5262008733624453,"contact_reachability":0.6853448275862069,"contact_satisfaction":5.176282051282051,"autonomy":3.5768261964735517},"metadata":{"satisfaction_count":461,"comprehension_count":401,"contact_count":229,"contactReachability_count":232,"contactSatisfaction_count":156,"autonomy_count":397}}
