{"data":{"satisfaction":4.1477272727272725,"comprehension":4.629337539432177,"contact":2.7717391304347827,"contact_reachability":0.5760869565217391,"contact_satisfaction":4.811320754716981,"autonomy":3.6986301369863015},"metadata":{"satisfaction_count":352,"comprehension_count":317,"contact_count":184,"contactReachability_count":184,"contactSatisfaction_count":106,"autonomy_count":292}}
