{"data":{"satisfaction":6.296680497925311,"comprehension":7.358943577430972,"contact":3.907129455909944,"contact_reachability":6.5055762081784385,"contact_satisfaction":6.036231884057971,"autonomy":3.8981481481481484},"metadata":{"satisfaction_count":2892,"comprehension_count":2499,"contact_count":533,"autonomy_count":1080}}
