{"data":{"satisfaction":4.923404255319149,"comprehension":5.093283582089552,"contact":2.8486238532110093,"contact_reachability":0.5942028985507246,"contact_satisfaction":4.836448598130841,"autonomy":3.8983050847457625},"metadata":{"satisfaction_count":1175,"comprehension_count":1072,"contact_count":545,"contactReachability_count":552,"contactSatisfaction_count":321,"autonomy_count":1003}}
