{"data":{"satisfaction":4.985981308411215,"comprehension":5.178571428571429,"contact":2.88659793814433,"contact_reachability":0.6036585365853658,"contact_satisfaction":4.827586206896552,"autonomy":3.9651416122004357},"metadata":{"satisfaction_count":1070,"comprehension_count":980,"contact_count":485,"contactReachability_count":492,"contactSatisfaction_count":290,"autonomy_count":918}}
