{"data":{"satisfaction":4.899193548387097,"comprehension":5.065217391304348,"contact":2.0802919708029197,"contact_reachability":0.48905109489051096,"contact_satisfaction":4.253731343283582,"autonomy":3.755868544600939},"metadata":{"satisfaction_count":248,"comprehension_count":230,"contact_count":137,"contactReachability_count":137,"contactSatisfaction_count":67,"autonomy_count":213}}
