{"data":{"satisfaction":8.43960396039604,"comprehension":8.501289213579716,"contact":2.798507462686567,"contact_reachability":0.44868035190615835,"contact_satisfaction":6.377551020408164,"autonomy":8.110720562390158},"metadata":{"satisfaction_count":5050,"comprehension_count":4654,"contact_count":335,"contactReachability_count":341,"contactSatisfaction_count":147,"autonomy_count":4552}}
