{"data":{"satisfaction":8.50756400310318,"comprehension":8.537845245625132,"contact":2.8078078078078077,"contact_reachability":0.44542772861356933,"contact_satisfaction":6.448275862068965,"autonomy":8.205239229270404},"metadata":{"satisfaction_count":5156,"comprehension_count":4743,"contact_count":333,"contactReachability_count":339,"contactSatisfaction_count":145,"autonomy_count":4619}}
