{"data":{"satisfaction":8.873219029219996,"comprehension":8.689396309039724,"contact":3.6702586206896552,"contact_reachability":0.5190839694656488,"contact_satisfaction":7.179595278246206,"autonomy":8.243801652892563},"metadata":{"satisfaction_count":20705,"comprehension_count":19182,"contact_count":1160,"contactReachability_count":1179,"contactSatisfaction_count":593,"autonomy_count":18876}}
