{"data":{"satisfaction":8.467259030326444,"comprehension":8.486070381231672,"contact":3.0428571428571427,"contact_reachability":0.4649859943977591,"contact_satisfaction":6.69811320754717,"autonomy":8.024116775967844},"metadata":{"satisfaction_count":5177,"comprehension_count":4774,"contact_count":350,"contactReachability_count":357,"contactSatisfaction_count":159,"autonomy_count":4727}}
