{"data":{"satisfaction":8.890380500901959,"comprehension":9.024287911985455,"contact":4.1372053872053876,"contact_reachability":0.6006711409395973,"contact_satisfaction":6.90308988764045,"autonomy":8.231285598047192},"metadata":{"satisfaction_count":23837,"comprehension_count":21451,"contact_count":594,"contactReachability_count":596,"contactSatisfaction_count":356,"autonomy_count":9832}}
