{"data":{"satisfaction":8.850364083522207,"comprehension":8.680444329630586,"contact":3.7805944055944054,"contact_reachability":0.5389221556886228,"contact_satisfaction":7.148760330578512,"autonomy":8.12050595706713},"metadata":{"satisfaction_count":20737,"comprehension_count":19355,"contact_count":1144,"contactReachability_count":1169,"contactSatisfaction_count":605,"autonomy_count":19053}}
