{"data":{"satisfaction":8.934972724911248,"comprehension":9.056585600770527,"contact":4.258747697974218,"contact_reachability":0.6110091743119266,"contact_satisfaction":6.986404833836858,"autonomy":8.264805322281601},"metadata":{"satisfaction_count":23098,"comprehension_count":20765,"contact_count":543,"contactReachability_count":545,"contactSatisfaction_count":331,"autonomy_count":9169}}
