{"data":{"satisfaction":8.92531061746988,"comprehension":9.082160487343767,"contact":4.303370786516854,"contact_reachability":6.322869955156952,"contact_satisfaction":6.814946619217082,"autonomy":8.269849785407725},"metadata":{"satisfaction_count":21248,"comprehension_count":19042,"contact_count":445,"autonomy_count":7456}}
