{"data":{"satisfaction":8.459464856230031,"comprehension":8.528484453141987,"contact":2.897398843930636,"contact_reachability":0.45042492917847027,"contact_satisfaction":6.595394736842105,"autonomy":8.059933407325195},"metadata":{"satisfaction_count":5008,"comprehension_count":4599,"contact_count":346,"contactReachability_count":353,"contactSatisfaction_count":152,"autonomy_count":4505}}
