{"data":{"satisfaction":8.84769491845008,"comprehension":8.679924242424242,"contact":3.772532188841202,"contact_reachability":0.5386554621848739,"contact_satisfaction":7.134740259740259,"autonomy":8.12067107895952},"metadata":{"satisfaction_count":21214,"comprehension_count":19800,"contact_count":1165,"contactReachability_count":1190,"contactSatisfaction_count":616,"autonomy_count":19491}}
