{"data":{"satisfaction":8.903004243913335,"comprehension":8.69615569726868,"contact":3.7669094693028096,"contact_reachability":0.5350515463917526,"contact_satisfaction":7.098039215686274,"autonomy":8.24076908946176},"metadata":{"satisfaction_count":17908,"comprehension_count":16622,"contact_count":961,"contactReachability_count":970,"contactSatisfaction_count":510,"autonomy_count":16331}}
