{"data":{"satisfaction":8.822303158096515,"comprehension":8.858089627603619,"contact":3.727651966626937,"contact_reachability":0.551357733175915,"contact_satisfaction":6.813725490196078,"autonomy":8.276215236744662},"metadata":{"satisfaction_count":20867,"comprehension_count":19012,"contact_count":839,"contactReachability_count":847,"contactSatisfaction_count":459,"autonomy_count":12693}}
