{"data":{"satisfaction":9.023531432497423,"comprehension":8.787864794975988,"contact":3.8013698630136985,"contact_reachability":0.5084745762711864,"contact_satisfaction":7.551020408163265,"autonomy":8.392082940622055},"metadata":{"satisfaction_count":5822,"comprehension_count":5414,"contact_count":292,"contactReachability_count":295,"contactSatisfaction_count":147,"autonomy_count":5305}}
