{"data":{"satisfaction":9.010335917312661,"comprehension":8.756234989839276,"contact":3.75,"contact_reachability":0.5017064846416383,"contact_satisfaction":7.552083333333333,"autonomy":8.355213803450862},"metadata":{"satisfaction_count":5805,"comprehension_count":5413,"contact_count":290,"contactReachability_count":293,"contactSatisfaction_count":144,"autonomy_count":5332}}
