{"data":{"satisfaction":8.996521739130435,"comprehension":8.75794095665172,"contact":3.8398692810457518,"contact_reachability":0.5064516129032258,"contact_satisfaction":7.6797385620915035,"autonomy":8.323490188607353},"metadata":{"satisfaction_count":5750,"comprehension_count":5352,"contact_count":306,"contactReachability_count":310,"contactSatisfaction_count":153,"autonomy_count":5249}}
