{"data":{"satisfaction":8.974416017797553,"comprehension":8.762626262626263,"contact":3.4099616858237547,"contact_reachability":0.4828897338403042,"contact_satisfaction":7.12,"autonomy":8.410497647932656},"metadata":{"satisfaction_count":4495,"comprehension_count":4158,"contact_count":261,"contactReachability_count":263,"contactSatisfaction_count":125,"autonomy_count":4039}}
