{"data":{"satisfaction":8.975409836065573,"comprehension":8.768082127858143,"contact":3.4141791044776117,"contact_reachability":0.48518518518518516,"contact_satisfaction":7.093023255813954,"autonomy":8.392128629709623},"metadata":{"satisfaction_count":4636,"comprehension_count":4286,"contact_count":268,"contactReachability_count":270,"contactSatisfaction_count":129,"autonomy_count":4167}}
