{"data":{"satisfaction":8.849916487711763,"comprehension":8.658724058416603,"contact":3.1912442396313363,"contact_reachability":0.4818181818181818,"contact_satisfaction":6.723300970873787,"autonomy":8.2374573154715},"metadata":{"satisfaction_count":4191,"comprehension_count":3903,"contact_count":217,"contactReachability_count":220,"contactSatisfaction_count":103,"autonomy_count":3807}}
