{"data":{"satisfaction":8.868605391636596,"comprehension":8.690612642558312,"contact":3.667441860465116,"contact_reachability":0.5169569202566453,"contact_satisfaction":7.194343065693431,"autonomy":8.37101929679176},"metadata":{"satisfaction_count":18844,"comprehension_count":17449,"contact_count":1075,"contactReachability_count":1091,"contactSatisfaction_count":548,"autonomy_count":16894}}
