{"data":{"satisfaction":8.463681592039801,"comprehension":8.517837837837838,"contact":2.8189910979228485,"contact_reachability":0.4489795918367347,"contact_satisfaction":6.418918918918919,"autonomy":8.09765797613787},"metadata":{"satisfaction_count":5025,"comprehension_count":4625,"contact_count":337,"contactReachability_count":343,"contactSatisfaction_count":148,"autonomy_count":4526}}
