{"data":{"satisfaction":8.849366289515855,"comprehension":8.679547228727557,"contact":3.793859649122807,"contact_reachability":0.5399141630901287,"contact_satisfaction":7.160596026490066,"autonomy":8.175431126250798},"metadata":{"satisfaction_count":20593,"comprehension_count":19215,"contact_count":1140,"contactReachability_count":1165,"contactSatisfaction_count":604,"autonomy_count":18788}}
