{"data":{"satisfaction":9.021962937542897,"comprehension":8.76958525345622,"contact":3.8225255972696246,"contact_reachability":0.5135135135135135,"contact_satisfaction":7.516778523489933,"autonomy":8.36360232166261},"metadata":{"satisfaction_count":5828,"comprehension_count":5425,"contact_count":293,"contactReachability_count":296,"contactSatisfaction_count":149,"autonomy_count":5341}}
