{"data":{"satisfaction":9.002606429192006,"comprehension":8.766100429344782,"contact":3.821070234113712,"contact_reachability":0.49834983498349833,"contact_satisfaction":7.772108843537415,"autonomy":8.34731223789554},"metadata":{"satisfaction_count":5755,"comprehension_count":5357,"contact_count":299,"contactReachability_count":303,"contactSatisfaction_count":147,"autonomy_count":5246}}
