{"data":{"satisfaction":8.470930232558139,"comprehension":8.49211356466877,"contact":2.971014492753623,"contact_reachability":0.45454545454545453,"contact_satisfaction":6.699346405228758,"autonomy":8.035259133389975},"metadata":{"satisfaction_count":5160,"comprehension_count":4755,"contact_count":345,"contactReachability_count":352,"contactSatisfaction_count":153,"autonomy_count":4708}}
