{"data":{"satisfaction":8.848111313442592,"comprehension":8.680333199919952,"contact":3.8037974683544302,"contact_reachability":0.5429752066115703,"contact_satisfaction":7.132120253164557,"autonomy":8.21768427550023},"metadata":{"satisfaction_count":21417,"comprehension_count":19988,"contact_count":1185,"contactReachability_count":1210,"contactSatisfaction_count":632,"autonomy_count":19441}}
