{"data":{"satisfaction":9.032230265425715,"comprehension":8.761476312890194,"contact":3.9873417721518987,"contact_reachability":5.7594936708860756,"contact_satisfaction":6.923076923076923,"autonomy":8.289746001881468},"metadata":{"satisfaction_count":5802,"comprehension_count":5446,"contact_count":316,"autonomy_count":5315}}
