{"data":{"satisfaction":8.828797066704274,"comprehension":8.860447722700778,"contact":3.7267441860465116,"contact_reachability":0.5506912442396313,"contact_satisfaction":6.819148936170213,"autonomy":8.2201779061811},"metadata":{"satisfaction_count":21273,"comprehension_count":19387,"contact_count":860,"contactReachability_count":868,"contactSatisfaction_count":470,"autonomy_count":13153}}
