{"data":{"satisfaction":8.769308187108914,"comprehension":9.159683657278858,"contact":4.703608247422681,"contact_reachability":6.76923076923077,"contact_satisfaction":6.965648854961832,"autonomy":8.232810615199035},"metadata":{"satisfaction_count":22853,"comprehension_count":20168,"contact_count":194,"autonomy_count":3316}}
