{"data":{"satisfaction":8.843016444656572,"comprehension":8.852805625504823,"contact":3.726165254237288,"contact_reachability":0.5450733752620545,"contact_satisfaction":6.897058823529412,"autonomy":8.310166257835922},"metadata":{"satisfaction_count":23047,"comprehension_count":21047,"contact_count":944,"contactReachability_count":954,"contactSatisfaction_count":510,"autonomy_count":14676}}
