{"data":{"satisfaction":9.002570694087403,"comprehension":8.7399708242159,"contact":4.027355623100304,"contact_reachability":5.957446808510638,"contact_satisfaction":6.760204081632653,"autonomy":8.275862068965518},"metadata":{"satisfaction_count":5835,"comprehension_count":5484,"contact_count":329,"autonomy_count":5336}}
