{"data":{"satisfaction":8.893121911037891,"comprehension":8.687194308581592,"contact":3.8381742738589213,"contact_reachability":0.5662650602409639,"contact_satisfaction":6.954887218045113,"autonomy":8.328804347826088},"metadata":{"satisfaction_count":4856,"comprehension_count":4498,"contact_count":241,"contactReachability_count":249,"contactSatisfaction_count":133,"autonomy_count":4416}}
