{"data":{"satisfaction":8.995227543889552,"comprehension":8.732522244416197,"contact":4.0793413173652695,"contact_reachability":5.958083832335329,"contact_satisfaction":6.846733668341709,"autonomy":8.287210172026926},"metadata":{"satisfaction_count":5867,"comprehension_count":5507,"contact_count":334,"autonomy_count":5348}}
