{"data":{"satisfaction":8.769274204056813,"comprehension":9.155433659664485,"contact":4.64975845410628,"contact_reachability":6.730769230769232,"contact_satisfaction":6.924460431654676,"autonomy":8.251950303380525},"metadata":{"satisfaction_count":23023,"comprehension_count":20327,"contact_count":207,"autonomy_count":3461}}
