{"data":{"satisfaction":8.920628834355828,"comprehension":9.042714400719799,"contact":4.189895470383275,"contact_reachability":0.6076388888888888,"contact_satisfaction":6.910919540229885,"autonomy":8.252498684902683},"metadata":{"satisfaction_count":23472,"comprehension_count":21117,"contact_count":574,"contactReachability_count":576,"contactSatisfaction_count":348,"autonomy_count":9505}}
