{"data":{"satisfaction":8.642374375550984,"comprehension":8.593356423173804,"contact":3.527027027027027,"contact_reachability":0.5157894736842106,"contact_satisfaction":7.016129032258065,"autonomy":8.151931056495371},"metadata":{"satisfaction_count":3403,"comprehension_count":3176,"contact_count":185,"contactReachability_count":190,"contactSatisfaction_count":93,"autonomy_count":3133}}
