{"data":{"satisfaction":4.571203776553895,"comprehension":7.25560398505604,"contact":3.75,"contact_reachability":6.91358024691358,"contact_satisfaction":5.588235294117647,"autonomy":3.2535885167464116},"metadata":{"satisfaction_count":2542,"comprehension_count":1606,"contact_count":76,"autonomy_count":209}}
