{"data":{"satisfaction":4.570841889117043,"comprehension":7.437664041994751,"contact":4.166666666666667,"autonomy":3.0434782608695654},"metadata":{"satisfaction_count":2435,"comprehension_count":1524,"contact_count":48,"autonomy_count":138}}
