{"data":{"satisfaction":4.65210355987055,"comprehension":6.406438026474127,"contact":3.813229571984436,"contact_reachability":6.4963503649635035,"contact_satisfaction":6.086956521739131,"autonomy":3.2977099236641223},"metadata":{"satisfaction_count":2472,"comprehension_count":1662,"contact_count":257,"autonomy_count":655}}
