{"data":{"satisfaction":4.635608856088561,"comprehension":6.7160278745644595,"contact":4.011299435028248,"contact_reachability":6.703296703296703,"contact_satisfaction":6.068376068376068,"autonomy":3.303964757709251},"metadata":{"satisfaction_count":2168,"comprehension_count":1435,"contact_count":177,"autonomy_count":454}}
