{"data":{"satisfaction":4.558596761757903,"comprehension":7.2002434570906875,"contact":4.027777777777778,"contact_reachability":6.947368421052632,"contact_satisfaction":5.942622950819672,"autonomy":3.2911392405063293},"metadata":{"satisfaction_count":2594,"comprehension_count":1643,"contact_count":90,"autonomy_count":237}}
