{"data":{"satisfaction":4.818304172274563,"comprehension":4.112612612612613,"contact":4.218009478672986,"contact_reachability":0.7066666666666667,"contact_satisfaction":6.137931034482759,"autonomy":3.374233128834356},"metadata":{"satisfaction_count":743,"comprehension_count":555,"contact_count":211,"contactReachability_count":225,"contactSatisfaction_count":145,"autonomy_count":489}}
