{"data":{"satisfaction":5.238486842105263,"comprehension":5.10615711252654,"contact":4.339622641509434,"contact_reachability":0.6923076923076923,"contact_satisfaction":6.4485981308411215,"autonomy":3.3980582524271843},"metadata":{"satisfaction_count":608,"comprehension_count":471,"contact_count":159,"contactReachability_count":169,"contactSatisfaction_count":107,"autonomy_count":412}}
