{"data":{"satisfaction":5.152733118971061,"comprehension":5.112474437627812,"contact":4.266467065868263,"contact_reachability":0.6892655367231638,"contact_satisfaction":6.361607142857143,"autonomy":3.6643026004728134},"metadata":{"satisfaction_count":622,"comprehension_count":489,"contact_count":167,"contactReachability_count":177,"contactSatisfaction_count":112,"autonomy_count":423}}
