{"data":{"satisfaction":5,"comprehension":4.8681541582150105,"contact":3.884180790960452,"contact_reachability":6.349206349206349,"contact_satisfaction":6.3657407407407405,"autonomy":3.215962441314554},"metadata":{"satisfaction_count":648,"comprehension_count":493,"contact_count":177,"autonomy_count":426}}
