{"data":{"satisfaction":4.9405940594059405,"comprehension":4.210875331564987,"contact":3.293918918918919,"contact_reachability":0.6149068322981367,"contact_satisfaction":5.6686046511627906,"autonomy":3.253731343283582},"metadata":{"satisfaction_count":505,"comprehension_count":377,"contact_count":148,"contactReachability_count":161,"contactSatisfaction_count":86,"autonomy_count":335}}
