{"data":{"satisfaction":4.681904761904762,"comprehension":6.241534988713318,"contact":3.6984126984126986,"contact_reachability":0.6426426426426426,"contact_satisfaction":5.9438775510204085,"autonomy":3.241106719367589},"metadata":{"satisfaction_count":2625,"comprehension_count":1772,"contact_count":315,"contactReachability_count":333,"contactSatisfaction_count":196,"autonomy_count":759}}
