{"data":{"satisfaction":4.652351738241308,"comprehension":6.422282938676381,"contact":3.858267716535433,"contact_reachability":6.531365313653136,"contact_satisfaction":6.125,"autonomy":3.2445141065830723},"metadata":{"satisfaction_count":2445,"comprehension_count":1647,"contact_count":254,"autonomy_count":638}}
