{"data":{"satisfaction":5.093976932934643,"comprehension":5.013484358144552,"contact":4.596122778675283,"contact_reachability":0.7116564417177914,"contact_satisfaction":6.60092807424594,"autonomy":3.6425061425061425},"metadata":{"satisfaction_count":2341,"comprehension_count":1854,"contact_count":619,"contactReachability_count":652,"contactSatisfaction_count":431,"autonomy_count":1628}}
