{"data":{"satisfaction":5.017543859649122,"comprehension":4.377934272300469,"contact":3.5,"contact_reachability":0.6284153005464481,"contact_satisfaction":5.833333333333333,"autonomy":3.2189973614775726},"metadata":{"satisfaction_count":570,"comprehension_count":426,"contact_count":170,"contactReachability_count":183,"contactSatisfaction_count":102,"autonomy_count":379}}
