{"data":{"satisfaction":4.958471760797342,"comprehension":4.614231188658669,"contact":4.195544554455446,"contact_reachability":0.6926605504587156,"contact_satisfaction":6.277777777777778,"autonomy":3.4343434343434343},"metadata":{"satisfaction_count":2408,"comprehension_count":1834,"contact_count":606,"contactReachability_count":654,"contactSatisfaction_count":405,"autonomy_count":1584}}
