{"data":{"satisfaction":5.053598774885145,"comprehension":4.798387096774194,"contact":3.7642045454545454,"contact_reachability":0.6329787234042553,"contact_satisfaction":6.191588785046729,"autonomy":3.2494279176201375},"metadata":{"satisfaction_count":653,"comprehension_count":496,"contact_count":176,"contactReachability_count":188,"contactSatisfaction_count":107,"autonomy_count":437}}
