{"data":{"satisfaction":4.798927613941019,"comprehension":4.10521582733813,"contact":4.170616113744076,"contact_reachability":0.7040358744394619,"contact_satisfaction":6.068965517241379,"autonomy":3.360488798370672},"metadata":{"satisfaction_count":746,"comprehension_count":556,"contact_count":211,"contactReachability_count":223,"contactSatisfaction_count":145,"autonomy_count":491}}
