{"data":{"satisfaction":4.9536321483771255,"comprehension":4.637176938369781,"contact":4.832214765100671,"contact_reachability":0.7974683544303798,"contact_satisfaction":6.153846153846154,"autonomy":3.5933806146572103},"metadata":{"satisfaction_count":647,"comprehension_count":503,"contact_count":149,"contactReachability_count":158,"contactSatisfaction_count":117,"autonomy_count":423}}
