{"data":{"satisfaction":5.023391812865497,"comprehension":4.756648268941294,"contact":4.2792792792792795,"contact_reachability":0.6913407821229051,"contact_satisfaction":6.404494382022472,"autonomy":3.508975101331789},"metadata":{"satisfaction_count":2565,"comprehension_count":1993,"contact_count":666,"contactReachability_count":716,"contactSatisfaction_count":445,"autonomy_count":1727}}
