{"data":{"satisfaction":4.958448753462604,"comprehension":4.243659420289855,"contact":4.397435897435898,"contact_reachability":0.7376237623762376,"contact_satisfaction":6.038732394366197,"autonomy":3.6268343815513626},"metadata":{"satisfaction_count":722,"comprehension_count":552,"contact_count":195,"contactReachability_count":202,"contactSatisfaction_count":142,"autonomy_count":477}}
