{"data":{"satisfaction":5.124450951683748,"comprehension":5.072727272727272,"contact":4.722222222222222,"contact_reachability":0.7094972067039106,"contact_satisfaction":6.785714285714286,"autonomy":3.6907216494845363},"metadata":{"satisfaction_count":683,"comprehension_count":550,"contact_count":171,"contactReachability_count":179,"contactSatisfaction_count":119,"autonomy_count":485}}
