{"data":{"satisfaction":4.946727549467275,"comprehension":4.508032128514056,"contact":3.6658031088082903,"contact_reachability":0.6310679611650486,"contact_satisfaction":6.047008547008547,"autonomy":3.160270880361174},"metadata":{"satisfaction_count":657,"comprehension_count":498,"contact_count":193,"contactReachability_count":206,"contactSatisfaction_count":117,"autonomy_count":443}}
