{"data":{"satisfaction":5.079022988505747,"comprehension":4.799270072992701,"contact":4.102564102564102,"contact_reachability":0.688622754491018,"contact_satisfaction":6.153846153846154,"autonomy":3.628691983122363},"metadata":{"satisfaction_count":696,"comprehension_count":548,"contact_count":156,"contactReachability_count":167,"contactSatisfaction_count":104,"autonomy_count":474}}
