{"data":{"satisfaction":5.187125748502994,"comprehension":4.943074003795067,"contact":3.9726027397260273,"contact_reachability":0.6687898089171974,"contact_satisfaction":6.170212765957447,"autonomy":3.614190687361419},"metadata":{"satisfaction_count":668,"comprehension_count":527,"contact_count":146,"contactReachability_count":157,"contactSatisfaction_count":94,"autonomy_count":451}}
