{"data":{"satisfaction":5.180533751962323,"comprehension":4.9644308943089435,"contact":4.396551724137931,"contact_reachability":0.7051282051282052,"contact_satisfaction":6.4393939393939394,"autonomy":3.6511627906976742},"metadata":{"satisfaction_count":637,"comprehension_count":492,"contact_count":145,"contactReachability_count":156,"contactSatisfaction_count":99,"autonomy_count":430}}
