{"data":{"satisfaction":4.977611940298507,"comprehension":4.562007874015748,"contact":3.8297872340425534,"contact_reachability":0.6368159203980099,"contact_satisfaction":6.260869565217392,"autonomy":3.163716814159292},"metadata":{"satisfaction_count":670,"comprehension_count":508,"contact_count":188,"contactReachability_count":201,"contactSatisfaction_count":115,"autonomy_count":452}}
