{"data":{"satisfaction":4.931192660550459,"comprehension":4.361167002012072,"contact":3.507853403141361,"contact_reachability":0.6225490196078431,"contact_satisfaction":5.87719298245614,"autonomy":3.175675675675676},"metadata":{"satisfaction_count":654,"comprehension_count":497,"contact_count":191,"contactReachability_count":204,"contactSatisfaction_count":114,"autonomy_count":444}}
