{"data":{"satisfaction":4.556155924353532,"comprehension":7.199695121951219,"contact":4.027777777777778,"contact_reachability":6.947368421052632,"contact_satisfaction":5.942622950819672,"autonomy":3.26271186440678},"metadata":{"satisfaction_count":2591,"comprehension_count":1640,"contact_count":90,"autonomy_count":236}}
