{"data":{"satisfaction":5.204081632653061,"comprehension":4.990019960079841,"contact":4.261744966442953,"contact_reachability":0.6875,"contact_satisfaction":6.414141414141414,"autonomy":3.5348837209302326},"metadata":{"satisfaction_count":637,"comprehension_count":501,"contact_count":149,"contactReachability_count":160,"contactSatisfaction_count":99,"autonomy_count":430}}
