{"data":{"satisfaction":5.03940110323089,"comprehension":4.762569832402234,"contact":4.283004552352049,"contact_reachability":0.693935119887165,"contact_satisfaction":6.385746606334842,"autonomy":3.51493848857645},"metadata":{"satisfaction_count":2538,"comprehension_count":1969,"contact_count":659,"contactReachability_count":709,"contactSatisfaction_count":442,"autonomy_count":1707}}
