{"data":{"satisfaction":4.904295051353875,"comprehension":4.533169533169533,"contact":3.978102189781022,"contact_reachability":0.6775862068965517,"contact_satisfaction":6.038781163434903,"autonomy":3.392603129445235},"metadata":{"satisfaction_count":2142,"comprehension_count":1628,"contact_count":548,"contactReachability_count":580,"contactSatisfaction_count":361,"autonomy_count":1406}}
