{"data":{"satisfaction":4.670371789957838,"comprehension":6.247870528109029,"contact":3.7706270627062706,"contact_reachability":0.6428571428571429,"contact_satisfaction":6.077127659574468,"autonomy":3.2305630026809653},"metadata":{"satisfaction_count":2609,"comprehension_count":1761,"contact_count":303,"contactReachability_count":322,"contactSatisfaction_count":188,"autonomy_count":746}}
