{"data":{"satisfaction":5.263532763532764,"comprehension":5.111408199643494,"contact":5.120967741935484,"contact_reachability":0.7333333333333333,"contact_satisfaction":7.108208955223881,"autonomy":3.3867735470941884},"metadata":{"satisfaction_count":702,"comprehension_count":561,"contact_count":186,"contactReachability_count":195,"contactSatisfaction_count":134,"autonomy_count":499}}
