{"data":{"satisfaction":4.564950980392157,"comprehension":7.399154196486663,"contact":4.166666666666667,"autonomy":3.2666666666666666},"metadata":{"satisfaction_count":2448,"comprehension_count":1537,"contact_count":51,"autonomy_count":150}}
