{"data":{"satisfaction":4.948827292110874,"comprehension":4.585906793935991,"contact":4.230118443316413,"contact_reachability":0.6927899686520376,"contact_satisfaction":6.329113924050633,"autonomy":3.4113060428849904},"metadata":{"satisfaction_count":2345,"comprehension_count":1781,"contact_count":591,"contactReachability_count":638,"contactSatisfaction_count":395,"autonomy_count":1539}}
