{"data":{"satisfaction":4.5745559686080135,"comprehension":7.46039603960396,"contact":4.3478260869565215,"autonomy":2.9133858267716537},"metadata":{"satisfaction_count":2421,"comprehension_count":1515,"contact_count":46,"autonomy_count":127}}
