{"data":{"satisfaction":4.803030303030303,"comprehension":5.23456416464891,"contact":4.029680365296803,"contact_reachability":0.683982683982684,"contact_satisfaction":6.044520547945205,"autonomy":3.3885819521178635},"metadata":{"satisfaction_count":2310,"comprehension_count":1652,"contact_count":438,"contactReachability_count":462,"contactSatisfaction_count":292,"autonomy_count":1086}}
