{"data":{"satisfaction":5.176110260336906,"comprehension":4.995069033530572,"contact":4.316666666666666,"contact_reachability":0.6894409937888198,"contact_satisfaction":6.475,"autonomy":3.530751708428246},"metadata":{"satisfaction_count":653,"comprehension_count":507,"contact_count":150,"contactReachability_count":161,"contactSatisfaction_count":100,"autonomy_count":439}}
