{"data":{"satisfaction":4.646569646569646,"comprehension":6.47459727385378,"contact":3.8065843621399176,"contact_reachability":6.538461538461538,"contact_satisfaction":6.045751633986928,"autonomy":3.2078559738134205},"metadata":{"satisfaction_count":2405,"comprehension_count":1614,"contact_count":243,"autonomy_count":611}}
