{"data":{"satisfaction":4.612145390070922,"comprehension":6.59606404269513,"contact":3.9054726368159205,"contact_reachability":6.6350710900473935,"contact_satisfaction":6.038461538461538,"autonomy":3.326771653543307},"metadata":{"satisfaction_count":2256,"comprehension_count":1499,"contact_count":201,"autonomy_count":508}}
