{"data":{"satisfaction":4.638248847926267,"comprehension":6.713091922005571,"contact":3.9887640449438204,"contact_reachability":6.666666666666666,"contact_satisfaction":6.068376068376068,"autonomy":3.2967032967032965},"metadata":{"satisfaction_count":2170,"comprehension_count":1436,"contact_count":178,"autonomy_count":455}}
