{"data":{"satisfaction":7.608695652173913,"comprehension":8.170731707317072,"contact":3.6538461538461537,"contact_reachability":0.5714285714285714,"contact_satisfaction":6.785714285714286,"autonomy":6.447368421052632},"metadata":{"satisfaction_count":92,"comprehension_count":82,"contact_count":13,"contactReachability_count":14,"contactSatisfaction_count":7,"autonomy_count":76}}
