{"data":{"satisfaction":7.901234567901234,"comprehension":9.071428571428571,"contact":2.5,"autonomy":7.619047619047619},"metadata":{"satisfaction_count":243,"comprehension_count":210,"contact_count":3,"autonomy_count":21}}
