{"data":{"satisfaction":7.961165048543689,"comprehension":8.098958333333334,"contact":3.1944444444444446,"contact_reachability":4.444444444444445,"contact_satisfaction":7.1875,"autonomy":6.808510638297872},"metadata":{"satisfaction_count":103,"comprehension_count":96,"contact_count":18,"autonomy_count":94}}
