{"data":{"satisfaction":7.759562841530054,"comprehension":8.204941860465116,"contact":2.711864406779661,"contact_reachability":0.48333333333333334,"contact_satisfaction":5.714285714285714,"autonomy":6.474164133738602},"metadata":{"satisfaction_count":366,"comprehension_count":344,"contact_count":59,"contactReachability_count":60,"contactSatisfaction_count":28,"autonomy_count":329}}
