{"data":{"satisfaction":8.005865102639296,"comprehension":8.296875,"contact":2.909090909090909,"contact_reachability":0.48214285714285715,"contact_satisfaction":6.153846153846154,"autonomy":6.788079470198675},"metadata":{"satisfaction_count":341,"comprehension_count":320,"contact_count":55,"contactReachability_count":56,"contactSatisfaction_count":26,"autonomy_count":302}}
