{"data":{"satisfaction":8.037383177570094,"comprehension":8.404761904761905,"contact":2.8846153846153846,"contact_reachability":0.5384615384615384,"contact_satisfaction":5.357142857142857,"autonomy":6.161616161616162},"metadata":{"satisfaction_count":107,"comprehension_count":105,"contact_count":26,"contactReachability_count":26,"contactSatisfaction_count":14,"autonomy_count":99}}
