{"data":{"satisfaction":8.16326530612245,"comprehension":8.315217391304348,"contact":4.107142857142857,"contact_reachability":5,"contact_satisfaction":8.214285714285714,"autonomy":6.777777777777778},"metadata":{"satisfaction_count":98,"comprehension_count":92,"contact_count":14,"autonomy_count":90}}
