{"data":{"satisfaction":8.005952380952381,"comprehension":8.293650793650794,"contact":2.909090909090909,"contact_reachability":0.48214285714285715,"contact_satisfaction":6.153846153846154,"autonomy":6.767676767676767},"metadata":{"satisfaction_count":336,"comprehension_count":315,"contact_count":55,"contactReachability_count":56,"contactSatisfaction_count":26,"autonomy_count":297}}
