{"data":{"satisfaction":8.202247191011235,"comprehension":8.541666666666666,"contact":3.8636363636363638,"contact_reachability":4.545454545454545,"contact_satisfaction":8.5,"autonomy":6.829268292682927},"metadata":{"satisfaction_count":89,"comprehension_count":84,"contact_count":11,"autonomy_count":82}}
