{"data":{"satisfaction":8.350515463917526,"comprehension":8.342696629213483,"contact":3.5294117647058822,"contact_reachability":0.5294117647058824,"contact_satisfaction":6.666666666666667,"autonomy":6.966292134831461},"metadata":{"satisfaction_count":97,"comprehension_count":89,"contact_count":17,"contactReachability_count":17,"contactSatisfaction_count":9,"autonomy_count":89}}
