{"data":{"satisfaction":8.152173913043478,"comprehension":8.117647058823529,"contact":1.9230769230769231,"contact_reachability":0.5384615384615384,"contact_satisfaction":3.5714285714285716,"autonomy":7.558139534883721},"metadata":{"satisfaction_count":92,"comprehension_count":85,"contact_count":13,"contactReachability_count":13,"contactSatisfaction_count":7,"autonomy_count":86}}
