{"data":{"satisfaction":7.7534246575342465,"comprehension":8.199708454810496,"contact":2.711864406779661,"contact_reachability":0.48333333333333334,"contact_satisfaction":5.714285714285714,"autonomy":6.474164133738602},"metadata":{"satisfaction_count":365,"comprehension_count":343,"contact_count":59,"contactReachability_count":60,"contactSatisfaction_count":28,"autonomy_count":329}}
