{"data":{"satisfaction":8.086816720257234,"comprehension":8.33617747440273,"contact":2.962962962962963,"contact_reachability":0.4909090909090909,"contact_satisfaction":6.153846153846154,"autonomy":6.762589928057554},"metadata":{"satisfaction_count":311,"comprehension_count":293,"contact_count":54,"contactReachability_count":55,"contactSatisfaction_count":26,"autonomy_count":278}}
