{"data":{"satisfaction":8.133333333333333,"comprehension":8.492779783393502,"contact":2.8676470588235294,"contact_reachability":0.5,"contact_satisfaction":5.735294117647059,"autonomy":7.089201877934272},"metadata":{"satisfaction_count":300,"comprehension_count":277,"contact_count":34,"contactReachability_count":34,"contactSatisfaction_count":17,"autonomy_count":213}}
