{"data":{"satisfaction":8.125,"comprehension":8.504901960784315,"contact":3.0208333333333335,"contact_reachability":0.5416666666666666,"contact_satisfaction":5.576923076923077,"autonomy":6.145833333333333},"metadata":{"satisfaction_count":104,"comprehension_count":102,"contact_count":24,"contactReachability_count":24,"contactSatisfaction_count":13,"autonomy_count":96}}
