{"data":{"satisfaction":8.008595988538682,"comprehension":8.315548780487806,"contact":2.909090909090909,"contact_reachability":0.48214285714285715,"contact_satisfaction":6.153846153846154,"autonomy":6.796116504854369},"metadata":{"satisfaction_count":349,"comprehension_count":328,"contact_count":55,"contactReachability_count":56,"contactSatisfaction_count":26,"autonomy_count":309}}
