{"data":{"satisfaction":8.076923076923077,"comprehension":8.430232558139535,"contact":3.5416666666666665,"contact_reachability":5,"contact_satisfaction":7.083333333333333,"autonomy":6.746987951807229},"metadata":{"satisfaction_count":91,"comprehension_count":86,"contact_count":12,"autonomy_count":83}}
