{"data":{"satisfaction":8.131868131868131,"comprehension":8.095238095238095,"contact":2.8333333333333335,"contact_reachability":0.4666666666666667,"contact_satisfaction":6.071428571428571,"autonomy":7.294117647058823},"metadata":{"satisfaction_count":91,"comprehension_count":84,"contact_count":15,"contactReachability_count":15,"contactSatisfaction_count":7,"autonomy_count":85}}
