{"data":{"satisfaction":8.120437956204379,"comprehension":8.54581673306773,"contact":3.064516129032258,"contact_reachability":0.4838709677419355,"contact_satisfaction":6.333333333333333,"autonomy":7.127659574468085},"metadata":{"satisfaction_count":274,"comprehension_count":251,"contact_count":31,"contactReachability_count":31,"contactSatisfaction_count":15,"autonomy_count":188}}
