{"data":{"satisfaction":9.595195729537366,"comprehension":9.41484375,"contact":6.043859649122807,"contact_reachability":0.7370242214532872,"contact_satisfaction":8.241626794258373,"autonomy":8.839299794985019},"metadata":{"satisfaction_count":6744,"comprehension_count":6400,"contact_count":285,"contactReachability_count":289,"contactSatisfaction_count":209,"autonomy_count":6341}}
