{"data":{"satisfaction":9.598614827640485,"comprehension":9.415325924697296,"contact":5.938661710037175,"contact_reachability":0.7289377289377289,"contact_satisfaction":8.192307692307692,"autonomy":8.875063057003532},"metadata":{"satisfaction_count":6353,"comprehension_count":6029,"contact_count":269,"contactReachability_count":273,"contactSatisfaction_count":195,"autonomy_count":5947}}
