{"data":{"satisfaction":9.617600196102464,"comprehension":9.458842443729903,"contact":6.193693693693693,"contact_reachability":0.7455621301775148,"contact_satisfaction":8.350202429149798,"autonomy":8.859637857968409},"metadata":{"satisfaction_count":8159,"comprehension_count":7775,"contact_count":333,"contactReachability_count":338,"contactSatisfaction_count":247,"autonomy_count":7787}}
