{"data":{"satisfaction":9.59661187520966,"comprehension":9.633950837192732,"contact":5.882352941176471,"contact_reachability":0.7445255474452555,"contact_satisfaction":7.920792079207921,"autonomy":8.663063063063063},"metadata":{"satisfaction_count":5962,"comprehension_count":5614,"contact_count":136,"contactReachability_count":137,"contactSatisfaction_count":101,"autonomy_count":2775}}
