{"data":{"satisfaction":9.524197933659597,"comprehension":9.333333333333334,"contact":5.551470588235294,"contact_reachability":0.7246376811594203,"contact_satisfaction":7.704081632653061,"autonomy":8.76736111111111},"metadata":{"satisfaction_count":1839,"comprehension_count":1725,"contact_count":68,"contactReachability_count":69,"contactSatisfaction_count":49,"autonomy_count":1728}}
