{"data":{"satisfaction":9.5992305226034,"comprehension":9.419017057929404,"contact":5.917602996254682,"contact_reachability":0.7269372693726938,"contact_satisfaction":8.186528497409327,"autonomy":8.874807330022264},"metadata":{"satisfaction_count":6238,"comprehension_count":5921,"contact_count":267,"contactReachability_count":271,"contactSatisfaction_count":193,"autonomy_count":5839}}
