{"data":{"satisfaction":9.601144696834197,"comprehension":9.658034528552458,"contact":5.96,"contact_reachability":7.4603174603174605,"contact_satisfaction":8.010752688172044,"autonomy":8.640856672158154},"metadata":{"satisfaction_count":5591,"comprehension_count":5271,"contact_count":125,"autonomy_count":2428}}
