{"data":{"satisfaction":9.642857142857142,"comprehension":9.823587601670697,"contact":6.315789473684211,"autonomy":8.735955056179776},"metadata":{"satisfaction_count":4844,"comprehension_count":4549,"contact_count":19,"autonomy_count":356}}
