{"data":{"satisfaction":9.57920792079208,"comprehension":9.48353776630084,"contact":5.961538461538462,"contact_reachability":7.59493670886076,"contact_satisfaction":7.88135593220339,"autonomy":8.598435462842243},"metadata":{"satisfaction_count":1616,"comprehension_count":1549,"contact_count":78,"autonomy_count":1534}}
