{"data":{"satisfaction":9.619736015084852,"comprehension":9.717420212765957,"contact":6.063218390804598,"contact_reachability":7.613636363636363,"contact_satisfaction":7.992424242424242,"autonomy":8.620275944811038},"metadata":{"satisfaction_count":4773,"comprehension_count":4512,"contact_count":87,"autonomy_count":1667}}
