{
  "data": {
    "satisfaction": 9.64189329458169,
    "comprehension": 9.824745687748784,
    "contact": 6.029411764705882,
    "autonomy": 8.78419452887538
  },
  "metadata": {
    "satisfaction_count": 4817,
    "comprehension_count": 4522,
    "contact_count": 17,
    "autonomy_count": 329
  }
}
