{"data":{"satisfaction":9.502138057422114,"comprehension":9.258835078534032,"contact":5.2611940298507465,"contact_reachability":0.6470588235294118,"contact_satisfaction":8.19767441860465,"autonomy":8.819354838709678},"metadata":{"satisfaction_count":1637,"comprehension_count":1528,"contact_count":67,"contactReachability_count":68,"contactSatisfaction_count":43,"autonomy_count":1550}}
