{"data":{"satisfaction":9.580135440180587,"comprehension":9.472064393939394,"contact":6.827956989247312,"contact_reachability":0.8,"contact_satisfaction":8.58108108108108,"autonomy":8.761229314420804},"metadata":{"satisfaction_count":2215,"comprehension_count":2112,"contact_count":93,"contactReachability_count":95,"contactSatisfaction_count":74,"autonomy_count":2115}}
