{"data":{"satisfaction":9.608152448258455,"comprehension":9.430459617428268,"contact":5.911290322580645,"contact_reachability":0.726984126984127,"contact_satisfaction":8.180803571428571,"autonomy":8.88992413150539},"metadata":{"satisfaction_count":7924,"comprehension_count":7528,"contact_count":310,"contactReachability_count":315,"contactSatisfaction_count":224,"autonomy_count":7513}}
