{"data":{"satisfaction":9.594483664422919,"comprehension":9.621185701830862,"contact":5.875912408759124,"contact_reachability":0.7463768115942029,"contact_satisfaction":7.892156862745098,"autonomy":8.670798898071626},"metadata":{"satisfaction_count":6091,"comprehension_count":5735,"contact_count":137,"contactReachability_count":138,"contactSatisfaction_count":102,"autonomy_count":2904}}
