{"data":{"satisfaction":9.592373438527284,"comprehension":9.494170096021948,"contact":5.921052631578948,"contact_reachability":7.532467532467533,"contact_satisfaction":7.894736842105263,"autonomy":8.560553633217992},"metadata":{"satisfaction_count":1521,"comprehension_count":1458,"contact_count":76,"autonomy_count":1445}}
