{"data":{"satisfaction":9.511754068716094,"comprehension":9.3,"contact":5.615384615384615,"contact_reachability":0.7076923076923077,"contact_satisfaction":7.934782608695652,"autonomy":8.729139922978177},"metadata":{"satisfaction_count":1659,"comprehension_count":1550,"contact_count":65,"contactReachability_count":65,"contactSatisfaction_count":46,"autonomy_count":1558}}
