{"data":{"satisfaction":9.585889570552148,"comprehension":9.504596527068438,"contact":5.852017937219731,"contact_reachability":0.7244444444444444,"contact_satisfaction":8.105590062111801,"autonomy":8.747540983606557},"metadata":{"satisfaction_count":6194,"comprehension_count":5874,"contact_count":223,"contactReachability_count":225,"contactSatisfaction_count":161,"autonomy_count":4575}}
