{"data":{"satisfaction":9.643734643734645,"comprehension":9.821778940483977,"contact":6.190476190476191,"autonomy":8.676844783715012},"metadata":{"satisfaction_count":4884,"comprehension_count":4587,"contact_count":21,"autonomy_count":393}}
