{"data":{"satisfaction":9.513247073321011,"comprehension":9.300791556728232,"contact":5.546875,"contact_reachability":0.703125,"contact_satisfaction":7.888888888888889,"autonomy":8.722986247544204},"metadata":{"satisfaction_count":1623,"comprehension_count":1516,"contact_count":64,"contactReachability_count":64,"contactSatisfaction_count":45,"autonomy_count":1527}}
