{"data":{"satisfaction":9.637625289128758,"comprehension":9.793460434604347,"contact":5.6976744186046515,"contact_reachability":6.976744186046512,"contact_satisfaction":8.166666666666666,"autonomy":8.72992700729927},"metadata":{"satisfaction_count":5188,"comprehension_count":4878,"contact_count":43,"autonomy_count":685}}
