{"data":{"satisfaction":9.571455189118689,"comprehension":9.507575757575758,"contact":5.787292817679558,"contact_reachability":0.726775956284153,"contact_satisfaction":7.9961832061068705,"autonomy":8.735814198997097},"metadata":{"satisfaction_count":5367,"comprehension_count":5082,"contact_count":181,"contactReachability_count":183,"contactSatisfaction_count":131,"autonomy_count":3789}}
