{"data":{"satisfaction":9.584086799276673,"comprehension":9.5040749089648,"contact":5.867579908675799,"contact_reachability":0.7285067873303167,"contact_satisfaction":8.081761006289309,"autonomy":8.743010512189667},"metadata":{"satisfaction_count":6083,"comprehension_count":5767,"contact_count":219,"contactReachability_count":221,"contactSatisfaction_count":159,"autonomy_count":4471}}
