{"data":{"satisfaction":9.509803921568627,"comprehension":9.252544529262087,"contact":5.181159420289855,"contact_reachability":0.6428571428571429,"contact_satisfaction":8.125,"autonomy":8.814303638644919},"metadata":{"satisfaction_count":1683,"comprehension_count":1572,"contact_count":69,"contactReachability_count":70,"contactSatisfaction_count":44,"autonomy_count":1594}}
