{"data":{"satisfaction":9.641323024054984,"comprehension":9.505407841369987,"contact":6.495098039215686,"contact_reachability":0.7884615384615384,"contact_satisfaction":8.28125,"autonomy":8.804494382022472},"metadata":{"satisfaction_count":2328,"comprehension_count":2219,"contact_count":102,"contactReachability_count":104,"contactSatisfaction_count":80,"autonomy_count":2225}}
