{"data":{"satisfaction":9.569230769230769,"comprehension":9.473346178548491,"contact":5.909090909090909,"contact_reachability":7.564102564102564,"contact_satisfaction":7.844827586206897,"autonomy":8.618677042801556},"metadata":{"satisfaction_count":1625,"comprehension_count":1557,"contact_count":77,"autonomy_count":1542}}
