{"data":{"satisfaction":9.633979786943458,"comprehension":9.46147235749069,"contact":6.157718120805369,"contact_reachability":0.7458745874587459,"contact_satisfaction":8.30316742081448,"autonomy":8.875214653692044},"metadata":{"satisfaction_count":7322,"comprehension_count":6982,"contact_count":298,"contactReachability_count":303,"contactSatisfaction_count":221,"autonomy_count":6988}}
