{"data":{"satisfaction":9.603160351948285,"comprehension":9.661428571428571,"contact":6.008064516129032,"contact_reachability":7.52,"contact_satisfaction":8.010752688172044,"autonomy":8.633720930232558},"metadata":{"satisfaction_count":5569,"comprehension_count":5250,"contact_count":124,"autonomy_count":2408}}
