{"data":{"satisfaction":9.653636813458684,"comprehension":9.450336264873254,"contact":6.235955056179775,"contact_reachability":0.7444444444444445,"contact_satisfaction":8.409090909090908,"autonomy":8.877922077922078},"metadata":{"satisfaction_count":2021,"comprehension_count":1933,"contact_count":89,"contactReachability_count":90,"contactSatisfaction_count":66,"autonomy_count":1925}}
