{"data":{"satisfaction":9.710144927536232,"comprehension":9.488964792433,"contact":6.012658227848101,"contact_reachability":0.7125,"contact_satisfaction":8.482142857142858,"autonomy":8.89937106918239},"metadata":{"satisfaction_count":2001,"comprehension_count":1903,"contact_count":79,"contactReachability_count":80,"contactSatisfaction_count":56,"autonomy_count":1908}}
