{"data":{"satisfaction":9.557029177718833,"comprehension":9.431690929451287,"contact":5.870786516853933,"contact_reachability":7.555555555555555,"contact_satisfaction":7.798507462686567,"autonomy":8.605174353205848},"metadata":{"satisfaction_count":1885,"comprehension_count":1786,"contact_count":89,"autonomy_count":1778}}
