{"data":{"satisfaction":9.5960863020572,"comprehension":9.630616231575209,"contact":5.882352941176471,"contact_reachability":0.7445255474452555,"contact_satisfaction":7.920792079207921,"autonomy":8.664040114613181},"metadata":{"satisfaction_count":5979,"comprehension_count":5631,"contact_count":136,"contactReachability_count":137,"contactSatisfaction_count":101,"autonomy_count":2792}}
