{"data":{"satisfaction":9.602624863288371,"comprehension":9.664186316196366,"contact":6.004273504273504,"contact_reachability":7.5423728813559325,"contact_satisfaction":7.982954545454546,"autonomy":8.657804459691253},"metadata":{"satisfaction_count":5486,"comprehension_count":5174,"contact_count":117,"autonomy_count":2332}}
