{"data":{"satisfaction":9.635761589403973,"comprehension":9.478060046189377,"contact":5.583333333333333,"contact_reachability":0.7142857142857143,"contact_satisfaction":7.8515625,"autonomy":8.898109727985247},"metadata":{"satisfaction_count":2265,"comprehension_count":2165,"contact_count":90,"contactReachability_count":91,"contactSatisfaction_count":64,"autonomy_count":2169}}
