{"data":{"satisfaction":9.639666468135795,"comprehension":9.808870116156283,"contact":6.328125,"autonomy":8.74074074074074},"metadata":{"satisfaction_count":5037,"comprehension_count":4735,"contact_count":32,"autonomy_count":540}}
