{"data":{"satisfaction":9.570645554202192,"comprehension":9.477113795295613,"contact":5.933333333333334,"contact_reachability":7.631578947368421,"contact_satisfaction":7.807017543859649,"autonomy":8.615384615384615},"metadata":{"satisfaction_count":1642,"comprehension_count":1573,"contact_count":75,"autonomy_count":1560}}
