{"data":{"satisfaction":9.572615749901068,"comprehension":9.511927181418708,"contact":5.681818181818182,"contact_reachability":0.7125748502994012,"contact_satisfaction":8.012820512820513,"autonomy":8.703862660944205},"metadata":{"satisfaction_count":5054,"comprehension_count":4779,"contact_count":165,"contactReachability_count":167,"contactSatisfaction_count":117,"autonomy_count":3495}}
