{"data":{"satisfaction":9.593754737001667,"comprehension":9.414230953521802,"contact":6.0144927536231885,"contact_reachability":0.7357142857142858,"contact_satisfaction":8.217821782178218,"autonomy":8.847146081909061},"metadata":{"satisfaction_count":6597,"comprehension_count":6261,"contact_count":276,"contactReachability_count":280,"contactSatisfaction_count":202,"autonomy_count":6202}}
