{"data":{"satisfaction":9.617906166769105,"comprehension":9.710725893824485,"contact":5.940860215053763,"contact_reachability":7.553191489361702,"contact_satisfaction":7.892857142857143,"autonomy":8.598870056497175},"metadata":{"satisfaction_count":4881,"comprehension_count":4615,"contact_count":93,"autonomy_count":1770}}
