{"data":{"satisfaction":9.58122540753232,"comprehension":9.420035149384885,"contact":5.402298850574713,"contact_reachability":0.6590909090909091,"contact_satisfaction":8.24561403508772,"autonomy":8.830099941211053},"metadata":{"satisfaction_count":1779,"comprehension_count":1707,"contact_count":87,"contactReachability_count":88,"contactSatisfaction_count":57,"autonomy_count":1701}}
