{"data":{"satisfaction":9.50381679389313,"comprehension":9.285470668485676,"contact":5.333333333333333,"contact_reachability":0.6833333333333333,"contact_satisfaction":7.804878048780488,"autonomy":8.71447902571042},"metadata":{"satisfaction_count":1572,"comprehension_count":1466,"contact_count":60,"contactReachability_count":60,"contactSatisfaction_count":41,"autonomy_count":1478}}
