{"data":{"satisfaction":9.644613321412606,"comprehension":9.48805060918463,"contact":5.730337078651686,"contact_reachability":0.7111111111111111,"contact_satisfaction":8.095238095238095,"autonomy":8.872778297474275},"metadata":{"satisfaction_count":2237,"comprehension_count":2134,"contact_count":89,"contactReachability_count":90,"contactSatisfaction_count":63,"autonomy_count":2138}}
