{"data":{"satisfaction":7.174760946149974,"comprehension":8.200567802271209,"contact":4.446308724832215,"autonomy":5.549597855227882},"metadata":{"satisfaction_count":7948,"comprehension_count":5988,"contact_count":149,"autonomy_count":746}}
