{"data":{"satisfaction":7.371247590195538,"comprehension":7.411820371644873,"contact":4.58756345177665,"contact_reachability":0.6759036144578313,"contact_satisfaction":6.965317919075145,"autonomy":5.50367926922101},"metadata":{"satisfaction_count":7262,"comprehension_count":5812,"contact_count":788,"contactReachability_count":830,"contactSatisfaction_count":519,"autonomy_count":3941}}
