{"data":{"satisfaction":7.229530201342282,"comprehension":7.8654970760233915,"contact":4.5165094339622645,"contact_reachability":6.674157303370787,"contact_satisfaction":6.938405797101449,"autonomy":5.632543585158695},"metadata":{"satisfaction_count":7450,"comprehension_count":5814,"contact_count":424,"autonomy_count":2237}}
