{"data":{"satisfaction":7.51004016064257,"comprehension":6.835560504825538,"contact":4.334600760456274,"contact_reachability":0.631768953068592,"contact_satisfaction":7.080745341614906,"autonomy":5.339578454332552},"metadata":{"satisfaction_count":1743,"comprehension_count":1347,"contact_count":263,"contactReachability_count":277,"contactSatisfaction_count":161,"autonomy_count":1281}}
