{"data":{"satisfaction":7.485919899874844,"comprehension":7.117519759126835,"contact":4.570783132530121,"contact_reachability":0.667302192564347,"contact_satisfaction":7.0363214837712516,"autonomy":5.541063786427553},"metadata":{"satisfaction_count":6392,"comprehension_count":5314,"contact_count":996,"contactReachability_count":1049,"contactSatisfaction_count":647,"autonomy_count":4907}}
