{"data":{"satisfaction":7.669392523364486,"comprehension":7.335051546391752,"contact":4.726688102893891,"contact_reachability":0.691358024691358,"contact_satisfaction":6.966824644549763,"autonomy":5.510653930933137},"metadata":{"satisfaction_count":1712,"comprehension_count":1455,"contact_count":311,"contactReachability_count":324,"contactSatisfaction_count":211,"autonomy_count":1361}}
