{"data":{"satisfaction":7.6582649472450175,"comprehension":7.31786941580756,"contact":4.726688102893891,"contact_reachability":0.691358024691358,"contact_satisfaction":6.966824644549763,"autonomy":5.508100147275405},"metadata":{"satisfaction_count":1706,"comprehension_count":1455,"contact_count":311,"contactReachability_count":324,"contactSatisfaction_count":211,"autonomy_count":1358}}
