{"data":{"satisfaction":7.4012056262558605,"comprehension":6.920318725099602,"contact":3.498402555910543,"contact_reachability":0.7295597484276729,"contact_satisfaction":4.823788546255507,"autonomy":5.09433962264151},"metadata":{"satisfaction_count":1493,"comprehension_count":1255,"contact_count":313,"contactReachability_count":318,"contactSatisfaction_count":227,"autonomy_count":1166}}
