{"data":{"satisfaction":7.32822132010224,"comprehension":7.412554358101721,"contact":4.399109792284866,"contact_reachability":0.652542372881356,"contact_satisfaction":6.927570093457944,"autonomy":5.519744483159117},"metadata":{"satisfaction_count":6651,"comprehension_count":5289,"contact_count":674,"contactReachability_count":708,"contactSatisfaction_count":428,"autonomy_count":3444}}
