{"data":{"satisfaction":7.390491452991453,"comprehension":7.031970995385629,"contact":4.852430555555555,"contact_reachability":0.7171717171717171,"contact_satisfaction":6.8504901960784315,"autonomy":5.3917378917378915},"metadata":{"satisfaction_count":1872,"comprehension_count":1517,"contact_count":288,"contactReachability_count":297,"contactSatisfaction_count":204,"autonomy_count":1404}}
