{"data":{"satisfaction":7.381333333333333,"comprehension":7.022787318361955,"contact":4.825783972125436,"contact_reachability":0.7128378378378378,"contact_satisfaction":6.856435643564357,"autonomy":5.402708481824662},"metadata":{"satisfaction_count":1875,"comprehension_count":1514,"contact_count":287,"contactReachability_count":296,"contactSatisfaction_count":202,"autonomy_count":1403}}
