{"data":{"satisfaction":7.599009900990099,"comprehension":7.241316931982634,"contact":4.729020979020979,"contact_reachability":0.6757679180887372,"contact_satisfaction":7.0811518324607325,"autonomy":5.57707203718048},"metadata":{"satisfaction_count":1616,"comprehension_count":1382,"contact_count":286,"contactReachability_count":293,"contactSatisfaction_count":191,"autonomy_count":1291}}
