{"data":{"satisfaction":7.239055077673642,"comprehension":7.8046166529266285,"contact":4.548319327731092,"contact_reachability":0.6693386773547094,"contact_satisfaction":6.961414790996785,"autonomy":5.583366976180864},"metadata":{"satisfaction_count":7789,"comprehension_count":6065,"contact_count":476,"contactReachability_count":499,"contactSatisfaction_count":311,"autonomy_count":2477}}
