{"data":{"satisfaction":7.368972746331237,"comprehension":7.090422180214241,"contact":4.5034246575342465,"contact_reachability":6.688741721854305,"contact_satisfaction":6.848958333333333,"autonomy":5.522898154477102},"metadata":{"satisfaction_count":1908,"comprehension_count":1587,"contact_count":292,"autonomy_count":1463}}
