{"data":{"satisfaction":7.5140607424071995,"comprehension":6.870490620490621,"contact":4.311594202898551,"contact_reachability":0.6448275862068965,"contact_satisfaction":6.878612716763006,"autonomy":5.358231707317073},"metadata":{"satisfaction_count":1778,"comprehension_count":1386,"contact_count":276,"contactReachability_count":290,"contactSatisfaction_count":173,"autonomy_count":1312}}
