{"data":{"satisfaction":7.182823682498373,"comprehension":7.018025078369906,"contact":4.48559670781893,"contact_reachability":0.6987951807228916,"contact_satisfaction":6.488095238095238,"autonomy":5.135135135135135},"metadata":{"satisfaction_count":1537,"comprehension_count":1276,"contact_count":243,"contactReachability_count":249,"contactSatisfaction_count":168,"autonomy_count":1184}}
