{"data":{"satisfaction":7.381648158971362,"comprehension":6.941765578635015,"contact":4.8313492063492065,"contact_reachability":0.7034220532319392,"contact_satisfaction":6.997126436781609,"autonomy":5.371248025276461},"metadata":{"satisfaction_count":1711,"comprehension_count":1348,"contact_count":252,"contactReachability_count":263,"contactSatisfaction_count":174,"autonomy_count":1266}}
