{"data":{"satisfaction":7.485226526592252,"comprehension":7.116336633663367,"contact":4.553101997896951,"contact_reachability":0.6660019940179461,"contact_satisfaction":7.029220779220779,"autonomy":5.531096388117119},"metadata":{"satisfaction_count":6092,"comprehension_count":5050,"contact_count":951,"contactReachability_count":1003,"contactSatisfaction_count":616,"autonomy_count":4679}}
