{"data":{"satisfaction":7.414601473543201,"comprehension":6.910471622701839,"contact":3.42443729903537,"contact_reachability":0.7246835443037974,"contact_satisfaction":4.754464285714286,"autonomy":5.081545064377682},"metadata":{"satisfaction_count":1493,"comprehension_count":1251,"contact_count":311,"contactReachability_count":316,"contactSatisfaction_count":224,"autonomy_count":1165}}
