{"data":{"satisfaction":7.355118895059092,"comprehension":7.4148537803138375,"contact":4.477459016393443,"contact_reachability":0.6688227684346701,"contact_satisfaction":6.885504201680672,"autonomy":5.498666666666667},"metadata":{"satisfaction_count":7023,"comprehension_count":5608,"contact_count":732,"contactReachability_count":773,"contactSatisfaction_count":476,"autonomy_count":3750}}
