{"data":{"satisfaction":7.523931078493938,"comprehension":7.205315870570108,"contact":4.654377880184332,"contact_reachability":0.6933333333333334,"contact_satisfaction":6.824324324324325,"autonomy":5.296052631578948},"metadata":{"satisfaction_count":1567,"comprehension_count":1298,"contact_count":217,"contactReachability_count":225,"contactSatisfaction_count":148,"autonomy_count":1216}}
