{"data":{"satisfaction":7.505714285714285,"comprehension":6.827637444279346,"contact":4.327651515151516,"contact_reachability":0.6330935251798561,"contact_satisfaction":7.052469135802469,"autonomy":5.331772053083529},"metadata":{"satisfaction_count":1750,"comprehension_count":1346,"contact_count":264,"contactReachability_count":278,"contactSatisfaction_count":162,"autonomy_count":1281}}
