{"data":{"satisfaction":7.4147867610736045,"comprehension":7.056831566548881,"contact":4.214818266542404,"contact_reachability":0.685972850678733,"contact_satisfaction":6.229338842975206,"autonomy":5.302966101694915},"metadata":{"satisfaction_count":6073,"comprehension_count":5094,"contact_count":1073,"contactReachability_count":1105,"contactSatisfaction_count":726,"autonomy_count":4720}}
