{
  "data": {
    "satisfaction": 7.1680073849399975,
    "comprehension": 8.276014109347443,
    "contact": 4.741379310344827,
    "autonomy": 5.4222222222222225
  },
  "metadata": {
    "satisfaction_count": 7583,
    "comprehension_count": 5670,
    "contact_count": 87,
    "autonomy_count": 450
  }
}
