{"data":{"satisfaction":7.481343283582089,"comprehension":7.111180791972765,"contact":4.527804410354746,"contact_reachability":0.6648451730418944,"contact_satisfaction":6.996296296296296,"autonomy":5.538312318137731},"metadata":{"satisfaction_count":6700,"comprehension_count":5581,"contact_count":1043,"contactReachability_count":1098,"contactSatisfaction_count":675,"autonomy_count":5155}}
