{"data":{"satisfaction":7.41547131147541,"comprehension":7.173182651191204,"contact":4.611486486486487,"contact_reachability":6.872964169381107,"contact_satisfaction":6.825,"autonomy":5.593108018555335},"metadata":{"satisfaction_count":1952,"comprehension_count":1637,"contact_count":296,"autonomy_count":1509}}
