{"data":{"satisfaction":7.376943005181347,"comprehension":6.91701244813278,"contact":4.809417040358745,"contact_reachability":0.7051282051282052,"contact_satisfaction":6.964285714285714,"autonomy":5.351493848857645},"metadata":{"satisfaction_count":1544,"comprehension_count":1205,"contact_count":223,"contactReachability_count":234,"contactSatisfaction_count":154,"autonomy_count":1138}}
