{"data":{"satisfaction":7.550274223034735,"comprehension":7.178850248403123,"contact":4.385813148788928,"contact_reachability":0.6498316498316499,"contact_satisfaction":6.851351351351352,"autonomy":5.540334855403349},"metadata":{"satisfaction_count":1641,"comprehension_count":1409,"contact_count":289,"contactReachability_count":297,"contactSatisfaction_count":185,"autonomy_count":1314}}
