{"data":{"satisfaction":7.687395891171572,"comprehension":7.317112998040496,"contact":4.709119496855346,"contact_reachability":0.7003058103975535,"contact_satisfaction":6.806818181818182,"autonomy":5.462126476719944},"metadata":{"satisfaction_count":1801,"comprehension_count":1531,"contact_count":318,"contactReachability_count":327,"contactSatisfaction_count":220,"autonomy_count":1439}}
