{"data":{"satisfaction":7.3599726775956285,"comprehension":6.8848857644991215,"contact":4.768518518518518,"contact_reachability":0.7035398230088495,"contact_satisfaction":6.912751677852349,"autonomy":5.377446411929171},"metadata":{"satisfaction_count":1464,"comprehension_count":1138,"contact_count":216,"contactReachability_count":226,"contactSatisfaction_count":149,"autonomy_count":1073}}
