{"data":{"satisfaction":7.370309050772627,"comprehension":7.411622693567857,"contact":4.58756345177665,"contact_reachability":0.6759036144578313,"contact_satisfaction":6.965317919075145,"autonomy":5.493136756481952},"metadata":{"satisfaction_count":7248,"comprehension_count":5799,"contact_count":788,"contactReachability_count":830,"contactSatisfaction_count":519,"autonomy_count":3934}}
