{"data":{"satisfaction":7.453596287703016,"comprehension":6.7749244712990935,"contact":4.3173076923076925,"contact_reachability":0.6323529411764706,"contact_satisfaction":7.015625,"autonomy":5.368754956383822},"metadata":{"satisfaction_count":1724,"comprehension_count":1324,"contact_count":260,"contactReachability_count":272,"contactSatisfaction_count":160,"autonomy_count":1261}}
