{"data":{"satisfaction":7.470725995316159,"comprehension":7.104838709677419,"contact":4.491480298189563,"contact_reachability":0.6666666666666666,"contact_satisfaction":6.891339869281046,"autonomy":5.5270034843205575},"metadata":{"satisfaction_count":5978,"comprehension_count":4960,"contact_count":939,"contactReachability_count":981,"contactSatisfaction_count":612,"autonomy_count":4592}}
