{"data":{"satisfaction":7.411504424778761,"comprehension":7.049628761234858,"contact":4.188132474701012,"contact_reachability":0.6836461126005362,"contact_satisfaction":6.210777626193725,"autonomy":5.299831081081081},"metadata":{"satisfaction_count":6102,"comprehension_count":5118,"contact_count":1087,"contactReachability_count":1119,"contactSatisfaction_count":733,"autonomy_count":4736}}
