{"data":{"satisfaction":7.48449553774013,"comprehension":7.114895549500454,"contact":4.532461240310077,"contact_reachability":0.6648250460405156,"contact_satisfaction":7.002245508982036,"autonomy":5.537222549597328},"metadata":{"satisfaction_count":6611,"comprehension_count":5505,"contact_count":1032,"contactReachability_count":1086,"contactSatisfaction_count":668,"autonomy_count":5091}}
