{"data":{"satisfaction":7.473297730307076,"comprehension":7.025620496397118,"contact":3.727758007117438,"contact_reachability":0.7237762237762237,"contact_satisfaction":5.185643564356436,"autonomy":5.154109589041096},"metadata":{"satisfaction_count":1498,"comprehension_count":1249,"contact_count":281,"contactReachability_count":286,"contactSatisfaction_count":202,"autonomy_count":1168}}
