{"data":{"satisfaction":7.5932721712538225,"comprehension":7.236936292054402,"contact":4.672413793103448,"contact_reachability":0.6644295302013423,"contact_satisfaction":7.131578947368421,"autonomy":5.566615620214395},"metadata":{"satisfaction_count":1635,"comprehension_count":1397,"contact_count":290,"contactReachability_count":298,"contactSatisfaction_count":190,"autonomy_count":1306}}
