{"data":{"satisfaction":7.661104718066744,"comprehension":7.322635135135135,"contact":4.711221122112211,"contact_reachability":0.6930379746835443,"contact_satisfaction":6.929611650485437,"autonomy":5.517241379310345},"metadata":{"satisfaction_count":1738,"comprehension_count":1480,"contact_count":303,"contactReachability_count":316,"contactSatisfaction_count":206,"autonomy_count":1392}}
