{"data":{"satisfaction":7.362583015402007,"comprehension":7.419554455445544,"contact":4.470310391363023,"contact_reachability":0.6675191815856778,"contact_satisfaction":6.886694386694387,"autonomy":5.500790722192936},"metadata":{"satisfaction_count":7077,"comprehension_count":5656,"contact_count":741,"contactReachability_count":782,"contactSatisfaction_count":481,"autonomy_count":3794}}
