{"data":{"satisfaction":5.334346504559271,"comprehension":6.1342592592592595,"contact":4.775494672754947,"contact_reachability":0.7818181818181819,"contact_satisfaction":6.115984405458089,"autonomy":3.259726603575184},"metadata":{"satisfaction_count":987,"comprehension_count":972,"contact_count":657,"contactReachability_count":660,"contactSatisfaction_count":513,"autonomy_count":951}}
