{"data":{"satisfaction":5.322731524789523,"comprehension":5.998062015503876,"contact":4.753623188405797,"contact_reachability":7.95093795093795,"contact_satisfaction":5.985401459854015,"autonomy":3.392156862745098},"metadata":{"satisfaction_count":1069,"comprehension_count":1032,"contact_count":690,"autonomy_count":1020}}
