{"data":{"satisfaction":5.665078783437156,"comprehension":6.3236940298507465,"contact":5.010275983558427,"contact_reachability":0.790331974373908,"contact_satisfaction":6.3533134772896505,"autonomy":3.3911731422104867},"metadata":{"satisfaction_count":2729,"comprehension_count":2680,"contact_count":1703,"contactReachability_count":1717,"contactSatisfaction_count":1343,"autonomy_count":2651}}
