{"data":{"satisfaction":5.699272433306386,"comprehension":7.301838024124066,"contact":4.633097165991903,"contact_reachability":7.792338709677419,"contact_satisfaction":5.952535760728218,"autonomy":3.4644582470669425},"metadata":{"satisfaction_count":3711,"comprehension_count":3482,"contact_count":988,"autonomy_count":1449}}
