{"data":{"satisfaction":6.23069403714565,"comprehension":7.9929055484964,"contact":4.41527446300716,"contact_reachability":7.666666666666667,"contact_satisfaction":5.7632398753894085,"autonomy":3.43801652892562},"metadata":{"satisfaction_count":5115,"comprehension_count":4722,"contact_count":419,"autonomy_count":605}}
