{"data":{"satisfaction":5.583843329253366,"comprehension":6.579816980172852,"contact":4.60922090729783,"contact_reachability":0.7788697788697788,"contact_satisfaction":5.923637515842839,"autonomy":3.33559552086868},"metadata":{"satisfaction_count":4085,"comprehension_count":3934,"contact_count":2028,"contactReachability_count":2035,"contactSatisfaction_count":1578,"autonomy_count":2947}}
