{"data":{"satisfaction":5.642303433001107,"comprehension":7.064886390255329,"contact":4.535714285714286,"contact_reachability":0.7734627831715211,"contact_satisfaction":5.869747899159663,"autonomy":3.3093525179856114},"metadata":{"satisfaction_count":4515,"comprehension_count":4269,"contact_count":1540,"contactReachability_count":1545,"contactSatisfaction_count":1190,"autonomy_count":2224}}
