{"data":{"satisfaction":5.458536585365854,"comprehension":6.108067729083666,"contact":4.407801418439717,"contact_reachability":0.7666195190947667,"contact_satisfaction":5.75462962962963,"autonomy":3.0606060606060606},"metadata":{"satisfaction_count":1025,"comprehension_count":1004,"contact_count":705,"contactReachability_count":707,"contactSatisfaction_count":540,"autonomy_count":990}}
