{"data":{"satisfaction":5.677578317493841,"comprehension":6.339125761375851,"contact":5.018371961560203,"contact_reachability":0.7891194615816041,"contact_satisfaction":6.372936109117013,"autonomy":3.3938294010889294},"metadata":{"satisfaction_count":2841,"comprehension_count":2791,"contact_count":1769,"contactReachability_count":1783,"contactSatisfaction_count":1393,"autonomy_count":2755}}
