{"data":{"satisfaction":5.416666666666667,"comprehension":6.068218954248366,"contact":4.476813317479191,"contact_reachability":0.7734282325029656,"contact_satisfaction":5.792307692307692,"autonomy":3.117206982543641},"metadata":{"satisfaction_count":1248,"comprehension_count":1224,"contact_count":841,"contactReachability_count":843,"contactSatisfaction_count":650,"autonomy_count":1203}}
