{"data":{"satisfaction":5.394447498625619,"comprehension":6.113297722800112,"contact":4.698366149979053,"contact_reachability":0.7794786925941249,"contact_satisfaction":6.0490830636461705,"autonomy":3.2780320366132725},"metadata":{"satisfaction_count":3638,"comprehension_count":3557,"contact_count":2387,"contactReachability_count":2417,"contactSatisfaction_count":1854,"autonomy_count":3496}}
