{"data":{"satisfaction":6.106442577030812,"comprehension":6.6738505747126435,"contact":5.195961995249406,"contact_reachability":0.7971698113207547,"contact_satisfaction":6.529850746268656,"autonomy":3.7063953488372094},"metadata":{"satisfaction_count":714,"comprehension_count":696,"contact_count":421,"contactReachability_count":424,"contactSatisfaction_count":335,"autonomy_count":688}}
