{"data":{"satisfaction":5.407706093189964,"comprehension":6.130952380952381,"contact":4.438976377952756,"contact_reachability":0.7696335078534031,"contact_satisfaction":5.772184300341297,"autonomy":3.097674418604651},"metadata":{"satisfaction_count":1116,"comprehension_count":1092,"contact_count":762,"contactReachability_count":764,"contactSatisfaction_count":586,"autonomy_count":1075}}
