{"data":{"satisfaction":5.396975425330813,"comprehension":6.115331491712707,"contact":4.694971145919209,"contact_reachability":0.7789087947882736,"contact_satisfaction":6.048858204992034,"autonomy":3.292134831460674},"metadata":{"satisfaction_count":3703,"comprehension_count":3620,"contact_count":2426,"contactReachability_count":2456,"contactSatisfaction_count":1883,"autonomy_count":3560}}
