{"data":{"satisfaction":5.559440559440559,"comprehension":6.25,"contact":4.909747292418772,"contact_reachability":0.7837837837837838,"contact_satisfaction":6.267281105990784,"autonomy":3.397590361445783},"metadata":{"satisfaction_count":858,"comprehension_count":846,"contact_count":554,"contactReachability_count":555,"contactSatisfaction_count":434,"autonomy_count":830}}
