{"data":{"satisfaction":5.4713560551124,"comprehension":6.1867559523809526,"contact":4.578246392896781,"contact_reachability":0.7729789590254706,"contact_satisfaction":5.926724137931035,"autonomy":3.358490566037736},"metadata":{"satisfaction_count":1379,"comprehension_count":1344,"contact_count":901,"contactReachability_count":903,"contactSatisfaction_count":696,"autonomy_count":1325}}
