{"data":{"satisfaction":5.587285820710206,"comprehension":6.585224342444559,"contact":4.60678391959799,"contact_reachability":0.7776664997496244,"contact_satisfaction":5.929818887451487,"autonomy":3.327568315461778},"metadata":{"satisfaction_count":4027,"comprehension_count":3878,"contact_count":1990,"contactReachability_count":1997,"contactSatisfaction_count":1546,"autonomy_count":2891}}
