{"data":{"satisfaction":5.391532927504151,"comprehension":6.115199547127087,"contact":4.692372524230931,"contact_reachability":0.7786100707449022,"contact_satisfaction":6.048343291689299,"autonomy":3.274718939175555},"metadata":{"satisfaction_count":3614,"comprehension_count":3533,"contact_count":2373,"contactReachability_count":2403,"contactSatisfaction_count":1841,"autonomy_count":3469}}
