{"data":{"satisfaction":5.404040404040404,"comprehension":6.138059701492537,"contact":4.632454923717059,"contact_reachability":0.7869986168741355,"contact_satisfaction":5.890652557319224,"autonomy":3.257142857142857},"metadata":{"satisfaction_count":1089,"comprehension_count":1072,"contact_count":721,"contactReachability_count":723,"contactSatisfaction_count":567,"autonomy_count":1050}}
