{"data":{"satisfaction":5.667467398764585,"comprehension":6.31776845050717,"contact":5.006856829402085,"contact_reachability":0.7909635274904736,"contact_satisfaction":6.342946490618485,"autonomy":3.384070796460177},"metadata":{"satisfaction_count":2914,"comprehension_count":2859,"contact_count":1823,"contactReachability_count":1837,"contactSatisfaction_count":1439,"autonomy_count":2825}}
