{"data":{"satisfaction":5.326086956521739,"comprehension":6.004901960784314,"contact":4.730320699708455,"contact_reachability":7.982583454281568,"contact_satisfaction":5.9323583180987205,"autonomy":3.363095238095238},"metadata":{"satisfaction_count":1058,"comprehension_count":1020,"contact_count":686,"autonomy_count":1008}}
