{"data":{"satisfaction":5.332771693344566,"comprehension":6.044520547945205,"contact":4.407814407814408,"contact_reachability":0.7722289890377588,"contact_satisfaction":5.712025316455696,"autonomy":3.196864111498258},"metadata":{"satisfaction_count":1187,"comprehension_count":1168,"contact_count":819,"contactReachability_count":821,"contactSatisfaction_count":632,"autonomy_count":1148}}
