{"data":{"satisfaction":5.58450145464163,"comprehension":6.589845899834892,"contact":4.546688382193268,"contact_reachability":0.7754329004329005,"contact_satisfaction":5.8689558514365805,"autonomy":3.3081855903432666},"metadata":{"satisfaction_count":3781,"comprehension_count":3634,"contact_count":1842,"contactReachability_count":1848,"contactSatisfaction_count":1427,"autonomy_count":2651}}
