{"data":{"satisfaction":6.203078078078078,"comprehension":7.911341042807872,"contact":4.582577132486389,"contact_reachability":7.79385171790235,"contact_satisfaction":5.8857808857808855,"autonomy":3.5388409371146734},"metadata":{"satisfaction_count":5328,"comprehension_count":4929,"contact_count":551,"autonomy_count":811}}
