{"data":{"satisfaction":5.78781512605042,"comprehension":6.316631130063966,"contact":4.665551839464883,"contact_reachability":0.7416107382550335,"contact_satisfaction":6.283783783783784,"autonomy":3.4475374732334045},"metadata":{"satisfaction_count":476,"comprehension_count":469,"contact_count":299,"contactReachability_count":298,"contactSatisfaction_count":222,"autonomy_count":467}}
