{"data":{"satisfaction":5.511068597977589,"comprehension":6.20958751393534,"contact":4.783298097251586,"contact_reachability":0.776707163803938,"contact_satisfaction":6.174945414847161,"autonomy":3.2619114744854807},"metadata":{"satisfaction_count":3659,"comprehension_count":3588,"contact_count":2365,"contactReachability_count":2387,"contactSatisfaction_count":1832,"autonomy_count":3547}}
