{"data":{"satisfaction":5.422639644092931,"comprehension":6.140040444893832,"contact":4.769850402761795,"contact_reachability":0.7827899924184989,"contact_satisfaction":6.113569321533923,"autonomy":3.2828153095299255},"metadata":{"satisfaction_count":4046,"comprehension_count":3956,"contact_count":2607,"contactReachability_count":2638,"contactSatisfaction_count":2034,"autonomy_count":3893}}
