{
  "data": {
    "satisfaction": 6.32069543359866,
    "comprehension": 8.172244990892532,
    "contact": 4.491978609625669,
    "autonomy": 3.9285714285714284
  },
  "metadata": {
    "satisfaction_count": 4774,
    "comprehension_count": 4392,
    "contact_count": 187,
    "autonomy_count": 280
  }
}
