{"data":{"satisfaction":5.390756302521009,"comprehension":6.118986254295533,"contact":4.446847960444994,"contact_reachability":0.7684729064039408,"contact_satisfaction":5.793075684380033,"autonomy":3.117338003502627},"metadata":{"satisfaction_count":1190,"comprehension_count":1164,"contact_count":809,"contactReachability_count":812,"contactSatisfaction_count":621,"autonomy_count":1142}}
