{"data":{"satisfaction":5.694519075765717,"comprehension":7.296736329802462,"contact":4.625628140703518,"contact_reachability":7.777777777777778,"contact_satisfaction":5.954075032341526,"autonomy":3.4726027397260273},"metadata":{"satisfaction_count":3722,"comprehension_count":3493,"contact_count":995,"autonomy_count":1460}}
