{"data":{"satisfaction":5.777522935779817,"comprehension":6.384074941451991,"contact":5.091554559043348,"contact_reachability":0.7983630952380952,"contact_satisfaction":6.384723523898781,"autonomy":3.4264079507808805},"metadata":{"satisfaction_count":2180,"comprehension_count":2135,"contact_count":1338,"contactReachability_count":1344,"contactSatisfaction_count":1067,"autonomy_count":2113}}
