{"data":{"satisfaction":5.401286353467562,"comprehension":6.118741058655222,"contact":4.684434968017057,"contact_reachability":0.7771693344566133,"contact_satisfaction":6.049008810572687,"autonomy":3.277972027972028},"metadata":{"satisfaction_count":3576,"comprehension_count":3495,"contact_count":2345,"contactReachability_count":2374,"contactSatisfaction_count":1816,"autonomy_count":3432}}
