{
  "data": {
    "satisfaction": 6.322080100650031,
    "comprehension": 8.175290631410988,
    "contact": 4.486486486486487,
    "autonomy": 3.890909090909091
  },
  "metadata": {
    "satisfaction_count": 4769,
    "comprehension_count": 4387,
    "contact_count": 185,
    "autonomy_count": 275
  }
}
