{"data":{"satisfaction":5.3963133640553,"comprehension":6.099340866290019,"contact":4.396782841823057,"contact_reachability":0.7687165775401069,"contact_satisfaction":5.724258289703316,"autonomy":3.0975143403441683},"metadata":{"satisfaction_count":1085,"comprehension_count":1062,"contact_count":746,"contactReachability_count":748,"contactSatisfaction_count":573,"autonomy_count":1046}}
