{"data":{"satisfaction":5.663134819145049,"comprehension":6.321614583333333,"contact":5.014654161781946,"contact_reachability":0.7906976744186046,"contact_satisfaction":6.355869242199108,"autonomy":3.3910425291682347},"metadata":{"satisfaction_count":2737,"comprehension_count":2688,"contact_count":1706,"contactReachability_count":1720,"contactSatisfaction_count":1346,"autonomy_count":2657}}
