{"data":{"satisfaction":6.002747252747253,"comprehension":6.5553977272727275,"contact":5.320366132723112,"contact_reachability":0.825,"contact_satisfaction":6.458333333333333,"autonomy":3.567335243553009},"metadata":{"satisfaction_count":728,"comprehension_count":704,"contact_count":437,"contactReachability_count":440,"contactSatisfaction_count":360,"autonomy_count":698}}
