{"data":{"satisfaction":5.677935943060498,"comprehension":6.334239130434782,"contact":5.018646012621916,"contact_reachability":0.7894137734775185,"contact_satisfaction":6.371085214857975,"autonomy":3.410425844346549},"metadata":{"satisfaction_count":2810,"comprehension_count":2760,"contact_count":1743,"contactReachability_count":1757,"contactSatisfaction_count":1373,"autonomy_count":2724}}
