{"data":{"satisfaction":5.571761960326721,"comprehension":6.2440758293838865,"contact":5.228494623655914,"contact_reachability":0.799645390070922,"contact_satisfaction":6.556179775280899,"autonomy":3.2177033492822966},"metadata":{"satisfaction_count":857,"comprehension_count":844,"contact_count":558,"contactReachability_count":564,"contactSatisfaction_count":445,"autonomy_count":836}}
