{"data":{"satisfaction":5.9921875,"comprehension":6.576,"contact":4.85969387755102,"contact_reachability":0.7715736040609137,"contact_satisfaction":6.30794701986755,"autonomy":3.611556982343499},"metadata":{"satisfaction_count":640,"comprehension_count":625,"contact_count":392,"contactReachability_count":394,"contactSatisfaction_count":302,"autonomy_count":623}}
