{"data":{"satisfaction":5.586172344689379,"comprehension":6.587539021852237,"contact":4.609215885947047,"contact_reachability":0.7776649746192893,"contact_satisfaction":5.932175622542595,"autonomy":3.325166258312916},"metadata":{"satisfaction_count":3992,"comprehension_count":3844,"contact_count":1964,"contactReachability_count":1970,"contactSatisfaction_count":1526,"autonomy_count":2857}}
