{"data":{"satisfaction":5.479009687836383,"comprehension":6.202290076335878,"contact":4.78,"contact_reachability":0.7747603833865815,"contact_satisfaction":6.172520661157025,"autonomy":3.3628318584070795},"metadata":{"satisfaction_count":929,"comprehension_count":917,"contact_count":625,"contactReachability_count":626,"contactSatisfaction_count":484,"autonomy_count":904}}
