{"data":{"satisfaction":5.465116279069767,"comprehension":6.227578475336323,"contact":4.810543657331137,"contact_reachability":0.7797716150081566,"contact_satisfaction":6.186440677966102,"autonomy":3.287827076222981},"metadata":{"satisfaction_count":903,"comprehension_count":892,"contact_count":607,"contactReachability_count":613,"contactSatisfaction_count":472,"autonomy_count":879}}
