{"data":{"satisfaction":5.515916575192096,"comprehension":6.215161649944259,"contact":5.216150081566068,"contact_reachability":0.8048387096774193,"contact_satisfaction":6.498983739837398,"autonomy":3.1833520809898763},"metadata":{"satisfaction_count":911,"comprehension_count":897,"contact_count":613,"contactReachability_count":620,"contactSatisfaction_count":492,"autonomy_count":889}}
