{"data":{"satisfaction":5.399943867527365,"comprehension":6.117174037909248,"contact":4.685359589041096,"contact_reachability":0.7771670190274842,"contact_satisfaction":6.050304035378662,"autonomy":3.2787364726528225},"metadata":{"satisfaction_count":3563,"comprehension_count":3482,"contact_count":2336,"contactReachability_count":2365,"contactSatisfaction_count":1809,"autonomy_count":3419}}
