{"data":{"satisfaction":5.762331838565022,"comprehension":6.3536866359447,"contact":5.371024734982332,"contact_reachability":0.8274647887323944,"contact_satisfaction":6.495726495726496,"autonomy":3.4507042253521125},"metadata":{"satisfaction_count":446,"comprehension_count":434,"contact_count":283,"contactReachability_count":284,"contactSatisfaction_count":234,"autonomy_count":426}}
