{"data":{"satisfaction":5.671340304182509,"comprehension":7.157344419249181,"contact":4.584278155706727,"contact_reachability":0.7754333082140166,"contact_satisfaction":5.917073170731707,"autonomy":3.3817427385892116},"metadata":{"satisfaction_count":4208,"comprehension_count":3969,"contact_count":1323,"contactReachability_count":1327,"contactSatisfaction_count":1025,"autonomy_count":1928}}
