{"data":{"satisfaction":5.503496503496503,"comprehension":6.185344827586207,"contact":4.568421052631579,"contact_reachability":0.7741596638655462,"contact_satisfaction":5.904761904761905,"autonomy":3.2387190684133915},"metadata":{"satisfaction_count":1430,"comprehension_count":1392,"contact_count":950,"contactReachability_count":952,"contactSatisfaction_count":735,"autonomy_count":1374}}
