{"data":{"satisfaction":5.397222222222222,"comprehension":6.117504973003694,"contact":4.689750105887336,"contact_reachability":0.7782426778242678,"contact_satisfaction":6.047241944292736,"autonomy":3.28030083887764},"metadata":{"satisfaction_count":3600,"comprehension_count":3519,"contact_count":2361,"contactReachability_count":2390,"contactSatisfaction_count":1831,"autonomy_count":3457}}
