{"data":{"satisfaction":6.986933128362798,"comprehension":7.265097338100913,"contact":4.886780905752754,"contact_reachability":0.6864406779661016,"contact_satisfaction":7.155017921146953,"autonomy":6.761065659744074},"metadata":{"satisfaction_count":5204,"comprehension_count":5034,"contact_count":817,"contactReachability_count":826,"contactSatisfaction_count":558,"autonomy_count":4767}}
