{"data":{"satisfaction":6.825583777140516,"comprehension":8.645971302428256,"contact":4.292929292929293,"contact_reachability":6.633165829145728,"contact_satisfaction":6.488549618320611,"autonomy":6.538461538461538},"metadata":{"satisfaction_count":9764,"comprehension_count":9060,"contact_count":198,"autonomy_count":936}}
