{"data":{"satisfaction":6.964516129032258,"comprehension":7.288359788359788,"contact":4.875690607734807,"contact_reachability":0.6428571428571429,"contact_satisfaction":7.607758620689655,"autonomy":7},"metadata":{"satisfaction_count":1550,"comprehension_count":1512,"contact_count":181,"contactReachability_count":182,"contactSatisfaction_count":116,"autonomy_count":1470}}
