{"data":{"satisfaction":6.858766233766234,"comprehension":7.224770642201835,"contact":5.080213903743315,"contact_reachability":0.6631016042780749,"contact_satisfaction":7.661290322580645,"autonomy":6.8068669527897},"metadata":{"satisfaction_count":1232,"comprehension_count":1199,"contact_count":187,"contactReachability_count":187,"contactSatisfaction_count":124,"autonomy_count":1165}}
