{"data":{"satisfaction":6.998095238095238,"comprehension":7.274921197793538,"contact":4.890643985419198,"contact_reachability":0.6862980769230769,"contact_satisfaction":7.161921708185053,"autonomy":6.760914760914761},"metadata":{"satisfaction_count":5250,"comprehension_count":5076,"contact_count":823,"contactReachability_count":832,"contactSatisfaction_count":562,"autonomy_count":4810}}
