{"data":{"satisfaction":7.379032258064516,"comprehension":7.486851990984222,"contact":5.23876404494382,"contact_reachability":0.7039106145251397,"contact_satisfaction":7.46,"autonomy":6.994577846630519},"metadata":{"satisfaction_count":1364,"comprehension_count":1331,"contact_count":178,"contactReachability_count":179,"contactSatisfaction_count":125,"autonomy_count":1291}}
