{"data":{"satisfaction":7.084680025856496,"comprehension":7.259455872594558,"contact":4.924242424242424,"contact_reachability":7.272727272727273,"contact_satisfaction":6.770833333333333,"autonomy":6.766507828454731},"metadata":{"satisfaction_count":1547,"comprehension_count":1507,"contact_count":264,"autonomy_count":1469}}
