{"data":{"satisfaction":7.159581022797289,"comprehension":7.333440102498399,"contact":5.048828125,"contact_reachability":0.7198443579766537,"contact_satisfaction":7.024456521739131,"autonomy":6.801302931596092},"metadata":{"satisfaction_count":1623,"comprehension_count":1561,"contact_count":256,"contactReachability_count":257,"contactSatisfaction_count":184,"autonomy_count":1535}}
