{"data":{"satisfaction":7.134756504336224,"comprehension":7.298890429958391,"contact":5.141304347826087,"contact_reachability":0.7359307359307359,"contact_satisfaction":6.997041420118343,"autonomy":6.755805770584096},"metadata":{"satisfaction_count":1499,"comprehension_count":1442,"contact_count":230,"contactReachability_count":231,"contactSatisfaction_count":169,"autonomy_count":1421}}
