{"data":{"satisfaction":7.1449016100178895,"comprehension":7.386029411764706,"contact":5.0253991291727145,"contact_reachability":0.683982683982684,"contact_satisfaction":7.367021276595745,"autonomy":7.044427710843373},"metadata":{"satisfaction_count":5590,"comprehension_count":5440,"contact_count":689,"contactReachability_count":693,"contactSatisfaction_count":470,"autonomy_count":5312}}
