{"data":{"satisfaction":7.318271119842829,"comprehension":7.49496644295302,"contact":5.272988505747127,"contact_reachability":0.7428571428571429,"contact_satisfaction":7.112403100775194,"autonomy":7.199170124481328},"metadata":{"satisfaction_count":1527,"comprehension_count":1490,"contact_count":174,"contactReachability_count":175,"contactSatisfaction_count":129,"autonomy_count":1446}}
