{"data":{"satisfaction":6.8245503973232955,"comprehension":8.682577296321373,"contact":4.182389937106918,"autonomy":6.429530201342282},"metadata":{"satisfaction_count":9564,"comprehension_count":8862,"contact_count":159,"autonomy_count":745}}
