{"data":{"satisfaction":6.796259842519685,"comprehension":8.415162877900164,"contact":4.5680628272251305,"contact_reachability":6.814621409921671,"contact_satisfaction":6.711538461538462,"autonomy":6.625766871165644},"metadata":{"satisfaction_count":9144,"comprehension_count":8534,"contact_count":382,"autonomy_count":1956}}
