{"data":{"satisfaction":7.117686170212766,"comprehension":7.306629834254144,"contact":5.148936170212766,"contact_reachability":0.7372881355932204,"contact_satisfaction":6.994219653179191,"autonomy":6.7368421052631575},"metadata":{"satisfaction_count":1504,"comprehension_count":1448,"contact_count":235,"contactReachability_count":236,"contactSatisfaction_count":173,"autonomy_count":1425}}
