{"data":{"satisfaction":6.833300336567016,"comprehension":8.593799936081815,"contact":4.314671814671815,"contact_reachability":6.576923076923077,"contact_satisfaction":6.573529411764706,"autonomy":6.561014263074485},"metadata":{"satisfaction_count":10102,"comprehension_count":9387,"contact_count":259,"autonomy_count":1262}}
