{"data":{"satisfaction":6.82080048514251,"comprehension":8.620211144971702,"contact":4.188888888888889,"contact_reachability":6.592920353982301,"contact_satisfaction":6.368243243243243,"autonomy":6.462841015992474},"metadata":{"satisfaction_count":9894,"comprehension_count":9188,"contact_count":225,"autonomy_count":1063}}
