{"data":{"satisfaction":7.045454545454546,"comprehension":7.295591894774263,"contact":4.91872197309417,"contact_reachability":0.6870144284128746,"contact_satisfaction":7.192622950819672,"autonomy":6.796025496812899},"metadata":{"satisfaction_count":5808,"comprehension_count":5626,"contact_count":892,"contactReachability_count":901,"contactSatisfaction_count":610,"autonomy_count":5334}}
