{"data":{"satisfaction":7.11864406779661,"comprehension":7.2796875,"contact":5.009615384615385,"contact_reachability":0.7088122605363985,"contact_satisfaction":7.078804347826087,"autonomy":6.690051020408164},"metadata":{"satisfaction_count":1652,"comprehension_count":1600,"contact_count":260,"contactReachability_count":261,"contactSatisfaction_count":184,"autonomy_count":1568}}
