{"data":{"satisfaction":6.9534412955465585,"comprehension":7.214788732394366,"contact":5.436681222707423,"contact_reachability":0.7074235807860262,"contact_satisfaction":7.685185185185185,"autonomy":6.716524216524217},"metadata":{"satisfaction_count":1482,"comprehension_count":1420,"contact_count":229,"contactReachability_count":229,"contactSatisfaction_count":162,"autonomy_count":1404}}
