{"data":{"satisfaction":6.9370294318959616,"comprehension":7.2041105598866055,"contact":5.342920353982301,"contact_reachability":0.7035398230088495,"contact_satisfaction":7.59433962264151,"autonomy":6.75792507204611},"metadata":{"satisfaction_count":1461,"comprehension_count":1411,"contact_count":226,"contactReachability_count":226,"contactSatisfaction_count":159,"autonomy_count":1388}}
