{
  "data": {
    "satisfaction": 6.8145988554151815,
    "comprehension": 8.724323062558357,
    "contact": 3.6666666666666665,
    "autonomy": 6.315789473684211
  },
  "metadata": {
    "satisfaction_count": 9261,
    "comprehension_count": 8568,
    "contact_count": 105,
    "autonomy_count": 456
  }
}
