{"data":{"satisfaction":6.8238962083878105,"comprehension":8.328313253012048,"contact":4.67,"contact_reachability":0.6912350597609562,"contact_satisfaction":6.768115942028985,"autonomy":6.677716390423573},"metadata":{"satisfaction_count":9943,"comprehension_count":9296,"contact_count":500,"contactReachability_count":502,"contactSatisfaction_count":345,"autonomy_count":2715}}
