{"data":{"satisfaction":6.963815789473684,"comprehension":7.243810178817056,"contact":5.278969957081545,"contact_reachability":0.7094017094017094,"contact_satisfaction":7.454545454545454,"autonomy":6.761640027797081},"metadata":{"satisfaction_count":1520,"comprehension_count":1454,"contact_count":233,"contactReachability_count":234,"contactSatisfaction_count":165,"autonomy_count":1439}}
