{"data":{"satisfaction":6.983191653786708,"comprehension":7.262285257690771,"contact":4.886363636363637,"contact_reachability":0.6852976913730255,"contact_satisfaction":7.166666666666667,"autonomy":6.7637745408486385},"metadata":{"satisfaction_count":5176,"comprehension_count":5006,"contact_count":814,"contactReachability_count":823,"contactSatisfaction_count":555,"autonomy_count":4737}}
