{"data":{"satisfaction":7.144851657940663,"comprehension":7.373230603834438,"contact":5.117449664429531,"contact_reachability":0.684,"contact_satisfaction":7.5049212598425195,"autonomy":6.956282145481263},"metadata":{"satisfaction_count":5730,"comprehension_count":5581,"contact_count":745,"contactReachability_count":750,"contactSatisfaction_count":508,"autonomy_count":5444}}
