{"data":{"satisfaction":7.126524390243903,"comprehension":7.357421875,"contact":4.9874371859296485,"contact_reachability":0.6766169154228856,"contact_satisfaction":7.406716417910448,"autonomy":6.846774193548387},"metadata":{"satisfaction_count":1312,"comprehension_count":1280,"contact_count":199,"contactReachability_count":201,"contactSatisfaction_count":134,"autonomy_count":1240}}
