{"data":{"satisfaction":7.1257197696737045,"comprehension":7.302104208416834,"contact":5.049019607843137,"contact_reachability":0.7142857142857143,"contact_satisfaction":7.087155963302752,"autonomy":6.837865055387714},"metadata":{"satisfaction_count":1042,"comprehension_count":998,"contact_count":153,"contactReachability_count":154,"contactSatisfaction_count":109,"autonomy_count":993}}
