{"data":{"satisfaction":7.138263665594855,"comprehension":7.280961791831357,"contact":4.857414448669202,"contact_reachability":7.14828897338403,"contact_satisfaction":6.795212765957447,"autonomy":6.752542372881356},"metadata":{"satisfaction_count":1555,"comprehension_count":1518,"contact_count":263,"autonomy_count":1475}}
