{"data":{"satisfaction":7.138375445141597,"comprehension":7.371147483893435,"contact":5.111989459815547,"contact_reachability":0.6849673202614379,"contact_satisfaction":7.4903474903474905,"autonomy":6.939939404740688},"metadata":{"satisfaction_count":5897,"comprehension_count":5743,"contact_count":759,"contactReachability_count":765,"contactSatisfaction_count":518,"autonomy_count":5611}}
