{"data":{"satisfaction":7.184247050659264,"comprehension":7.373078298176618,"contact":5.202020202020202,"contact_reachability":0.7103620474406991,"contact_satisfaction":7.357142857142857,"autonomy":6.910390324354041},"metadata":{"satisfaction_count":5764,"comprehension_count":5594,"contact_count":792,"contactReachability_count":801,"contactSatisfaction_count":560,"autonomy_count":5457}}
