{"data":{"satisfaction":7.157296272899558,"comprehension":7.295984455958549,"contact":4.839015151515151,"contact_reachability":7.159090909090909,"contact_satisfaction":6.7592592592592595,"autonomy":6.7754830113257825},"metadata":{"satisfaction_count":1583,"comprehension_count":1544,"contact_count":264,"autonomy_count":1501}}
