{"data":{"satisfaction":6.782802903405918,"comprehension":8.017497034400948,"contact":4.902694610778443,"contact_reachability":0.6955223880597015,"contact_satisfaction":7.058189655172414,"autonomy":6.756468391571086},"metadata":{"satisfaction_count":8955,"comprehension_count":8430,"contact_count":668,"contactReachability_count":670,"contactSatisfaction_count":464,"autonomy_count":3749}}
