{"data":{"satisfaction":6.81454623013757,"comprehension":8.394406392694064,"contact":4.568965517241379,"contact_reachability":6.830466830466831,"contact_satisfaction":6.696750902527076,"autonomy":6.639118457300276},"metadata":{"satisfaction_count":9377,"comprehension_count":8760,"contact_count":406,"autonomy_count":2178}}
