{"data":{"satisfaction":6.8256578947368425,"comprehension":8.600321888412017,"contact":4.37,"contact_reachability":6.6932270916334655,"contact_satisfaction":6.541916167664671,"autonomy":6.507936507936508},"metadata":{"satisfaction_count":10032,"comprehension_count":9320,"contact_count":250,"autonomy_count":1197}}
