{"data":{"satisfaction":6.774563820018366,"comprehension":8.03972418843056,"contact":4.822274881516588,"contact_reachability":0.6913385826771653,"contact_satisfaction":6.98512585812357,"autonomy":6.780529461998292},"metadata":{"satisfaction_count":8712,"comprehension_count":8194,"contact_count":633,"contactReachability_count":635,"contactSatisfaction_count":437,"autonomy_count":3513}}
