{"data":{"satisfaction":7.006949661908339,"comprehension":7.283009708737864,"contact":4.911032028469751,"contact_reachability":0.687793427230047,"contact_satisfaction":7.175043327556326,"autonomy":6.766577704783412},"metadata":{"satisfaction_count":5324,"comprehension_count":5150,"contact_count":843,"contactReachability_count":852,"contactSatisfaction_count":577,"autonomy_count":4871}}
