{"data":{"satisfaction":7.137069547602971,"comprehension":7.368261397122551,"contact":5.105124835742444,"contact_reachability":0.6857887874837028,"contact_satisfaction":7.471153846153846,"autonomy":6.9361702127659575},"metadata":{"satisfaction_count":5924,"comprehension_count":5769,"contact_count":761,"contactReachability_count":767,"contactSatisfaction_count":520,"autonomy_count":5640}}
