{"data":{"satisfaction":6.954365079365079,"comprehension":7.235477178423237,"contact":5.266666666666667,"contact_reachability":0.7168141592920354,"contact_satisfaction":7.3602484472049685,"autonomy":6.799163179916318},"metadata":{"satisfaction_count":1512,"comprehension_count":1446,"contact_count":225,"contactReachability_count":226,"contactSatisfaction_count":161,"autonomy_count":1434}}
