{"data":{"satisfaction":7.097980553477936,"comprehension":7.334742505764797,"contact":4.987046632124352,"contact_reachability":0.6717948717948717,"contact_satisfaction":7.461240310077519,"autonomy":6.800947867298579},"metadata":{"satisfaction_count":1337,"comprehension_count":1301,"contact_count":193,"contactReachability_count":195,"contactSatisfaction_count":129,"autonomy_count":1266}}
