{"data":{"satisfaction":6.823198876179009,"comprehension":8.323854490825196,"contact":4.681908548707754,"contact_reachability":0.691089108910891,"contact_satisfaction":6.786743515850144,"autonomy":6.676406135865595},"metadata":{"satisfaction_count":9966,"comprehension_count":9319,"contact_count":503,"contactReachability_count":505,"contactSatisfaction_count":347,"autonomy_count":2738}}
