{"data":{"satisfaction":6.768335684062059,"comprehension":8.052845528455284,"contact":4.764462809917355,"contact_reachability":0.6886326194398682,"contact_satisfaction":6.929086538461538,"autonomy":6.746843054720385},"metadata":{"satisfaction_count":8508,"comprehension_count":7995,"contact_count":605,"contactReachability_count":607,"contactSatisfaction_count":416,"autonomy_count":3326}}
