{"data":{"satisfaction":6.821860220704151,"comprehension":8.68788291354663,"contact":4.15,"autonomy":6.346704871060172},"metadata":{"satisfaction_count":9515,"comprehension_count":8814,"contact_count":150,"autonomy_count":698}}
