{"data":{"satisfaction":6.936454849498328,"comprehension":7.2082459818308875,"contact":5.413043478260869,"contact_reachability":0.7,"contact_satisfaction":7.732919254658385,"autonomy":6.72791519434629},"metadata":{"satisfaction_count":1495,"comprehension_count":1431,"contact_count":230,"contactReachability_count":230,"contactSatisfaction_count":161,"autonomy_count":1415}}
