{"data":{"satisfaction":8.743427970557308,"comprehension":8.709599614085866,"contact":6.624087591240876,"contact_reachability":7.697841726618705,"contact_satisfaction":8.642857142857142,"autonomy":4.435897435897436},"metadata":{"satisfaction_count":2853,"comprehension_count":2073,"contact_count":137,"autonomy_count":780}}
