{"data":{"satisfaction":9.046164290563476,"comprehension":8.43590831918506,"contact":6.317204301075269,"contact_reachability":0.7460732984293194,"contact_satisfaction":8.545454545454545,"autonomy":4.480457578646329},"metadata":{"satisfaction_count":2946,"comprehension_count":2356,"contact_count":372,"contactReachability_count":382,"contactSatisfaction_count":275,"autonomy_count":2098}}
