{"data":{"satisfaction":8.686440677966102,"comprehension":8.719477569562748,"contact":6.195652173913044,"contact_reachability":7.252747252747253,"contact_satisfaction":8.507462686567164,"autonomy":4.076305220883534},"metadata":{"satisfaction_count":2478,"comprehension_count":1761,"contact_count":92,"autonomy_count":498}}
