{"data":{"satisfaction":8.991596638655462,"comprehension":8.449612403100776,"contact":6.785714285714286,"contact_reachability":0.7532467532467533,"contact_satisfaction":9.008620689655173,"autonomy":4.7075208913649025},"metadata":{"satisfaction_count":476,"comprehension_count":387,"contact_count":77,"contactReachability_count":77,"contactSatisfaction_count":58,"autonomy_count":359}}
