{"data":{"satisfaction":8.910784664994626,"comprehension":8.568192656175489,"contact":6.441441441441442,"contact_reachability":7.7232142857142865,"contact_satisfaction":8.362573099415204,"autonomy":4.385150812064965},"metadata":{"satisfaction_count":2791,"comprehension_count":2097,"contact_count":222,"autonomy_count":1293}}
