{"data":{"satisfaction":9.036505086774387,"comprehension":8.475901398086828,"contact":6.537037037037037,"contact_reachability":0.7785888077858881,"contact_satisfaction":8.431528662420382,"autonomy":4.477854530678586},"metadata":{"satisfaction_count":3342,"comprehension_count":2718,"contact_count":405,"contactReachability_count":411,"contactSatisfaction_count":314,"autonomy_count":2461}}
