{"data":{"satisfaction":9.03175057208238,"comprehension":8.471539002108223,"contact":6.4618138424821,"contact_reachability":0.7694117647058824,"contact_satisfaction":8.434579439252337,"autonomy":4.483558994197292},"metadata":{"satisfaction_count":3496,"comprehension_count":2846,"contact_count":419,"contactReachability_count":425,"contactSatisfaction_count":321,"autonomy_count":2585}}
