{"data":{"satisfaction":9.074074074074074,"comprehension":8.569182389937106,"contact":6.725543478260869,"contact_reachability":0.8097826086956522,"contact_satisfaction":8.305369127516778,"autonomy":4.482758620689655},"metadata":{"satisfaction_count":1566,"comprehension_count":1272,"contact_count":184,"contactReachability_count":184,"contactSatisfaction_count":149,"autonomy_count":1131}}
