{"data":{"satisfaction":8.901198692335633,"comprehension":8.575229801644896,"contact":6.383720930232558,"contact_reachability":7.649769585253456,"contact_satisfaction":8.36890243902439,"autonomy":4.395256916996048},"metadata":{"satisfaction_count":2753,"comprehension_count":2067,"contact_count":215,"autonomy_count":1265}}
