{"data":{"satisfaction":8.926666666666666,"comprehension":8.27861952861953,"contact":5.693069306930693,"contact_reachability":0.6915887850467289,"contact_satisfaction":8.455882352941176,"autonomy":4.385321100917431},"metadata":{"satisfaction_count":750,"comprehension_count":594,"contact_count":101,"contactReachability_count":107,"contactSatisfaction_count":68,"autonomy_count":545}}
