{"data":{"satisfaction":8.993561504574721,"comprehension":8.49740932642487,"contact":6.167711598746082,"contact_reachability":0.7400611620795107,"contact_satisfaction":8.408119658119658,"autonomy":4.464382816748233},"metadata":{"satisfaction_count":2951,"comprehension_count":2316,"contact_count":319,"contactReachability_count":327,"contactSatisfaction_count":234,"autonomy_count":1839}}
