{"data":{"satisfaction":9.110726643598616,"comprehension":8.582408198121264,"contact":6.700581395348837,"contact_reachability":0.8081395348837209,"contact_satisfaction":8.29136690647482,"autonomy":4.501915708812261},"metadata":{"satisfaction_count":1445,"comprehension_count":1171,"contact_count":172,"contactReachability_count":172,"contactSatisfaction_count":139,"autonomy_count":1044}}
