{"data":{"satisfaction":8.921438082556591,"comprehension":8.27861952861953,"contact":5.693069306930693,"contact_reachability":0.6915887850467289,"contact_satisfaction":8.455882352941176,"autonomy":4.411764705882353},"metadata":{"satisfaction_count":751,"comprehension_count":594,"contact_count":101,"contactReachability_count":107,"contactSatisfaction_count":68,"autonomy_count":544}}
