{"data":{"satisfaction":9.01883830455259,"comprehension":8.487103174603174,"contact":6.517857142857143,"contact_reachability":0.7528089887640449,"contact_satisfaction":8.830645161290322,"autonomy":4.525386313465783},"metadata":{"satisfaction_count":637,"comprehension_count":504,"contact_count":84,"contactReachability_count":89,"contactSatisfaction_count":62,"autonomy_count":453}}
