{"data":{"satisfaction":8.909774436090226,"comprehension":8.560709413369713,"contact":6.275720164609053,"contact_reachability":0.7479674796747967,"contact_satisfaction":8.425414364640885,"autonomy":4.366906474820144},"metadata":{"satisfaction_count":2926,"comprehension_count":2199,"contact_count":243,"contactReachability_count":246,"contactSatisfaction_count":181,"autonomy_count":1390}}
