{"data":{"satisfaction":8.989247311827956,"comprehension":8.399470899470899,"contact":7.105263157894737,"contact_reachability":0.7894736842105263,"contact_satisfaction":9,"autonomy":4.632768361581921},"metadata":{"satisfaction_count":465,"comprehension_count":378,"contact_count":76,"contactReachability_count":76,"contactSatisfaction_count":60,"autonomy_count":354}}
