{"data":{"satisfaction":9.028788881535407,"comprehension":8.424968995452666,"contact":6.3565891472868215,"contact_reachability":0.7481108312342569,"contact_satisfaction":8.571428571428571,"autonomy":4.465030106530802},"metadata":{"satisfaction_count":3022,"comprehension_count":2419,"contact_count":387,"contactReachability_count":397,"contactSatisfaction_count":287,"autonomy_count":2159}}
