{"data":{"satisfaction":9.049061175045427,"comprehension":8.472584856396868,"contact":6.56015037593985,"contact_reachability":0.7777777777777778,"contact_satisfaction":8.470873786407767,"autonomy":4.476935749588138},"metadata":{"satisfaction_count":3302,"comprehension_count":2681,"contact_count":399,"contactReachability_count":405,"contactSatisfaction_count":309,"autonomy_count":2428}}
