{"data":{"satisfaction":9.109717868338558,"comprehension":8.473746081504702,"contact":6.346153846153846,"contact_reachability":7.66497461928934,"contact_satisfaction":8.305369127516778,"autonomy":4.389380530973451},"metadata":{"satisfaction_count":1595,"comprehension_count":1276,"contact_count":195,"autonomy_count":1130}}
