{"data":{"satisfaction":9.100197758734344,"comprehension":8.576923076923077,"contact":6.708333333333333,"contact_reachability":0.8055555555555556,"contact_satisfaction":8.327586206896552,"autonomy":4.5040946314831665},"metadata":{"satisfaction_count":1517,"comprehension_count":1235,"contact_count":180,"contactReachability_count":180,"contactSatisfaction_count":145,"autonomy_count":1099}}
