{"data":{"satisfaction":9.049079754601227,"comprehension":8.436034115138593,"contact":6.317204301075269,"contact_reachability":0.7460732984293194,"contact_satisfaction":8.545454545454545,"autonomy":4.478468899521531},"metadata":{"satisfaction_count":2934,"comprehension_count":2345,"contact_count":372,"contactReachability_count":382,"contactSatisfaction_count":275,"autonomy_count":2090}}
