{"data":{"satisfaction":8.914541695382495,"comprehension":8.561126373626374,"contact":6.3125,"contact_reachability":0.7530864197530864,"contact_satisfaction":8.416666666666666,"autonomy":4.363636363636363},"metadata":{"satisfaction_count":2902,"comprehension_count":2184,"contact_count":240,"contactReachability_count":243,"contactSatisfaction_count":180,"autonomy_count":1375}}
