{"data":{"satisfaction":9.046811397557667,"comprehension":8.437234944868532,"contact":6.317204301075269,"contact_reachability":0.7460732984293194,"contact_satisfaction":8.545454545454545,"autonomy":4.485714285714286},"metadata":{"satisfaction_count":2948,"comprehension_count":2358,"contact_count":372,"contactReachability_count":382,"contactSatisfaction_count":275,"autonomy_count":2100}}
