{"data":{"satisfaction":9.136926438455935,"comprehension":8.592908438061041,"contact":6.641566265060241,"contact_reachability":0.8072289156626506,"contact_satisfaction":8.227611940298507,"autonomy":4.539007092198582},"metadata":{"satisfaction_count":1373,"comprehension_count":1114,"contact_count":166,"contactReachability_count":166,"contactSatisfaction_count":134,"autonomy_count":987}}
