{"data":{"satisfaction":8.995771670190274,"comprehension":8.424479166666666,"contact":6.785714285714286,"contact_reachability":0.7532467532467533,"contact_satisfaction":9.008620689655173,"autonomy":4.705882352941177},"metadata":{"satisfaction_count":473,"comprehension_count":384,"contact_count":77,"contactReachability_count":77,"contactSatisfaction_count":58,"autonomy_count":357}}
