{"data":{"satisfaction":9.052757793764988,"comprehension":8.439374464438732,"contact":6.3493150684931505,"contact_reachability":0.7533512064343163,"contact_satisfaction":8.489010989010989,"autonomy":4.497354497354498},"metadata":{"satisfaction_count":2919,"comprehension_count":2334,"contact_count":365,"contactReachability_count":373,"contactSatisfaction_count":273,"autonomy_count":2079}}
