{"data":{"satisfaction":9.041745730550284,"comprehension":8.492990654205608,"contact":6.295180722891566,"contact_reachability":0.6987951807228916,"contact_satisfaction":9.008620689655173,"autonomy":4.768041237113402},"metadata":{"satisfaction_count":527,"comprehension_count":428,"contact_count":83,"contactReachability_count":83,"contactSatisfaction_count":58,"autonomy_count":388}}
