{
  "data": {
    "satisfaction": 8.55142703284868,
    "comprehension": 8.811410459587956,
    "contact": 5.2272727272727275,
    "autonomy": 4.225352112676056
  },
  "metadata": {
    "satisfaction_count": 1857,
    "comprehension_count": 1262,
    "contact_count": 11,
    "autonomy_count": 71
  }
}
