{"data":{"satisfaction":8.612933458294282,"comprehension":8.761744966442953,"contact":5.813953488372093,"contact_reachability":7.209302325581395,"contact_satisfaction":8.064516129032258,"autonomy":4.0754716981132075},"metadata":{"satisfaction_count":2134,"comprehension_count":1490,"contact_count":43,"autonomy_count":265}}
