{"data":{"satisfaction":9.07717041800643,"comprehension":8.574821852731592,"contact":6.743243243243243,"contact_reachability":0.8108108108108109,"contact_satisfaction":8.316666666666666,"autonomy":4.47415329768271},"metadata":{"satisfaction_count":1555,"comprehension_count":1263,"contact_count":185,"contactReachability_count":185,"contactSatisfaction_count":150,"autonomy_count":1122}}
