{"data":{"satisfaction":8.958333333333334,"comprehension":8.394736842105264,"contact":6.196808510638298,"contact_reachability":0.7171717171717171,"contact_satisfaction":8.825757575757576,"autonomy":4.658869395711501},"metadata":{"satisfaction_count":720,"comprehension_count":570,"contact_count":94,"contactReachability_count":99,"contactSatisfaction_count":66,"autonomy_count":513}}
