{"data":{"satisfaction":8.907435508345978,"comprehension":8.538461538461538,"contact":5.079365079365079,"contact_reachability":0.6857142857142857,"contact_satisfaction":7.804878048780488,"autonomy":4.925690021231422},"metadata":{"satisfaction_count":659,"comprehension_count":520,"contact_count":63,"contactReachability_count":70,"contactSatisfaction_count":41,"autonomy_count":471}}
