{"data":{"satisfaction":9.092387768379961,"comprehension":8.581135091926459,"contact":6.726519337016574,"contact_reachability":0.8066298342541437,"contact_satisfaction":8.33904109589041,"autonomy":4.488330341113106},"metadata":{"satisfaction_count":1537,"comprehension_count":1251,"contact_count":181,"contactReachability_count":181,"contactSatisfaction_count":146,"autonomy_count":1114}}
