{"data":{"satisfaction":8.973463687150838,"comprehension":8.408289241622574,"contact":6.25,"contact_reachability":0.7263157894736842,"contact_satisfaction":8.7890625,"autonomy":4.607843137254902},"metadata":{"satisfaction_count":716,"comprehension_count":567,"contact_count":90,"contactReachability_count":95,"contactSatisfaction_count":64,"autonomy_count":510}}
