{"data":{"satisfaction":9.035314384151594,"comprehension":8.474232262619132,"contact":6.5556900726392255,"contact_reachability":0.7780429594272077,"contact_satisfaction":8.4609375,"autonomy":4.481150408083948},"metadata":{"satisfaction_count":3483,"comprehension_count":2833,"contact_count":413,"contactReachability_count":419,"contactSatisfaction_count":320,"autonomy_count":2573}}
