{"data":{"satisfaction":9.074303405572756,"comprehension":8.548325722983257,"contact":6.705729166666667,"contact_reachability":0.8072916666666666,"contact_satisfaction":8.306451612903226,"autonomy":4.434931506849315},"metadata":{"satisfaction_count":1615,"comprehension_count":1314,"contact_count":192,"contactReachability_count":192,"contactSatisfaction_count":155,"autonomy_count":1168}}
