{"data":{"satisfaction":8.942307692307692,"comprehension":8.344594594594595,"contact":6.141304347826087,"contact_reachability":0.7608695652173914,"contact_satisfaction":8.071428571428571,"autonomy":4.281609195402299},"metadata":{"satisfaction_count":884,"comprehension_count":740,"contact_count":92,"contactReachability_count":92,"contactSatisfaction_count":70,"autonomy_count":696}}
