{"data":{"satisfaction":8.995703544575726,"comprehension":8.493369913122999,"contact":6.284246575342466,"contact_reachability":0.76,"contact_satisfaction":8.340909090909092,"autonomy":4.420625724217845},"metadata":{"satisfaction_count":2793,"comprehension_count":2187,"contact_count":292,"contactReachability_count":300,"contactSatisfaction_count":220,"autonomy_count":1726}}
