{"data":{"satisfaction":9.048856548856548,"comprehension":8.354221635883905,"contact":5.882352941176471,"contact_reachability":0.725,"contact_satisfaction":8.13953488372093,"autonomy":4.3067846607669615},"metadata":{"satisfaction_count":962,"comprehension_count":758,"contact_count":119,"contactReachability_count":120,"contactSatisfaction_count":86,"autonomy_count":678}}
