{"data":{"satisfaction":8.94306049822064,"comprehension":8.370593293207223,"contact":6.402877697841727,"contact_reachability":0.7769784172661871,"contact_satisfaction":8.24074074074074,"autonomy":4.370922646784716},"metadata":{"satisfaction_count":1405,"comprehension_count":1163,"contact_count":139,"contactReachability_count":139,"contactSatisfaction_count":108,"autonomy_count":1073}}
