{"data":{"satisfaction":9.035518336702282,"comprehension":8.47764371894961,"contact":6.547330097087379,"contact_reachability":0.777511961722488,"contact_satisfaction":8.456112852664576,"autonomy":4.48828125},"metadata":{"satisfaction_count":3463,"comprehension_count":2818,"contact_count":412,"contactReachability_count":418,"contactSatisfaction_count":319,"autonomy_count":2560}}
