{"data":{"satisfaction":9.05940594059406,"comprehension":8.411399548532732,"contact":6.146616541353383,"contact_reachability":0.7481481481481481,"contact_satisfaction":8.257575757575758,"autonomy":4.49748743718593},"metadata":{"satisfaction_count":1111,"comprehension_count":886,"contact_count":133,"contactReachability_count":135,"contactSatisfaction_count":99,"autonomy_count":796}}
