{"data":{"satisfaction":8.917241379310346,"comprehension":8.373913043478261,"contact":5.447368421052632,"contact_reachability":0.6633663366336634,"contact_satisfaction":8.48360655737705,"autonomy":4.7036328871892925},"metadata":{"satisfaction_count":725,"comprehension_count":575,"contact_count":95,"contactReachability_count":101,"contactSatisfaction_count":61,"autonomy_count":523}}
