{"data":{"satisfaction":8.995535714285714,"comprehension":8.492115637319317,"contact":6.162974683544304,"contact_reachability":0.7407407407407407,"contact_satisfaction":8.394396551724139,"autonomy":4.430939226519337},"metadata":{"satisfaction_count":2912,"comprehension_count":2283,"contact_count":316,"contactReachability_count":324,"contactSatisfaction_count":232,"autonomy_count":1810}}
