{"data":{"satisfaction":9.036737055250217,"comprehension":8.477951635846372,"contact":6.5632603406326036,"contact_reachability":0.7793764988009593,"contact_satisfaction":8.456112852664576,"autonomy":4.4909945184025055},"metadata":{"satisfaction_count":3457,"comprehension_count":2812,"contact_count":411,"contactReachability_count":417,"contactSatisfaction_count":319,"autonomy_count":2554}}
