{"data":{"satisfaction":9.102136181575434,"comprehension":8.581967213114755,"contact":6.757142857142857,"contact_reachability":0.8114285714285714,"contact_satisfaction":8.327464788732394,"autonomy":4.512867647058823},"metadata":{"satisfaction_count":1498,"comprehension_count":1220,"contact_count":175,"contactReachability_count":175,"contactSatisfaction_count":142,"autonomy_count":1088}}
