{"data":{"satisfaction":8.673728813559322,"comprehension":8.748502994011975,"contact":6.052631578947368,"contact_reachability":7.236842105263158,"contact_satisfaction":8.363636363636363,"autonomy":4.106280193236715},"metadata":{"satisfaction_count":2360,"comprehension_count":1670,"contact_count":76,"autonomy_count":414}}
