{"data":{"satisfaction":8.708821233411397,"comprehension":9.518906590864018,"contact":5.646551724137931,"contact_reachability":0.8205128205128205,"contact_satisfaction":6.894736842105263,"autonomy":7.802840434419382},"metadata":{"satisfaction_count":51240,"comprehension_count":45381,"contact_count":116,"contactReachability_count":117,"contactSatisfaction_count":95,"autonomy_count":1197}}
