{"data":{"satisfaction":8.761682242990654,"comprehension":8.992537313432836,"contact":5.909090909090909,"contact_reachability":1,"contact_satisfaction":5.909090909090909,"autonomy":8.693467336683417},"metadata":{"satisfaction_count":214,"comprehension_count":201,"contact_count":11,"contactReachability_count":11,"contactSatisfaction_count":11,"autonomy_count":199}}
