{"data":{"satisfaction":8.708594405730905,"comprehension":9.518942566227356,"contact":5.646551724137931,"contact_reachability":0.8205128205128205,"contact_satisfaction":6.894736842105263,"autonomy":7.7899159663865545},"metadata":{"satisfaction_count":51231,"comprehension_count":45374,"contact_count":116,"contactReachability_count":117,"contactSatisfaction_count":95,"autonomy_count":1190}}
