{"data":{"satisfaction":8.928571428571429,"comprehension":9.239926739926739,"contact":7.291666666666667,"contact_reachability":0.9230769230769231,"contact_satisfaction":7.954545454545454,"autonomy":8.566176470588236},"metadata":{"satisfaction_count":294,"comprehension_count":273,"contact_count":12,"contactReachability_count":13,"contactSatisfaction_count":11,"autonomy_count":272}}
