{"data":{"satisfaction":8.699748120822672,"comprehension":9.512395861327601,"contact":5.737704918032787,"contact_reachability":0.8211382113821138,"contact_satisfaction":7,"autonomy":7.837423312883436},"metadata":{"satisfaction_count":50421,"comprehension_count":44652,"contact_count":122,"contactReachability_count":123,"contactSatisfaction_count":100,"autonomy_count":1304}}
