{"data":{"satisfaction":8.708670023812312,"comprehension":9.518963769393512,"contact":5.646551724137931,"contact_reachability":0.8205128205128205,"contact_satisfaction":6.894736842105263,"autonomy":7.793624161073826},"metadata":{"satisfaction_count":51234,"comprehension_count":45376,"contact_count":116,"contactReachability_count":117,"contactSatisfaction_count":95,"autonomy_count":1192}}
