{"data":{"satisfaction":8.699696542969912,"comprehension":9.512430011198209,"contact":5.737704918032787,"contact_reachability":0.8211382113821138,"contact_satisfaction":7,"autonomy":7.8341013824884795},"metadata":{"satisfaction_count":50419,"comprehension_count":44650,"contact_count":122,"contactReachability_count":123,"contactSatisfaction_count":100,"autonomy_count":1302}}
