{"data":{"satisfaction":8.991329479768787,"comprehension":9.00555898702903,"contact":5.394736842105263,"contact_reachability":0.7051282051282052,"contact_satisfaction":7.735849056603773,"autonomy":8.280175109443402},"metadata":{"satisfaction_count":1730,"comprehension_count":1619,"contact_count":76,"contactReachability_count":78,"contactSatisfaction_count":53,"autonomy_count":1599}}
