{"data":{"satisfaction":8.327834693523181,"comprehension":9.308510638297872,"contact":4.574468085106383,"contact_reachability":0.625,"contact_satisfaction":7.413793103448276,"autonomy":6.961651917404129},"metadata":{"satisfaction_count":5759,"comprehension_count":5076,"contact_count":47,"contactReachability_count":48,"contactSatisfaction_count":29,"autonomy_count":339}}
