{"data":{"satisfaction":8.325187641822307,"comprehension":9.312599049128368,"contact":4.555555555555555,"contact_reachability":0.6086956521739131,"contact_satisfaction":7.592592592592593,"autonomy":6.84887459807074},"metadata":{"satisfaction_count":5729,"comprehension_count":5048,"contact_count":45,"contactReachability_count":46,"contactSatisfaction_count":27,"autonomy_count":311}}
