{"data":{"satisfaction":8.857142857142858,"comprehension":8.819018404907975,"contact":6.666666666666667,"contact_reachability":0.875,"contact_satisfaction":7.619047619047619,"autonomy":7.788161993769471},"metadata":{"satisfaction_count":350,"comprehension_count":326,"contact_count":24,"contactReachability_count":24,"contactSatisfaction_count":21,"autonomy_count":321}}
