{"data":{"satisfaction":8.272036926742109,"comprehension":9.349217039905708,"contact":4.054054054054054,"contact_reachability":5.7894736842105265,"contact_satisfaction":7.142857142857143,"autonomy":7.014388489208633},"metadata":{"satisfaction_count":6716,"comprehension_count":5939,"contact_count":37,"autonomy_count":278}}
