{"data":{"satisfaction":8.245703466355957,"comprehension":9.35974604221636,"contact":3.888888888888889,"autonomy":6.863636363636363},"metadata":{"satisfaction_count":6866,"comprehension_count":6064,"contact_count":27,"autonomy_count":220}}
