{"data":{"satisfaction":7.282051282051282,"comprehension":8.04093567251462,"contact":4.528301886792453,"contact_reachability":0.6481481481481481,"contact_satisfaction":7.0588235294117645,"autonomy":6.984126984126984},"metadata":{"satisfaction_count":585,"comprehension_count":513,"contact_count":53,"contactReachability_count":54,"contactSatisfaction_count":34,"autonomy_count":378}}
