{"data":{"satisfaction":8.214285714285714,"comprehension":8.03191489361702,"contact":6.666666666666667,"contact_reachability":0.7777777777777778,"contact_satisfaction":8.571428571428571,"autonomy":6.041666666666667},"metadata":{"satisfaction_count":56,"comprehension_count":47,"contact_count":9,"contactReachability_count":9,"contactSatisfaction_count":7,"autonomy_count":48}}
