{"data":{"satisfaction":8.771929824561404,"comprehension":8.30188679245283,"contact":4.285714285714286,"contact_reachability":0.8571428571428571,"contact_satisfaction":5,"autonomy":7.450980392156863},"metadata":{"satisfaction_count":57,"comprehension_count":53,"contact_count":7,"contactReachability_count":7,"contactSatisfaction_count":6,"autonomy_count":51}}
