{"data":{"satisfaction":8.325760223698008,"comprehension":9.315883402736466,"contact":4.166666666666667,"contact_reachability":0.5813953488372093,"contact_satisfaction":7.291666666666667,"autonomy":6.895424836601308},"metadata":{"satisfaction_count":5722,"comprehension_count":5043,"contact_count":42,"contactReachability_count":43,"contactSatisfaction_count":24,"autonomy_count":306}}
