{"data":{"satisfaction":9.00900900900901,"comprehension":9.114832535885167,"contact":6.607142857142857,"contact_reachability":0.7857142857142857,"contact_satisfaction":8.409090909090908,"autonomy":8.390243902439025},"metadata":{"satisfaction_count":222,"comprehension_count":209,"contact_count":14,"contactReachability_count":14,"contactSatisfaction_count":11,"autonomy_count":205}}
