{"data":{"satisfaction":5.126262626262626,"comprehension":4.866863905325443,"contact":3.287037037037037,"contact_reachability":0.6111111111111112,"contact_satisfaction":5.378787878787879,"autonomy":5.666666666666667},"metadata":{"satisfaction_count":198,"comprehension_count":169,"contact_count":54,"contactReachability_count":54,"contactSatisfaction_count":33,"autonomy_count":150}}
