{"data":{"satisfaction":5.2813852813852815,"comprehension":4.809782608695652,"contact":3.3771929824561404,"contact_reachability":0.543859649122807,"contact_satisfaction":6.209677419354839,"autonomy":5.9880239520958085},"metadata":{"satisfaction_count":231,"comprehension_count":184,"contact_count":57,"contactReachability_count":57,"contactSatisfaction_count":31,"autonomy_count":167}}
