{"data":{"satisfaction":3.831360946745562,"comprehension":4.227430555555555,"contact":3.2228915662650603,"contact_reachability":0.5421686746987951,"contact_satisfaction":5.944444444444445,"autonomy":5.357142857142857},"metadata":{"satisfaction_count":338,"comprehension_count":288,"contact_count":83,"contactReachability_count":83,"contactSatisfaction_count":45,"autonomy_count":252}}
