{"data":{"satisfaction":6.27906976744186,"comprehension":6.013513513513513,"contact":4.5588235294117645,"contact_reachability":0.7647058823529411,"contact_satisfaction":5.961538461538462,"autonomy":6.461538461538462},"metadata":{"satisfaction_count":86,"comprehension_count":74,"contact_count":17,"contactReachability_count":17,"contactSatisfaction_count":13,"autonomy_count":65}}
