{"data":{"satisfaction":5.336134453781512,"comprehension":4.934895833333333,"contact":3.6206896551724137,"contact_reachability":0.5172413793103449,"contact_satisfaction":7,"autonomy":6.01123595505618},"metadata":{"satisfaction_count":238,"comprehension_count":192,"contact_count":58,"contactReachability_count":58,"contactSatisfaction_count":30,"autonomy_count":178}}
