{"data":{"satisfaction":5.4731457800511505,"comprehension":5.062111801242236,"contact":3.6315789473684212,"contact_reachability":0.5789473684210527,"contact_satisfaction":6.2727272727272725,"autonomy":6.061643835616438},"metadata":{"satisfaction_count":391,"comprehension_count":322,"contact_count":95,"contactReachability_count":95,"contactSatisfaction_count":55,"autonomy_count":292}}
