{"data":{"satisfaction":5.181347150259067,"comprehension":4.925149700598802,"contact":3.6538461538461537,"contact_reachability":0.6538461538461539,"contact_satisfaction":5.588235294117647,"autonomy":5.714285714285714},"metadata":{"satisfaction_count":193,"comprehension_count":167,"contact_count":52,"contactReachability_count":52,"contactSatisfaction_count":34,"autonomy_count":147}}
