{"data":{"satisfaction":5.282258064516129,"comprehension":4.836683417085427,"contact":3.6206896551724137,"contact_reachability":0.5,"contact_satisfaction":7.241379310344827,"autonomy":5.911602209944752},"metadata":{"satisfaction_count":248,"comprehension_count":199,"contact_count":58,"contactReachability_count":58,"contactSatisfaction_count":29,"autonomy_count":181}}
