{"data":{"satisfaction":5.336322869955157,"comprehension":4.883561643835616,"contact":3.705357142857143,"contact_reachability":0.5892857142857143,"contact_satisfaction":6.287878787878788,"autonomy":5.666666666666667},"metadata":{"satisfaction_count":446,"comprehension_count":365,"contact_count":112,"contactReachability_count":112,"contactSatisfaction_count":66,"autonomy_count":330}}
