{"data":{"satisfaction":5.483870967741935,"comprehension":4.85969387755102,"contact":3.9285714285714284,"contact_reachability":0.5535714285714286,"contact_satisfaction":7.096774193548387,"autonomy":5.722222222222222},"metadata":{"satisfaction_count":248,"comprehension_count":196,"contact_count":56,"contactReachability_count":56,"contactSatisfaction_count":31,"autonomy_count":180}}
