{"data":{"satisfaction":4.527750730282376,"comprehension":4.549180327868853,"contact":3.0225409836065573,"contact_reachability":0.5122950819672131,"contact_satisfaction":5.9,"autonomy":5.676392572944297},"metadata":{"satisfaction_count":1027,"comprehension_count":854,"contact_count":244,"contactReachability_count":244,"contactSatisfaction_count":125,"autonomy_count":754}}
