{"data":{"satisfaction":4.491362763915547,"comprehension":4.53757225433526,"contact":3.0434782608695654,"contact_reachability":0.5217391304347826,"contact_satisfaction":5.833333333333333,"autonomy":5.647058823529412},"metadata":{"satisfaction_count":1042,"comprehension_count":865,"contact_count":253,"contactReachability_count":253,"contactSatisfaction_count":132,"autonomy_count":765}}
