{"data":{"satisfaction":5.0495049504950495,"comprehension":4.779411764705882,"contact":3.2203389830508473,"contact_reachability":0.5932203389830508,"contact_satisfaction":5.428571428571429,"autonomy":5.490196078431373},"metadata":{"satisfaction_count":202,"comprehension_count":170,"contact_count":59,"contactReachability_count":59,"contactSatisfaction_count":35,"autonomy_count":153}}
