{"data":{"satisfaction":7.539449726886506,"comprehension":7.971435391470401,"contact":4.103139013452915,"contact_reachability":5.99562363238512,"contact_satisfaction":6.9581749049429655,"autonomy":6.752278376139188},"metadata":{"satisfaction_count":9886,"comprehension_count":6284,"contact_count":446,"autonomy_count":2414}}
