{"data":{"satisfaction":7.5456150676868745,"comprehension":7.113758647194466,"contact":3.6139896373056994,"contact_reachability":0.5422885572139303,"contact_satisfaction":6.905940594059406,"autonomy":6.510369702434626},"metadata":{"satisfaction_count":1699,"comprehension_count":1301,"contact_count":193,"contactReachability_count":201,"contactSatisfaction_count":101,"autonomy_count":1109}}
