{"data":{"satisfaction":7.52710843373494,"comprehension":7.955729166666667,"contact":4.0949227373068435,"contact_reachability":5.969827586206896,"contact_satisfaction":6.973684210526316,"autonomy":6.741253051261188},"metadata":{"satisfaction_count":9960,"comprehension_count":6336,"contact_count":453,"autonomy_count":2458}}
