{"data":{"satisfaction":7.3970497848801475,"comprehension":6.637372802960222,"contact":3.698830409356725,"contact_reachability":0.574585635359116,"contact_satisfaction":6.7287234042553195,"autonomy":6.181630546955624},"metadata":{"satisfaction_count":1627,"comprehension_count":1081,"contact_count":171,"contactReachability_count":181,"contactSatisfaction_count":94,"autonomy_count":969}}
