{"data":{"satisfaction":7.611618340523728,"comprehension":8.315368283521149,"contact":4.76010101010101,"contact_reachability":6.519607843137255,"contact_satisfaction":7.421259842519685,"autonomy":7.215189873417722},"metadata":{"satisfaction_count":9967,"comprehension_count":6123,"contact_count":198,"autonomy_count":1343}}
