{"data":{"satisfaction":7.563437139561707,"comprehension":6.9976171564733916,"contact":3.7357954545454546,"contact_reachability":0.6195652173913043,"contact_satisfaction":6.202830188679245,"autonomy":6.7560073937153415},"metadata":{"satisfaction_count":1734,"comprehension_count":1259,"contact_count":176,"contactReachability_count":184,"contactSatisfaction_count":106,"autonomy_count":1082}}
