{"data":{"satisfaction":7.565789473684211,"comprehension":6.988591660110149,"contact":3.736111111111111,"contact_reachability":0.6170212765957447,"contact_satisfaction":6.226851851851852,"autonomy":6.745886654478976},"metadata":{"satisfaction_count":1748,"comprehension_count":1271,"contact_count":180,"contactReachability_count":188,"contactSatisfaction_count":108,"autonomy_count":1094}}
