{"data":{"satisfaction":7.537297640461327,"comprehension":8.013098615050893,"contact":4.0852130325814535,"contact_reachability":6,"contact_satisfaction":6.877637130801688,"autonomy":6.8399071925754065},"metadata":{"satisfaction_count":9451,"comprehension_count":5993,"contact_count":399,"autonomy_count":2155}}
