{"data":{"satisfaction":7.575095576187875,"comprehension":6.982116244411326,"contact":3.389423076923077,"contact_reachability":0.5806451612903226,"contact_satisfaction":6.0256410256410255,"autonomy":6.428571428571429},"metadata":{"satisfaction_count":1831,"comprehension_count":1342,"contact_count":208,"contactReachability_count":217,"contactSatisfaction_count":117,"autonomy_count":1148}}
