{"data":{"satisfaction":7.578346028291621,"comprehension":8.412320143884893,"contact":4.689922480620155,"autonomy":7.194835680751174},"metadata":{"satisfaction_count":9190,"comprehension_count":5560,"contact_count":129,"autonomy_count":852}}
