{"data":{"satisfaction":7.135211267605634,"comprehension":6.941624365482234,"contact":3.447867298578199,"contact_reachability":0.5277777777777778,"contact_satisfaction":6.674311926605505,"autonomy":6.272340425531915},"metadata":{"satisfaction_count":1775,"comprehension_count":1379,"contact_count":211,"contactReachability_count":216,"contactSatisfaction_count":109,"autonomy_count":1175}}
