{"data":{"satisfaction":7.426203286316708,"comprehension":6.9572918716788035,"contact":3.494208494208494,"contact_reachability":0.5558312655086849,"contact_satisfaction":6.479713603818616,"autonomy":6.4829636405213815},"metadata":{"satisfaction_count":6877,"comprehension_count":5081,"contact_count":777,"contactReachability_count":806,"contactSatisfaction_count":419,"autonomy_count":4373}}
