{"data":{"satisfaction":7.597613882863341,"comprehension":7.030672579453067,"contact":4.04228855721393,"contact_reachability":0.5845410628019324,"contact_satisfaction":7.065217391304348,"autonomy":6.771186440677966},"metadata":{"satisfaction_count":1844,"comprehension_count":1353,"contact_count":201,"contactReachability_count":207,"contactSatisfaction_count":115,"autonomy_count":1180}}
