{"data":{"satisfaction":7.58893280632411,"comprehension":6.984953703703703,"contact":3.7225274725274726,"contact_reachability":0.6105263157894737,"contact_satisfaction":6.273148148148148,"autonomy":6.714158504007123},"metadata":{"satisfaction_count":1771,"comprehension_count":1296,"contact_count":182,"contactReachability_count":190,"contactSatisfaction_count":108,"autonomy_count":1123}}
