{"data":{"satisfaction":6.703412073490814,"comprehension":6.6541635408852216,"contact":3.2954545454545454,"contact_reachability":0.5201612903225806,"contact_satisfaction":6.483739837398374,"autonomy":6.2772449869224065},"metadata":{"satisfaction_count":1905,"comprehension_count":1333,"contact_count":242,"contactReachability_count":248,"contactSatisfaction_count":123,"autonomy_count":1147}}
