{"data":{"satisfaction":7.418823881490349,"comprehension":6.953061638280617,"contact":3.507412398921833,"contact_reachability":0.5558441558441558,"contact_satisfaction":6.50625,"autonomy":6.514473993880913},"metadata":{"satisfaction_count":6683,"comprehension_count":4932,"contact_count":742,"contactReachability_count":770,"contactSatisfaction_count":400,"autonomy_count":4249}}
