{"data":{"satisfaction":7.485743908761016,"comprehension":7.565145293746052,"contact":3.8343799058084773,"contact_reachability":0.5788667687595712,"contact_satisfaction":6.747237569060774,"autonomy":6.642003414911781},"metadata":{"satisfaction_count":9645,"comprehension_count":6332,"contact_count":637,"contactReachability_count":653,"contactSatisfaction_count":362,"autonomy_count":3514}}
