{"data":{"satisfaction":7.436366193221769,"comprehension":7.046128012643224,"contact":3.839974293059126,"contact_reachability":0.5703703703703704,"contact_satisfaction":6.9476744186046515,"autonomy":6.649496605010536},"metadata":{"satisfaction_count":7111,"comprehension_count":5062,"contact_count":778,"contactReachability_count":810,"contactSatisfaction_count":430,"autonomy_count":4271}}
