{"data":{"satisfaction":7.527625636590757,"comprehension":7.8920386007237635,"contact":4.091816367265469,"contact_reachability":0.5992217898832685,"contact_satisfaction":6.9491525423728815,"autonomy":6.727806309611152},"metadata":{"satisfaction_count":10407,"comprehension_count":6632,"contact_count":501,"contactReachability_count":514,"contactSatisfaction_count":295,"autonomy_count":2726}}
