{"data":{"satisfaction":7.36198243412798,"comprehension":6.677330895795246,"contact":3.2379518072289155,"contact_reachability":0.5502958579881657,"contact_satisfaction":5.972222222222222,"autonomy":6.3580246913580245},"metadata":{"satisfaction_count":1594,"comprehension_count":1094,"contact_count":166,"contactReachability_count":169,"contactSatisfaction_count":90,"autonomy_count":972}}
