{"data":{"satisfaction":7.377106741573034,"comprehension":6.912195121951219,"contact":3.203125,"contact_reachability":0.5304878048780488,"contact_satisfaction":6.174698795180723,"autonomy":6.373873873873874},"metadata":{"satisfaction_count":1424,"comprehension_count":1025,"contact_count":160,"contactReachability_count":164,"contactSatisfaction_count":83,"autonomy_count":888}}
