{"data":{"satisfaction":7.576388128353959,"comprehension":8.417360608254889,"contact":4.796747967479675,"autonomy":7.190184049079755},"metadata":{"satisfaction_count":9131,"comprehension_count":5524,"contact_count":123,"autonomy_count":815}}
