{"data":{"satisfaction":7.491571849978929,"comprehension":7.575293928168787,"contact":3.8632686084142396,"contact_reachability":0.582018927444795,"contact_satisfaction":6.763456090651558,"autonomy":6.655901350557839},"metadata":{"satisfaction_count":9492,"comprehension_count":6209,"contact_count":618,"contactReachability_count":634,"contactSatisfaction_count":353,"autonomy_count":3406}}
