{"data":{"satisfaction":7.557632398753894,"comprehension":7.109958506224066,"contact":3.3743169398907105,"contact_reachability":0.531578947368421,"contact_satisfaction":6.569148936170213,"autonomy":6.631067961165049},"metadata":{"satisfaction_count":1605,"comprehension_count":1205,"contact_count":183,"contactReachability_count":190,"contactSatisfaction_count":94,"autonomy_count":1030}}
