{"data":{"satisfaction":7.445558739255015,"comprehension":7.053966975432944,"contact":3.863337713534823,"contact_reachability":0.575031525851198,"contact_satisfaction":6.933962264150943,"autonomy":6.646036657938586},"metadata":{"satisfaction_count":6980,"comprehension_count":4966,"contact_count":761,"contactReachability_count":793,"contactSatisfaction_count":424,"autonomy_count":4201}}
