{"data":{"satisfaction":7.220943613348677,"comprehension":6.973586309523809,"contact":3.442211055276382,"contact_reachability":0.526829268292683,"contact_satisfaction":6.715686274509804,"autonomy":6.401746724890829},"metadata":{"satisfaction_count":1738,"comprehension_count":1344,"contact_count":199,"contactReachability_count":205,"contactSatisfaction_count":102,"autonomy_count":1145}}
