{"data":{"satisfaction":7.599145820622331,"comprehension":7.017651888341543,"contact":3.674698795180723,"contact_reachability":0.5647058823529412,"contact_satisfaction":6.630434782608695,"autonomy":6.497120921305182},"metadata":{"satisfaction_count":1639,"comprehension_count":1218,"contact_count":166,"contactReachability_count":170,"contactSatisfaction_count":92,"autonomy_count":1042}}
