{"data":{"satisfaction":7.229769639692853,"comprehension":6.739224137931035,"contact":3.6096938775510203,"contact_reachability":0.5643564356435643,"contact_satisfaction":6.550925925925926,"autonomy":6.321499013806706},"metadata":{"satisfaction_count":1693,"comprehension_count":1160,"contact_count":196,"contactReachability_count":202,"contactSatisfaction_count":108,"autonomy_count":1014}}
