{"data":{"satisfaction":7.577497129735936,"comprehension":6.998811410459588,"contact":3.836206896551724,"contact_reachability":0.6263736263736264,"contact_satisfaction":6.297169811320755,"autonomy":6.783088235294118},"metadata":{"satisfaction_count":1742,"comprehension_count":1262,"contact_count":174,"contactReachability_count":182,"contactSatisfaction_count":106,"autonomy_count":1088}}
