{"data":{"satisfaction":7.528927990819547,"comprehension":7.88848812744214,"contact":4.091816367265469,"contact_reachability":0.5992217898832685,"contact_satisfaction":6.9491525423728815,"autonomy":6.737072104879825},"metadata":{"satisfaction_count":10457,"comprehension_count":6654,"contact_count":501,"contactReachability_count":514,"contactSatisfaction_count":295,"autonomy_count":2746}}
