{"data":{"satisfaction":7.2167912593444505,"comprehension":6.961367013372957,"contact":3.442211055276382,"contact_reachability":0.526829268292683,"contact_satisfaction":6.715686274509804,"autonomy":6.390584132519616},"metadata":{"satisfaction_count":1739,"comprehension_count":1346,"contact_count":199,"contactReachability_count":205,"contactSatisfaction_count":102,"autonomy_count":1147}}
