{"data":{"satisfaction":7.4234803851128035,"comprehension":6.955676516329705,"contact":3.472045743329098,"contact_reachability":0.5526960784313726,"contact_satisfaction":6.475118483412322,"autonomy":6.482820976491863},"metadata":{"satisfaction_count":6959,"comprehension_count":5144,"contact_count":787,"contactReachability_count":816,"contactSatisfaction_count":422,"autonomy_count":4424}}
