{"data":{"satisfaction":7.135866436384571,"comprehension":6.707214765100671,"contact":3.5098522167487687,"contact_reachability":0.5502392344497608,"contact_satisfaction":6.536697247706422,"autonomy":6.323387872954764},"metadata":{"satisfaction_count":1737,"comprehension_count":1192,"contact_count":203,"contactReachability_count":209,"contactSatisfaction_count":109,"autonomy_count":1039}}
