{"data":{"satisfaction":7.378671775223499,"comprehension":6.7626728110599075,"contact":2.9559748427672954,"contact_reachability":0.5121951219512195,"contact_satisfaction":5.949367088607595,"autonomy":6.407563025210084},"metadata":{"satisfaction_count":1566,"comprehension_count":1085,"contact_count":159,"contactReachability_count":164,"contactSatisfaction_count":79,"autonomy_count":952}}
