{"data":{"satisfaction":7.393489707994256,"comprehension":6.9289422452952625,"contact":3.4913793103448274,"contact_reachability":0.5546334716459198,"contact_satisfaction":6.497326203208556,"autonomy":6.498620516679208},"metadata":{"satisfaction_count":6267,"comprehension_count":4623,"contact_count":696,"contactReachability_count":723,"contactSatisfaction_count":374,"autonomy_count":3987}}
