{"data":{"satisfaction":7.544824775876121,"comprehension":7.985877066281496,"contact":4.111617312072893,"contact_reachability":6.022222222222222,"contact_satisfaction":6.9423076923076925,"autonomy":6.759611322348965},"metadata":{"satisfaction_count":9816,"comprehension_count":6231,"contact_count":439,"autonomy_count":2367}}
