{"data":{"satisfaction":7.3797626483447845,"comprehension":6.824024822695035,"contact":3.136094674556213,"contact_reachability":0.5314285714285715,"contact_satisfaction":6.091954022988506,"autonomy":6.364562118126273},"metadata":{"satisfaction_count":1601,"comprehension_count":1128,"contact_count":169,"contactReachability_count":175,"contactSatisfaction_count":87,"autonomy_count":982}}
