{"data":{"satisfaction":7.367807153965785,"comprehension":7.009120171673819,"contact":3.1964285714285716,"contact_reachability":0.5277777777777778,"contact_satisfaction":6.215277777777778,"autonomy":6.45},"metadata":{"satisfaction_count":1286,"comprehension_count":932,"contact_count":140,"contactReachability_count":144,"contactSatisfaction_count":72,"autonomy_count":800}}
