{"data":{"satisfaction":7.544585302965191,"comprehension":8.042184044905596,"contact":4.235372340425532,"contact_reachability":6.109660574412533,"contact_satisfaction":7.015418502202643,"autonomy":6.860747210092188},"metadata":{"satisfaction_count":9308,"comprehension_count":5879,"contact_count":376,"autonomy_count":2061}}
