{"data":{"satisfaction":6.689672801635992,"comprehension":6.71806167400881,"contact":3.4689922480620154,"contact_reachability":0.5378787878787878,"contact_satisfaction":6.580882352941177,"autonomy":6.247863247863248},"metadata":{"satisfaction_count":1956,"comprehension_count":1362,"contact_count":258,"contactReachability_count":264,"contactSatisfaction_count":136,"autonomy_count":1170}}
