{"data":{"satisfaction":7.05961452263559,"comprehension":7.039722572509458,"contact":3.6636363636363636,"contact_reachability":5.774647887323944,"contact_satisfaction":6.5,"autonomy":6.508875739644971},"metadata":{"satisfaction_count":2231,"comprehension_count":1586,"contact_count":275,"autonomy_count":1352}}
