{"data":{"satisfaction":7.583939264328486,"comprehension":8.379711165903487,"contact":4.727891156462585,"autonomy":7.211740041928721},"metadata":{"satisfaction_count":9352,"comprehension_count":5678,"contact_count":147,"autonomy_count":954}}
