{"data":{"satisfaction":6.735620585267407,"comprehension":6.7111913357400725,"contact":3.4615384615384617,"contact_reachability":0.5375939849624061,"contact_satisfaction":6.569343065693431,"autonomy":6.266778523489933},"metadata":{"satisfaction_count":1982,"comprehension_count":1385,"contact_count":260,"contactReachability_count":266,"contactSatisfaction_count":137,"autonomy_count":1192}}
