{"data":{"satisfaction":7.055256064690027,"comprehension":7.039141414141414,"contact":3.6636363636363636,"contact_reachability":5.774647887323944,"contact_satisfaction":6.5,"autonomy":6.503703703703704},"metadata":{"satisfaction_count":2226,"comprehension_count":1584,"contact_count":275,"autonomy_count":1350}}
