{"data":{"satisfaction":7.366239638281839,"comprehension":6.978623566214807,"contact":3.1964285714285716,"contact_reachability":0.5277777777777778,"contact_satisfaction":6.215277777777778,"autonomy":6.444174757281553},"metadata":{"satisfaction_count":1327,"comprehension_count":959,"contact_count":140,"contactReachability_count":144,"contactSatisfaction_count":72,"autonomy_count":824}}
