{"data":{"satisfaction":7.0951549541684855,"comprehension":7.0195838433292534,"contact":3.807017543859649,"contact_reachability":5.778546712802768,"contact_satisfaction":6.656441717791411,"autonomy":6.597272074659009},"metadata":{"satisfaction_count":2291,"comprehension_count":1634,"contact_count":285,"autonomy_count":1393}}
