{"data":{"satisfaction":7.4371822803195355,"comprehension":7.049867157163295,"contact":3.8231382978723403,"contact_reachability":0.5714285714285714,"contact_satisfaction":6.9110576923076925,"autonomy":6.648098813271979},"metadata":{"satisfaction_count":6885,"comprehension_count":4893,"contact_count":752,"contactReachability_count":784,"contactSatisfaction_count":416,"autonomy_count":4129}}
