{"data":{"satisfaction":7.60475651189128,"comprehension":7.0211102423768565,"contact":3.8306451612903225,"contact_reachability":0.6307692307692307,"contact_satisfaction":6.25,"autonomy":6.6606498194945845},"metadata":{"satisfaction_count":1766,"comprehension_count":1279,"contact_count":186,"contactReachability_count":195,"contactSatisfaction_count":114,"autonomy_count":1108}}
