{"data":{"satisfaction":7.563465783664459,"comprehension":7.003373313343328,"contact":3.8985148514851486,"contact_reachability":0.5789473684210527,"contact_satisfaction":6.907894736842105,"autonomy":6.743589743589744},"metadata":{"satisfaction_count":1812,"comprehension_count":1334,"contact_count":202,"contactReachability_count":209,"contactSatisfaction_count":114,"autonomy_count":1170}}
