{"data":{"satisfaction":7.216819221967963,"comprehension":6.858367829686576,"contact":3.490625,"contact_reachability":0.5422705314009661,"contact_satisfaction":6.633016627078385,"autonomy":6.431838975297347},"metadata":{"satisfaction_count":6992,"comprehension_count":5073,"contact_count":800,"contactReachability_count":828,"contactSatisfaction_count":421,"autonomy_count":4372}}
