{"data":{"satisfaction":1.8756742179072277,"comprehension":2.934081243584103,"contact":2.63905325443787,"contact_reachability":7.152395915161037,"contact_satisfaction":3.696132596685083,"autonomy":1.2730844793713163},"metadata":{"satisfaction_count":7416,"comprehension_count":6819,"contact_count":2535,"autonomy_count":2545}}
