{"data":{"satisfaction":5.56412876852325,"comprehension":5.082967032967033,"contact":4.647196261682243,"contact_reachability":0.8300481142325004,"contact_satisfaction":5.602816901408451,"autonomy":2.015692341695215},"metadata":{"satisfaction_count":9785,"comprehension_count":9100,"contact_count":6420,"contactReachability_count":6443,"contactSatisfaction_count":5325,"autonomy_count":9049}}
