{"data":{"satisfaction":2.8407669862442684,"comprehension":3.0636283575517393,"contact":3.1588003933136677,"contact_reachability":0.7432762836185819,"contact_satisfaction":4.257786613651425,"autonomy":1.5205479452054795},"metadata":{"satisfaction_count":2399,"comprehension_count":2271,"contact_count":2034,"contactReachability_count":2045,"contactSatisfaction_count":1509,"autonomy_count":2190}}
