{"data":{"satisfaction":5.0133744855967075,"comprehension":4.722619113040611,"contact":4.235300846488218,"contact_reachability":0.8005269100489274,"contact_satisfaction":5.307990060212176,"autonomy":1.9503406339733123},"metadata":{"satisfaction_count":19440,"comprehension_count":18197,"contact_count":13113,"contactReachability_count":13285,"contactSatisfaction_count":10463,"autonomy_count":17761}}
