{"data":{"satisfaction":5.417340106211037,"comprehension":4.90860482467048,"contact":4.5873362445414845,"contact_reachability":0.8220560097408245,"contact_satisfaction":5.585389196086772,"autonomy":2.0158152378561565},"metadata":{"satisfaction_count":8662,"comprehension_count":8042,"contact_count":5725,"contactReachability_count":5749,"contactSatisfaction_count":4702,"autonomy_count":7967}}
