{"data":{"satisfaction":5.074520118124769,"comprehension":4.780153535751193,"contact":4.262613417651911,"contact_reachability":0.8016562584849307,"contact_satisfaction":5.333949767761913,"autonomy":1.9884929847582518},"metadata":{"satisfaction_count":21672,"comprehension_count":20321,"contact_count":14548,"contactReachability_count":14732,"contactSatisfaction_count":11626,"autonomy_count":19814}}
