{"data":{"satisfaction":1.8438250200053348,"comprehension":3.173260773643183,"contact":2.701062215477997,"autonomy":1.043338683788122},"metadata":{"satisfaction_count":7498,"comprehension_count":6799,"contact_count":659,"autonomy_count":623}}
