{"data":{"satisfaction":1.863728727457455,"comprehension":3.1494051784464663,"contact":2.6782077393075356,"contact_reachability":7.083333333333334,"contact_satisfaction":3.7841726618705036,"autonomy":1.1586638830897704},"metadata":{"satisfaction_count":7874,"comprehension_count":7145,"contact_count":982,"autonomy_count":958}}
