{"data":{"satisfaction":5.4662136655341635,"comprehension":5.088912703890726,"contact":4.4320492241840554,"contact_reachability":0.8130167479330083,"contact_satisfaction":5.4633293760717585,"autonomy":2.145653876272514},"metadata":{"satisfaction_count":29139,"comprehension_count":27527,"contact_count":18690,"contactReachability_count":18868,"contactSatisfaction_count":15162,"autonomy_count":26817}}
