{"data":{"satisfaction":3.898330804248862,"comprehension":3.758101101749838,"contact":3.699883223043986,"contact_reachability":0.7619232260566111,"contact_satisfaction":4.861892583120205,"autonomy":1.7391304347826086},"metadata":{"satisfaction_count":3295,"comprehension_count":3086,"contact_count":2569,"contactReachability_count":2579,"contactSatisfaction_count":1955,"autonomy_count":3013}}
