{"data":{"satisfaction":1.8624420401854713,"comprehension":3.0973653319420893,"contact":2.6447547683923704,"contact_reachability":7.145762711864406,"contact_satisfaction":3.7082139446036293,"autonomy":1.2457221081451062},"metadata":{"satisfaction_count":8411,"comprehension_count":7667,"contact_count":1468,"autonomy_count":1461}}
