{"data":{"satisfaction":2.264425314099581,"comprehension":3.1302070184296893,"contact":3.0763081395348837,"contact_reachability":0.7330631152287204,"contact_satisfaction":4.2027402700556,"autonomy":1.4498757249378624},"metadata":{"satisfaction_count":8596,"comprehension_count":7922,"contact_count":3440,"contactReachability_count":3454,"contactSatisfaction_count":2518,"autonomy_count":3621}}
