{"data":{"satisfaction":4.398250800689825,"comprehension":4.354187355180404,"contact":4.1135428169862465,"contact_reachability":0.7985,"contact_satisfaction":5.156682607601309,"autonomy":1.8743722475469367},"metadata":{"satisfaction_count":16236,"comprehension_count":15105,"contact_count":9961,"contactReachability_count":10000,"contactSatisfaction_count":7946,"autonomy_count":12943}}
