{"data":{"satisfaction":5.4752178649237475,"comprehension":5.095301578150897,"contact":4.434092477570738,"contact_reachability":0.8132197507493295,"contact_satisfaction":5.464507687275106,"autonomy":2.1620815626630883},"metadata":{"satisfaction_count":29376,"comprehension_count":27754,"contact_count":18837,"contactReachability_count":19017,"contactSatisfaction_count":15285,"autonomy_count":26826}}
