{"data":{"satisfaction":5.651054144705319,"comprehension":5.287997970058361,"contact":4.524613899613899,"contact_reachability":0.8119739862280031,"contact_satisfaction":5.5843459614010005,"autonomy":2.1638791650460263},"metadata":{"satisfaction_count":8348,"comprehension_count":7882,"contact_count":5180,"contactReachability_count":5228,"contactSatisfaction_count":4197,"autonomy_count":7713}}
