{"data":{"satisfaction":5.682430776770399,"comprehension":5.276909190548338,"contact":4.482889640633426,"contact_reachability":0.8176073112634291,"contact_satisfaction":5.493391408831481,"autonomy":2.2156508954824914},"metadata":{"satisfaction_count":32648,"comprehension_count":31021,"contact_count":20397,"contactReachability_count":20571,"contactSatisfaction_count":16645,"autonomy_count":29928}}
