{"data":{"satisfaction":5.6353591160221,"comprehension":5.288557213930348,"contact":4.532935831913686,"contact_reachability":0.814488955447398,"contact_satisfaction":5.579566635601118,"autonomy":2.1688741721854305},"metadata":{"satisfaction_count":8507,"comprehension_count":8040,"contact_count":5283,"contactReachability_count":5342,"contactSatisfaction_count":4292,"autonomy_count":7852}}
