{"data":{"satisfaction":5.098563910445098,"comprehension":4.799771711214687,"contact":4.280095987201706,"contact_reachability":0.8028836658107841,"contact_satisfaction":5.347268487674883,"autonomy":1.9837761694273084},"metadata":{"satisfaction_count":22422,"comprehension_count":21026,"contact_count":15002,"contactReachability_count":15189,"contactSatisfaction_count":12008,"autonomy_count":20587}}
