{"data":{"satisfaction":1.8678283042923927,"comprehension":2.962848774472021,"contact":2.6468594667871668,"contact_reachability":7.173717371737174,"contact_satisfaction":3.695583596214511,"autonomy":1.2932195779074989},"metadata":{"satisfaction_count":7059,"comprehension_count":6487,"contact_count":2213,"autonomy_count":2227}}
