{"data":{"satisfaction":1.8648682877406282,"comprehension":3.1461066145687973,"contact":2.6726726726726726,"contact_reachability":7.052947052947053,"contact_satisfaction":3.7926136363636362,"autonomy":1.158974358974359},"metadata":{"satisfaction_count":7896,"comprehension_count":7166,"contact_count":999,"autonomy_count":975}}
