{"data":{"satisfaction":4.166423251058858,"comprehension":4.158668974197608,"contact":4.005788013987701,"contact_reachability":0.7905859750240154,"contact_satisfaction":5.07253015727592,"autonomy":1.8351565447001132},"metadata":{"satisfaction_count":13694,"comprehension_count":12712,"contact_count":8293,"contactReachability_count":8328,"contactSatisfaction_count":6549,"autonomy_count":10604}}
