{"data":{"satisfaction":5.085273416350839,"comprehension":4.788649376894577,"contact":4.266835016835016,"contact_reachability":0.8023279015630196,"contact_satisfaction":5.334441825223101,"autonomy":1.9828731728923668},"metadata":{"satisfaction_count":22164,"comprehension_count":20783,"contact_count":14850,"contactReachability_count":15035,"contactSatisfaction_count":11878,"autonomy_count":20319}}
