{"data":{"satisfaction":5.010153605831815,"comprehension":4.720646309583403,"contact":4.234048298742381,"contact_reachability":0.8004569687738005,"contact_satisfaction":5.306788511749347,"autonomy":1.97376747396882},"metadata":{"satisfaction_count":19205,"comprehension_count":17979,"contact_count":12961,"contactReachability_count":13130,"contactSatisfaction_count":10341,"autonomy_count":17383}}
