{"data":{"satisfaction":5.05519354211243,"comprehension":4.757164365071125,"contact":4.270592485549133,"contact_reachability":0.8017690277480563,"contact_satisfaction":5.34354940782931,"autonomy":1.934400419837313},"metadata":{"satisfaction_count":20564,"comprehension_count":19262,"contact_count":13840,"contactReachability_count":14019,"contactSatisfaction_count":11061,"autonomy_count":19055}}
