{"data":{"satisfaction":5.3977272727272725,"comprehension":4.891427850018937,"contact":4.580388692579505,"contact_reachability":0.8212840809146877,"contact_satisfaction":5.582472006890612,"autonomy":2.0066334991708126},"metadata":{"satisfaction_count":8536,"comprehension_count":7921,"contact_count":5660,"contactReachability_count":5685,"contactSatisfaction_count":4644,"autonomy_count":7839}}
