{"data":{"satisfaction":5.577435773145904,"comprehension":5.202938891765925,"contact":4.615456238361267,"contact_reachability":0.8389012620638456,"contact_satisfaction":5.505330964015993,"autonomy":2.0161290322580645},"metadata":{"satisfaction_count":8252,"comprehension_count":7724,"contact_count":5370,"contactReachability_count":5388,"contactSatisfaction_count":4502,"autonomy_count":7564}}
