{"data":{"satisfaction":1.878523489932886,"comprehension":2.934909515469936,"contact":2.65503120124805,"contact_reachability":7.149514563106796,"contact_satisfaction":3.719945355191257,"autonomy":1.2854368932038835},"metadata":{"satisfaction_count":7450,"comprehension_count":6852,"contact_count":2564,"autonomy_count":2575}}
