{"data":{"satisfaction":4.968477343090346,"comprehension":4.669550588800769,"contact":4.1784604057591626,"contact_reachability":0.8001303674733155,"contact_satisfaction":5.227458806672807,"autonomy":1.9318737769080234},"metadata":{"satisfaction_count":17765,"comprehension_count":16644,"contact_count":12224,"contactReachability_count":12273,"contactSatisfaction_count":9771,"autonomy_count":16352}}
