{"data":{"satisfaction":5.66182405165456,"comprehension":5.319493701846643,"contact":4.560018467220683,"contact_reachability":0.8162221410303252,"contact_satisfaction":5.600476298480381,"autonomy":2.161478106808403},"metadata":{"satisfaction_count":8673,"comprehension_count":8177,"contact_count":5415,"contactReachability_count":5474,"contactSatisfaction_count":4409,"autonomy_count":7902}}
