{"data":{"satisfaction":4.413744995753973,"comprehension":4.3663601982263955,"contact":4.121855813032283,"contact_reachability":0.7996448653447765,"contact_satisfaction":5.159600842940375,"autonomy":1.8649056603773584},"metadata":{"satisfaction_count":16486,"comprehension_count":15336,"contact_count":10098,"contactReachability_count":10137,"contactSatisfaction_count":8067,"autonomy_count":13250}}
