{"data":{"satisfaction":5.649597238204833,"comprehension":5.305761968571081,"contact":4.544071547114143,"contact_reachability":0.8150647455772387,"contact_satisfaction":5.589135858471309,"autonomy":2.1691268451338503},"metadata":{"satisfaction_count":8690,"comprehension_count":8209,"contact_count":5423,"contactReachability_count":5483,"contactSatisfaction_count":4409,"autonomy_count":7994}}
