{"data":{"satisfaction":1.8425675675675677,"comprehension":3.183649112337759,"contact":2.761780104712042,"autonomy":0.9943714821763602},"metadata":{"satisfaction_count":7400,"comprehension_count":6703,"contact_count":573,"autonomy_count":533}}
