{"data":{"satisfaction":4.174418604651163,"comprehension":3.950089126559715,"contact":3.869047619047619,"contact_reachability":0.771884432945235,"contact_satisfaction":5.018248175182482,"autonomy":1.817520901490367},"metadata":{"satisfaction_count":3010,"comprehension_count":2805,"contact_count":2310,"contactReachability_count":2319,"contactSatisfaction_count":1781,"autonomy_count":2751}}
