{"data":{"satisfaction":1.862645070781788,"comprehension":3.1536407084621874,"contact":2.688087774294671,"contact_reachability":7.0594369134515125,"contact_satisfaction":3.811111111111111,"autonomy":1.1434735706580368},"metadata":{"satisfaction_count":7841,"comprehension_count":7114,"contact_count":957,"autonomy_count":927}}
