{"data":{"satisfaction":3.6843821323769155,"comprehension":3.603783408538702,"contact":3.6109983766233764,"contact_reachability":0.7552588996763754,"contact_satisfaction":4.78617536309844,"autonomy":1.68807994289793},"metadata":{"satisfaction_count":3067,"comprehension_count":2881,"contact_count":2464,"contactReachability_count":2472,"contactSatisfaction_count":1859,"autonomy_count":2802}}
