{"data":{"satisfaction":3.8537794299876085,"comprehension":3.9294607796188106,"contact":3.84246167584462,"contact_reachability":0.7757854179016005,"contact_satisfaction":4.959181713407607,"autonomy":1.7981299448573485},"metadata":{"satisfaction_count":11298,"comprehension_count":10441,"contact_count":6719,"contactReachability_count":6748,"contactSatisfaction_count":5206,"autonomy_count":8342}}
