{"data":{"satisfaction":1.872230956124053,"comprehension":2.969114672475494,"contact":2.655156322911806,"contact_reachability":7.174721189591078,"contact_satisfaction":3.7068403908794787,"autonomy":1.304147465437788},"metadata":{"satisfaction_count":6997,"comprehension_count":6427,"contact_count":2143,"autonomy_count":2170}}
