{"data":{"satisfaction":1.9754931261207411,"comprehension":2.4888959390862944,"contact":2.6447547683923704,"contact_reachability":7.145762711864406,"contact_satisfaction":3.7082139446036293,"autonomy":1.2457221081451062},"metadata":{"satisfaction_count":1673,"comprehension_count":1576,"contact_count":1468,"autonomy_count":1461}}
