{"data":{"satisfaction":5.598694123556002,"comprehension":5.14984907287624,"contact":4.654821540388228,"contact_reachability":0.8368429262205584,"contact_satisfaction":5.56626731561213,"autonomy":2.0469945355191257},"metadata":{"satisfaction_count":9955,"comprehension_count":9276,"contact_count":6388,"contactReachability_count":6411,"contactSatisfaction_count":5342,"autonomy_count":9150}}
