{"data":{"satisfaction":4.950932286555447,"comprehension":4.657010785824345,"contact":4.173070497828266,"contact_reachability":0.79960069877714,"contact_satisfaction":5.224301997281188,"autonomy":1.9266112789526686},"metadata":{"satisfaction_count":17323,"comprehension_count":16225,"contact_count":11972,"contactReachability_count":12021,"contactSatisfaction_count":9563,"autonomy_count":15888}}
