{
  "data": {
    "satisfaction": 1.845367847411444,
    "comprehension": 3.1916654129682565,
    "contact": 2.746615087040619,
    "autonomy": 1.022964509394572
  },
  "metadata": {
    "satisfaction_count": 7340,
    "comprehension_count": 6647,
    "contact_count": 517,
    "autonomy_count": 479
  }
}
