{"data":{"satisfaction":5.6511281640132855,"comprehension":5.312158054711246,"contact":4.587568058076225,"contact_reachability":0.818345000897505,"contact_satisfaction":5.6197198755002225,"autonomy":2.108834988060827},"metadata":{"satisfaction_count":8731,"comprehension_count":8225,"contact_count":5510,"contactReachability_count":5571,"contactSatisfaction_count":4498,"autonomy_count":7957}}
