{"data":{"satisfaction":1.868883312421581,"comprehension":3.14201796821009,"contact":2.664938737040528,"contact_reachability":7.02728127939793,"contact_satisfaction":3.795302013422819,"autonomy":1.206896551724138},"metadata":{"satisfaction_count":7970,"comprehension_count":7235,"contact_count":1061,"autonomy_count":1044}}
