{"data":{"satisfaction":1.9496365524402908,"comprehension":2.4822210065645516,"contact":2.622520420070012,"contact_reachability":7.1213000580383055,"contact_satisfaction":3.6904761904761907,"autonomy":1.3607775871926815},"metadata":{"satisfaction_count":1926,"comprehension_count":1828,"contact_count":1714,"autonomy_count":1749}}
