{"data":{"satisfaction":6.62428219852338,"comprehension":7.064814814814815,"contact":2.4910394265232974,"contact_reachability":0.4857142857142857,"contact_satisfaction":5.148148148148148,"autonomy":6.283987915407855},"metadata":{"satisfaction_count":1219,"comprehension_count":1080,"contact_count":279,"contactReachability_count":280,"contactSatisfaction_count":135,"autonomy_count":993}}
