{"data":{"satisfaction":5,"comprehension":5.8173076923076925,"contact":2.7142857142857144,"contact_reachability":0.37142857142857144,"contact_satisfaction":7.3076923076923075,"autonomy":5.571428571428571},"metadata":{"satisfaction_count":178,"comprehension_count":156,"contact_count":35,"contactReachability_count":35,"contactSatisfaction_count":13,"autonomy_count":140}}
