{"data":{"satisfaction":4.595170454545454,"comprehension":5.920138888888889,"contact":2.333887043189369,"contact_reachability":0.4642857142857143,"contact_satisfaction":5.165441176470588,"autonomy":5.629820051413882},"metadata":{"satisfaction_count":1408,"comprehension_count":1296,"contact_count":301,"contactReachability_count":308,"contactSatisfaction_count":136,"autonomy_count":1167}}
