{"data":{"satisfaction":5.093896713615023,"comprehension":5.912921348314606,"contact":2.265625,"contact_reachability":0.4375,"contact_satisfaction":5.178571428571429,"autonomy":5.403726708074534},"metadata":{"satisfaction_count":213,"comprehension_count":178,"contact_count":64,"contactReachability_count":64,"contactSatisfaction_count":28,"autonomy_count":161}}
