{"data":{"satisfaction":4.933333333333334,"comprehension":5.725806451612903,"contact":2.5,"contact_reachability":0.3181818181818182,"contact_satisfaction":7.857142857142857,"autonomy":4.2592592592592595},"metadata":{"satisfaction_count":75,"comprehension_count":62,"contact_count":22,"contactReachability_count":22,"contactSatisfaction_count":7,"autonomy_count":54}}
