{"data":{"satisfaction":4.381443298969073,"comprehension":5.588235294117647,"contact":2.857142857142857,"contact_reachability":0.38095238095238093,"contact_satisfaction":7.5,"autonomy":4.794520547945205},"metadata":{"satisfaction_count":97,"comprehension_count":85,"contact_count":21,"contactReachability_count":21,"contactSatisfaction_count":8,"autonomy_count":73}}
