{"data":{"satisfaction":4.41747572815534,"comprehension":5.611111111111111,"contact":2.857142857142857,"contact_reachability":0.38095238095238093,"contact_satisfaction":7.5,"autonomy":4.871794871794871},"metadata":{"satisfaction_count":103,"comprehension_count":90,"contact_count":21,"contactReachability_count":21,"contactSatisfaction_count":8,"autonomy_count":78}}
