{"data":{"satisfaction":5.027624309392265,"comprehension":5.833333333333333,"contact":2.638888888888889,"contact_reachability":0.3611111111111111,"contact_satisfaction":7.3076923076923075,"autonomy":5.524475524475524},"metadata":{"satisfaction_count":181,"comprehension_count":159,"contact_count":36,"contactReachability_count":36,"contactSatisfaction_count":13,"autonomy_count":143}}
