{"data":{"satisfaction":4.6,"comprehension":5.927075252133437,"contact":2.341666666666667,"contact_reachability":0.46579804560260585,"contact_satisfaction":5.165441176470588,"autonomy":5.655172413793103},"metadata":{"satisfaction_count":1400,"comprehension_count":1289,"contact_count":300,"contactReachability_count":307,"contactSatisfaction_count":136,"autonomy_count":1160}}
