{"data":{"satisfaction":4.606650446066505,"comprehension":6.197771587743732,"contact":2.2,"autonomy":5.607094133697135},"metadata":{"satisfaction_count":1233,"comprehension_count":1077,"contact_count":175,"autonomy_count":733}}
