{"data":{"satisfaction":4.8892508143322475,"comprehension":6.211247296322999,"contact":2.2909407665505226,"contact_reachability":0.4586206896551724,"contact_satisfaction":5.0576923076923075,"autonomy":5.711759504862953},"metadata":{"satisfaction_count":1535,"comprehension_count":1387,"contact_count":287,"contactReachability_count":290,"contactSatisfaction_count":130,"autonomy_count":1131}}
