{"data":{"satisfaction":4.841269841269841,"comprehension":5.8173076923076925,"contact":1.8421052631578947,"contact_reachability":0.21052631578947367,"contact_satisfaction":8.75,"autonomy":4.468085106382978},"metadata":{"satisfaction_count":63,"comprehension_count":52,"contact_count":19,"contactReachability_count":19,"contactSatisfaction_count":4,"autonomy_count":47}}
