{"data":{"satisfaction":6.727898966704937,"comprehension":7.1275906735751295,"contact":2.593582887700535,"contact_reachability":0.48404255319148937,"contact_satisfaction":5.388888888888889,"autonomy":6.4497878359264496},"metadata":{"satisfaction_count":871,"comprehension_count":772,"contact_count":187,"contactReachability_count":188,"contactSatisfaction_count":90,"autonomy_count":707}}
