{"data":{"satisfaction":4.60413694721826,"comprehension":5.93144848954299,"contact":2.341666666666667,"contact_reachability":0.46579804560260585,"contact_satisfaction":5.165441176470588,"autonomy":5.645438898450947},"metadata":{"satisfaction_count":1402,"comprehension_count":1291,"contact_count":300,"contactReachability_count":307,"contactSatisfaction_count":136,"autonomy_count":1162}}
