{"data":{"satisfaction":4.837317397078353,"comprehension":6.327300150829562,"contact":2.342436974789916,"contact_reachability":4.937759336099585,"contact_satisfaction":4.806034482758621,"autonomy":5.760755508919202},"metadata":{"satisfaction_count":1506,"comprehension_count":1326,"contact_count":238,"autonomy_count":953}}
