{"data":{"satisfaction":4.8896103896103895,"comprehension":6.208692528735632,"contact":2.282986111111111,"contact_reachability":0.4570446735395189,"contact_satisfaction":5.0576923076923075,"autonomy":5.696649029982363},"metadata":{"satisfaction_count":1540,"comprehension_count":1392,"contact_count":288,"contactReachability_count":291,"contactSatisfaction_count":130,"autonomy_count":1134}}
