{"data":{"satisfaction":4.857504749841672,"comprehension":6.306613946800863,"contact":2.315175097276265,"contact_reachability":4.769230769230769,"contact_satisfaction":4.917355371900826,"autonomy":5.76204523107178},"metadata":{"satisfaction_count":1579,"comprehension_count":1391,"contact_count":257,"autonomy_count":1017}}
