{"data":{"satisfaction":4.836065573770492,"comprehension":6.318824404761905,"contact":2.305327868852459,"contact_reachability":4.8582995951417,"contact_satisfaction":4.8076923076923075,"autonomy":5.746652935118434},"metadata":{"satisfaction_count":1525,"comprehension_count":1344,"contact_count":244,"autonomy_count":971}}
