{"data":{"satisfaction":4.819727891156463,"comprehension":6.317724458204334,"contact":2.390829694323144,"contact_reachability":5.086206896551724,"contact_satisfaction":4.760869565217392,"autonomy":5.731310942578548},"metadata":{"satisfaction_count":1470,"comprehension_count":1292,"contact_count":229,"autonomy_count":923}}
