{"data":{"satisfaction":4.2631578947368425,"comprehension":5.481927710843373,"contact":2.857142857142857,"contact_reachability":0.38095238095238093,"contact_satisfaction":7.5,"autonomy":4.647887323943662},"metadata":{"satisfaction_count":95,"comprehension_count":83,"contact_count":21,"contactReachability_count":21,"contactSatisfaction_count":8,"autonomy_count":71}}
