{"data":{"satisfaction":4.411764705882353,"comprehension":5.666666666666667,"contact":0.5882352941176471,"contact_reachability":0.29411764705882354,"contact_satisfaction":2,"autonomy":4.444444444444445},"metadata":{"satisfaction_count":34,"comprehension_count":30,"contact_count":17,"contactReachability_count":17,"contactSatisfaction_count":5,"autonomy_count":27}}
