{"data":{"satisfaction":4.725423728813559,"comprehension":6.005154639175258,"contact":2.371794871794872,"contact_reachability":0.47962382445141066,"contact_satisfaction":5.068493150684931,"autonomy":5.706122448979592},"metadata":{"satisfaction_count":1475,"comprehension_count":1358,"contact_count":312,"contactReachability_count":319,"contactSatisfaction_count":146,"autonomy_count":1225}}
