{"data":{"satisfaction":9.114173228346457,"comprehension":8.567961165048544,"contact":6.644736842105263,"contact_reachability":0.8734177215189873,"contact_satisfaction":7.651515151515151,"autonomy":6.226912928759894},"metadata":{"satisfaction_count":508,"comprehension_count":412,"contact_count":76,"contactReachability_count":79,"contactSatisfaction_count":66,"autonomy_count":379}}
