{"data":{"satisfaction":9.070512820512821,"comprehension":8.476454293628809,"contact":4.730769230769231,"contact_reachability":0.6811594202898551,"contact_satisfaction":7.151162790697675,"autonomy":5.915915915915916},"metadata":{"satisfaction_count":468,"comprehension_count":361,"contact_count":65,"contactReachability_count":69,"contactSatisfaction_count":43,"autonomy_count":333}}
