{"data":{"satisfaction":9.216019417475728,"comprehension":8.161279683377309,"contact":6.681985294117647,"contact_reachability":0.8368794326241135,"contact_satisfaction":8.04203539823009,"autonomy":6.217331499312242},"metadata":{"satisfaction_count":2060,"comprehension_count":1516,"contact_count":272,"contactReachability_count":282,"contactSatisfaction_count":226,"autonomy_count":1454}}
