{"data":{"satisfaction":9.209010840108402,"comprehension":8.376966171083819,"contact":6.648471615720524,"contact_reachability":0.8247282608695652,"contact_satisfaction":8.185483870967742,"autonomy":6.383928571428571},"metadata":{"satisfaction_count":5904,"comprehension_count":4641,"contact_count":687,"contactReachability_count":736,"contactSatisfaction_count":558,"autonomy_count":4256}}
