{"data":{"satisfaction":9.0491452991453,"comprehension":8.490304709141274,"contact":4.730769230769231,"contact_reachability":0.6811594202898551,"contact_satisfaction":7.151162790697675,"autonomy":5.933734939759036},"metadata":{"satisfaction_count":468,"comprehension_count":361,"contact_count":65,"contactReachability_count":69,"contactSatisfaction_count":43,"autonomy_count":332}}
