{"data":{"satisfaction":9.144945963127782,"comprehension":8.078723404255319,"contact":6.637931034482759,"contact_reachability":0.827027027027027,"contact_satisfaction":8.133802816901408,"autonomy":6.379003558718861},"metadata":{"satisfaction_count":1573,"comprehension_count":1175,"contact_count":174,"contactReachability_count":185,"contactSatisfaction_count":142,"autonomy_count":1124}}
