{"data":{"satisfaction":9.15527950310559,"comprehension":8.07178631051753,"contact":6.602209944751381,"contact_reachability":0.8229166666666666,"contact_satisfaction":8.129251700680273,"autonomy":6.353350739773716},"metadata":{"satisfaction_count":1610,"comprehension_count":1198,"contact_count":181,"contactReachability_count":192,"contactSatisfaction_count":147,"autonomy_count":1149}}
