{"data":{"satisfaction":9.124502821200629,"comprehension":9.017978499938218,"contact":6.513859275053305,"contact_reachability":0.8237704918032787,"contact_satisfaction":7.976501305483029,"autonomy":6.428062678062678},"metadata":{"satisfaction_count":10811,"comprehension_count":8093,"contact_count":469,"contactReachability_count":488,"contactSatisfaction_count":383,"autonomy_count":2808}}
