{"data":{"satisfaction":9.166666666666666,"comprehension":8.473684210526315,"contact":6.723484848484849,"contact_reachability":0.8,"contact_satisfaction":8.700980392156863,"autonomy":6.288056206088993},"metadata":{"satisfaction_count":1164,"comprehension_count":950,"contact_count":132,"contactReachability_count":150,"contactSatisfaction_count":102,"autonomy_count":854}}
