{"data":{"satisfaction":9.063829787234043,"comprehension":8.461538461538462,"contact":4.891304347826087,"contact_reachability":0.6986301369863014,"contact_satisfaction":7.180851063829787,"autonomy":5.885885885885886},"metadata":{"satisfaction_count":470,"comprehension_count":364,"contact_count":69,"contactReachability_count":73,"contactSatisfaction_count":47,"autonomy_count":333}}
