{"data":{"satisfaction":9.10520385166974,"comprehension":9.141058616488426,"contact":6.3283582089552235,"contact_reachability":8.2,"contact_satisfaction":7.794117647058823,"autonomy":6.420047732696897},"metadata":{"satisfaction_count":9762,"comprehension_count":7387,"contact_count":335,"autonomy_count":2095}}
