{"data":{"satisfaction":9.090909090909092,"comprehension":8.575794621026894,"contact":6.549295774647887,"contact_reachability":0.8648648648648649,"contact_satisfaction":7.622950819672131,"autonomy":6.286472148541114},"metadata":{"satisfaction_count":506,"comprehension_count":409,"contact_count":71,"contactReachability_count":74,"contactSatisfaction_count":61,"autonomy_count":377}}
