{"data":{"satisfaction":9.208114072313698,"comprehension":8.375269978401727,"contact":6.6654465592972185,"contact_reachability":0.825136612021858,"contact_satisfaction":8.202702702702704,"autonomy":6.383981154299176},"metadata":{"satisfaction_count":5891,"comprehension_count":4630,"contact_count":683,"contactReachability_count":732,"contactSatisfaction_count":555,"autonomy_count":4245}}
