{"data":{"satisfaction":9.119987269255251,"comprehension":8.393993635640413,"contact":6.429521276595745,"contact_reachability":0.8029197080291971,"contact_satisfaction":8.194915254237289,"autonomy":6.217277486910994},"metadata":{"satisfaction_count":3142,"comprehension_count":2514,"contact_count":376,"contactReachability_count":411,"contactSatisfaction_count":295,"autonomy_count":2292}}
