{"data":{"satisfaction":9.149154279856484,"comprehension":8.578369905956112,"contact":6.195652173913044,"contact_reachability":8.158995815899582,"contact_satisfaction":7.661290322580645,"autonomy":6.4375},"metadata":{"satisfaction_count":1951,"comprehension_count":1595,"contact_count":230,"autonomy_count":1440}}
