{"data":{"satisfaction":9.198238617480891,"comprehension":8.369978858350951,"contact":6.637931034482759,"contact_reachability":0.824396782841823,"contact_satisfaction":8.176991150442477,"autonomy":6.386515816208727},"metadata":{"satisfaction_count":6018,"comprehension_count":4730,"contact_count":696,"contactReachability_count":746,"contactSatisfaction_count":565,"autonomy_count":4331}}
