{"data":{"satisfaction":9.20537071440635,"comprehension":8.373254564983888,"contact":6.624457308248915,"contact_reachability":0.822972972972973,"contact_satisfaction":8.174107142857142,"autonomy":6.382180539273153},"metadata":{"satisfaction_count":5921,"comprehension_count":4655,"contact_count":691,"contactReachability_count":740,"contactSatisfaction_count":560,"autonomy_count":4265}}
