{"data":{"satisfaction":9.068825910931174,"comprehension":8.50625,"contact":6.678571428571429,"contact_reachability":0.821917808219178,"contact_satisfaction":8.201754385964913,"autonomy":6.164383561643835},"metadata":{"satisfaction_count":494,"comprehension_count":400,"contact_count":70,"contactReachability_count":73,"contactSatisfaction_count":57,"autonomy_count":365}}
