{"data":{"satisfaction":9.211063829787234,"comprehension":8.375947995666305,"contact":6.583333333333333,"contact_reachability":0.826027397260274,"contact_satisfaction":8.068383658969804,"autonomy":6.379310344827586},"metadata":{"satisfaction_count":5875,"comprehension_count":4615,"contact_count":690,"contactReachability_count":730,"contactSatisfaction_count":563,"autonomy_count":4234}}
