{"data":{"satisfaction":9.107328212580445,"comprehension":9.154436977095049,"contact":6.297169811320755,"contact_reachability":8.168168168168169,"contact_satisfaction":7.791828793774319,"autonomy":6.459472899055196},"metadata":{"satisfaction_count":9634,"comprehension_count":7291,"contact_count":318,"autonomy_count":2011}}
