{"data":{"satisfaction":9.211198093941457,"comprehension":8.376299826689774,"contact":6.583333333333333,"contact_reachability":0.826027397260274,"contact_satisfaction":8.068383658969804,"autonomy":6.380165289256198},"metadata":{"satisfaction_count":5876,"comprehension_count":4616,"contact_count":690,"contactReachability_count":730,"contactSatisfaction_count":563,"autonomy_count":4235}}
