{"data":{"satisfaction":9.263690750115048,"comprehension":8.35984393757503,"contact":6.592592592592593,"contact_reachability":0.8357142857142857,"contact_satisfaction":7.946428571428571,"autonomy":6.397952655150352},"metadata":{"satisfaction_count":2173,"comprehension_count":1666,"contact_count":270,"contactReachability_count":280,"contactSatisfaction_count":224,"autonomy_count":1563}}
