{"data":{"satisfaction":9.109768049656974,"comprehension":8.37851610273135,"contact":6.435309973045822,"contact_reachability":0.8044554455445545,"contact_satisfaction":8.176369863013699,"autonomy":6.190689346463742},"metadata":{"satisfaction_count":3061,"comprehension_count":2453,"contact_count":371,"contactReachability_count":404,"contactSatisfaction_count":292,"autonomy_count":2234}}
