{"data":{"satisfaction":9.125023307850084,"comprehension":9.028054242348842,"contact":6.470588235294118,"contact_reachability":0.8200836820083682,"contact_satisfaction":7.962466487935657,"autonomy":6.416122004357298},"metadata":{"satisfaction_count":10726,"comprehension_count":8038,"contact_count":459,"contactReachability_count":478,"contactSatisfaction_count":373,"autonomy_count":2754}}
