{"data":{"satisfaction":8.908836031473275,"comprehension":9.193316677076828,"contact":6.224489795918367,"contact_reachability":8,"contact_satisfaction":7.870967741935484,"autonomy":6.656848306332843},"metadata":{"satisfaction_count":11057,"comprehension_count":8005,"contact_count":196,"autonomy_count":1358}}
