{"data":{"satisfaction":9.209763170613822,"comprehension":8.461188599151,"contact":6.45,"contact_reachability":8.455598455598455,"contact_satisfaction":7.678571428571429,"autonomy":6.393117140966248},"metadata":{"satisfaction_count":2069,"comprehension_count":1649,"contact_count":250,"autonomy_count":1511}}
