{"data":{"satisfaction":9.10824910335833,"comprehension":8.379780309194468,"contact":6.435309973045822,"contact_reachability":0.8044554455445545,"contact_satisfaction":8.176369863013699,"autonomy":6.19132767098793},"metadata":{"satisfaction_count":3067,"comprehension_count":2458,"contact_count":371,"contactReachability_count":404,"contactSatisfaction_count":292,"autonomy_count":2237}}
