{"data":{"satisfaction":9.044265593561368,"comprehension":8.4625,"contact":6.6438356164383565,"contact_reachability":0.8289473684210527,"contact_satisfaction":8.083333333333334,"autonomy":6.151761517615176},"metadata":{"satisfaction_count":497,"comprehension_count":400,"contact_count":73,"contactReachability_count":76,"contactSatisfaction_count":60,"autonomy_count":369}}
