{"data":{"satisfaction":9.233784746970777,"comprehension":8.532090199479619,"contact":6.867469879518072,"contact_reachability":0.8216216216216217,"contact_satisfaction":8.571428571428571,"autonomy":6.185866408518877},"metadata":{"satisfaction_count":1403,"comprehension_count":1153,"contact_count":166,"contactReachability_count":185,"contactSatisfaction_count":133,"autonomy_count":1033}}
