{"data":{"satisfaction":9.117357001972387,"comprehension":9.09640522875817,"contact":6.45778364116095,"contact_reachability":8.312342569269521,"contact_satisfaction":7.844551282051282,"autonomy":6.4224872231686545},"metadata":{"satisfaction_count":10140,"comprehension_count":7650,"contact_count":379,"autonomy_count":2348}}
