{"data":{"satisfaction":9.261527377521613,"comprehension":7.90625,"contact":6.763005780346821,"contact_reachability":0.8232044198895028,"contact_satisfaction":8.297872340425531,"autonomy":6.38655462184874},"metadata":{"satisfaction_count":1388,"comprehension_count":960,"contact_count":173,"contactReachability_count":181,"contactSatisfaction_count":141,"autonomy_count":952}}
