{"data":{"satisfaction":9.177272727272728,"comprehension":8.454241071428571,"contact":6.673076923076923,"contact_reachability":0.7959183673469388,"contact_satisfaction":8.675,"autonomy":6.20817843866171},"metadata":{"satisfaction_count":1100,"comprehension_count":896,"contact_count":130,"contactReachability_count":147,"contactSatisfaction_count":100,"autonomy_count":807}}
