{"data":{"satisfaction":9.140197152245346,"comprehension":8.486577181208053,"contact":6.650943396226415,"contact_reachability":0.7916666666666666,"contact_satisfaction":8.703703703703704,"autonomy":6.227544910179641},"metadata":{"satisfaction_count":913,"comprehension_count":745,"contact_count":106,"contactReachability_count":120,"contactSatisfaction_count":81,"autonomy_count":668}}
