{"data":{"satisfaction":9.130325814536342,"comprehension":8.594224924012158,"contact":6.1570247933884295,"contact_reachability":8.134920634920634,"contact_satisfaction":7.641025641025641,"autonomy":6.3962136578769435},"metadata":{"satisfaction_count":1995,"comprehension_count":1645,"contact_count":242,"autonomy_count":1479}}
