{"data":{"satisfaction":9.204990215264187,"comprehension":8.495454545454546,"contact":6.363636363636363,"contact_reachability":8.406374501992032,"contact_satisfaction":7.623762376237623,"autonomy":6.387225548902196},"metadata":{"satisfaction_count":2044,"comprehension_count":1650,"contact_count":242,"autonomy_count":1503}}
