{"data":{"satisfaction":9.181597736764111,"comprehension":8.731819794253282,"contact":6.565836298932385,"contact_reachability":0.8305084745762712,"contact_satisfaction":7.987012987012987,"autonomy":6.434222092001172},"metadata":{"satisfaction_count":7423,"comprehension_count":5638,"contact_count":562,"contactReachability_count":590,"contactSatisfaction_count":462,"autonomy_count":3413}}
