{"data":{"satisfaction":9.249499666444295,"comprehension":8.558704453441296,"contact":6.738505747126437,"contact_reachability":0.828125,"contact_satisfaction":8.315602836879433,"autonomy":6.158701532912533},"metadata":{"satisfaction_count":1499,"comprehension_count":1235,"contact_count":174,"contactReachability_count":192,"contactSatisfaction_count":141,"autonomy_count":1109}}
