{"data":{"satisfaction":9.207409913720182,"comprehension":8.37602238484718,"contact":6.638808139534884,"contact_reachability":0.8236092265943012,"contact_satisfaction":8.185483870967742,"autonomy":6.380930014091122},"metadata":{"satisfaction_count":5911,"comprehension_count":4646,"contact_count":688,"contactReachability_count":737,"contactSatisfaction_count":558,"autonomy_count":4258}}
