{"data":{"satisfaction":9.118201823325998,"comprehension":8.39622641509434,"contact":6.398416886543536,"contact_reachability":0.8019323671497585,"contact_satisfaction":8.164983164983164,"autonomy":6.221934369602764},"metadata":{"satisfaction_count":3181,"comprehension_count":2544,"contact_count":379,"contactReachability_count":414,"contactSatisfaction_count":297,"autonomy_count":2316}}
