{"data":{"satisfaction":9.107794361525706,"comprehension":8.376395204630013,"contact":6.481994459833795,"contact_reachability":0.799492385786802,"contact_satisfaction":8.297872340425531,"autonomy":6.189827429609446},"metadata":{"satisfaction_count":3015,"comprehension_count":2419,"contact_count":361,"contactReachability_count":394,"contactSatisfaction_count":282,"autonomy_count":2202}}
