{"data":{"satisfaction":9.187830687830688,"comprehension":8.099563953488373,"contact":6.557539682539683,"contact_reachability":0.8282442748091603,"contact_satisfaction":7.983091787439614,"autonomy":6.220886551465064},"metadata":{"satisfaction_count":1890,"comprehension_count":1376,"contact_count":252,"contactReachability_count":262,"contactSatisfaction_count":207,"autonomy_count":1331}}
