{"data":{"satisfaction":9.178108808290155,"comprehension":8.715940054495913,"contact":6.554054054054054,"contact_reachability":0.8276972624798712,"contact_satisfaction":8,"autonomy":6.431924882629108},"metadata":{"satisfaction_count":7720,"comprehension_count":5872,"contact_count":592,"contactReachability_count":621,"contactSatisfaction_count":485,"autonomy_count":3621}}
