{"data":{"satisfaction":9.208876842283585,"comprehension":8.376616379310345,"contact":6.648471615720524,"contact_reachability":0.8247282608695652,"contact_satisfaction":8.185483870967742,"autonomy":6.383078730904818},"metadata":{"satisfaction_count":5903,"comprehension_count":4640,"contact_count":687,"contactReachability_count":736,"contactSatisfaction_count":558,"autonomy_count":4255}}
