{"data":{"satisfaction":9.106666666666667,"comprehension":8.374220374220375,"contact":6.472222222222222,"contact_reachability":0.7989821882951654,"contact_satisfaction":8.291814946619217,"autonomy":6.191780821917808},"metadata":{"satisfaction_count":3000,"comprehension_count":2405,"contact_count":360,"contactReachability_count":393,"contactSatisfaction_count":281,"autonomy_count":2190}}
