{"data":{"satisfaction":9.227484472049689,"comprehension":8.50943396226415,"contact":6.715686274509804,"contact_reachability":0.8070175438596491,"contact_satisfaction":8.5625,"autonomy":6.197478991596639},"metadata":{"satisfaction_count":1288,"comprehension_count":1060,"contact_count":153,"contactReachability_count":171,"contactSatisfaction_count":120,"autonomy_count":952}}
