{"data":{"satisfaction":9.166666666666666,"comprehension":8.466666666666667,"contact":6.733576642335766,"contact_reachability":0.8,"contact_satisfaction":8.702830188679245,"autonomy":6.194790486976218},"metadata":{"satisfaction_count":1194,"comprehension_count":975,"contact_count":137,"contactReachability_count":155,"contactSatisfaction_count":106,"autonomy_count":883}}
