{"data":{"satisfaction":9.212368728121353,"comprehension":8.04129911788292,"contact":6.800518134715026,"contact_reachability":0.8333333333333334,"contact_satisfaction":8.254716981132075,"autonomy":6.385245901639344},"metadata":{"satisfaction_count":1714,"comprehension_count":1247,"contact_count":193,"contactReachability_count":204,"contactSatisfaction_count":159,"autonomy_count":1220}}
