{"data":{"satisfaction":9.006715165081141,"comprehension":8.399581589958158,"contact":5.643153526970955,"contact_reachability":0.73828125,"contact_satisfaction":7.816091954022989,"autonomy":6.021756021756022},"metadata":{"satisfaction_count":1787,"comprehension_count":1434,"contact_count":241,"contactReachability_count":256,"contactSatisfaction_count":174,"autonomy_count":1287}}
