{"data":{"satisfaction":9.123213954351456,"comprehension":9.021119781989347,"contact":6.502145922746781,"contact_reachability":0.822680412371134,"contact_satisfaction":7.973684210526316,"autonomy":6.422676713311805},"metadata":{"satisfaction_count":10778,"comprehension_count":8073,"contact_count":466,"contactReachability_count":485,"contactSatisfaction_count":380,"autonomy_count":2787}}
