{"data":{"satisfaction":9.215151515151515,"comprehension":8.390937019969279,"contact":6.929347826086956,"contact_reachability":0.8472906403940886,"contact_satisfaction":8.333333333333334,"autonomy":6.300578034682081},"metadata":{"satisfaction_count":1650,"comprehension_count":1302,"contact_count":184,"contactReachability_count":203,"contactSatisfaction_count":153,"autonomy_count":1211}}
