{"data":{"satisfaction":9.178753180661577,"comprehension":8.710310828877006,"contact":6.617647058823529,"contact_reachability":0.8307453416149069,"contact_satisfaction":8.05168986083499,"autonomy":6.423787838199839},"metadata":{"satisfaction_count":7860,"comprehension_count":5984,"contact_count":612,"contactReachability_count":644,"contactSatisfaction_count":503,"autonomy_count":3733}}
