{"data":{"satisfaction":9.222068328716528,"comprehension":8.223114956736712,"contact":6.657608695652174,"contact_reachability":0.8356643356643356,"contact_satisfaction":8.024017467248909,"autonomy":6.3042071197411005},"metadata":{"satisfaction_count":2166,"comprehension_count":1618,"contact_count":276,"contactReachability_count":286,"contactSatisfaction_count":229,"autonomy_count":1545}}
