{"data":{"satisfaction":5.950413223140496,"comprehension":5.802752293577981,"contact":4.642857142857143,"contact_reachability":0.6666666666666666,"contact_satisfaction":7.222222222222222,"autonomy":4.666666666666667},"metadata":{"satisfaction_count":121,"comprehension_count":109,"contact_count":14,"contactReachability_count":15,"contactSatisfaction_count":9,"autonomy_count":105}}
