{"data":{"satisfaction":5.694444444444445,"comprehension":5.606060606060606,"contact":4.583333333333333,"contact_reachability":0.6428571428571429,"contact_satisfaction":7.857142857142857,"autonomy":4.421052631578948},"metadata":{"satisfaction_count":108,"comprehension_count":99,"contact_count":12,"contactReachability_count":14,"contactSatisfaction_count":7,"autonomy_count":95}}
