{"data":{"satisfaction":5.637254901960785,"comprehension":5.618279569892473,"contact":4.583333333333333,"contact_reachability":0.6428571428571429,"contact_satisfaction":7.857142857142857,"autonomy":4.157303370786517},"metadata":{"satisfaction_count":102,"comprehension_count":93,"contact_count":12,"contactReachability_count":14,"contactSatisfaction_count":7,"autonomy_count":89}}
