{"data":{"satisfaction":7.399487583760346,"comprehension":7.297248803827751,"contact":4.184177997527812,"contact_reachability":0.6156626506024097,"contact_satisfaction":6.908163265306122,"autonomy":5.856888209829386},"metadata":{"satisfaction_count":5074,"comprehension_count":4180,"contact_count":809,"contactReachability_count":830,"contactSatisfaction_count":490,"autonomy_count":3927}}
