{"data":{"satisfaction":7.323874755381604,"comprehension":7.221212121212122,"contact":4.409722222222222,"contact_reachability":0.6577181208053692,"contact_satisfaction":6.827956989247312,"autonomy":5.901639344262295},"metadata":{"satisfaction_count":1022,"comprehension_count":825,"contact_count":144,"contactReachability_count":149,"contactSatisfaction_count":93,"autonomy_count":793}}
