{"data":{"satisfaction":7.377377377377377,"comprehension":7.23404255319149,"contact":4.206896551724138,"contact_reachability":0.6644736842105263,"contact_satisfaction":6.48936170212766,"autonomy":5.782664941785252},"metadata":{"satisfaction_count":999,"comprehension_count":799,"contact_count":145,"contactReachability_count":152,"contactSatisfaction_count":94,"autonomy_count":773}}
