{"data":{"satisfaction":6.751237623762377,"comprehension":8.07534447376136,"contact":3.4482758620689653,"autonomy":5.811965811965812},"metadata":{"satisfaction_count":4848,"comprehension_count":3411,"contact_count":87,"autonomy_count":351}}
