{"data":{"satisfaction":7.47913769123783,"comprehension":7.24764756201882,"contact":4.385416666666667,"contact_reachability":0.6518218623481782,"contact_satisfaction":6.834415584415584,"autonomy":5.987488829311886},"metadata":{"satisfaction_count":1438,"comprehension_count":1169,"contact_count":240,"contactReachability_count":247,"contactSatisfaction_count":154,"autonomy_count":1119}}
