{"data":{"satisfaction":7.419354838709677,"comprehension":7.168021680216802,"contact":3.8461538461538463,"contact_reachability":0.5714285714285714,"contact_satisfaction":6.818181818181818,"autonomy":5.774099318403116},"metadata":{"satisfaction_count":1333,"comprehension_count":1107,"contact_count":234,"contactReachability_count":238,"contactSatisfaction_count":132,"autonomy_count":1027}}
