{"data":{"satisfaction":7.459729679688946,"comprehension":7.3172103487064115,"contact":4.19327251995439,"contact_reachability":0.6089385474860335,"contact_satisfaction":6.978178368121442,"autonomy":5.938843764930722},"metadata":{"satisfaction_count":5401,"comprehension_count":4445,"contact_count":877,"contactReachability_count":895,"contactSatisfaction_count":527,"autonomy_count":4186}}
