{"data":{"satisfaction":7.33759842519685,"comprehension":7.2035452322738385,"contact":4.304635761589404,"contact_reachability":0.6624203821656051,"contact_satisfaction":6.63265306122449,"autonomy":5.810126582278481},"metadata":{"satisfaction_count":1016,"comprehension_count":818,"contact_count":151,"contactReachability_count":157,"contactSatisfaction_count":98,"autonomy_count":790}}
