{"data":{"satisfaction":7.372900851161721,"comprehension":7.293978912319645,"contact":4.2332848837209305,"contact_reachability":0.6278089887640449,"contact_satisfaction":6.885342789598108,"autonomy":5.892589258925892},"metadata":{"satisfaction_count":4347,"comprehension_count":3604,"contact_count":688,"contactReachability_count":712,"contactSatisfaction_count":423,"autonomy_count":3333}}
