{"data":{"satisfaction":7.239150507848569,"comprehension":7.184035476718403,"contact":4.215976331360947,"contact_reachability":0.6818181818181818,"contact_satisfaction":6.3053097345132745,"autonomy":5.755395683453237},"metadata":{"satisfaction_count":1083,"comprehension_count":902,"contact_count":169,"contactReachability_count":176,"contactSatisfaction_count":113,"autonomy_count":834}}
