{"data":{"satisfaction":7.058607160372731,"comprehension":7.510223340673168,"contact":4.116222760290557,"contact_reachability":0.6463700234192038,"contact_satisfaction":6.488549618320611,"autonomy":5.789735924265072},"metadata":{"satisfaction_count":4078,"comprehension_count":3179,"contact_count":413,"contactReachability_count":427,"contactSatisfaction_count":262,"autonomy_count":2007}}
