{"data":{"satisfaction":7.042903467198803,"comprehension":7.505603586295229,"contact":4.116915422885572,"contact_reachability":0.6490384615384616,"contact_satisfaction":6.46484375,"autonomy":5.764705882352941},"metadata":{"satisfaction_count":4009,"comprehension_count":3123,"contact_count":402,"contactReachability_count":416,"contactSatisfaction_count":256,"autonomy_count":1955}}
