{"data":{"satisfaction":7.453490513906797,"comprehension":7.309284116331096,"contact":4.184597961494903,"contact_reachability":0.607103218645949,"contact_satisfaction":6.984877126654064,"autonomy":5.930149679258731},"metadata":{"satisfaction_count":5429,"comprehension_count":4470,"contact_count":883,"contactReachability_count":901,"contactSatisfaction_count":529,"autonomy_count":4209}}
