{"data":{"satisfaction":7.446787544343713,"comprehension":7.3161236224245325,"contact":4.1504263093788065,"contact_reachability":0.6050119331742243,"contact_satisfaction":6.954081632653061,"autonomy":5.939409368635438},"metadata":{"satisfaction_count":5074,"comprehension_count":4174,"contact_count":821,"contactReachability_count":838,"contactSatisfaction_count":490,"autonomy_count":3928}}
