{"data":{"satisfaction":7.3638368246968025,"comprehension":7.29560585885486,"contact":4.172461752433936,"contact_reachability":0.6218034993270525,"contact_satisfaction":6.8493150684931505,"autonomy":5.887259131435146},"metadata":{"satisfaction_count":4535,"comprehension_count":3755,"contact_count":719,"contactReachability_count":743,"contactSatisfaction_count":438,"autonomy_count":3477}}
