{"data":{"satisfaction":7.447683109118087,"comprehension":7.434860736747529,"contact":4.839108910891089,"contact_reachability":0.6730769230769231,"contact_satisfaction":7.294776119402985,"autonomy":5.904761904761905},"metadata":{"satisfaction_count":1338,"comprehension_count":1113,"contact_count":202,"contactReachability_count":208,"contactSatisfaction_count":134,"autonomy_count":1050}}
