{"data":{"satisfaction":7.191574724172518,"comprehension":7.11703431372549,"contact":4.198717948717949,"contact_reachability":0.6790123456790124,"contact_satisfaction":6.298076923076923,"autonomy":5.710560625814863},"metadata":{"satisfaction_count":997,"comprehension_count":816,"contact_count":156,"contactReachability_count":162,"contactSatisfaction_count":104,"autonomy_count":767}}
