{"data":{"satisfaction":7.493540051679586,"comprehension":7.3364204955496755,"contact":3.9020070838252656,"contact_reachability":0.5826589595375723,"contact_satisfaction":6.800411522633745,"autonomy":5.887158539698749},"metadata":{"satisfaction_count":5031,"comprehension_count":4157,"contact_count":847,"contactReachability_count":865,"contactSatisfaction_count":486,"autonomy_count":3917}}
