{"data":{"satisfaction":7.488372093023256,"comprehension":7.39934456928839,"contact":3.5849056603773586,"contact_reachability":0.573394495412844,"contact_satisfaction":6.38655462184874,"autonomy":5.801376597836775},"metadata":{"satisfaction_count":1290,"comprehension_count":1068,"contact_count":212,"contactReachability_count":218,"contactSatisfaction_count":119,"autonomy_count":1017}}
