{"data":{"satisfaction":6.964013086150491,"comprehension":7.770882009345795,"contact":4.139784946236559,"contact_reachability":6.398601398601399,"contact_satisfaction":6.5625,"autonomy":5.796661608497724},"metadata":{"satisfaction_count":4585,"comprehension_count":3424,"contact_count":279,"autonomy_count":1318}}
