{"data":{"satisfaction":7.212028542303772,"comprehension":7.134831460674158,"contact":4.271523178807947,"contact_reachability":0.6878980891719745,"contact_satisfaction":6.323529411764706,"autonomy":5.729442970822281},"metadata":{"satisfaction_count":981,"comprehension_count":801,"contact_count":151,"contactReachability_count":157,"contactSatisfaction_count":102,"autonomy_count":754}}
