{"data":{"satisfaction":7.4573170731707314,"comprehension":7.236940298507463,"contact":3.883587786259542,"contact_reachability":0.5985130111524164,"contact_satisfaction":6.607142857142857,"autonomy":6},"metadata":{"satisfaction_count":1640,"comprehension_count":1340,"contact_count":262,"contactReachability_count":269,"contactSatisfaction_count":154,"autonomy_count":1260}}
