{"data":{"satisfaction":7.278963414634147,"comprehension":7.109227871939736,"contact":4.074074074074074,"contact_reachability":0.6637168141592921,"contact_satisfaction":6.285714285714286,"autonomy":5.838264299802761},"metadata":{"satisfaction_count":656,"comprehension_count":531,"contact_count":108,"contactReachability_count":113,"contactSatisfaction_count":70,"autonomy_count":507}}
