{"data":{"satisfaction":7.31990231990232,"comprehension":7.182835820895522,"contact":4.186046511627907,"contact_reachability":0.6814814814814815,"contact_satisfaction":6.27906976744186,"autonomy":5.918367346938775},"metadata":{"satisfaction_count":819,"comprehension_count":670,"contact_count":129,"contactReachability_count":135,"contactSatisfaction_count":86,"autonomy_count":637}}
