{"data":{"satisfaction":7.06453934740883,"comprehension":7.506910319410319,"contact":4.224941724941725,"contact_reachability":0.6523702031602708,"contact_satisfaction":6.590909090909091,"autonomy":5.798845043310876},"metadata":{"satisfaction_count":4168,"comprehension_count":3256,"contact_count":429,"contactReachability_count":443,"contactSatisfaction_count":275,"autonomy_count":2078}}
