{"data":{"satisfaction":6.951083314719678,"comprehension":7.784772182254197,"contact":4.1415094339622645,"contact_reachability":6.470588235294118,"contact_satisfaction":6.494082840236686,"autonomy":5.757085020242915},"metadata":{"satisfaction_count":4477,"comprehension_count":3336,"contact_count":265,"autonomy_count":1235}}
