{"data":{"satisfaction":7.5198675496688745,"comprehension":7.454073482428115,"contact":4.2458677685950414,"contact_reachability":0.5836734693877551,"contact_satisfaction":7.339285714285714,"autonomy":5.971162001696353},"metadata":{"satisfaction_count":1510,"comprehension_count":1252,"contact_count":242,"contactReachability_count":245,"contactSatisfaction_count":140,"autonomy_count":1179}}
