{"data":{"satisfaction":7.51927119831815,"comprehension":7.466273187183811,"contact":4.431330472103005,"contact_reachability":0.602510460251046,"contact_satisfaction":7.481884057971015,"autonomy":5.958781362007168},"metadata":{"satisfaction_count":1427,"comprehension_count":1186,"contact_count":233,"contactReachability_count":239,"contactSatisfaction_count":138,"autonomy_count":1116}}
