{"data":{"satisfaction":6.7819806120509405,"comprehension":7.984599044078598,"contact":3.7951807228915664,"contact_reachability":6.046511627906977,"contact_satisfaction":6.428571428571429,"autonomy":5.641399416909621},"metadata":{"satisfaction_count":5261,"comprehension_count":3766,"contact_count":166,"autonomy_count":686}}
