{"data":{"satisfaction":7.298524404086265,"comprehension":7.205678670360111,"contact":4.311594202898551,"contact_reachability":0.6944444444444444,"contact_satisfaction":6.329787234042553,"autonomy":5.900439238653002},"metadata":{"satisfaction_count":881,"comprehension_count":722,"contact_count":138,"contactReachability_count":144,"contactSatisfaction_count":94,"autonomy_count":683}}
