{"data":{"satisfaction":7.263513513513513,"comprehension":7.243270189431705,"contact":4.388586956521739,"contact_reachability":6.648936170212766,"contact_satisfaction":6.6735537190082646,"autonomy":5.791173304628633},"metadata":{"satisfaction_count":1184,"comprehension_count":1003,"contact_count":184,"autonomy_count":929}}
