{"data":{"satisfaction":7.31335952848723,"comprehension":7.206959706959707,"contact":4.348591549295775,"contact_reachability":0.6530612244897959,"contact_satisfaction":6.785714285714286,"autonomy":5.901015228426396},"metadata":{"satisfaction_count":1018,"comprehension_count":819,"contact_count":142,"contactReachability_count":147,"contactSatisfaction_count":91,"autonomy_count":788}}
