{"data":{"satisfaction":6.967042136003338,"comprehension":7.7199331848552335,"contact":4.036697247706422,"contact_reachability":0.6430678466076696,"contact_satisfaction":6.407766990291262,"autonomy":5.720081135902637},"metadata":{"satisfaction_count":4794,"comprehension_count":3592,"contact_count":327,"contactReachability_count":339,"contactSatisfaction_count":206,"autonomy_count":1479}}
