{"data":{"satisfaction":6.807296538821328,"comprehension":7.980744210252407,"contact":3.835227272727273,"contact_reachability":6.043956043956044,"contact_satisfaction":6.490384615384615,"autonomy":5.7276368491321765},"metadata":{"satisfaction_count":5345,"comprehension_count":3843,"contact_count":176,"autonomy_count":749}}
