{"data":{"satisfaction":7.9438565803710635,"comprehension":7.289330464264191,"contact":5.662628172079968,"contact_reachability":0.7181335142162681,"contact_satisfaction":7.926907501704021,"autonomy":6.200051919269411},"metadata":{"satisfaction_count":289277,"comprehension_count":270471,"contact_count":34914,"contactReachability_count":35382,"contactSatisfaction_count":24941,"autonomy_count":258093}}
