{"data":{"satisfaction":8.221868365180468,"comprehension":7.5710227272727275,"contact":6.027070063694268,"contact_reachability":0.765079365079365,"contact_satisfaction":7.885416666666667,"autonomy":4.842105263157895},"metadata":{"satisfaction_count":942,"comprehension_count":880,"contact_count":314,"contactReachability_count":315,"contactSatisfaction_count":240,"autonomy_count":855}}
