{"data":{"satisfaction":8.250355618776672,"comprehension":7.648176291793313,"contact":6.307773109243698,"contact_reachability":0.7949790794979079,"contact_satisfaction":7.943121693121693,"autonomy":4.640625},"metadata":{"satisfaction_count":1406,"comprehension_count":1316,"contact_count":476,"contactReachability_count":478,"contactSatisfaction_count":378,"autonomy_count":1280}}
