{"data":{"satisfaction":8.34634346754314,"comprehension":7.720491443615621,"contact":6.555965559655596,"contact_reachability":0.8090575275397797,"contact_satisfaction":8.112633181126332,"autonomy":4.5782589084348215},"metadata":{"satisfaction_count":2434,"comprehension_count":2279,"contact_count":813,"contactReachability_count":817,"contactSatisfaction_count":657,"autonomy_count":2217}}
