{"data":{"satisfaction":8.244015719899965,"comprehension":7.48443579766537,"contact":6.412911084043849,"contact_reachability":0.8026315789473685,"contact_satisfaction":8.025914634146341,"autonomy":4.483884128926968},"metadata":{"satisfaction_count":2799,"comprehension_count":2570,"contact_count":821,"contactReachability_count":836,"contactSatisfaction_count":656,"autonomy_count":2451}}
