{"data":{"satisfaction":7.943971890935725,"comprehension":7.289435662077172,"contact":5.664387676288011,"contact_reachability":0.7183142324846158,"contact_satisfaction":7.927376090960045,"autonomy":6.198284707567808},"metadata":{"satisfaction_count":289444,"comprehension_count":270618,"contact_count":34957,"contactReachability_count":35426,"contactSatisfaction_count":24978,"autonomy_count":258265}}
