{"data":{"satisfaction":8.521136618141098,"comprehension":7.833087149187592,"contact":6.920008183306056,"contact_reachability":8.374644453474197,"contact_satisfaction":8.274217221135029,"autonomy":4.761685116851169},"metadata":{"satisfaction_count":7144,"comprehension_count":6770,"contact_count":2444,"autonomy_count":6504}}
