{"data":{"satisfaction":7.958802686748832,"comprehension":7.305652758547767,"contact":5.5591423425872435,"contact_reachability":0.7087108247768606,"contact_satisfaction":7.885097358781569,"autonomy":6.339883820492588},"metadata":{"satisfaction_count":267833,"comprehension_count":250621,"contact_count":29429,"contactReachability_count":29802,"contactSatisfaction_count":20748,"autonomy_count":238252}}
