{"data":{"satisfaction":7.938347376816117,"comprehension":7.283200849086712,"contact":5.625762593690082,"contact_reachability":0.7153305607342607,"contact_satisfaction":7.905049597909948,"autonomy":6.194583720090258},"metadata":{"satisfaction_count":288390,"comprehension_count":269466,"contact_count":34422,"contactReachability_count":34865,"contactSatisfaction_count":24497,"autonomy_count":257483}}
