{"data":{"satisfaction":7.937818534826475,"comprehension":7.281252087554833,"contact":5.618127872476584,"contact_reachability":0.7151022518382353,"contact_satisfaction":7.896479823377898,"autonomy":6.191041994292038},"metadata":{"satisfaction_count":288430,"comprehension_count":269454,"contact_count":34378,"contactReachability_count":34816,"contactSatisfaction_count":24459,"autonomy_count":257535}}
