{"data":{"satisfaction":7.842105263157895,"comprehension":7.252747252747253,"contact":5.357142857142857,"contact_reachability":0.7301587301587301,"contact_satisfaction":7.336956521739131,"autonomy":4.457142857142857},"metadata":{"satisfaction_count":190,"comprehension_count":182,"contact_count":63,"contactReachability_count":63,"contactSatisfaction_count":46,"autonomy_count":175}}
