{"data":{"satisfaction":8.423475258918296,"comprehension":7.767665952890792,"contact":6.726759339704604,"contact_reachability":0.8155844155844156,"contact_satisfaction":8.254264392324094,"autonomy":4.628875665518321},"metadata":{"satisfaction_count":3476,"comprehension_count":3269,"contact_count":1151,"contactReachability_count":1155,"contactSatisfaction_count":938,"autonomy_count":3193}}
