{"data":{"satisfaction":8.28407224958949,"comprehension":7.693208430913349,"contact":6.401006711409396,"contact_reachability":0.7976588628762542,"contact_satisfaction":8.031578947368422,"autonomy":4.657039711191335},"metadata":{"satisfaction_count":1827,"comprehension_count":1708,"contact_count":596,"contactReachability_count":598,"contactSatisfaction_count":475,"autonomy_count":1662}}
