{"data":{"satisfaction":8.141211841515888,"comprehension":8.018029297608614,"contact":7.080223880597015,"contact_reachability":8.522464103751737,"contact_satisfaction":8.317808219178081,"autonomy":4.7474935016709985},"metadata":{"satisfaction_count":294692,"comprehension_count":255584,"contact_count":2144,"autonomy_count":5386}}
