{"data":{"satisfaction":8.396502016225588,"comprehension":7.799403635179418,"contact":6.454000544909636,"contact_reachability":0.772759665063246,"contact_satisfaction":8.400118203309693,"autonomy":6.895011484276597},"metadata":{"satisfaction_count":104403,"comprehension_count":98262,"contact_count":11011,"contactReachability_count":11226,"contactSatisfaction_count":8460,"autonomy_count":94477}}
