{"data":{"satisfaction":7.931157668353023,"comprehension":7.2771546635183,"contact":5.521041117045235,"contact_reachability":0.7052206793555972,"contact_satisfaction":7.869983948635634,"autonomy":6.273664768354625},"metadata":{"satisfaction_count":277126,"comprehension_count":259182,"contact_count":31082,"contactReachability_count":31471,"contactSatisfaction_count":21805,"autonomy_count":246886}}
