{"data":{"satisfaction":7.937815015356457,"comprehension":7.281184136313711,"contact":5.618729826397976,"contact_reachability":0.7151922359089212,"contact_satisfaction":7.896301593788312,"autonomy":6.1914376460904075},"metadata":{"satisfaction_count":288478,"comprehension_count":269496,"contact_count":34389,"contactReachability_count":34827,"contactSatisfaction_count":24470,"autonomy_count":257546}}
