{"data":{"satisfaction":8.511921861534042,"comprehension":7.825003774724445,"contact":6.90169133192389,"contact_reachability":8.358522250209909,"contact_satisfaction":8.268743667679837,"autonomy":4.804152902312412},"metadata":{"satisfaction_count":6962,"comprehension_count":6623,"contact_count":2365,"autonomy_count":6357}}
