{"data":{"satisfaction":8.141783065460531,"comprehension":8.015674373494353,"contact":7.047796730632552,"contact_reachability":8.459908159660896,"contact_satisfaction":8.339991589571069,"autonomy":4.7283507997793714},"metadata":{"satisfaction_count":294605,"comprehension_count":255704,"contact_count":2814,"autonomy_count":7252}}
