{"data":{"satisfaction":8.04635761589404,"comprehension":7.321002386634845,"contact":5.878378378378378,"contact_reachability":0.7857142857142857,"contact_satisfaction":7.5,"autonomy":4.912718204488778},"metadata":{"satisfaction_count":453,"comprehension_count":419,"contact_count":111,"contactReachability_count":112,"contactSatisfaction_count":87,"autonomy_count":401}}
