{"data":{"satisfaction":8.278249218401072,"comprehension":7.561422063130491,"contact":6.786230139624458,"contact_reachability":0.8274714828897338,"contact_satisfaction":8.223453908984832,"autonomy":4.709003765833619},"metadata":{"satisfaction_count":6717,"comprehension_count":6146,"contact_count":2077,"contactReachability_count":2104,"contactSatisfaction_count":1714,"autonomy_count":5842}}
