{"data":{"satisfaction":8.26764956053303,"comprehension":7.485330450895614,"contact":6.3910318225650915,"contact_reachability":0.8026565464895635,"contact_satisfaction":7.9945717732207475,"autonomy":4.549300357956394},"metadata":{"satisfaction_count":3527,"comprehension_count":3238,"contact_count":1037,"contactReachability_count":1054,"contactSatisfaction_count":829,"autonomy_count":3073}}
