{"data":{"satisfaction":7.937303465941038,"comprehension":7.281017219920867,"contact":5.614812654905963,"contact_reachability":0.7147299320511344,"contact_satisfaction":7.8960101693525235,"autonomy":6.192486346763065},"metadata":{"satisfaction_count":288118,"comprehension_count":269165,"contact_count":34295,"contactReachability_count":34732,"contactSatisfaction_count":24387,"autonomy_count":257265}}
