{"data":{"satisfaction":8.209494324045407,"comprehension":7.566225165562914,"contact":5.993690851735016,"contact_reachability":0.7610062893081762,"contact_satisfaction":7.8838174273858925,"autonomy":4.869169510807736},"metadata":{"satisfaction_count":969,"comprehension_count":906,"contact_count":317,"contactReachability_count":318,"contactSatisfaction_count":241,"autonomy_count":879}}
