{"data":{"satisfaction":8.22892498066512,"comprehension":7.469486531986532,"contact":6.349673202614379,"contact_reachability":0.7961538461538461,"contact_satisfaction":8.015676567656765,"autonomy":4.4734513274336285},"metadata":{"satisfaction_count":2586,"comprehension_count":2376,"contact_count":765,"contactReachability_count":780,"contactSatisfaction_count":606,"autonomy_count":2260}}
