{"data":{"satisfaction":8.314801087225105,"comprehension":7.52827140549273,"contact":6.444629475437136,"contact_reachability":0.7990155865463495,"contact_satisfaction":8.096234309623432,"autonomy":4.5689166193987525},"metadata":{"satisfaction_count":4047,"comprehension_count":3714,"contact_count":1201,"contactReachability_count":1219,"contactSatisfaction_count":956,"autonomy_count":3526}}
