{"data":{"satisfaction":8.142284928761038,"comprehension":8.017708752112599,"contact":7.054288128432615,"contact_reachability":8.484466834592778,"contact_satisfaction":8.323778664007977,"autonomy":4.763654584934024},"metadata":{"satisfaction_count":295344,"comprehension_count":256201,"contact_count":2367,"autonomy_count":5987}}
