{"data":{"satisfaction":8.413385826771654,"comprehension":7.768629639966509,"contact":6.705812101910828,"contact_reachability":0.8166666666666667,"contact_satisfaction":8.217073170731707,"autonomy":4.625322997416021},"metadata":{"satisfaction_count":3810,"comprehension_count":3583,"contact_count":1256,"contactReachability_count":1260,"contactSatisfaction_count":1025,"autonomy_count":3483}}
