{"data":{"satisfaction":7.909407665505227,"comprehension":7.218181818181818,"contact":5.378787878787879,"contact_reachability":0.7373737373737373,"contact_satisfaction":7.294520547945205,"autonomy":4.583333333333333},"metadata":{"satisfaction_count":287,"comprehension_count":275,"contact_count":99,"contactReachability_count":99,"contactSatisfaction_count":73,"autonomy_count":264}}
