{"data":{"satisfaction":8.41564335290977,"comprehension":7.769733106189665,"contact":6.699837530463038,"contact_reachability":0.8153846153846154,"contact_satisfaction":8.22283150548355,"autonomy":4.626822157434402},"metadata":{"satisfaction_count":3746,"comprehension_count":3522,"contact_count":1231,"contactReachability_count":1235,"contactSatisfaction_count":1003,"autonomy_count":3430}}
