{"data":{"satisfaction":8.138548442314276,"comprehension":8.020890539499417,"contact":7.342995169082125,"autonomy":4.798013245033113},"metadata":{"satisfaction_count":292100,"comprehension_count":253105,"contact_count":1242,"autonomy_count":3020}}
