{"data":{"satisfaction":7.925736395853225,"comprehension":7.271593461036701,"contact":5.519447691870202,"contact_reachability":0.7055666500249625,"contact_satisfaction":7.864088596767658,"autonomy":6.256521599537669},"metadata":{"satisfaction_count":279639,"comprehension_count":261387,"contact_count":31649,"contactReachability_count":32048,"contactSatisfaction_count":22213,"autonomy_count":249172}}
