{"data":{"satisfaction":8.232456140350877,"comprehension":7.591377694470478,"contact":6.1936339522546415,"contact_reachability":0.7804232804232805,"contact_satisfaction":7.942176870748299,"autonomy":4.811594202898551},"metadata":{"satisfaction_count":1140,"comprehension_count":1067,"contact_count":377,"contactReachability_count":378,"contactSatisfaction_count":294,"autonomy_count":1035}}
