{"data":{"satisfaction":8.26388888888889,"comprehension":7.483886561392201,"contact":6.4211309523809526,"contact_reachability":0.8058536585365854,"contact_satisfaction":8.000618046971569,"autonomy":4.501356852103121},"metadata":{"satisfaction_count":3384,"comprehension_count":3103,"contact_count":1008,"contactReachability_count":1025,"contactSatisfaction_count":809,"autonomy_count":2948}}
