{"data":{"satisfaction":7.9326923076923075,"comprehension":7.71978021978022,"contact":3.522727272727273,"contact_reachability":0.5909090909090909,"contact_satisfaction":5.961538461538462,"autonomy":6.931818181818182},"metadata":{"satisfaction_count":104,"comprehension_count":91,"contact_count":22,"contactReachability_count":22,"contactSatisfaction_count":13,"autonomy_count":88}}
