{"data":{"satisfaction":7.642487046632124,"comprehension":7.7601156069364166,"contact":3.7142857142857144,"contact_reachability":0.6,"contact_satisfaction":6.190476190476191,"autonomy":7.2560975609756095},"metadata":{"satisfaction_count":193,"comprehension_count":173,"contact_count":35,"contactReachability_count":35,"contactSatisfaction_count":21,"autonomy_count":164}}
