{"data":{"satisfaction":7.714285714285714,"comprehension":8.139204545454545,"contact":3.8333333333333335,"contact_reachability":0.6266666666666667,"contact_satisfaction":6.117021276595745,"autonomy":7.18475073313783},"metadata":{"satisfaction_count":630,"comprehension_count":528,"contact_count":75,"contactReachability_count":75,"contactSatisfaction_count":47,"autonomy_count":341}}
