{"data":{"satisfaction":7.125813449023862,"comprehension":7.214467005076142,"contact":3.074712643678161,"contact_reachability":0.45454545454545453,"contact_satisfaction":6.858974358974359,"autonomy":7.024793388429752},"metadata":{"satisfaction_count":461,"comprehension_count":394,"contact_count":87,"contactReachability_count":88,"contactSatisfaction_count":39,"autonomy_count":363}}
