{"data":{"satisfaction":7.916666666666667,"comprehension":7.609649122807017,"contact":3.189655172413793,"contact_reachability":0.6206896551724138,"contact_satisfaction":5.138888888888889,"autonomy":6.818181818181818},"metadata":{"satisfaction_count":132,"comprehension_count":114,"contact_count":29,"contactReachability_count":29,"contactSatisfaction_count":18,"autonomy_count":110}}
