{"data":{"satisfaction":7.758620689655173,"comprehension":7.7362204724409445,"contact":3.2291666666666665,"contact_reachability":0.4166666666666667,"contact_satisfaction":7.75,"autonomy":6.869565217391305},"metadata":{"satisfaction_count":145,"comprehension_count":127,"contact_count":24,"contactReachability_count":24,"contactSatisfaction_count":10,"autonomy_count":115}}
