{"data":{"satisfaction":7.8125,"comprehension":7.738095238095238,"contact":3.5416666666666665,"contact_reachability":0.4583333333333333,"contact_satisfaction":7.7272727272727275,"autonomy":6.782608695652174},"metadata":{"satisfaction_count":144,"comprehension_count":126,"contact_count":24,"contactReachability_count":24,"contactSatisfaction_count":11,"autonomy_count":115}}
