{"data":{"satisfaction":7.587719298245614,"comprehension":8.558252427184467,"contact":4.642857142857143,"contact_reachability":7.142857142857143,"contact_satisfaction":6.5,"autonomy":7.8125},"metadata":{"satisfaction_count":684,"comprehension_count":515,"contact_count":7,"autonomy_count":64}}
