{"data":{"satisfaction":7.739726027397261,"comprehension":7.696850393700787,"contact":3.369565217391304,"contact_reachability":0.43478260869565216,"contact_satisfaction":7.75,"autonomy":6.869565217391305},"metadata":{"satisfaction_count":146,"comprehension_count":127,"contact_count":23,"contactReachability_count":23,"contactSatisfaction_count":10,"autonomy_count":115}}
