{"data":{"satisfaction":7.130977130977131,"comprehension":7.2073170731707314,"contact":3.1666666666666665,"contact_reachability":0.4725274725274725,"contact_satisfaction":6.785714285714286,"autonomy":7.0557029177718835},"metadata":{"satisfaction_count":481,"comprehension_count":410,"contact_count":90,"contactReachability_count":91,"contactSatisfaction_count":42,"autonomy_count":377}}
