{"data":{"satisfaction":7.922535211267606,"comprehension":7.80241935483871,"contact":3.611111111111111,"contact_reachability":6.296296296296297,"contact_satisfaction":5.735294117647059,"autonomy":7.131147540983607},"metadata":{"satisfaction_count":142,"comprehension_count":124,"contact_count":27,"autonomy_count":122}}
