{"data":{"satisfaction":7.693430656934306,"comprehension":8.09233449477352,"contact":3.932926829268293,"contact_reachability":0.6219512195121951,"contact_satisfaction":6.323529411764706,"autonomy":7.135416666666667},"metadata":{"satisfaction_count":685,"comprehension_count":574,"contact_count":82,"contactReachability_count":82,"contactSatisfaction_count":51,"autonomy_count":384}}
