{"data":{"satisfaction":7.801418439716312,"comprehension":7.82258064516129,"contact":4.166666666666667,"contact_reachability":0.5416666666666666,"contact_satisfaction":7.6923076923076925,"autonomy":6.814159292035399},"metadata":{"satisfaction_count":141,"comprehension_count":124,"contact_count":24,"contactReachability_count":24,"contactSatisfaction_count":13,"autonomy_count":113}}
