{"data":{"satisfaction":7.180616740088106,"comprehension":7.267441860465116,"contact":3.1470588235294117,"contact_reachability":0.46511627906976744,"contact_satisfaction":6.858974358974359,"autonomy":7.086834733893557},"metadata":{"satisfaction_count":454,"comprehension_count":387,"contact_count":85,"contactReachability_count":86,"contactSatisfaction_count":39,"autonomy_count":357}}
