{"data":{"satisfaction":7.654986522911051,"comprehension":8.479965156794425,"contact":3.4166666666666665,"contact_reachability":6.333333333333333,"contact_satisfaction":5.394736842105263,"autonomy":7.3202614379084965},"metadata":{"satisfaction_count":742,"comprehension_count":574,"contact_count":30,"autonomy_count":153}}
