{"data":{"satisfaction":8.090909090909092,"comprehension":8.055555555555555,"contact":4.338235294117647,"contact_reachability":6.764705882352942,"contact_satisfaction":6.413043478260869,"autonomy":7.092198581560283},"metadata":{"satisfaction_count":165,"comprehension_count":144,"contact_count":34,"autonomy_count":141}}
