{"data":{"satisfaction":7.627737226277373,"comprehension":7.540650406504065,"contact":2.6136363636363638,"contact_reachability":0.3181818181818182,"contact_satisfaction":8.214285714285714,"autonomy":7.181818181818182},"metadata":{"satisfaction_count":137,"comprehension_count":123,"contact_count":22,"contactReachability_count":22,"contactSatisfaction_count":7,"autonomy_count":110}}
