{"data":{"satisfaction":7.609929078014185,"comprehension":8.536585365853659,"contact":4.25,"contact_reachability":6,"contact_satisfaction":7.083333333333333,"autonomy":7.777777777777778},"metadata":{"satisfaction_count":705,"comprehension_count":533,"contact_count":10,"autonomy_count":81}}
