{"data":{"satisfaction":7.661290322580645,"comprehension":7.6946107784431135,"contact":3.9705882352941178,"contact_reachability":0.6176470588235294,"contact_satisfaction":6.428571428571429,"autonomy":7.32484076433121},"metadata":{"satisfaction_count":186,"comprehension_count":167,"contact_count":34,"contactReachability_count":34,"contactSatisfaction_count":21,"autonomy_count":157}}
