{"data":{"satisfaction":7.4,"comprehension":7.691082802547771,"contact":4.236111111111111,"contact_reachability":0.6111111111111112,"contact_satisfaction":6.931818181818182,"autonomy":6.778523489932886},"metadata":{"satisfaction_count":175,"comprehension_count":157,"contact_count":36,"contactReachability_count":36,"contactSatisfaction_count":22,"autonomy_count":149}}
