{"data":{"satisfaction":7.7073170731707314,"comprehension":8.44773790951638,"contact":3.869047619047619,"contact_reachability":0.6666666666666666,"contact_satisfaction":5.803571428571429,"autonomy":7.419354838709677},"metadata":{"satisfaction_count":820,"comprehension_count":641,"contact_count":42,"contactReachability_count":42,"contactSatisfaction_count":28,"autonomy_count":217}}
