{"data":{"satisfaction":7.163677130044843,"comprehension":7.27154046997389,"contact":3.1470588235294117,"contact_reachability":0.46511627906976744,"contact_satisfaction":6.858974358974359,"autonomy":7.045454545454546},"metadata":{"satisfaction_count":446,"comprehension_count":383,"contact_count":85,"contactReachability_count":86,"contactSatisfaction_count":39,"autonomy_count":352}}
