{"data":{"satisfaction":7.670967741935484,"comprehension":8.479338842975206,"contact":3.8513513513513513,"contact_reachability":6.486486486486487,"contact_satisfaction":5.9375,"autonomy":7.3076923076923075},"metadata":{"satisfaction_count":775,"comprehension_count":605,"contact_count":37,"autonomy_count":182}}
