{"data":{"satisfaction":7.426470588235294,"comprehension":7.41869918699187,"contact":2.391304347826087,"contact_reachability":0.30434782608695654,"contact_satisfaction":7.857142857142857,"autonomy":7},"metadata":{"satisfaction_count":136,"comprehension_count":123,"contact_count":23,"contactReachability_count":23,"contactSatisfaction_count":7,"autonomy_count":110}}
