{"data":{"satisfaction":7.694763729246488,"comprehension":8.481996726677577,"contact":4.0131578947368425,"contact_reachability":6.578947368421053,"contact_satisfaction":6.1,"autonomy":7.301587301587301},"metadata":{"satisfaction_count":783,"comprehension_count":611,"contact_count":38,"autonomy_count":189}}
