{"data":{"satisfaction":7.590975254730713,"comprehension":8.561046511627907,"contact":4.642857142857143,"contact_reachability":7.142857142857143,"contact_satisfaction":6.5,"autonomy":7.846153846153846},"metadata":{"satisfaction_count":687,"comprehension_count":516,"contact_count":7,"autonomy_count":65}}
