{"data":{"satisfaction":7.560790273556231,"comprehension":8.580121703853955,"contact":3.125,"autonomy":7.857142857142857},"metadata":{"satisfaction_count":658,"comprehension_count":493,"contact_count":4,"autonomy_count":42}}
