{"data":{"satisfaction":7.423954372623574,"comprehension":7.537960954446855,"contact":3.247422680412371,"contact_reachability":0.5151515151515151,"contact_satisfaction":6.428571428571429,"autonomy":7.0533642691415315},"metadata":{"satisfaction_count":526,"comprehension_count":461,"contact_count":97,"contactReachability_count":99,"contactSatisfaction_count":49,"autonomy_count":431}}
