{"data":{"satisfaction":8.147058823529411,"comprehension":8.133333333333333,"contact":4.044117647058823,"contact_reachability":0.6764705882352942,"contact_satisfaction":5.978260869565218,"autonomy":7.142857142857143},"metadata":{"satisfaction_count":170,"comprehension_count":150,"contact_count":34,"contactReachability_count":34,"contactSatisfaction_count":23,"autonomy_count":147}}
