{"data":{"satisfaction":7.725779967159277,"comprehension":8.143418467583498,"contact":3.823529411764706,"contact_reachability":0.6323529411764706,"contact_satisfaction":6.046511627906977,"autonomy":7.244582043343653},"metadata":{"satisfaction_count":609,"comprehension_count":509,"contact_count":68,"contactReachability_count":68,"contactSatisfaction_count":43,"autonomy_count":323}}
