{"data":{"satisfaction":7.857142857142857,"comprehension":7.6937984496124034,"contact":2.9838709677419355,"contact_reachability":0.5806451612903226,"contact_satisfaction":5.138888888888889,"autonomy":6.854838709677419},"metadata":{"satisfaction_count":147,"comprehension_count":129,"contact_count":31,"contactReachability_count":31,"contactSatisfaction_count":18,"autonomy_count":124}}
