{"data":{"satisfaction":6.9,"comprehension":6.554054054054054,"contact":2.3684210526315788,"contact_reachability":0.3684210526315789,"contact_satisfaction":6.428571428571429,"autonomy":7.183098591549296},"metadata":{"satisfaction_count":100,"comprehension_count":74,"contact_count":19,"contactReachability_count":19,"contactSatisfaction_count":7,"autonomy_count":71}}
