{"data":{"satisfaction":9.555256064690028,"comprehension":9.006211180124224,"contact":5.524193548387097,"contact_reachability":0.6774193548387096,"contact_satisfaction":8.154761904761905,"autonomy":6.515151515151516},"metadata":{"satisfaction_count":371,"comprehension_count":322,"contact_count":62,"contactReachability_count":62,"contactSatisfaction_count":42,"autonomy_count":330}}
