{"data":{"satisfaction":9.554054054054054,"comprehension":9.010903426791277,"contact":5.524193548387097,"contact_reachability":0.6774193548387096,"contact_satisfaction":8.154761904761905,"autonomy":6.504559270516717},"metadata":{"satisfaction_count":370,"comprehension_count":321,"contact_count":62,"contactReachability_count":62,"contactSatisfaction_count":42,"autonomy_count":329}}
