{"data":{"satisfaction":9.361363274406752,"comprehension":9.33162166639059,"contact":7.336601307189542,"contact_reachability":8.398692810457517,"contact_satisfaction":8.735408560311283,"autonomy":7.220670391061453},"metadata":{"satisfaction_count":6279,"comprehension_count":6037,"contact_count":306,"autonomy_count":2148}}
