{"data":{"satisfaction":9.394007490636705,"comprehension":9.110104422604422,"contact":7.152862362971986,"contact_reachability":0.822463768115942,"contact_satisfaction":8.712908011869436,"autonomy":7.159863945578231},"metadata":{"satisfaction_count":6675,"comprehension_count":6512,"contact_count":821,"contactReachability_count":828,"contactSatisfaction_count":674,"autonomy_count":6468}}
