{"data":{"satisfaction":9.2766088158501,"comprehension":9.026361211360427,"contact":7.2745625841184385,"contact_reachability":0.8449197860962567,"contact_satisfaction":8.620414673046252,"autonomy":7.112055398174379},"metadata":{"satisfaction_count":6511,"comprehension_count":6373,"contact_count":743,"contactReachability_count":748,"contactSatisfaction_count":627,"autonomy_count":6354}}
