{"data":{"satisfaction":9.319378798109385,"comprehension":9.323085601466648,"contact":7.645631067961165,"contact_reachability":8.54368932038835,"contact_satisfaction":8.948863636363637,"autonomy":7.247706422018348},"metadata":{"satisfaction_count":7405,"comprehension_count":7091,"contact_count":206,"autonomy_count":1417}}
