{"data":{"satisfaction":9.445983379501385,"comprehension":9.064285714285715,"contact":6.662303664921466,"contact_reachability":0.7772020725388601,"contact_satisfaction":8.597972972972974,"autonomy":7.072997873848334},"metadata":{"satisfaction_count":1444,"comprehension_count":1400,"contact_count":191,"contactReachability_count":193,"contactSatisfaction_count":148,"autonomy_count":1411}}
