{"data":{"satisfaction":9.365725227381523,"comprehension":9.071393523061825,"contact":7.277777777777778,"contact_reachability":0.84,"contact_satisfaction":8.664021164021165,"autonomy":7.20118052139695},"metadata":{"satisfaction_count":2089,"comprehension_count":2038,"contact_count":225,"contactReachability_count":225,"contactSatisfaction_count":189,"autonomy_count":2033}}
