{"data":{"satisfaction":9.31180158081221,"comprehension":9.041119798938844,"contact":7.104503464203233,"contact_reachability":0.8304696449026346,"contact_satisfaction":8.568941504178273,"autonomy":7.119330076762037},"metadata":{"satisfaction_count":7338,"comprehension_count":7162,"contact_count":866,"contactReachability_count":873,"contactSatisfaction_count":718,"autonomy_count":7165}}
