{"data":{"satisfaction":9.27357570692297,"comprehension":9.021429588494945,"contact":7.29269801980198,"contact_reachability":0.8487084870848709,"contact_satisfaction":8.602189781021897,"autonomy":7.138373751783167},"metadata":{"satisfaction_count":7179,"comprehension_count":7023,"contact_count":808,"contactReachability_count":813,"contactSatisfaction_count":685,"autonomy_count":7010}}
