{"data":{"satisfaction":9.017016654598118,"comprehension":8.827920865994773,"contact":6.929530201342282,"contact_reachability":0.858085808580858,"contact_satisfaction":8.098039215686274,"autonomy":7.201352366641623},"metadata":{"satisfaction_count":2762,"comprehension_count":2679,"contact_count":298,"contactReachability_count":303,"contactSatisfaction_count":255,"autonomy_count":2662}}
