{"data":{"satisfaction":9.389505549949545,"comprehension":9.137532133676093,"contact":7.262443438914027,"contact_reachability":0.8416289592760181,"contact_satisfaction":8.629032258064516,"autonomy":7.239422084623323},"metadata":{"satisfaction_count":1982,"comprehension_count":1945,"contact_count":221,"contactReachability_count":221,"contactSatisfaction_count":186,"autonomy_count":1938}}
