{"data":{"satisfaction":9.273936939542956,"comprehension":9.024164942358853,"contact":7.2756410256410255,"contact_reachability":0.845859872611465,"contact_satisfaction":8.611532625189682,"autonomy":7.158770236150304},"metadata":{"satisfaction_count":6914,"comprehension_count":6766,"contact_count":780,"contactReachability_count":785,"contactSatisfaction_count":659,"autonomy_count":6733}}
