{"data":{"satisfaction":9.39376016560698,"comprehension":9.11160781936657,"contact":7.143719806763285,"contact_reachability":0.822754491017964,"contact_satisfaction":8.698529411764707,"autonomy":7.1714547677261615},"metadata":{"satisfaction_count":6763,"comprehension_count":6599,"contact_count":828,"contactReachability_count":835,"contactSatisfaction_count":680,"autonomy_count":6544}}
