{"data":{"satisfaction":9.35,"comprehension":8.995568685376663,"contact":6.760299625468165,"contact_reachability":0.7992565055762082,"contact_satisfaction":8.474178403755868,"autonomy":7.0576735092864125},"metadata":{"satisfaction_count":2100,"comprehension_count":2031,"contact_count":267,"contactReachability_count":269,"contactSatisfaction_count":213,"autonomy_count":2046}}
