{"data":{"satisfaction":9.424802110817941,"comprehension":9.095860566448803,"contact":6.7073170731707314,"contact_reachability":0.7943548387096774,"contact_satisfaction":8.461538461538462,"autonomy":7.100431965442764},"metadata":{"satisfaction_count":1895,"comprehension_count":1836,"contact_count":246,"contactReachability_count":248,"contactSatisfaction_count":195,"autonomy_count":1852}}
