{"data":{"satisfaction":9.369054280917739,"comprehension":9.095828555045872,"contact":7.152375434530707,"contact_reachability":0.825287356321839,"contact_satisfaction":8.681434599156118,"autonomy":7.141003460207613},"metadata":{"satisfaction_count":7148,"comprehension_count":6976,"contact_count":863,"contactReachability_count":870,"contactSatisfaction_count":711,"autonomy_count":6936}}
