{"data":{"satisfaction":9.36804008908686,"comprehension":9.291184971098266,"contact":7.2331786542923435,"contact_reachability":0.8383371824480369,"contact_satisfaction":8.63573407202216,"autonomy":7.1649654264076394},"metadata":{"satisfaction_count":7184,"comprehension_count":6920,"contact_count":431,"contactReachability_count":433,"contactSatisfaction_count":361,"autonomy_count":3037}}
