{"data":{"satisfaction":9.313356624563289,"comprehension":9.0434393501308,"contact":7.1070615034168565,"contact_reachability":0.8293785310734463,"contact_satisfaction":8.583218707015131,"autonomy":7.120627926191132},"metadata":{"satisfaction_count":7442,"comprehension_count":7263,"contact_count":878,"contactReachability_count":885,"contactSatisfaction_count":727,"autonomy_count":7262}}
