{"data":{"satisfaction":9.3611911623439,"comprehension":8.996268656716419,"contact":6.902985074626866,"contact_reachability":0.8074074074074075,"contact_satisfaction":8.564814814814815,"autonomy":7.027160493827161},"metadata":{"satisfaction_count":2082,"comprehension_count":2010,"contact_count":268,"contactReachability_count":270,"contactSatisfaction_count":216,"autonomy_count":2025}}
