{"data":{"satisfaction":9.44076770350761,"comprehension":9.070403280929597,"contact":6.67948717948718,"contact_reachability":0.7817258883248731,"contact_satisfaction":8.569078947368421,"autonomy":7.079945799457994},"metadata":{"satisfaction_count":1511,"comprehension_count":1463,"contact_count":195,"contactReachability_count":197,"contactSatisfaction_count":152,"autonomy_count":1476}}
