{"data":{"satisfaction":9.361811631497684,"comprehension":9.137388568432092,"contact":7.068181818181818,"contact_reachability":0.8181818181818182,"contact_satisfaction":8.63888888888889,"autonomy":7.253968253968254},"metadata":{"satisfaction_count":1943,"comprehension_count":1907,"contact_count":220,"contactReachability_count":220,"contactSatisfaction_count":180,"autonomy_count":1890}}
