{"data":{"satisfaction":9.354609929078014,"comprehension":9.007334963325183,"contact":6.820754716981132,"contact_reachability":0.797752808988764,"contact_satisfaction":8.566350710900474,"autonomy":7.017969888295289},"metadata":{"satisfaction_count":2115,"comprehension_count":2045,"contact_count":265,"contactReachability_count":267,"contactSatisfaction_count":211,"autonomy_count":2059}}
