{"data":{"satisfaction":9.369837463362643,"comprehension":9.2840830449827,"contact":7.093147751605995,"contact_reachability":0.8187633262260128,"contact_satisfaction":8.671465968586388,"autonomy":7.1723518850987436},"metadata":{"satisfaction_count":7506,"comprehension_count":7225,"contact_count":467,"contactReachability_count":469,"contactSatisfaction_count":382,"autonomy_count":3342}}
