{"data":{"satisfaction":9.150454863540938,"comprehension":8.935994839449542,"contact":7.084870848708487,"contact_reachability":0.8465286236297198,"contact_satisfaction":8.384279475982533,"autonomy":7.102656137832017},"metadata":{"satisfaction_count":7145,"comprehension_count":6976,"contact_count":813,"contactReachability_count":821,"contactSatisfaction_count":687,"autonomy_count":6965}}
