{"data":{"satisfaction":9.309517279210093,"comprehension":9.042000280938334,"contact":7.090592334494773,"contact_reachability":0.8294930875576036,"contact_satisfaction":8.562412342215989,"autonomy":7.1249824265429496},"metadata":{"satisfaction_count":7292,"comprehension_count":7119,"contact_count":861,"contactReachability_count":868,"contactSatisfaction_count":713,"autonomy_count":7113}}
