{"data":{"satisfaction":9.382013592539908,"comprehension":9.205344010459225,"contact":7.120034542314335,"contact_reachability":0.8227194492254734,"contact_satisfaction":8.660714285714286,"autonomy":7.084896810506566},"metadata":{"satisfaction_count":6327,"comprehension_count":6119,"contact_count":579,"contactReachability_count":581,"contactSatisfaction_count":476,"autonomy_count":4264}}
