{"data":{"satisfaction":9.386395511921458,"comprehension":9.206584659913169,"contact":7.139016897081413,"contact_reachability":0.8254211332312404,"contact_satisfaction":8.654562383612664,"autonomy":7.14172604908947},"metadata":{"satisfaction_count":7130,"comprehension_count":6910,"contact_count":651,"contactReachability_count":653,"contactSatisfaction_count":537,"autonomy_count":5052}}
