{"data":{"satisfaction":9.250772399588053,"comprehension":9.023909616395166,"contact":6.845794392523365,"contact_reachability":0.8084112149532711,"contact_satisfaction":8.468208092485549,"autonomy":7.131495227995758},"metadata":{"satisfaction_count":1942,"comprehension_count":1903,"contact_count":214,"contactReachability_count":214,"contactSatisfaction_count":173,"autonomy_count":1886}}
