{"data":{"satisfaction":9.206072672971628,"comprehension":8.944813490035768,"contact":6.956521739130435,"contact_reachability":0.8269230769230769,"contact_satisfaction":8.421052631578947,"autonomy":7.242798353909465},"metadata":{"satisfaction_count":2009,"comprehension_count":1957,"contact_count":207,"contactReachability_count":208,"contactSatisfaction_count":171,"autonomy_count":1944}}
