{"data":{"satisfaction":9.342258440046566,"comprehension":9.06547619047619,"contact":7.208994708994709,"contact_reachability":0.8272251308900523,"contact_satisfaction":8.73397435897436,"autonomy":7.206502107164359},"metadata":{"satisfaction_count":1718,"comprehension_count":1680,"contact_count":189,"contactReachability_count":191,"contactSatisfaction_count":156,"autonomy_count":1661}}
