{"data":{"satisfaction":9.309723023658396,"comprehension":9.335271025215159,"contact":7.180451127819549,"autonomy":7.431865828092243},"metadata":{"satisfaction_count":6932,"comprehension_count":6623,"contact_count":133,"autonomy_count":954}}
