{"data":{"satisfaction":9.315330060010911,"comprehension":9.042761319172723,"contact":7.386363636363637,"contact_reachability":0.8442211055276382,"contact_satisfaction":8.75748502994012,"autonomy":7.270680922903771},"metadata":{"satisfaction_count":1833,"comprehension_count":1789,"contact_count":198,"contactReachability_count":199,"contactSatisfaction_count":167,"autonomy_count":1777}}
