{"data":{"satisfaction":9.325440528634362,"comprehension":9.052987598647125,"contact":7.3979591836734695,"contact_reachability":0.8426395939086294,"contact_satisfaction":8.787878787878787,"autonomy":7.267045454545454},"metadata":{"satisfaction_count":1816,"comprehension_count":1774,"contact_count":196,"contactReachability_count":197,"contactSatisfaction_count":165,"autonomy_count":1760}}
