{"data":{"satisfaction":9.315513192429894,"comprehension":9.330421599768986,"contact":7.5683060109289615,"contact_reachability":8.415300546448087,"contact_satisfaction":8.993506493506494,"autonomy":7.348726114649682},"metadata":{"satisfaction_count":7239,"comprehension_count":6926,"contact_count":183,"autonomy_count":1256}}
