{"data":{"satisfaction":9.413279908414424,"comprehension":9.080105633802816,"contact":6.928879310344827,"contact_reachability":0.8290598290598291,"contact_satisfaction":8.372395833333334,"autonomy":7.056758338209479},"metadata":{"satisfaction_count":1747,"comprehension_count":1704,"contact_count":232,"contactReachability_count":234,"contactSatisfaction_count":192,"autonomy_count":1709}}
