{"data":{"satisfaction":9.308032628231716,"comprehension":9.039578023222884,"contact":7.093091334894614,"contact_reachability":0.8304297328687572,"contact_satisfaction":8.555790960451978,"autonomy":7.120589485617118},"metadata":{"satisfaction_count":7233,"comprehension_count":7062,"contact_count":854,"contactReachability_count":861,"contactSatisfaction_count":708,"autonomy_count":7057}}
