{"data":{"satisfaction":9.436539556061469,"comprehension":9.098939929328623,"contact":6.68859649122807,"contact_reachability":0.782608695652174,"contact_satisfaction":8.567415730337078,"autonomy":7.077732320280537},"metadata":{"satisfaction_count":1757,"comprehension_count":1698,"contact_count":228,"contactReachability_count":230,"contactSatisfaction_count":178,"autonomy_count":1711}}
