{"data":{"satisfaction":7.29669862847433,"comprehension":7.308384605314831,"contact":4.2045181446767605,"contact_reachability":0.6999290612437928,"contact_satisfaction":6.049446749654218,"autonomy":5.818877202567955},"metadata":{"satisfaction_count":16478,"comprehension_count":15278,"contact_count":4161,"contactReachability_count":4229,"contactSatisfaction_count":2892,"autonomy_count":14642}}
