{"data":{"satisfaction":7.497695525774658,"comprehension":7.478985174996179,"contact":4.247128221049364,"contact_reachability":0.6850778150747635,"contact_satisfaction":6.249428962996802,"autonomy":6.035714285714286},"metadata":{"satisfaction_count":14103,"comprehension_count":13086,"contact_count":3221,"contactReachability_count":3277,"contactSatisfaction_count":2189,"autonomy_count":12600}}
