{"data":{"satisfaction":7.537498179700014,"comprehension":7.510388897600753,"contact":4.273303020461189,"contact_reachability":0.6840089371209703,"contact_satisfaction":6.298468166586884,"autonomy":6.090612244897959},"metadata":{"satisfaction_count":13734,"comprehension_count":12754,"contact_count":3079,"contactReachability_count":3133,"contactSatisfaction_count":2089,"autonomy_count":12250}}
