{"data":{"satisfaction":7.467687888942078,"comprehension":7.452837140751658,"contact":4.26763242610477,"contact_reachability":0.689029657356752,"contact_satisfaction":6.239837398373984,"autonomy":5.91604788604334},"metadata":{"satisfaction_count":14623,"comprehension_count":13570,"contact_count":3417,"contactReachability_count":3473,"contactSatisfaction_count":2337,"autonomy_count":13198}}
