{"data":{"satisfaction":7.598969313656594,"comprehension":7.564689574056961,"contact":4.247009786154404,"contact_reachability":0.6809269162210339,"contact_satisfaction":6.286212446351931,"autonomy":6.0379606775044685},"metadata":{"satisfaction_count":12807,"comprehension_count":11903,"contact_count":2759,"contactReachability_count":2805,"contactSatisfaction_count":1864,"autonomy_count":11749}}
