{"data":{"satisfaction":6.920361684638074,"comprehension":6.990443365188782,"contact":3.9711328059249285,"contact_reachability":0.7003646005966192,"contact_satisfaction":5.708323251875151,"autonomy":5.3849453141754235},"metadata":{"satisfaction_count":20681,"comprehension_count":19149,"contact_count":5941,"contactReachability_count":6034,"contactSatisfaction_count":4133,"autonomy_count":18652}}
