{"data":{"satisfaction":7.316877010640931,"comprehension":7.325976796906255,"contact":4.218634458959823,"contact_reachability":0.6965801600776134,"contact_satisfaction":6.099429793300072,"autonomy":5.771982936562543},"metadata":{"satisfaction_count":16164,"comprehension_count":14998,"contact_count":4057,"contactReachability_count":4123,"contactSatisfaction_count":2806,"autonomy_count":14534}}
