{"data":{"satisfaction":9.160345278577033,"comprehension":8.81664691943128,"contact":4.427631578947368,"contact_reachability":0.5989583333333334,"contact_satisfaction":7.4446902654867255,"autonomy":7.42366967141611},"metadata":{"satisfaction_count":3823,"comprehension_count":3376,"contact_count":380,"contactReachability_count":384,"contactSatisfaction_count":226,"autonomy_count":3439}}
