{"data":{"satisfaction":8.963395392868414,"comprehension":8.864742698191932,"contact":4.655172413793103,"contact_reachability":0.541795665634675,"contact_satisfaction":8.68421052631579,"autonomy":7.685744756487735},"metadata":{"satisfaction_count":3169,"comprehension_count":2876,"contact_count":319,"contactReachability_count":323,"contactSatisfaction_count":171,"autonomy_count":2813}}
