{"data":{"satisfaction":8.8855193328279,"comprehension":9.174245393963151,"contact":4.392138939670932,"contact_reachability":5.8483754512635375,"contact_satisfaction":7.578864353312303,"autonomy":7.436808021725507},"metadata":{"satisfaction_count":14509,"comprehension_count":12755,"contact_count":547,"autonomy_count":4787}}
