{"data":{"satisfaction":8.922945789294237,"comprehension":8.946678995222685,"contact":4.529582929194956,"contact_reachability":0.5906040268456376,"contact_satisfaction":7.731788079470198,"autonomy":7.500275542819354},"metadata":{"satisfaction_count":14665,"comprehension_count":12978,"contact_count":1031,"contactReachability_count":1043,"contactSatisfaction_count":604,"autonomy_count":9073}}
