{"data":{"satisfaction":9.053997135877347,"comprehension":8.950779592213303,"contact":4.608985024958403,"contact_reachability":0.5816409423233144,"contact_satisfaction":8.064046579330421,"autonomy":7.669307677796642},"metadata":{"satisfaction_count":11871,"comprehension_count":10839,"contact_count":1202,"contactReachability_count":1231,"contactSatisfaction_count":687,"autonomy_count":10602}}
