{
  "data": {
    "satisfaction": 8.810942578548213,
    "comprehension": 9.338556128520429,
    "contact": 4.107142857142857,
    "autonomy": 7.540842648323302
  },
  "metadata": {
    "satisfaction_count": 14768,
    "comprehension_count": 12605,
    "contact_count": 140,
    "autonomy_count": 1163
  }
}
