{"data":{"satisfaction":9.156020131629887,"comprehension":8.750562303193883,"contact":4.556603773584905,"contact_reachability":0.6156716417910447,"contact_satisfaction":7.453703703703703,"autonomy":7.369337979094077},"metadata":{"satisfaction_count":2583,"comprehension_count":2223,"contact_count":265,"contactReachability_count":268,"contactSatisfaction_count":162,"autonomy_count":2296}}
