{"data":{"satisfaction":8.92102598717516,"comprehension":8.944177533745139,"contact":4.506232023010546,"contact_reachability":0.5876777251184834,"contact_satisfaction":7.730263157894737,"autonomy":7.518486298390605},"metadata":{"satisfaction_count":14815,"comprehension_count":13113,"contact_count":1043,"contactReachability_count":1055,"contactSatisfaction_count":608,"autonomy_count":9196}}
