{"data":{"satisfaction":9.143878185208203,"comprehension":8.782941595441596,"contact":4.528301886792453,"contact_reachability":0.6149068322981367,"contact_satisfaction":7.422680412371134,"autonomy":7.412051549982585},"metadata":{"satisfaction_count":3218,"comprehension_count":2808,"contact_count":318,"contactReachability_count":322,"contactSatisfaction_count":194,"autonomy_count":2871}}
