{"data":{"satisfaction":8.895118733509236,"comprehension":9.161671037841888,"contact":4.518459069020866,"contact_reachability":6.060126582278481,"contact_satisfaction":7.526737967914438,"autonomy":7.4092685650474595},"metadata":{"satisfaction_count":15160,"comprehension_count":13345,"contact_count":623,"autonomy_count":5373}}
