{"data":{"satisfaction":8.968992248062015,"comprehension":8.710323346188074,"contact":4.550264550264551,"contact_reachability":0.5511811023622047,"contact_satisfaction":8.309178743961352,"autonomy":7.667937811674978},"metadata":{"satisfaction_count":3870,"comprehension_count":3371,"contact_count":378,"contactReachability_count":381,"contactSatisfaction_count":207,"autonomy_count":3409}}
