{"data":{"satisfaction":9.168779427743571,"comprehension":8.764681208053691,"contact":4.676258992805756,"contact_reachability":0.6227758007117438,"contact_satisfaction":7.558139534883721,"autonomy":7.3767820773930755},"metadata":{"satisfaction_count":2761,"comprehension_count":2384,"contact_count":278,"contactReachability_count":281,"contactSatisfaction_count":172,"autonomy_count":2455}}
