{"data":{"satisfaction":8.986142533936652,"comprehension":8.808702469619757,"contact":4.62509012256669,"contact_reachability":0.5833333333333334,"contact_satisfaction":8.099747474747474,"autonomy":7.584120067780199},"metadata":{"satisfaction_count":14144,"comprehension_count":12755,"contact_count":1387,"contactReachability_count":1428,"contactSatisfaction_count":792,"autonomy_count":12393}}
