{"data":{"satisfaction":8.971784443314693,"comprehension":8.766224401499855,"contact":4.6875,"contact_reachability":0.553763440860215,"contact_satisfaction":8.53960396039604,"autonomy":7.708453133985049},"metadata":{"satisfaction_count":3934,"comprehension_count":3467,"contact_count":368,"contactReachability_count":372,"contactSatisfaction_count":202,"autonomy_count":3478}}
