{"data":{"satisfaction":9.167799836823498,"comprehension":8.812944084028421,"contact":4.423076923076923,"contact_reachability":0.6005434782608695,"contact_satisfaction":7.419354838709677,"autonomy":7.441578148710167},"metadata":{"satisfaction_count":3677,"comprehension_count":3237,"contact_count":364,"contactReachability_count":368,"contactSatisfaction_count":217,"autonomy_count":3295}}
