{"data":{"satisfaction":9.043090996629754,"comprehension":8.847356082313102,"contact":4.576372315035799,"contact_reachability":6,"contact_satisfaction":7.7008032128514055,"autonomy":7.356933723715731},"metadata":{"satisfaction_count":4154,"comprehension_count":3839,"contact_count":419,"autonomy_count":3757}}
