{"data":{"satisfaction":9.039174779786741,"comprehension":8.905716723549489,"contact":4.702062643239114,"contact_reachability":0.5794183445190156,"contact_satisfaction":8.261744966442953,"autonomy":7.501062473438164},"metadata":{"satisfaction_count":12942,"comprehension_count":11720,"contact_count":1309,"contactReachability_count":1341,"contactSatisfaction_count":745,"autonomy_count":11765}}
