{"data":{"satisfaction":8.925297619047619,"comprehension":9.119474434711753,"contact":4.472681067344346,"contact_reachability":0.5972396486825596,"contact_satisfaction":7.553648068669528,"autonomy":7.393718042366691},"metadata":{"satisfaction_count":16800,"comprehension_count":14727,"contact_count":787,"contactReachability_count":797,"contactSatisfaction_count":466,"autonomy_count":6845}}
