{"data":{"satisfaction":9.002247752247753,"comprehension":8.938937568455641,"contact":4.641959798994975,"contact_reachability":0.5495049504950495,"contact_satisfaction":8.55324074074074,"autonomy":7.73314606741573},"metadata":{"satisfaction_count":4004,"comprehension_count":3652,"contact_count":398,"contactReachability_count":404,"contactSatisfaction_count":216,"autonomy_count":3560}}
