{"data":{"satisfaction":9.031302876480542,"comprehension":8.942367119901112,"contact":4.746376811594203,"contact_reachability":0.5786516853932584,"contact_satisfaction":8.397435897435898,"autonomy":7.618595825426945},"metadata":{"satisfaction_count":3546,"comprehension_count":3236,"contact_count":345,"contactReachability_count":356,"contactSatisfaction_count":195,"autonomy_count":3162}}
