{"data":{"satisfaction":8.983748645720476,"comprehension":8.806567881457749,"contact":4.6528288023512125,"contact_reachability":0.5848787446504993,"contact_satisfaction":8.129011553273427,"autonomy":7.722306269961338},"metadata":{"satisfaction_count":13845,"comprehension_count":12485,"contact_count":1361,"contactReachability_count":1402,"contactSatisfaction_count":779,"autonomy_count":11898}}
