{"data":{"satisfaction":9.051209103840684,"comprehension":8.959501557632398,"contact":4.502583979328166,"contact_reachability":0.5648854961832062,"contact_satisfaction":8.06712962962963,"autonomy":7.667304015296367},"metadata":{"satisfaction_count":3515,"comprehension_count":3210,"contact_count":387,"contactReachability_count":393,"contactSatisfaction_count":216,"autonomy_count":3138}}
