{"data":{"satisfaction":9.039025821596244,"comprehension":8.963610131452388,"contact":4.468562874251497,"contact_reachability":0.5676470588235294,"contact_satisfaction":7.981283422459893,"autonomy":7.717747216764899},"metadata":{"satisfaction_count":3408,"comprehension_count":3119,"contact_count":334,"contactReachability_count":340,"contactSatisfaction_count":187,"autonomy_count":3054}}
