{"data":{"satisfaction":8.826910074374577,"comprehension":9.287959985709183,"contact":4.119127516778524,"contact_reachability":5.4485049833887045,"contact_satisfaction":7.624223602484472,"autonomy":7.418715305313244},"metadata":{"satisfaction_count":16269,"comprehension_count":13995,"contact_count":298,"autonomy_count":2522}}
