{"data":{"satisfaction":8.980238155561185,"comprehension":8.770456503014643,"contact":4.688346883468835,"contact_reachability":0.5549597855227882,"contact_satisfaction":8.52216748768473,"autonomy":7.697594501718213},"metadata":{"satisfaction_count":3947,"comprehension_count":3483,"contact_count":369,"contactReachability_count":373,"contactSatisfaction_count":203,"autonomy_count":3492}}
