{"data":{"satisfaction":9.109375,"comprehension":8.94818119423473,"contact":4.541547277936963,"contact_reachability":0.5793871866295265,"contact_satisfaction":8.005050505050505,"autonomy":7.581202487906013},"metadata":{"satisfaction_count":3200,"comprehension_count":2914,"contact_count":349,"contactReachability_count":359,"contactSatisfaction_count":198,"autonomy_count":2894}}
