{"data":{"satisfaction":9.055903693931398,"comprehension":8.953971119133573,"contact":4.5917952883834285,"contact_reachability":0.5820777160983347,"contact_satisfaction":8.029119318181818,"autonomy":7.680864824909914},"metadata":{"satisfaction_count":12128,"comprehension_count":11080,"contact_count":1231,"contactReachability_count":1261,"contactSatisfaction_count":704,"autonomy_count":10823}}
