{"data":{"satisfaction":8.919650291423814,"comprehension":8.949744797801335,"contact":4.523692003948668,"contact_reachability":0.5902439024390244,"contact_satisfaction":7.727655986509275,"autonomy":7.4858757062146895},"metadata":{"satisfaction_count":14412,"comprehension_count":12735,"contact_count":1013,"contactReachability_count":1025,"contactSatisfaction_count":593,"autonomy_count":8850}}
