{
  "data": {
    "satisfaction": 8.80931309142896,
    "comprehension": 9.341255283515432,
    "contact": 4.146825396825397,
    "autonomy": 7.577413479052823
  },
  "metadata": {
    "satisfaction_count": 14689,
    "comprehension_count": 12539,
    "contact_count": 126,
    "autonomy_count": 1098
  }
}
