{"data":{"satisfaction":9.04785501911369,"comprehension":8.910376621347085,"contact":4.735915492957746,"contact_reachability":0.5807560137457045,"contact_satisfaction":8.302469135802468,"autonomy":7.757302647461173},"metadata":{"satisfaction_count":14126,"comprehension_count":12798,"contact_count":1420,"contactReachability_count":1455,"contactSatisfaction_count":810,"autonomy_count":12427}}
