{"data":{"satisfaction":9.157347204161248,"comprehension":8.816254416961131,"contact":4.438642297650131,"contact_reachability":0.6020671834625323,"contact_satisfaction":7.423580786026201,"autonomy":7.419728087937518},"metadata":{"satisfaction_count":3845,"comprehension_count":3396,"contact_count":383,"contactReachability_count":387,"contactSatisfaction_count":229,"autonomy_count":3457}}
