{"data":{"satisfaction":8.974519110667,"comprehension":8.772573363431151,"contact":4.688328912466844,"contact_reachability":0.5511811023622047,"contact_satisfaction":8.580097087378642,"autonomy":7.67836919592299},"metadata":{"satisfaction_count":4003,"comprehension_count":3544,"contact_count":377,"contactReachability_count":381,"contactSatisfaction_count":206,"autonomy_count":3532}}
