{"data":{"satisfaction":3.292682926829268,"comprehension":3.8513513513513513,"contact":4.545454545454546,"contact_reachability":0.7272727272727273,"contact_satisfaction":6.25,"autonomy":5.945945945945946},"metadata":{"satisfaction_count":41,"comprehension_count":37,"contact_count":11,"contactReachability_count":11,"contactSatisfaction_count":8,"autonomy_count":37}}
