{"data":{"satisfaction":9.250851305334846,"comprehension":7.934868943606037,"contact":6.8023255813953485,"contact_reachability":0.8421052631578947,"contact_satisfaction":8.170391061452515,"autonomy":6.340872374798061},"metadata":{"satisfaction_count":1762,"comprehension_count":1259,"contact_count":215,"contactReachability_count":228,"contactSatisfaction_count":179,"autonomy_count":1238}}
