{"data":{"satisfaction":9.585798816568047,"comprehension":9.455128205128204,"contact":7.142857142857143,"contact_reachability":0.8333333333333334,"contact_satisfaction":8.620689655172415,"autonomy":8.04635761589404},"metadata":{"satisfaction_count":338,"comprehension_count":312,"contact_count":35,"contactReachability_count":36,"contactSatisfaction_count":29,"autonomy_count":302}}
