{"data":{"satisfaction":9.498663101604278,"comprehension":9.328737300435414,"contact":7.534246575342466,"contact_reachability":0.8767123287671232,"contact_satisfaction":8.59375,"autonomy":7.825443786982248},"metadata":{"satisfaction_count":748,"comprehension_count":689,"contact_count":73,"contactReachability_count":73,"contactSatisfaction_count":64,"autonomy_count":676}}
