{"data":{"satisfaction":9.565868263473053,"comprehension":9.439102564102564,"contact":7.364864864864865,"contact_reachability":0.8421052631578947,"contact_satisfaction":8.790322580645162,"autonomy":7.880794701986755},"metadata":{"satisfaction_count":334,"comprehension_count":312,"contact_count":37,"contactReachability_count":38,"contactSatisfaction_count":31,"autonomy_count":302}}
