{"data":{"satisfaction":9.487179487179487,"comprehension":9.243697478991596,"contact":7.642857142857143,"contact_reachability":0.9166666666666666,"contact_satisfaction":8.359375,"autonomy":7.91907514450867},"metadata":{"satisfaction_count":390,"comprehension_count":357,"contact_count":35,"contactReachability_count":36,"contactSatisfaction_count":32,"autonomy_count":346}}
