{"data":{"satisfaction":9.501510574018127,"comprehension":9.419934640522875,"contact":7.714285714285714,"contact_reachability":0.8235294117647058,"contact_satisfaction":9.310344827586206,"autonomy":7.7631578947368425},"metadata":{"satisfaction_count":331,"comprehension_count":306,"contact_count":35,"contactReachability_count":34,"contactSatisfaction_count":29,"autonomy_count":304}}
