{"data":{"satisfaction":8.638132295719844,"comprehension":9.183333333333334,"contact":4.285714285714286,"contact_reachability":8.571428571428571,"contact_satisfaction":5,"autonomy":6.962025316455696},"metadata":{"satisfaction_count":514,"comprehension_count":450,"contact_count":14,"autonomy_count":158}}
