{"data":{"satisfaction":8.629160063391442,"comprehension":9.321100917431192,"contact":4.375,"contact_reachability":8.333333333333334,"contact_satisfaction":5.25,"autonomy":7.190082644628099},"metadata":{"satisfaction_count":631,"comprehension_count":545,"contact_count":12,"autonomy_count":121}}
