{"data":{"satisfaction":8.636363636363637,"comprehension":9.204288939051919,"contact":4.423076923076923,"contact_reachability":8.461538461538462,"contact_satisfaction":5.2272727272727275,"autonomy":7.0198675496688745},"metadata":{"satisfaction_count":506,"comprehension_count":443,"contact_count":13,"autonomy_count":151}}
