{"data":{"satisfaction":8.617886178861788,"comprehension":9.333648393194707,"contact":4.090909090909091,"contact_reachability":8.181818181818182,"contact_satisfaction":5,"autonomy":7.333333333333333},"metadata":{"satisfaction_count":615,"comprehension_count":529,"contact_count":11,"autonomy_count":105}}
