{"data":{"satisfaction":8.633440514469454,"comprehension":9.342350746268657,"contact":4.090909090909091,"contact_reachability":8.181818181818182,"contact_satisfaction":5,"autonomy":7.232142857142857},"metadata":{"satisfaction_count":622,"comprehension_count":536,"contact_count":11,"autonomy_count":112}}
