{"data":{"satisfaction":8.630952380952381,"comprehension":9.206349206349206,"contact":4.423076923076923,"contact_reachability":8.461538461538462,"contact_satisfaction":5.2272727272727275,"autonomy":6.97986577181208},"metadata":{"satisfaction_count":504,"comprehension_count":441,"contact_count":13,"autonomy_count":149}}
