{"data":{"satisfaction":8.637071651090343,"comprehension":9.31205035971223,"contact":4.375,"contact_reachability":8.333333333333334,"contact_satisfaction":5.25,"autonomy":7.196969696969697},"metadata":{"satisfaction_count":642,"comprehension_count":556,"contact_count":12,"autonomy_count":132}}
