{"data":{"satisfaction":8.61247947454844,"comprehension":9.345124282982791,"contact":4.090909090909091,"contact_reachability":8.181818181818182,"contact_satisfaction":5,"autonomy":7.3},"metadata":{"satisfaction_count":609,"comprehension_count":523,"contact_count":11,"autonomy_count":100}}
