{"data":{"satisfaction":8.418491484184916,"comprehension":8.709893048128341,"contact":3.7,"contact_reachability":0.7857142857142857,"contact_satisfaction":4.868421052631579,"autonomy":6.944444444444445},"metadata":{"satisfaction_count":411,"comprehension_count":374,"contact_count":25,"contactReachability_count":28,"contactSatisfaction_count":19,"autonomy_count":216}}
