{"data":{"satisfaction":8.613861386138614,"comprehension":9.346153846153847,"contact":4.090909090909091,"contact_reachability":8.181818181818182,"contact_satisfaction":5,"autonomy":7.422680412371134},"metadata":{"satisfaction_count":606,"comprehension_count":520,"contact_count":11,"autonomy_count":97}}
