{"data":{"satisfaction":8.636363636363637,"comprehension":9.464285714285714,"contact":2.5,"autonomy":7.735849056603773},"metadata":{"satisfaction_count":561,"comprehension_count":476,"contact_count":7,"autonomy_count":53}}
