{"data":{"satisfaction":8.640776699029127,"comprehension":9.185144124168515,"contact":4.285714285714286,"contact_reachability":8.571428571428571,"contact_satisfaction":5,"autonomy":6.981132075471698},"metadata":{"satisfaction_count":515,"comprehension_count":451,"contact_count":14,"autonomy_count":159}}
