{"data":{"satisfaction":6.640533124264994,"comprehension":7.318977756743966,"contact":4.2459239130434785,"contact_reachability":6.459459459459459,"contact_satisfaction":6.5928270042194095,"autonomy":4.2775393419170245},"metadata":{"satisfaction_count":2551,"comprehension_count":2113,"contact_count":368,"autonomy_count":699}}
