{"data":{"satisfaction":7.062289562289562,"comprehension":6.679316888045541,"contact":5.385906040268456,"contact_reachability":0.7441860465116279,"contact_satisfaction":7.262443438914027,"autonomy":4.246031746031746},"metadata":{"satisfaction_count":594,"comprehension_count":527,"contact_count":298,"contactReachability_count":301,"contactSatisfaction_count":221,"autonomy_count":504}}
