{"data":{"satisfaction":6.959016393442623,"comprehension":6.626838235294118,"contact":5.328282828282828,"contact_reachability":7.4916387959866215,"contact_satisfaction":7.128378378378378,"autonomy":4.260700389105058},"metadata":{"satisfaction_count":610,"comprehension_count":544,"contact_count":297,"autonomy_count":514}}
