{"data":{"satisfaction":6.925064599483204,"comprehension":6.526946107784431,"contact":5.206185567010309,"contact_reachability":0.7487179487179487,"contact_satisfaction":6.9655172413793105,"autonomy":4.0062111801242235},"metadata":{"satisfaction_count":387,"comprehension_count":334,"contact_count":194,"contactReachability_count":195,"contactSatisfaction_count":145,"autonomy_count":322}}
