{"data":{"satisfaction":6.427570093457944,"comprehension":6.0760983263598325,"contact":4.8397104446742505,"contact_reachability":0.6998982706002035,"contact_satisfaction":6.964285714285714,"autonomy":4.145134689389774},"metadata":{"satisfaction_count":2140,"comprehension_count":1912,"contact_count":967,"contactReachability_count":983,"contactSatisfaction_count":672,"autonomy_count":1819}}
