{"data":{"satisfaction":6.70464135021097,"comprehension":7.034277198211624,"contact":4.844290657439446,"contact_reachability":7.027491408934708,"contact_satisfaction":6.91358024691358,"autonomy":4.21152030217186},"metadata":{"satisfaction_count":2370,"comprehension_count":2013,"contact_count":578,"autonomy_count":1059}}
