{"data":{"satisfaction":6.884272997032641,"comprehension":6.722408026755853,"contact":4.426470588235294,"contact_reachability":0.6647398843930635,"contact_satisfaction":6.71875,"autonomy":4.206896551724138},"metadata":{"satisfaction_count":337,"comprehension_count":299,"contact_count":170,"contactReachability_count":173,"contactSatisfaction_count":112,"autonomy_count":290}}
