{"data":{"satisfaction":6.906976744186046,"comprehension":6.219178082191781,"contact":5.491071428571429,"contact_reachability":0.7831858407079646,"contact_satisfaction":7.0285714285714285,"autonomy":3.8904109589041096},"metadata":{"satisfaction_count":430,"comprehension_count":365,"contact_count":224,"contactReachability_count":226,"contactSatisfaction_count":175,"autonomy_count":365}}
