{"data":{"satisfaction":6.928020565552699,"comprehension":6.794871794871795,"contact":4.620786516853933,"contact_reachability":0.65,"contact_satisfaction":7.1521739130434785,"autonomy":4.664723032069971},"metadata":{"satisfaction_count":389,"comprehension_count":351,"contact_count":178,"contactReachability_count":180,"contactSatisfaction_count":115,"autonomy_count":343}}
