{"data":{"satisfaction":6.2250712250712255,"comprehension":5.984562066792691,"contact":4.2715019255455715,"contact_reachability":0.6615581098339719,"contact_satisfaction":6.473735408560311,"autonomy":4.09606404269513},"metadata":{"satisfaction_count":1755,"comprehension_count":1587,"contact_count":779,"contactReachability_count":783,"contactSatisfaction_count":514,"autonomy_count":1499}}
