{"data":{"satisfaction":6.842783505154639,"comprehension":6.480654761904762,"contact":4.987244897959184,"contact_reachability":0.7258883248730964,"contact_satisfaction":6.883802816901408,"autonomy":3.9076923076923076},"metadata":{"satisfaction_count":388,"comprehension_count":336,"contact_count":196,"contactReachability_count":197,"contactSatisfaction_count":142,"autonomy_count":325}}
