{"data":{"satisfaction":6.315245478036176,"comprehension":6.054216867469879,"contact":4.4155092592592595,"contact_reachability":0.6594036697247706,"contact_satisfaction":6.728395061728395,"autonomy":4.08399269628728},"metadata":{"satisfaction_count":1935,"comprehension_count":1743,"contact_count":864,"contactReachability_count":872,"contactSatisfaction_count":567,"autonomy_count":1643}}
