{"data":{"satisfaction":5.422446406052964,"comprehension":5.194444444444445,"contact":3.7123493975903616,"contact_reachability":0.6096096096096096,"contact_satisfaction":6.101485148514851,"autonomy":3.878787878787879},"metadata":{"satisfaction_count":793,"comprehension_count":720,"contact_count":332,"contactReachability_count":333,"contactSatisfaction_count":202,"autonomy_count":660}}
