{"data":{"satisfaction":6.302224633749322,"comprehension":6.045673076923077,"contact":4.4214372716199755,"contact_reachability":0.6586248492159228,"contact_satisfaction":6.74721189591078,"autonomy":4.109763880025526},"metadata":{"satisfaction_count":1843,"comprehension_count":1664,"contact_count":821,"contactReachability_count":829,"contactSatisfaction_count":538,"autonomy_count":1567}}
