{"data":{"satisfaction":6.799903100775194,"comprehension":7.704599761051374,"contact":4.327586206896552,"autonomy":4.414715719063545},"metadata":{"satisfaction_count":2064,"comprehension_count":1674,"contact_count":145,"autonomy_count":299}}
