{"data":{"satisfaction":6.603730664240218,"comprehension":6.267948717948718,"contact":5.052710843373494,"contact_reachability":0.7098039215686275,"contact_satisfaction":7.189285714285714,"autonomy":4.224043715846994},"metadata":{"satisfaction_count":2198,"comprehension_count":1950,"contact_count":996,"contactReachability_count":1020,"contactSatisfaction_count":700,"autonomy_count":1830}}
