{"data":{"satisfaction":6.576271186440678,"comprehension":6.303501945525292,"contact":4.332191780821918,"contact_reachability":0.7482993197278912,"contact_satisfaction":5.802752293577981,"autonomy":3.8247011952191237},"metadata":{"satisfaction_count":295,"comprehension_count":257,"contact_count":146,"contactReachability_count":147,"contactSatisfaction_count":109,"autonomy_count":251}}
