{"data":{"satisfaction":6.665923282783229,"comprehension":7.087926509186352,"contact":4.6923828125,"contact_reachability":6.9186046511627906,"contact_satisfaction":6.805949008498583,"autonomy":4.267650158061117},"metadata":{"satisfaction_count":2242,"comprehension_count":1905,"contact_count":512,"autonomy_count":949}}
