{"data":{"satisfaction":6.778301886792453,"comprehension":7.650899593731863,"contact":4.3039772727272725,"autonomy":4.256559766763848},"metadata":{"satisfaction_count":2120,"comprehension_count":1723,"contact_count":176,"autonomy_count":343}}
