{"data":{"satisfaction":6.808219178082192,"comprehension":6.653963414634147,"contact":4.2896174863387975,"contact_reachability":0.6397849462365591,"contact_satisfaction":6.767241379310345,"autonomy":4.290220820189274},"metadata":{"satisfaction_count":365,"comprehension_count":328,"contact_count":183,"contactReachability_count":186,"contactSatisfaction_count":116,"autonomy_count":317}}
