{"data":{"satisfaction":6.6572176188399474,"comprehension":6.583333333333333,"contact":5.0210084033613445,"contact_reachability":0.7222884386174017,"contact_satisfaction":6.970833333333333,"autonomy":4.123641304347826},"metadata":{"satisfaction_count":2293,"comprehension_count":1980,"contact_count":833,"contactReachability_count":839,"contactSatisfaction_count":600,"autonomy_count":1472}}
