{"data":{"satisfaction":6.7011197243755385,"comprehension":7.077196546470289,"contact":4.854014598540146,"contact_reachability":7.047101449275362,"contact_satisfaction":6.909090909090909,"autonomy":4.20533070088845},"metadata":{"satisfaction_count":2322,"comprehension_count":1969,"contact_count":548,"autonomy_count":1013}}
