{"data":{"satisfaction":7.170940170940171,"comprehension":6.716926070038911,"contact":5.469798657718121,"contact_reachability":0.7541528239202658,"contact_satisfaction":7.276785714285714,"autonomy":4.193548387096774},"metadata":{"satisfaction_count":585,"comprehension_count":514,"contact_count":298,"contactReachability_count":301,"contactSatisfaction_count":224,"autonomy_count":496}}
