{"data":{"satisfaction":6.7357512953367875,"comprehension":6.43361581920904,"contact":4.358974358974359,"contact_reachability":0.6785714285714286,"contact_satisfaction":6.4393939393939394,"autonomy":3.8855421686746987},"metadata":{"satisfaction_count":386,"comprehension_count":354,"contact_count":195,"contactReachability_count":196,"contactSatisfaction_count":132,"autonomy_count":332}}
