{"data":{"satisfaction":6.150537634408602,"comprehension":5.966183574879227,"contact":4.069506726457399,"contact_reachability":0.6622222222222223,"contact_satisfaction":6.173469387755102,"autonomy":3.8242894056847545},"metadata":{"satisfaction_count":465,"comprehension_count":414,"contact_count":223,"contactReachability_count":225,"contactSatisfaction_count":147,"autonomy_count":387}}
