{"data":{"satisfaction":6.955380577427822,"comprehension":6.0638297872340425,"contact":5.829596412556054,"contact_reachability":0.8088888888888889,"contact_satisfaction":7.222222222222222,"autonomy":3.8507462686567164},"metadata":{"satisfaction_count":381,"comprehension_count":329,"contact_count":223,"contactReachability_count":225,"contactSatisfaction_count":180,"autonomy_count":335}}
