{"data":{"satisfaction":6.827371695178849,"comprehension":6.591304347826087,"contact":5.3762541806020065,"contact_reachability":7.5083056478405314,"contact_satisfaction":7.176339285714286,"autonomy":4.27255985267035},"metadata":{"satisfaction_count":643,"comprehension_count":575,"contact_count":299,"autonomy_count":543}}
