{"data":{"satisfaction":7.1561969439728355,"comprehension":6.717850287907869,"contact":5.454545454545454,"contact_reachability":0.7533333333333333,"contact_satisfaction":7.26457399103139,"autonomy":4.251497005988024},"metadata":{"satisfaction_count":589,"comprehension_count":521,"contact_count":297,"contactReachability_count":300,"contactSatisfaction_count":223,"autonomy_count":501}}
