{"data":{"satisfaction":6.70923797360579,"comprehension":7.064508032128514,"contact":4.857397504456328,"contact_reachability":7.0265486725663715,"contact_satisfaction":6.933842239185751,"autonomy":4.229287090558767},"metadata":{"satisfaction_count":2349,"comprehension_count":1992,"contact_count":561,"autonomy_count":1038}}
