{"data":{"satisfaction":6.87683284457478,"comprehension":6.735197368421052,"contact":4.485294117647059,"contact_reachability":0.6647398843930635,"contact_satisfaction":6.808035714285714,"autonomy":4.2517006802721085},"metadata":{"satisfaction_count":341,"comprehension_count":304,"contact_count":170,"contactReachability_count":173,"contactSatisfaction_count":112,"autonomy_count":294}}
