{"data":{"satisfaction":6.218130311614731,"comprehension":5.972135253600501,"contact":4.255725190839694,"contact_reachability":0.6632911392405063,"contact_satisfaction":6.4326923076923075,"autonomy":4.080955540809556},"metadata":{"satisfaction_count":1765,"comprehension_count":1597,"contact_count":786,"contactReachability_count":790,"contactSatisfaction_count":520,"autonomy_count":1507}}
