{"data":{"satisfaction":7.165137614678899,"comprehension":6.565126050420168,"contact":5.854092526690391,"contact_reachability":0.7992957746478874,"contact_satisfaction":7.34375,"autonomy":4.029850746268656},"metadata":{"satisfaction_count":545,"comprehension_count":476,"contact_count":281,"contactReachability_count":284,"contactSatisfaction_count":224,"autonomy_count":469}}
