{"data":{"satisfaction":6.560418648905804,"comprehension":6.202310585706609,"contact":5.005213764337852,"contact_reachability":0.7080366225839267,"contact_satisfaction":7.142857142857143,"autonomy":4.198167239404353},"metadata":{"satisfaction_count":2102,"comprehension_count":1861,"contact_count":959,"contactReachability_count":983,"contactSatisfaction_count":672,"autonomy_count":1746}}
