{"data":{"satisfaction":6.688888888888889,"comprehension":6.4950576606260295,"contact":5.318471337579618,"contact_reachability":7.468354430379747,"contact_satisfaction":7.136752136752137,"autonomy":4.200351493848857},"metadata":{"satisfaction_count":675,"comprehension_count":607,"contact_count":314,"autonomy_count":569}}
