{"data":{"satisfaction":6.855072463768116,"comprehension":6.688741721854305,"contact":4.827586206896552,"contact_reachability":0.7142857142857143,"contact_satisfaction":6.774193548387097,"autonomy":4.083044982698962},"metadata":{"satisfaction_count":345,"comprehension_count":302,"contact_count":174,"contactReachability_count":175,"contactSatisfaction_count":124,"autonomy_count":289}}
