{"data":{"satisfaction":6.660657954033348,"comprehension":7.097716409984068,"contact":4.600202429149798,"contact_reachability":6.807228915662651,"contact_satisfaction":6.7835820895522385,"autonomy":4.288793103448276},"metadata":{"satisfaction_count":2219,"comprehension_count":1883,"contact_count":494,"autonomy_count":928}}
