{"data":{"satisfaction":6.595348837209302,"comprehension":6.247373949579832,"contact":5.028147389969294,"contact_reachability":0.7092907092907093,"contact_satisfaction":7.161078717201166,"autonomy":4.223463687150838},"metadata":{"satisfaction_count":2150,"comprehension_count":1904,"contact_count":977,"contactReachability_count":1001,"contactSatisfaction_count":686,"autonomy_count":1790}}
