{"data":{"satisfaction":6.635492700729927,"comprehension":6.560021152829191,"contact":5.070785070785071,"contact_reachability":0.7241379310344828,"contact_satisfaction":7.023172905525847,"autonomy":4.125269978401728},"metadata":{"satisfaction_count":2192,"comprehension_count":1891,"contact_count":777,"contactReachability_count":783,"contactSatisfaction_count":561,"autonomy_count":1389}}
