{"data":{"satisfaction":6.656561281940234,"comprehension":6.594784353059177,"contact":5.014898688915375,"contact_reachability":0.7207100591715976,"contact_satisfaction":6.977611940298507,"autonomy":4.141414141414141},"metadata":{"satisfaction_count":2309,"comprehension_count":1994,"contact_count":839,"contactReachability_count":845,"contactSatisfaction_count":603,"autonomy_count":1485}}
