{"data":{"satisfaction":6.584737827715355,"comprehension":6.234796404019037,"contact":5.023219814241486,"contact_reachability":0.7089627391742196,"contact_satisfaction":7.158088235294118,"autonomy":4.209341586944288},"metadata":{"satisfaction_count":2136,"comprehension_count":1891,"contact_count":969,"contactReachability_count":993,"contactSatisfaction_count":680,"autonomy_count":1777}}
