{"data":{"satisfaction":7.560679611650485,"comprehension":7.819478908188586,"contact":5.068027210884353,"contact_reachability":7.074829931972789,"contact_satisfaction":7.163461538461538,"autonomy":6.451612903225806},"metadata":{"satisfaction_count":824,"comprehension_count":806,"contact_count":147,"autonomy_count":775}}
