{"data":{"satisfaction":7.5126903553299496,"comprehension":7.77088772845953,"contact":4.8355263157894735,"contact_reachability":6.776315789473685,"contact_satisfaction":7.135922330097087,"autonomy":6.330150068212824},"metadata":{"satisfaction_count":788,"comprehension_count":766,"contact_count":152,"autonomy_count":733}}
