{"data":{"satisfaction":7.732394366197183,"comprehension":7.857142857142857,"contact":5.757575757575758,"contact_reachability":0.7121212121212122,"contact_satisfaction":8.085106382978724,"autonomy":6.042296072507553},"metadata":{"satisfaction_count":355,"comprehension_count":329,"contact_count":66,"contactReachability_count":66,"contactSatisfaction_count":47,"autonomy_count":331}}
