{"data":{"satisfaction":7.727987421383648,"comprehension":7.867047308319739,"contact":5.15748031496063,"contact_reachability":0.6692913385826772,"contact_satisfaction":7.705882352941177,"autonomy":6.218487394957983},"metadata":{"satisfaction_count":636,"comprehension_count":613,"contact_count":127,"contactReachability_count":127,"contactSatisfaction_count":85,"autonomy_count":595}}
