{"data":{"satisfaction":7.560975609756097,"comprehension":8.356242840778924,"contact":4.790575916230367,"contact_reachability":6.839378238341968,"contact_satisfaction":7.038461538461538,"autonomy":6.403846153846154},"metadata":{"satisfaction_count":2788,"comprehension_count":2619,"contact_count":191,"autonomy_count":1040}}
