{"data":{"satisfaction":7.7042801556420235,"comprehension":7.890295358649789,"contact":6.136363636363637,"contact_reachability":0.75,"contact_satisfaction":8.181818181818182,"autonomy":6.170212765957447},"metadata":{"satisfaction_count":257,"comprehension_count":237,"contact_count":44,"contactReachability_count":44,"contactSatisfaction_count":33,"autonomy_count":235}}
