{"data":{"satisfaction":7.569392348087022,"comprehension":8.147489126136813,"contact":5,"contact_reachability":0.688135593220339,"contact_satisfaction":7.288557213930348,"autonomy":6.295572916666667},"metadata":{"satisfaction_count":2666,"comprehension_count":2529,"contact_count":293,"contactReachability_count":295,"contactSatisfaction_count":201,"autonomy_count":1536}}
