{"data":{"satisfaction":7.7492447129909365,"comprehension":7.824675324675325,"contact":5.78125,"contact_reachability":0.71875,"contact_satisfaction":8.043478260869565,"autonomy":5.948553054662379},"metadata":{"satisfaction_count":331,"comprehension_count":308,"contact_count":64,"contactReachability_count":64,"contactSatisfaction_count":46,"autonomy_count":311}}
