{"data":{"satisfaction":7.588652482269503,"comprehension":7.757352941176471,"contact":5.365853658536586,"contact_reachability":0.6951219512195121,"contact_satisfaction":7.719298245614035,"autonomy":6.020151133501259},"metadata":{"satisfaction_count":423,"comprehension_count":408,"contact_count":82,"contactReachability_count":82,"contactSatisfaction_count":57,"autonomy_count":397}}
