{"data":{"satisfaction":7.569418733802295,"comprehension":8.148907103825136,"contact":4.991638795986622,"contact_reachability":0.6877076411960132,"contact_satisfaction":7.280487804878049,"autonomy":6.316124920331421},"metadata":{"satisfaction_count":2701,"comprehension_count":2562,"contact_count":299,"contactReachability_count":301,"contactSatisfaction_count":205,"autonomy_count":1569}}
