{"data":{"satisfaction":7.560769750168805,"comprehension":8.317807237549266,"contact":4.794372294372295,"contact_reachability":6.824034334763949,"contact_satisfaction":7.054140127388535,"autonomy":6.343283582089552},"metadata":{"satisfaction_count":2962,"comprehension_count":2791,"contact_count":231,"autonomy_count":1206}}
