{"data":{"satisfaction":7.567096549320321,"comprehension":8.340125972582438,"contact":4.831730769230769,"contact_reachability":6.80952380952381,"contact_satisfaction":7.127659574468085,"autonomy":6.383169203222918},"metadata":{"satisfaction_count":2869,"comprehension_count":2699,"contact_count":208,"autonomy_count":1117}}
