{"data":{"satisfaction":7.663398692810458,"comprehension":7.833614864864865,"contact":5.020325203252033,"contact_reachability":0.6585365853658537,"contact_satisfaction":7.6234567901234565,"autonomy":6.156521739130435},"metadata":{"satisfaction_count":612,"comprehension_count":592,"contact_count":123,"contactReachability_count":123,"contactSatisfaction_count":81,"autonomy_count":575}}
