{"data":{"satisfaction":7.572395637457691,"comprehension":8.148295003965107,"contact":4.965635738831615,"contact_reachability":0.6860068259385665,"contact_satisfaction":7.261306532663316,"autonomy":6.298234139960758},"metadata":{"satisfaction_count":2659,"comprehension_count":2522,"contact_count":291,"contactReachability_count":293,"contactSatisfaction_count":199,"autonomy_count":1529}}
