{"data":{"satisfaction":7.643828451882845,"comprehension":8.619067677618647,"contact":4.7988505747126435,"contact_reachability":6.853932584269663,"contact_satisfaction":7.076271186440678,"autonomy":6.382575757575758},"metadata":{"satisfaction_count":3824,"comprehension_count":3561,"contact_count":87,"autonomy_count":528}}
