{"data":{"satisfaction":7.693014705882353,"comprehension":7.833333333333333,"contact":5.0233644859813085,"contact_reachability":0.6635514018691588,"contact_satisfaction":7.570422535211268,"autonomy":6.098039215686274},"metadata":{"satisfaction_count":544,"comprehension_count":525,"contact_count":107,"contactReachability_count":107,"contactSatisfaction_count":71,"autonomy_count":510}}
