{"data":{"satisfaction":7.746113989637306,"comprehension":8.13888888888889,"contact":7.878787878787879,"contact_reachability":0.9090909090909091,"contact_satisfaction":8.666666666666666,"autonomy":5.977011494252873},"metadata":{"satisfaction_count":193,"comprehension_count":180,"contact_count":33,"contactReachability_count":33,"contactSatisfaction_count":30,"autonomy_count":174}}
