{"data":{"satisfaction":7.60498687664042,"comprehension":7.823886639676114,"contact":4.811320754716981,"contact_reachability":0.6792452830188679,"contact_satisfaction":7.083333333333333,"autonomy":6.329113924050633},"metadata":{"satisfaction_count":762,"comprehension_count":741,"contact_count":159,"contactReachability_count":159,"contactSatisfaction_count":108,"autonomy_count":711}}
