{"data":{"satisfaction":7.676579925650557,"comprehension":7.911646586345381,"contact":6.046511627906977,"contact_reachability":0.7441860465116279,"contact_satisfaction":8.125,"autonomy":6.194331983805668},"metadata":{"satisfaction_count":269,"comprehension_count":249,"contact_count":43,"contactReachability_count":43,"contactSatisfaction_count":32,"autonomy_count":247}}
