{"data":{"satisfaction":7.6578411405295315,"comprehension":7.827004219409282,"contact":5.052083333333333,"contact_reachability":0.65625,"contact_satisfaction":7.698412698412699,"autonomy":6.103896103896104},"metadata":{"satisfaction_count":491,"comprehension_count":474,"contact_count":96,"contactReachability_count":96,"contactSatisfaction_count":63,"autonomy_count":462}}
