{"data":{"satisfaction":7.807486631016043,"comprehension":8.175287356321839,"contact":8.10344827586207,"contact_reachability":0.896551724137931,"contact_satisfaction":9.038461538461538,"autonomy":5.976331360946745},"metadata":{"satisfaction_count":187,"comprehension_count":174,"contact_count":29,"contactReachability_count":29,"contactSatisfaction_count":26,"autonomy_count":169}}
