{"data":{"satisfaction":7.758620689655173,"comprehension":7.853159851301116,"contact":6.2254901960784315,"contact_reachability":0.7450980392156863,"contact_satisfaction":8.355263157894736,"autonomy":5.970149253731344},"metadata":{"satisfaction_count":290,"comprehension_count":269,"contact_count":51,"contactReachability_count":51,"contactSatisfaction_count":38,"autonomy_count":268}}
