{"data":{"satisfaction":7.548426150121065,"comprehension":7.808641975308642,"contact":5.064935064935065,"contact_reachability":7.012987012987013,"contact_satisfaction":7.222222222222222,"autonomy":6.405648267008986},"metadata":{"satisfaction_count":826,"comprehension_count":810,"contact_count":154,"autonomy_count":779}}
