{"data":{"satisfaction":7.638888888888889,"comprehension":7.714477211796247,"contact":5.158227848101266,"contact_reachability":0.6835443037974683,"contact_satisfaction":7.546296296296297,"autonomy":6.070460704607046},"metadata":{"satisfaction_count":396,"comprehension_count":373,"contact_count":79,"contactReachability_count":79,"contactSatisfaction_count":54,"autonomy_count":369}}
