{"data":{"satisfaction":5.702746365105008,"comprehension":6.073564593301436,"contact":3.2222222222222223,"contact_reachability":5.913621262458472,"contact_satisfaction":5.4613935969868175,"autonomy":3.87806411062225},"metadata":{"satisfaction_count":1857,"comprehension_count":1672,"contact_count":900,"autonomy_count":1591}}
