{"data":{"satisfaction":6.095208939231593,"comprehension":7.784453623732633,"contact":3.271604938271605,"contact_reachability":6.138461538461538,"contact_satisfaction":5.340050377833753,"autonomy":3.657623947614593},"metadata":{"satisfaction_count":6533,"comprehension_count":5326,"contact_count":648,"autonomy_count":1069}}
