{"data":{"satisfaction":5.727699530516432,"comprehension":5.891734052111411,"contact":3.618659420289855,"contact_reachability":0.6306306306306306,"contact_satisfaction":5.756484149855908,"autonomy":3.9981185324553152},"metadata":{"satisfaction_count":1278,"comprehension_count":1113,"contact_count":552,"contactReachability_count":555,"contactSatisfaction_count":347,"autonomy_count":1063}}
