{"data":{"satisfaction":5.948158253751705,"comprehension":6.272455089820359,"contact":3.495222929936306,"contact_reachability":0.6144200626959248,"contact_satisfaction":5.7460732984293195,"autonomy":3.803486529318542},"metadata":{"satisfaction_count":733,"comprehension_count":668,"contact_count":314,"contactReachability_count":319,"contactSatisfaction_count":191,"autonomy_count":631}}
