{"data":{"satisfaction":5.873002234060835,"comprehension":6.68089594214544,"contact":3.3512641204948896,"contact_reachability":0.6126609442060086,"contact_satisfaction":5.4793315743183815,"autonomy":3.873634484794804},"metadata":{"satisfaction_count":5819,"comprehension_count":4978,"contact_count":1859,"contactReachability_count":1864,"contactSatisfaction_count":1137,"autonomy_count":3387}}
