{"data":{"satisfaction":6.826086956521739,"comprehension":6.783216783216783,"contact":3.5876623376623376,"contact_reachability":0.5987261146496815,"contact_satisfaction":6.071428571428571,"autonomy":4.502487562189055},"metadata":{"satisfaction_count":460,"comprehension_count":429,"contact_count":154,"contactReachability_count":157,"contactSatisfaction_count":91,"autonomy_count":402}}
