{"data":{"satisfaction":6.112357749639365,"comprehension":7.868811881188119,"contact":3.2991803278688523,"contact_reachability":6.408163265306123,"contact_satisfaction":5.160256410256411,"autonomy":3.6059479553903344},"metadata":{"satisfaction_count":6239,"comprehension_count":5050,"contact_count":488,"autonomy_count":807}}
