{"data":{"satisfaction":6.1401122258119365,"comprehension":7.992488362251375,"contact":3.1125827814569536,"autonomy":3.5912698412698414},"metadata":{"satisfaction_count":5881,"comprehension_count":4726,"contact_count":302,"autonomy_count":504}}
