{"data":{"satisfaction":6.083783783783784,"comprehension":6.172782874617737,"contact":3.4531886024423337,"contact_reachability":0.5905405405405405,"contact_satisfaction":5.864055299539171,"autonomy":4.059278350515464},"metadata":{"satisfaction_count":1850,"comprehension_count":1635,"contact_count":737,"contactReachability_count":740,"contactSatisfaction_count":434,"autonomy_count":1552}}
