{"data":{"satisfaction":6.010758285615131,"comprehension":7.438451909034008,"contact":3.29126213592233,"contact_reachability":6.172480620155039,"contact_satisfaction":5.338582677165355,"autonomy":3.707289293849658},"metadata":{"satisfaction_count":5763,"comprehension_count":4793,"contact_count":1030,"autonomy_count":1756}}
