{"data":{"satisfaction":6.072818232351306,"comprehension":6.159695817490494,"contact":3.4379407616361073,"contact_reachability":0.5960729312762973,"contact_satisfaction":5.789786223277909,"autonomy":4.122340425531915},"metadata":{"satisfaction_count":1799,"comprehension_count":1578,"contact_count":709,"contactReachability_count":713,"contactSatisfaction_count":421,"autonomy_count":1504}}
