{"data":{"satisfaction":5.833333333333333,"comprehension":6.044572468162523,"contact":3.48692033293698,"contact_reachability":0.6244075829383886,"contact_satisfaction":5.596374045801527,"autonomy":3.9987285441830895},"metadata":{"satisfaction_count":1866,"comprehension_count":1649,"contact_count":841,"contactReachability_count":844,"contactSatisfaction_count":524,"autonomy_count":1573}}
