{"data":{"satisfaction":5.871251292657704,"comprehension":6.685472496473907,"contact":3.3508914100486225,"contact_reachability":0.6131465517241379,"contact_satisfaction":5.474404236540159,"autonomy":3.8883941822499257},"metadata":{"satisfaction_count":5802,"comprehension_count":4963,"contact_count":1851,"contactReachability_count":1856,"contactSatisfaction_count":1133,"autonomy_count":3369}}
