{"data":{"satisfaction":5.987717502558854,"comprehension":6.1926994906621395,"contact":3.8286924939467313,"contact_reachability":0.6245530393325387,"contact_satisfaction":6.188845401174168,"autonomy":4.0503295386458955},"metadata":{"satisfaction_count":1954,"comprehension_count":1767,"contact_count":826,"contactReachability_count":839,"contactSatisfaction_count":511,"autonomy_count":1669}}
