{"data":{"satisfaction":5.7071269487750556,"comprehension":6.111453201970443,"contact":3.2548240635641315,"contact_reachability":5.904977375565611,"contact_satisfaction":5.52504816955684,"autonomy":3.860103626943005},"metadata":{"satisfaction_count":1796,"comprehension_count":1624,"contact_count":881,"autonomy_count":1544}}
