{"data":{"satisfaction":6.096271563717306,"comprehension":6.153723742838956,"contact":3.375886524822695,"contact_reachability":0.5912305516265912,"contact_satisfaction":5.721153846153846,"autonomy":4.116465863453815},"metadata":{"satisfaction_count":1797,"comprehension_count":1571,"contact_count":705,"contactReachability_count":707,"contactSatisfaction_count":416,"autonomy_count":1494}}
