{"data":{"satisfaction":5.846426761277243,"comprehension":6.1653609401231115,"contact":3.8990825688073394,"contact_reachability":0.6326530612244898,"contact_satisfaction":6.204379562043796,"autonomy":3.968066232998226},"metadata":{"satisfaction_count":1973,"comprehension_count":1787,"contact_count":872,"contactReachability_count":882,"contactSatisfaction_count":548,"autonomy_count":1691}}
