{"data":{"satisfaction":6.097832128960533,"comprehension":6.160431198478123,"contact":3.3840169731258842,"contact_reachability":0.5909732016925247,"contact_satisfaction":5.737410071942446,"autonomy":4.1066666666666665},"metadata":{"satisfaction_count":1799,"comprehension_count":1577,"contact_count":707,"contactReachability_count":709,"contactSatisfaction_count":417,"autonomy_count":1500}}
