{"data":{"satisfaction":5.891852804113771,"comprehension":6.6608915527252295,"contact":3.356215676485272,"contact_reachability":0.6107516177202589,"contact_satisfaction":5.505733005733005,"autonomy":3.923367512142472},"metadata":{"satisfaction_count":6223,"comprehension_count":5339,"contact_count":2003,"contactReachability_count":2009,"contactSatisfaction_count":1221,"autonomy_count":3706}}
