{"data":{"satisfaction":5.960126673384194,"comprehension":7.163717574299948,"contact":3.3775906735751295,"contact_reachability":0.6223369916074887,"contact_satisfaction":5.437956204379562,"autonomy":3.8349159970781592},"metadata":{"satisfaction_count":6947,"comprehension_count":5821,"contact_count":1544,"contactReachability_count":1549,"contactSatisfaction_count":959,"autonomy_count":2738}}
