{"data":{"satisfaction":5.86379569354031,"comprehension":6.128318584070796,"contact":3.856812933025404,"contact_reachability":0.636259977194983,"contact_satisfaction":6.1060329067641685,"autonomy":3.991841491841492},"metadata":{"satisfaction_count":1997,"comprehension_count":1808,"contact_count":866,"contactReachability_count":877,"contactSatisfaction_count":547,"autonomy_count":1716}}
