{"data":{"satisfaction":5.887362637362638,"comprehension":6.151214637146372,"contact":3.6629392971246006,"contact_reachability":0.6121288692356286,"contact_satisfaction":6.027865404837014,"autonomy":4.005210029306415},"metadata":{"satisfaction_count":7280,"comprehension_count":6504,"contact_count":3130,"contactReachability_count":3166,"contactSatisfaction_count":1902,"autonomy_count":6142}}
