{"data":{"satisfaction":5.885388375882672,"comprehension":6.1532907736738105,"contact":3.656457215029997,"contact_reachability":0.6103652825476116,"contact_satisfaction":6.034392912975508,"autonomy":4.002254791431793},"metadata":{"satisfaction_count":7364,"comprehension_count":6579,"contact_count":3167,"contactReachability_count":3203,"contactSatisfaction_count":1919,"autonomy_count":6209}}
