{"data":{"satisfaction":5.953592352759791,"comprehension":7.252995391705069,"contact":3.327109783420463,"contact_reachability":6.150409530900967,"contact_satisfaction":5.41970802919708,"autonomy":3.809322033898305},"metadata":{"satisfaction_count":6486,"comprehension_count":5425,"contact_count":1339,"autonomy_count":2360}}
