{"data":{"satisfaction":5.961510739512757,"comprehension":7.166752665978672,"contact":3.384166125892278,"contact_reachability":0.6235446313065977,"contact_satisfaction":5.437956204379562,"autonomy":3.838827838827839},"metadata":{"satisfaction_count":6937,"comprehension_count":5814,"contact_count":1541,"contactReachability_count":1546,"contactSatisfaction_count":959,"autonomy_count":2730}}
