{"data":{"satisfaction":5.84788029925187,"comprehension":6.154371584699454,"contact":3.392330383480826,"contact_reachability":0.6046511627906976,"contact_satisfaction":5.665024630541872,"autonomy":3.838235294117647},"metadata":{"satisfaction_count":802,"comprehension_count":732,"contact_count":339,"contactReachability_count":344,"contactSatisfaction_count":203,"autonomy_count":680}}
