{"data":{"satisfaction":6.075597554196776,"comprehension":6.172566371681416,"contact":3.4193776520509194,"contact_reachability":0.5935302390998594,"contact_satisfaction":5.783492822966507,"autonomy":4.157824933687003},"metadata":{"satisfaction_count":1799,"comprehension_count":1582,"contact_count":707,"contactReachability_count":711,"contactSatisfaction_count":418,"autonomy_count":1508}}
