{"data":{"satisfaction":5.904605263157895,"comprehension":6.225314183123878,"contact":3.4011627906976742,"contact_reachability":0.5817490494296578,"contact_satisfaction":5.929054054054054,"autonomy":3.7333333333333334},"metadata":{"satisfaction_count":608,"comprehension_count":557,"contact_count":258,"contactReachability_count":263,"contactSatisfaction_count":148,"autonomy_count":525}}
