{"data":{"satisfaction":6.88470066518847,"comprehension":6.82033096926714,"contact":3.5144927536231885,"contact_reachability":0.5957446808510638,"contact_satisfaction":5.987654320987654,"autonomy":4.658227848101266},"metadata":{"satisfaction_count":451,"comprehension_count":423,"contact_count":138,"contactReachability_count":141,"contactSatisfaction_count":81,"autonomy_count":395}}
