{"data":{"satisfaction":5.730140186915888,"comprehension":6.145631067961165,"contact":3.3440420560747666,"contact_reachability":6.048951048951049,"contact_satisfaction":5.536750483558994,"autonomy":3.750850918992512},"metadata":{"satisfaction_count":1712,"comprehension_count":1545,"contact_count":856,"autonomy_count":1469}}
