{"data":{"satisfaction":6.0292580982236155,"comprehension":6.21824480369515,"contact":3.828125,"contact_reachability":0.6226880394574599,"contact_satisfaction":6.199392712550607,"autonomy":4.073394495412844},"metadata":{"satisfaction_count":1914,"comprehension_count":1732,"contact_count":800,"contactReachability_count":811,"contactSatisfaction_count":494,"autonomy_count":1635}}
