{"data":{"satisfaction":6.093362282878412,"comprehension":7.802669208770258,"contact":3.265391014975042,"contact_reachability":6.185737976782752,"contact_satisfaction":5.289757412398922,"autonomy":3.6427850655903127},"metadata":{"satisfaction_count":6448,"comprehension_count":5245,"contact_count":601,"autonomy_count":991}}
