{"data":{"satisfaction":5.802547770700637,"comprehension":5.980783176214648,"contact":3.590651558073654,"contact_reachability":0.6220028208744711,"contact_satisfaction":5.787671232876712,"autonomy":4.004559270516717},"metadata":{"satisfaction_count":1570,"comprehension_count":1379,"contact_count":706,"contactReachability_count":709,"contactSatisfaction_count":438,"autonomy_count":1316}}
