{"data":{"satisfaction":5.9659714599341385,"comprehension":6.011111111111111,"contact":3.583776595744681,"contact_reachability":0.633112582781457,"contact_satisfaction":5.673684210526316,"autonomy":3.99070385126162},"metadata":{"satisfaction_count":1822,"comprehension_count":1575,"contact_count":752,"contactReachability_count":755,"contactSatisfaction_count":475,"autonomy_count":1506}}
