{"data":{"satisfaction":5.887198986058301,"comprehension":6.180362116991644,"contact":3.463855421686747,"contact_reachability":0.6112759643916914,"contact_satisfaction":5.721393034825871,"autonomy":3.8565022421524664},"metadata":{"satisfaction_count":789,"comprehension_count":718,"contact_count":332,"contactReachability_count":337,"contactSatisfaction_count":201,"autonomy_count":669}}
