{"data":{"satisfaction":6.07377463365336,"comprehension":6.252098489087857,"contact":3.792997542997543,"contact_reachability":0.6193939393939394,"contact_satisfaction":6.175,"autonomy":4.083086053412463},"metadata":{"satisfaction_count":1979,"comprehension_count":1787,"contact_count":814,"contactReachability_count":825,"contactSatisfaction_count":500,"autonomy_count":1685}}
