{"data":{"satisfaction":5.7286634460547505,"comprehension":5.875,"contact":3.634259259259259,"contact_reachability":0.6335174953959485,"contact_satisfaction":5.755131964809384,"autonomy":4.001937984496124},"metadata":{"satisfaction_count":1242,"comprehension_count":1080,"contact_count":540,"contactReachability_count":543,"contactSatisfaction_count":341,"autonomy_count":1032}}
