{"data":{"satisfaction":5.935828877005347,"comprehension":6.296477495107632,"contact":3.3792372881355934,"contact_reachability":0.5791666666666667,"contact_satisfaction":5.907407407407407,"autonomy":3.7422037422037424},"metadata":{"satisfaction_count":561,"comprehension_count":511,"contact_count":236,"contactReachability_count":240,"contactSatisfaction_count":135,"autonomy_count":481}}
