{"data":{"satisfaction":5.815056312981624,"comprehension":6.02020202020202,"contact":3.507853403141361,"contact_reachability":0.6245110821382008,"contact_satisfaction":5.630252100840337,"autonomy":3.967582804792107},"metadata":{"satisfaction_count":1687,"comprehension_count":1485,"contact_count":764,"contactReachability_count":767,"contactSatisfaction_count":476,"autonomy_count":1419}}
