{"data":{"satisfaction":5.907107231920199,"comprehension":6.652918781725888,"contact":3.3793186180422263,"contact_reachability":0.6105263157894737,"contact_satisfaction":5.5452755905511815,"autonomy":3.9473684210526314},"metadata":{"satisfaction_count":6416,"comprehension_count":5516,"contact_count":2084,"contactReachability_count":2090,"contactSatisfaction_count":1270,"autonomy_count":3876}}
