{"data":{"satisfaction":6.059206952743074,"comprehension":6.128981886321049,"contact":3.537344398340249,"contact_reachability":0.6124137931034482,"contact_satisfaction":5.786199095022624,"autonomy":4.0487162606978275},"metadata":{"satisfaction_count":1841,"comprehension_count":1601,"contact_count":723,"contactReachability_count":725,"contactSatisfaction_count":442,"autonomy_count":1519}}
