{"data":{"satisfaction":5.958009102921745,"comprehension":7.192429022082019,"contact":3.3776059179556155,"contact_reachability":0.6244131455399061,"contact_satisfaction":5.418015102481122,"autonomy":3.8294632660829846},"metadata":{"satisfaction_count":6811,"comprehension_count":5706,"contact_count":1487,"contactReachability_count":1491,"contactSatisfaction_count":927,"autonomy_count":2627}}
