{"data":{"satisfaction":5.716194548369856,"comprehension":6.066547831253714,"contact":3.248318385650224,"contact_reachability":5.917225950782998,"contact_satisfaction":5.498102466793169,"autonomy":3.915211970074813},"metadata":{"satisfaction_count":1871,"comprehension_count":1683,"contact_count":892,"autonomy_count":1604}}
