{"data":{"satisfaction":5.817535545023697,"comprehension":6.138132295719845,"contact":3.403954802259887,"contact_reachability":0.6044568245125348,"contact_satisfaction":5.683962264150943,"autonomy":3.868715083798883},"metadata":{"satisfaction_count":844,"comprehension_count":771,"contact_count":354,"contactReachability_count":359,"contactSatisfaction_count":212,"autonomy_count":716}}
