{
  "data": {
    "satisfaction": 6.144119175472025,
    "comprehension": 8.026429341963322,
    "contact": 2.931726907630522,
    "autonomy": 3.5523114355231145
  },
  "metadata": {
    "satisfaction_count": 5773,
    "comprehension_count": 4635,
    "contact_count": 249,
    "autonomy_count": 411
  }
}
