{"data":{"satisfaction":6.512704352964349,"comprehension":6.673978172480205,"contact":3.992616033755274,"contact_reachability":0.6331763474620618,"contact_satisfaction":6.334728033472803,"autonomy":4.359031824294038},"metadata":{"satisfaction_count":5077,"comprehension_count":4673,"contact_count":1896,"contactReachability_count":1911,"contactSatisfaction_count":1195,"autonomy_count":4462}}
