{"data":{"satisfaction":5.950669715779157,"comprehension":7.326844061827431,"contact":3.23902027027027,"contact_reachability":6.040438079191238,"contact_satisfaction":5.371148459383753,"autonomy":3.7688198154443904},"metadata":{"satisfaction_count":6122,"comprehension_count":5111,"contact_count":1184,"autonomy_count":2059}}
