{"data":{"satisfaction":5.964639739606451,"comprehension":7.204011309418625,"contact":3.3810497614178594,"contact_reachability":0.6220258327668253,"contact_satisfaction":5.44456641053787,"autonomy":3.8124757845796204},"metadata":{"satisfaction_count":6759,"comprehension_count":5659,"contact_count":1467,"contactReachability_count":1471,"contactSatisfaction_count":911,"autonomy_count":2581}}
