{"data":{"satisfaction":9.093191964285714,"comprehension":9.400706940874036,"contact":4.487179487179487,"contact_reachability":6.153846153846154,"contact_satisfaction":7.291666666666667,"autonomy":7.896039603960396},"metadata":{"satisfaction_count":1792,"comprehension_count":1556,"contact_count":39,"autonomy_count":404}}
