{"data":{"satisfaction":9.140625,"comprehension":9.046610169491526,"contact":5.480769230769231,"contact_reachability":7.6923076923076925,"contact_satisfaction":7.125,"autonomy":8.017241379310345},"metadata":{"satisfaction_count":256,"comprehension_count":236,"contact_count":26,"autonomy_count":232}}
