{"data":{"satisfaction":9.053459119496855,"comprehension":8.914609053497943,"contact":6.026785714285714,"contact_reachability":0.7739130434782608,"contact_satisfaction":7.848837209302325,"autonomy":8.332165381920111},"metadata":{"satisfaction_count":1590,"comprehension_count":1458,"contact_count":112,"contactReachability_count":115,"contactSatisfaction_count":86,"autonomy_count":1427}}
