{"data":{"satisfaction":9.100294985250738,"comprehension":9.461829436038514,"contact":3.3333333333333335,"autonomy":7.6020408163265305},"metadata":{"satisfaction_count":1695,"comprehension_count":1454,"contact_count":18,"autonomy_count":196}}
