{"data":{"satisfaction":9.098805646036917,"comprehension":9.38125,"contact":4.619565217391305,"contact_reachability":6.304347826086957,"contact_satisfaction":7.327586206896552,"autonomy":7.8},"metadata":{"satisfaction_count":1842,"comprehension_count":1600,"contact_count":46,"autonomy_count":450}}
