{"data":{"satisfaction":9.010416666666666,"comprehension":8.956766917293233,"contact":4.568965517241379,"contact_reachability":6.206896551724138,"contact_satisfaction":7.361111111111111,"autonomy":7.961538461538462},"metadata":{"satisfaction_count":288,"comprehension_count":266,"contact_count":29,"autonomy_count":260}}
