{"data":{"satisfaction":9.101433296582139,"comprehension":9.44408945686901,"contact":4.051724137931035,"contact_reachability":5.862068965517241,"contact_satisfaction":6.911764705882353,"autonomy":7.810457516339869},"metadata":{"satisfaction_count":1814,"comprehension_count":1565,"contact_count":29,"autonomy_count":306}}
