{"data":{"satisfaction":8.93796992481203,"comprehension":8.822937625754527,"contact":6.071428571428571,"contact_reachability":0.7857142857142857,"contact_satisfaction":7.7272727272727275,"autonomy":8.316008316008316},"metadata":{"satisfaction_count":532,"comprehension_count":497,"contact_count":42,"contactReachability_count":42,"contactSatisfaction_count":33,"autonomy_count":481}}
