{"data":{"satisfaction":9.262295081967213,"comprehension":8.99074074074074,"contact":5.476190476190476,"contact_reachability":0.6190476190476191,"contact_satisfaction":8.846153846153847,"autonomy":8.072727272727272},"metadata":{"satisfaction_count":305,"comprehension_count":270,"contact_count":21,"contactReachability_count":21,"contactSatisfaction_count":13,"autonomy_count":275}}
