{"data":{"satisfaction":9.096209912536443,"comprehension":9.453125,"contact":3.3333333333333335,"autonomy":7.627906976744186},"metadata":{"satisfaction_count":1715,"comprehension_count":1472,"contact_count":18,"autonomy_count":215}}
