{"data":{"satisfaction":9.264705882352942,"comprehension":9.108796296296296,"contact":5.6,"contact_reachability":7.199999999999999,"contact_satisfaction":7.777777777777778,"autonomy":7.934272300469484},"metadata":{"satisfaction_count":238,"comprehension_count":216,"contact_count":25,"autonomy_count":213}}
