{"data":{"satisfaction":8.975265017667844,"comprehension":8.971153846153847,"contact":4.741379310344827,"contact_reachability":6.551724137931034,"contact_satisfaction":7.2368421052631575,"autonomy":7.882352941176471},"metadata":{"satisfaction_count":283,"comprehension_count":260,"contact_count":29,"autonomy_count":255}}
