{"data":{"satisfaction":9.094579008073818,"comprehension":9.446680080482897,"contact":3.6842105263157894,"contact_reachability":4.7368421052631575,"contact_satisfaction":7.777777777777778,"autonomy":7.725321888412017},"metadata":{"satisfaction_count":1734,"comprehension_count":1491,"contact_count":19,"autonomy_count":233}}
