{"data":{"satisfaction":9.027237354085603,"comprehension":9.037610619469026,"contact":5.769230769230769,"contact_reachability":0.8214285714285714,"contact_satisfaction":7.142857142857143,"autonomy":8.333333333333334},"metadata":{"satisfaction_count":257,"comprehension_count":226,"contact_count":26,"contactReachability_count":28,"contactSatisfaction_count":21,"autonomy_count":228}}
