{"data":{"satisfaction":9.099447513812155,"comprehension":9.442664958360025,"contact":4.051724137931035,"contact_reachability":5.862068965517241,"contact_satisfaction":6.911764705882353,"autonomy":7.781456953642384},"metadata":{"satisfaction_count":1810,"comprehension_count":1561,"contact_count":29,"autonomy_count":302}}
