{"data":{"satisfaction":8.982889733840304,"comprehension":8.805668016194332,"contact":6.6477272727272725,"contact_reachability":0.8636363636363636,"contact_satisfaction":7.697368421052632,"autonomy":8.266384778012686},"metadata":{"satisfaction_count":526,"comprehension_count":494,"contact_count":44,"contactReachability_count":44,"contactSatisfaction_count":38,"autonomy_count":473}}
