{"data":{"satisfaction":9.03368794326241,"comprehension":8.82857142857143,"contact":5.208333333333333,"contact_reachability":0.6944444444444444,"contact_satisfaction":7.5,"autonomy":8.268482490272374},"metadata":{"satisfaction_count":564,"comprehension_count":525,"contact_count":36,"contactReachability_count":36,"contactSatisfaction_count":25,"autonomy_count":514}}
