{"data":{"satisfaction":9.27007299270073,"comprehension":8.78099173553719,"contact":3.9285714285714284,"contact_reachability":0.5,"contact_satisfaction":7.857142857142857,"autonomy":7.540983606557377},"metadata":{"satisfaction_count":137,"comprehension_count":121,"contact_count":14,"contactReachability_count":14,"contactSatisfaction_count":7,"autonomy_count":122}}
