{"data":{"satisfaction":9.10512129380054,"comprehension":9.379652605459057,"contact":4.619565217391305,"contact_reachability":0.6304347826086957,"contact_satisfaction":7.327586206896552,"autonomy":7.830802603036877},"metadata":{"satisfaction_count":1855,"comprehension_count":1612,"contact_count":46,"contactReachability_count":46,"contactSatisfaction_count":29,"autonomy_count":461}}
