{"data":{"satisfaction":9.086051743532058,"comprehension":9.434640522875817,"contact":3.4,"contact_reachability":5.2,"contact_satisfaction":6.538461538461538,"autonomy":7.720588235294118},"metadata":{"satisfaction_count":1778,"comprehension_count":1530,"contact_count":25,"autonomy_count":272}}
