{"data":{"satisfaction":9.233870967741936,"comprehension":8.704545454545455,"contact":3.9583333333333335,"contact_reachability":0.5,"contact_satisfaction":7.916666666666667,"autonomy":7.747747747747748},"metadata":{"satisfaction_count":124,"comprehension_count":110,"contact_count":12,"contactReachability_count":12,"contactSatisfaction_count":6,"autonomy_count":111}}
