{"data":{"satisfaction":9.044117647058824,"comprehension":8.911374738311235,"contact":6.10091743119266,"contact_reachability":0.7857142857142857,"contact_satisfaction":7.823529411764706,"autonomy":8.341637010676157},"metadata":{"satisfaction_count":1564,"comprehension_count":1433,"contact_count":109,"contactReachability_count":112,"contactSatisfaction_count":85,"autonomy_count":1405}}
