{"data":{"satisfaction":9.117647058823529,"comprehension":8.941387559808613,"contact":5.086206896551724,"contact_reachability":0.6551724137931034,"contact_satisfaction":7.7631578947368425,"autonomy":8.485576923076923},"metadata":{"satisfaction_count":459,"comprehension_count":418,"contact_count":29,"contactReachability_count":29,"contactSatisfaction_count":19,"autonomy_count":416}}
