{"data":{"satisfaction":9.089091947458595,"comprehension":9.444260119442601,"contact":3.4523809523809526,"contact_reachability":5.238095238095238,"contact_satisfaction":6.590909090909091,"autonomy":7.710843373493976},"metadata":{"satisfaction_count":1751,"comprehension_count":1507,"contact_count":21,"autonomy_count":249}}
