{"data":{"satisfaction":9.377777777777778,"comprehension":9.100985221674877,"contact":6.071428571428571,"contact_reachability":0.7619047619047619,"contact_satisfaction":7.96875,"autonomy":8.040201005025125},"metadata":{"satisfaction_count":225,"comprehension_count":203,"contact_count":21,"contactReachability_count":21,"contactSatisfaction_count":16,"autonomy_count":199}}
