{"data":{"satisfaction":9.119338605319914,"comprehension":8.939453125,"contact":6.173469387755102,"contact_reachability":0.7821782178217822,"contact_satisfaction":7.9605263157894735,"autonomy":8.365539452495975},"metadata":{"satisfaction_count":1391,"comprehension_count":1280,"contact_count":98,"contactReachability_count":101,"contactSatisfaction_count":76,"autonomy_count":1242}}
