{"data":{"satisfaction":9.103187466234468,"comprehension":9.381603480422623,"contact":4.619565217391305,"contact_reachability":6.304347826086957,"contact_satisfaction":7.327586206896552,"autonomy":7.816593886462882},"metadata":{"satisfaction_count":1851,"comprehension_count":1609,"contact_count":46,"autonomy_count":458}}
