{"data":{"satisfaction":9.062111801242237,"comprehension":8.920338983050847,"contact":6,"contact_reachability":0.7711864406779662,"contact_satisfaction":7.840909090909091,"autonomy":8.32409972299169},"metadata":{"satisfaction_count":1610,"comprehension_count":1475,"contact_count":115,"contactReachability_count":118,"contactSatisfaction_count":88,"autonomy_count":1444}}
