{"data":{"satisfaction":9.365482233502538,"comprehension":9.069444444444445,"contact":5.9,"contact_reachability":0.7692307692307693,"contact_satisfaction":7.7631578947368425,"autonomy":8.114285714285714},"metadata":{"satisfaction_count":197,"comprehension_count":180,"contact_count":25,"contactReachability_count":26,"contactSatisfaction_count":19,"autonomy_count":175}}
