{"data":{"satisfaction":7.303921568627451,"comprehension":6.851851851851852,"contact":5.769230769230769,"contact_reachability":0.7692307692307693,"contact_satisfaction":7.5,"autonomy":5.070422535211268},"metadata":{"satisfaction_count":102,"comprehension_count":81,"contact_count":13,"contactReachability_count":13,"contactSatisfaction_count":10,"autonomy_count":71}}
