{"data":{"satisfaction":7.190876350540216,"comprehension":7.466942148760331,"contact":4.945652173913044,"contact_reachability":0.6907216494845361,"contact_satisfaction":7.338709677419355,"autonomy":5.298507462686567},"metadata":{"satisfaction_count":833,"comprehension_count":605,"contact_count":92,"contactReachability_count":97,"contactSatisfaction_count":62,"autonomy_count":268}}
