{"data":{"satisfaction":7.580645161290323,"comprehension":6.715116279069767,"contact":4.230769230769231,"contact_reachability":0.5925925925925926,"contact_satisfaction":7.333333333333333,"autonomy":5.172413793103448},"metadata":{"satisfaction_count":124,"comprehension_count":86,"contact_count":26,"contactReachability_count":27,"contactSatisfaction_count":15,"autonomy_count":87}}
