{"data":{"satisfaction":7.365654205607477,"comprehension":6.666666666666667,"contact":5.957943925233645,"contact_reachability":0.7935779816513762,"contact_satisfaction":7.544378698224852,"autonomy":5.074875207986689},"metadata":{"satisfaction_count":856,"comprehension_count":687,"contact_count":214,"contactReachability_count":218,"contactSatisfaction_count":169,"autonomy_count":601}}
