{"data":{"satisfaction":7.195863746958637,"comprehension":7.483277591973244,"contact":5,"contact_reachability":6.979166666666666,"contact_satisfaction":7.338709677419355,"autonomy":5.325670498084291},"metadata":{"satisfaction_count":822,"comprehension_count":598,"contact_count":91,"autonomy_count":261}}
