{"data":{"satisfaction":7.3919753086419755,"comprehension":6.752988047808765,"contact":5.352564102564102,"contact_reachability":7.469879518072289,"contact_satisfaction":7.324561403508772,"autonomy":5.248868778280543},"metadata":{"satisfaction_count":324,"comprehension_count":251,"contact_count":78,"autonomy_count":221}}
