{"data":{"satisfaction":7.456140350877193,"comprehension":6.482558139534884,"contact":6.982758620689655,"contact_reachability":0.9,"contact_satisfaction":7.788461538461538,"autonomy":4.473684210526316},"metadata":{"satisfaction_count":114,"comprehension_count":86,"contact_count":29,"contactReachability_count":30,"contactSatisfaction_count":26,"autonomy_count":76}}
