{"data":{"satisfaction":6.773399014778325,"comprehension":6.226708074534161,"contact":5.092592592592593,"contact_reachability":0.7090909090909091,"contact_satisfaction":7.2368421052631575,"autonomy":5.384615384615385},"metadata":{"satisfaction_count":203,"comprehension_count":161,"contact_count":54,"contactReachability_count":55,"contactSatisfaction_count":38,"autonomy_count":143}}
