{"data":{"satisfaction":7.2862232779097384,"comprehension":7.8381849315068495,"contact":4.761904761904762,"contact_reachability":6.739130434782608,"contact_satisfaction":7.407407407407407,"autonomy":5.474452554744525},"metadata":{"satisfaction_count":842,"comprehension_count":584,"contact_count":42,"autonomy_count":137}}
