{"data":{"satisfaction":7.68595041322314,"comprehension":6.657608695652174,"contact":5.526315789473684,"contact_reachability":0.7368421052631579,"contact_satisfaction":7.5,"autonomy":5.0602409638554215},"metadata":{"satisfaction_count":121,"comprehension_count":92,"contact_count":19,"contactReachability_count":19,"contactSatisfaction_count":14,"autonomy_count":83}}
