{"data":{"satisfaction":7.321428571428571,"comprehension":6.643939393939394,"contact":5.6521739130434785,"contact_reachability":0.7594339622641509,"contact_satisfaction":7.5,"autonomy":5.07563025210084},"metadata":{"satisfaction_count":840,"comprehension_count":660,"contact_count":207,"contactReachability_count":212,"contactSatisfaction_count":156,"autonomy_count":595}}
