{"data":{"satisfaction":7.12962962962963,"comprehension":7.153024911032029,"contact":5.024038461538462,"contact_reachability":0.6972477064220184,"contact_satisfaction":7.359154929577465,"autonomy":5.256410256410256},"metadata":{"satisfaction_count":756,"comprehension_count":562,"contact_count":104,"contactReachability_count":109,"contactSatisfaction_count":71,"autonomy_count":312}}
