{"data":{"satisfaction":7.893700787401575,"comprehension":7.0772946859903385,"contact":6.720779220779221,"contact_reachability":0.8875,"contact_satisfaction":7.610294117647059,"autonomy":4.611111111111111},"metadata":{"satisfaction_count":254,"comprehension_count":207,"contact_count":77,"contactReachability_count":80,"contactSatisfaction_count":68,"autonomy_count":180}}
