{"data":{"satisfaction":7.256446991404012,"comprehension":8.09322033898305,"contact":3.125,"contact_reachability":5.238095238095238,"contact_satisfaction":6.25,"autonomy":4.545454545454546},"metadata":{"satisfaction_count":698,"comprehension_count":472,"contact_count":20,"autonomy_count":44}}
