{"data":{"satisfaction":7.192546583850931,"comprehension":7.5,"contact":5,"contact_reachability":6.979166666666666,"contact_satisfaction":7.338709677419355,"autonomy":5.241935483870968},"metadata":{"satisfaction_count":805,"comprehension_count":586,"contact_count":91,"autonomy_count":248}}
