{"data":{"satisfaction":8.08457711442786,"comprehension":7.229299363057325,"contact":7.241379310344827,"contact_reachability":0.9016393442622951,"contact_satisfaction":8.076923076923077,"autonomy":4.817518248175182},"metadata":{"satisfaction_count":201,"comprehension_count":157,"contact_count":58,"contactReachability_count":61,"contactSatisfaction_count":52,"autonomy_count":137}}
