{"data":{"satisfaction":7.332761578044597,"comprehension":6.606334841628959,"contact":5.198412698412699,"contact_reachability":0.7218045112781954,"contact_satisfaction":7.359550561797753,"autonomy":5.153846153846154},"metadata":{"satisfaction_count":583,"comprehension_count":442,"contact_count":126,"contactReachability_count":133,"contactSatisfaction_count":89,"autonomy_count":390}}
