{"data":{"satisfaction":7.398753894080997,"comprehension":6.74,"contact":5.333333333333333,"contact_reachability":7.375,"contact_satisfaction":7.407407407407407,"autonomy":5.3881278538812785},"metadata":{"satisfaction_count":321,"comprehension_count":250,"contact_count":75,"autonomy_count":219}}
