{"data":{"satisfaction":7.232142857142857,"comprehension":6.736526946107785,"contact":5.301724137931035,"contact_reachability":0.7258064516129032,"contact_satisfaction":7.5,"autonomy":5.2631578947368425},"metadata":{"satisfaction_count":224,"comprehension_count":167,"contact_count":58,"contactReachability_count":62,"contactSatisfaction_count":41,"autonomy_count":152}}
