{"data":{"satisfaction":7.289308176100629,"comprehension":7.904545454545454,"contact":4.46969696969697,"contact_reachability":6.470588235294118,"contact_satisfaction":7.023809523809524,"autonomy":5.495495495495495},"metadata":{"satisfaction_count":795,"comprehension_count":550,"contact_count":33,"autonomy_count":111}}
