{"data":{"satisfaction":7.19094247246022,"comprehension":7.483164983164984,"contact":5,"contact_reachability":6.979166666666666,"contact_satisfaction":7.338709677419355,"autonomy":5.291828793774319},"metadata":{"satisfaction_count":817,"comprehension_count":594,"contact_count":91,"autonomy_count":257}}
