{"data":{"satisfaction":7.2481203007518795,"comprehension":8.182326621923938,"contact":2.9545454545454546,"autonomy":5.5},"metadata":{"satisfaction_count":665,"comprehension_count":447,"contact_count":11,"autonomy_count":20}}
