{"data":{"satisfaction":7.32520325203252,"comprehension":6.588486140724947,"contact":5.339285714285714,"contact_reachability":0.7278911564625851,"contact_satisfaction":7.475,"autonomy":5.155875299760192},"metadata":{"satisfaction_count":615,"comprehension_count":469,"contact_count":140,"contactReachability_count":147,"contactSatisfaction_count":100,"autonomy_count":417}}
