{"data":{"satisfaction":7.175925925925926,"comprehension":6.25,"contact":4.705882352941177,"contact_reachability":0.7058823529411765,"contact_satisfaction":6.666666666666667,"autonomy":5.2631578947368425},"metadata":{"satisfaction_count":108,"comprehension_count":78,"contact_count":17,"contactReachability_count":17,"contactSatisfaction_count":12,"autonomy_count":76}}
