{"data":{"satisfaction":7.2272727272727275,"comprehension":7.730210016155089,"contact":4.642857142857143,"contact_reachability":6.666666666666666,"contact_satisfaction":7.222222222222222,"autonomy":5.476190476190476},"metadata":{"satisfaction_count":880,"comprehension_count":619,"contact_count":56,"autonomy_count":168}}
