{"data":{"satisfaction":7.317629179331307,"comprehension":6.573705179282869,"contact":5.248344370860927,"contact_reachability":0.7151898734177216,"contact_satisfaction":7.476415094339623,"autonomy":5.23489932885906},"metadata":{"satisfaction_count":658,"comprehension_count":502,"contact_count":151,"contactReachability_count":158,"contactSatisfaction_count":106,"autonomy_count":447}}
