{"data":{"satisfaction":9.29054054054054,"comprehension":9.441489361702128,"contact":9.583333333333334,"contact_reachability":10,"contact_satisfaction":9.583333333333334,"autonomy":6.956521739130435},"metadata":{"satisfaction_count":296,"comprehension_count":282,"contact_count":6,"autonomy_count":46}}
