{"data":{"satisfaction":9.918032786885245,"comprehension":8.85593220338983,"contact":8.571428571428571,"contact_reachability":0.8571428571428571,"contact_satisfaction":10,"autonomy":7.377049180327869},"metadata":{"satisfaction_count":61,"comprehension_count":59,"contact_count":7,"contactReachability_count":7,"contactSatisfaction_count":6,"autonomy_count":61}}
