{"data":{"satisfaction":9.419642857142858,"comprehension":8.819444444444445,"contact":7.826086956521739,"contact_reachability":0.8333333333333334,"contact_satisfaction":9.473684210526315,"autonomy":7.5},"metadata":{"satisfaction_count":224,"comprehension_count":216,"contact_count":23,"contactReachability_count":24,"contactSatisfaction_count":19,"autonomy_count":216}}
