{"data":{"satisfaction":9.754098360655737,"comprehension":9.30327868852459,"contact":9.583333333333334,"contact_reachability":10,"contact_satisfaction":9.583333333333334,"autonomy":7.049180327868853},"metadata":{"satisfaction_count":61,"comprehension_count":61,"contact_count":6,"autonomy_count":61}}
