{"data":{"satisfaction":9.913793103448276,"comprehension":8.794642857142858,"contact":8.571428571428571,"contact_reachability":0.8571428571428571,"contact_satisfaction":10,"autonomy":7.241379310344827},"metadata":{"satisfaction_count":58,"comprehension_count":56,"contact_count":7,"contactReachability_count":7,"contactSatisfaction_count":6,"autonomy_count":58}}
