{"data":{"satisfaction":9.846153846153847,"comprehension":9.23076923076923,"contact":9.722222222222221,"contact_reachability":10,"contact_satisfaction":9.722222222222221,"autonomy":7.076923076923077},"metadata":{"satisfaction_count":65,"comprehension_count":65,"contact_count":9,"autonomy_count":65}}
