{"data":{"satisfaction":7.445652173913044,"comprehension":7.231638418079096,"contact":6.833333333333333,"contact_reachability":0.9333333333333333,"contact_satisfaction":7.321428571428571,"autonomy":6.491228070175438},"metadata":{"satisfaction_count":184,"comprehension_count":177,"contact_count":15,"contactReachability_count":15,"contactSatisfaction_count":14,"autonomy_count":171}}
