{"data":{"satisfaction":4.982030548068284,"comprehension":5.076672862453532,"contact":4.909420289855072,"contact_reachability":0.7028985507246377,"contact_satisfaction":6.984536082474227,"autonomy":4.937439846005775},"metadata":{"satisfaction_count":1113,"comprehension_count":1076,"contact_count":138,"contactReachability_count":138,"contactSatisfaction_count":97,"autonomy_count":1039}}
