{"data":{"satisfaction":6.506129597197899,"comprehension":6.396396396396397,"contact":5.026595744680851,"contact_reachability":7.2631578947368425,"contact_satisfaction":6.948529411764706,"autonomy":5.6880733944954125},"metadata":{"satisfaction_count":571,"comprehension_count":555,"contact_count":94,"autonomy_count":545}}
