{"data":{"satisfaction":4.870420017873101,"comprehension":4.89908256880734,"contact":3.9285714285714284,"contact_reachability":0.5986394557823129,"contact_satisfaction":6.5625,"autonomy":4.933078393881453},"metadata":{"satisfaction_count":1119,"comprehension_count":1090,"contact_count":147,"contactReachability_count":147,"contactSatisfaction_count":88,"autonomy_count":1046}}
