{"data":{"satisfaction":5.757017947537966,"comprehension":5.738798856053384,"contact":5.323920265780731,"contact_reachability":0.7092651757188498,"contact_satisfaction":7.630952380952381,"autonomy":5.286844708209693},"metadata":{"satisfaction_count":2173,"comprehension_count":2098,"contact_count":301,"contactReachability_count":313,"contactSatisfaction_count":210,"autonomy_count":2022}}
