{"data":{"satisfaction":5.22196261682243,"comprehension":5.275061124694377,"contact":5.330188679245283,"contact_reachability":0.7169811320754716,"contact_satisfaction":7.434210526315789,"autonomy":5.139240506329114},"metadata":{"satisfaction_count":856,"comprehension_count":818,"contact_count":106,"contactReachability_count":106,"contactSatisfaction_count":76,"autonomy_count":790}}
