{"data":{"satisfaction":5.7667584940312215,"comprehension":5.744174988112221,"contact":5.323920265780731,"contact_reachability":0.7092651757188498,"contact_satisfaction":7.630952380952381,"autonomy":5.293537247163296},"metadata":{"satisfaction_count":2178,"comprehension_count":2103,"contact_count":301,"contactReachability_count":313,"contactSatisfaction_count":210,"autonomy_count":2027}}
