{"data":{"satisfaction":4.961139896373057,"comprehension":5.049063336306869,"contact":4.751655629139073,"contact_reachability":0.6821192052980133,"contact_satisfaction":6.966019417475728,"autonomy":4.88909426987061},"metadata":{"satisfaction_count":1158,"comprehension_count":1121,"contact_count":151,"contactReachability_count":151,"contactSatisfaction_count":103,"autonomy_count":1082}}
