{"data":{"satisfaction":5.282375851996105,"comprehension":5.298804780876494,"contact":4.066666666666666,"contact_reachability":0.6026490066225165,"contact_satisfaction":6.777777777777778,"autonomy":5.103305785123967},"metadata":{"satisfaction_count":1027,"comprehension_count":1004,"contact_count":150,"contactReachability_count":151,"contactSatisfaction_count":90,"autonomy_count":968}}
