{"data":{"satisfaction":5.496937639198218,"comprehension":6.554327521793275,"contact":5.65625,"contact_reachability":7.625,"contact_satisfaction":7.418032786885246,"autonomy":5.604938271604938},"metadata":{"satisfaction_count":3592,"comprehension_count":3212,"contact_count":80,"autonomy_count":405}}
