{"data":{"satisfaction":4.966301600673968,"comprehension":4.976231633535004,"contact":3.9932885906040267,"contact_reachability":0.6066666666666667,"contact_satisfaction":6.611111111111111,"autonomy":5.022542831379622},"metadata":{"satisfaction_count":1187,"comprehension_count":1157,"contact_count":149,"contactReachability_count":150,"contactSatisfaction_count":90,"autonomy_count":1109}}
