{"data":{"satisfaction":6.60864785635764,"comprehension":7.503014469453376,"contact":5.4,"contact_reachability":7.4603174603174605,"contact_satisfaction":7.258064516129032,"autonomy":5.72027972027972},"metadata":{"satisfaction_count":2729,"comprehension_count":2488,"contact_count":125,"autonomy_count":715}}
