{"data":{"satisfaction":6.330578512396694,"comprehension":6.260611205432937,"contact":4.926470588235294,"contact_reachability":6.893203883495146,"contact_satisfaction":7.178571428571429,"autonomy":5.520833333333333},"metadata":{"satisfaction_count":605,"comprehension_count":589,"contact_count":102,"autonomy_count":576}}
