{"data":{"satisfaction":6.422018348623853,"comprehension":6.308411214953271,"contact":5.277777777777778,"contact_reachability":0.7777777777777778,"contact_satisfaction":6.785714285714286,"autonomy":5.7},"metadata":{"satisfaction_count":109,"comprehension_count":107,"contact_count":9,"contactReachability_count":9,"contactSatisfaction_count":7,"autonomy_count":100}}
