{"data":{"satisfaction":5.9,"comprehension":6.143076332949751,"contact":4.991496598639456,"contact_reachability":0.6983050847457627,"contact_satisfaction":7.158536585365853,"autonomy":5.189673340358272},"metadata":{"satisfaction_count":2750,"comprehension_count":2607,"contact_count":294,"contactReachability_count":295,"contactSatisfaction_count":205,"autonomy_count":1898}}
