{"data":{"satisfaction":5.395845875978326,"comprehension":6.5423728813559325,"contact":6.120689655172414,"autonomy":5.54054054054054},"metadata":{"satisfaction_count":3322,"comprehension_count":2950,"contact_count":29,"autonomy_count":148}}
