{"data":{"satisfaction":6.660341555977229,"comprehension":6.474609375,"contact":5.323529411764706,"contact_reachability":7.558139534883721,"contact_satisfaction":7.0703125,"autonomy":5.742971887550201},"metadata":{"satisfaction_count":527,"comprehension_count":512,"contact_count":85,"autonomy_count":498}}
