{"data":{"satisfaction":5.580426861009891,"comprehension":5.572888649811727,"contact":5.198744769874477,"contact_reachability":0.7016129032258065,"contact_satisfaction":7.53030303030303,"autonomy":5.275766016713092},"metadata":{"satisfaction_count":1921,"comprehension_count":1859,"contact_count":239,"contactReachability_count":248,"contactSatisfaction_count":165,"autonomy_count":1795}}
