{"data":{"satisfaction":6.6057838660578385,"comprehension":6.600318471337579,"contact":7.166666666666667,"contact_reachability":0.8933333333333333,"contact_satisfaction":8.022388059701493,"autonomy":5.819672131147541},"metadata":{"satisfaction_count":657,"comprehension_count":628,"contact_count":75,"contactReachability_count":75,"contactSatisfaction_count":67,"autonomy_count":610}}
