{"data":{"satisfaction":6.5868155619596545,"comprehension":7.463482037110146,"contact":5.394736842105263,"contact_reachability":7.388059701492537,"contact_satisfaction":7.321428571428571,"autonomy":5.627476882430647},"metadata":{"satisfaction_count":2776,"comprehension_count":2533,"contact_count":133,"autonomy_count":757}}
