{"data":{"satisfaction":6.933701657458563,"comprehension":6.871428571428571,"contact":8.014705882352942,"contact_reachability":0.9411764705882353,"contact_satisfaction":8.515625,"autonomy":5.833333333333333},"metadata":{"satisfaction_count":181,"comprehension_count":175,"contact_count":34,"contactReachability_count":34,"contactSatisfaction_count":32,"autonomy_count":168}}
