{"data":{"satisfaction":6.502064693737096,"comprehension":7.333834021779947,"contact":5.0625,"contact_reachability":6.894409937888199,"contact_satisfaction":7.363636363636363,"autonomy":5.476190476190476},"metadata":{"satisfaction_count":2906,"comprehension_count":2663,"contact_count":160,"autonomy_count":882}}
