{"data":{"satisfaction":6.610675625233296,"comprehension":7.526650266502665,"contact":5.357142857142857,"contact_reachability":7.5,"contact_satisfaction":7.162921348314606,"autonomy":5.675675675675675},"metadata":{"satisfaction_count":2679,"comprehension_count":2439,"contact_count":119,"autonomy_count":666}}
