{"data":{"satisfaction":5.322234156820623,"comprehension":5.351648351648351,"contact":4.230769230769231,"contact_reachability":0.625,"contact_satisfaction":6.797752808988764,"autonomy":5.04524886877828},"metadata":{"satisfaction_count":931,"comprehension_count":910,"contact_count":143,"contactReachability_count":144,"contactSatisfaction_count":89,"autonomy_count":884}}
