{"data":{"satisfaction":5.896399706098457,"comprehension":6.140946103140752,"contact":4.913494809688581,"contact_reachability":0.6931034482758621,"contact_satisfaction":7.1,"autonomy":5.189738107963656},"metadata":{"satisfaction_count":2722,"comprehension_count":2579,"contact_count":289,"contactReachability_count":290,"contactSatisfaction_count":200,"autonomy_count":1871}}
