{"data":{"satisfaction":5.494856825132055,"comprehension":6.551911718992851,"contact":5.65625,"contact_reachability":7.625,"contact_satisfaction":7.418032786885246,"autonomy":5.634146341463414},"metadata":{"satisfaction_count":3597,"comprehension_count":3217,"contact_count":80,"autonomy_count":410}}
