{"data":{"satisfaction":5.922608384091723,"comprehension":6.155883465758608,"contact":5.065789473684211,"contact_reachability":0.7049180327868853,"contact_satisfaction":7.196261682242991,"autonomy":5.204345576823591},"metadata":{"satisfaction_count":2791,"comprehension_count":2643,"contact_count":304,"contactReachability_count":305,"contactSatisfaction_count":214,"autonomy_count":1933}}
