{"data":{"satisfaction":5.387878787878788,"comprehension":6.547131147540983,"contact":6,"autonomy":5.426356589147287},"metadata":{"satisfaction_count":3300,"comprehension_count":2928,"contact_count":25,"autonomy_count":129}}
