{"data":{"satisfaction":4.914396887159533,"comprehension":4.99396621078037,"contact":4.40406976744186,"contact_reachability":0.6395348837209303,"contact_satisfaction":6.886363636363637,"autonomy":4.916805324459235},"metadata":{"satisfaction_count":1285,"comprehension_count":1243,"contact_count":172,"contactReachability_count":172,"contactSatisfaction_count":110,"autonomy_count":1202}}
