{"data":{"satisfaction":7.965174129353234,"comprehension":7.060931899641577,"contact":5.265151515151516,"contact_reachability":0.7319277108433735,"contact_satisfaction":7.20954356846473,"autonomy":5.342920353982301},"metadata":{"satisfaction_count":1005,"comprehension_count":837,"contact_count":330,"contactReachability_count":332,"contactSatisfaction_count":241,"autonomy_count":904}}
