{"data":{"satisfaction":7.690458579881657,"comprehension":8.05694098088113,"contact":5.799457994579946,"contact_reachability":7.688172043010752,"contact_satisfaction":7.561837455830389,"autonomy":5.039840637450199},"metadata":{"satisfaction_count":2704,"comprehension_count":2406,"contact_count":369,"autonomy_count":1004}}
