{"data":{"satisfaction":8.42079207920792,"comprehension":8.044871794871796,"contact":5.904907975460123,"contact_reachability":7.652439024390244,"contact_satisfaction":7.730923694779117,"autonomy":5.094130675526024},"metadata":{"satisfaction_count":1010,"comprehension_count":936,"contact_count":326,"autonomy_count":903}}
