{"data":{"satisfaction":7.521929824561403,"comprehension":6.887651821862348,"contact":4.94750656167979,"contact_reachability":0.6832460732984293,"contact_satisfaction":7.25,"autonomy":5.207729468599034},"metadata":{"satisfaction_count":1140,"comprehension_count":988,"contact_count":381,"contactReachability_count":382,"contactSatisfaction_count":260,"autonomy_count":1035}}
