{"data":{"satisfaction":7.592738752959748,"comprehension":6.848739495798319,"contact":5,"contact_reachability":0.7039800995024875,"contact_satisfaction":7.109929078014185,"autonomy":5.248908296943231},"metadata":{"satisfaction_count":1267,"comprehension_count":1071,"contact_count":401,"contactReachability_count":402,"contactSatisfaction_count":282,"autonomy_count":1145}}
