{"data":{"satisfaction":7.7325399310992795,"comprehension":7.898214285714285,"contact":5.597928436911488,"contact_reachability":0.7514018691588785,"contact_satisfaction":7.46859296482412,"autonomy":5.142065142065142},"metadata":{"satisfaction_count":3193,"comprehension_count":2800,"contact_count":531,"contactReachability_count":535,"contactSatisfaction_count":398,"autonomy_count":1443}}
