{"data":{"satisfaction":7.84561403508772,"comprehension":7.329411764705882,"contact":5.15428870292887,"contact_reachability":0.7079002079002079,"contact_satisfaction":7.3,"autonomy":5.099106101826662},"metadata":{"satisfaction_count":2850,"comprehension_count":2550,"contact_count":956,"contactReachability_count":962,"contactSatisfaction_count":675,"autonomy_count":2573}}
