{"data":{"satisfaction":7.950211864406779,"comprehension":7.022435897435898,"contact":5.232371794871795,"contact_reachability":0.732484076433121,"contact_satisfaction":7.160087719298246,"autonomy":5.389150943396227},"metadata":{"satisfaction_count":944,"comprehension_count":780,"contact_count":312,"contactReachability_count":314,"contactSatisfaction_count":228,"autonomy_count":848}}
