{"data":{"satisfaction":7.606126914660831,"comprehension":7.2595473833097595,"contact":4.968354430379747,"contact_reachability":0.6583679114799447,"contact_satisfaction":7.613146551724138,"autonomy":5.279770444763271},"metadata":{"satisfaction_count":2285,"comprehension_count":2121,"contact_count":711,"contactReachability_count":723,"contactSatisfaction_count":464,"autonomy_count":2091}}
