{"data":{"satisfaction":8.118201595358956,"comprehension":7.325483599663583,"contact":5.465909090909091,"contact_reachability":0.7454954954954955,"contact_satisfaction":7.3547400611620795,"autonomy":5.365461847389558},"metadata":{"satisfaction_count":1379,"comprehension_count":1189,"contact_count":440,"contactReachability_count":444,"contactSatisfaction_count":327,"autonomy_count":1245}}
