{"data":{"satisfaction":7.843068261787473,"comprehension":7.324940991345398,"contact":5.1572327044025155,"contact_reachability":0.7083333333333334,"contact_satisfaction":7.299703264094956,"autonomy":5.09551656920078},"metadata":{"satisfaction_count":2842,"comprehension_count":2542,"contact_count":954,"contactReachability_count":960,"contactSatisfaction_count":674,"autonomy_count":2565}}
