{"data":{"satisfaction":8.256018790369936,"comprehension":7.650300601202405,"contact":5.66427289048474,"contact_reachability":0.7522281639928698,"contact_satisfaction":7.547846889952153,"autonomy":5.239030779305828},"metadata":{"satisfaction_count":1703,"comprehension_count":1497,"contact_count":557,"contactReachability_count":561,"contactSatisfaction_count":418,"autonomy_count":1527}}
