{"data":{"satisfaction":7.339405560882071,"comprehension":6.829399141630901,"contact":4.601449275362318,"contact_reachability":0.6579710144927536,"contact_satisfaction":6.993392070484582,"autonomy":5.167364016736402},"metadata":{"satisfaction_count":1043,"comprehension_count":932,"contact_count":345,"contactReachability_count":345,"contactSatisfaction_count":227,"autonomy_count":956}}
