{"data":{"satisfaction":7.77110338286437,"comprehension":7.411441728657457,"contact":5.189977973568282,"contact_reachability":0.7141292442497261,"contact_satisfaction":7.283616692426584,"autonomy":5.113544201135442},"metadata":{"satisfaction_count":3163,"comprehension_count":2823,"contact_count":908,"contactReachability_count":913,"contactSatisfaction_count":647,"autonomy_count":2466}}
