{"data":{"satisfaction":7.502183406113537,"comprehension":6.865558912386707,"contact":4.9214659685863875,"contact_reachability":0.6814621409921671,"contact_satisfaction":7.230769230769231,"autonomy":5.1830443159922925},"metadata":{"satisfaction_count":1145,"comprehension_count":993,"contact_count":382,"contactReachability_count":383,"contactSatisfaction_count":260,"autonomy_count":1038}}
