{
  "data": {
    "satisfaction": 7.758500232883093,
    "comprehension": 8.423219978746015,
    "contact": 5.185185185185185,
    "autonomy": 4.262295081967213
  },
  "metadata": {
    "satisfaction_count": 4294,
    "comprehension_count": 3764,
    "contact_count": 27,
    "autonomy_count": 61
  }
}
