{"data":{"satisfaction":7.868623340321453,"comprehension":7.511853022520743,"contact":5.3480204342273305,"contact_reachability":0.7306226175349428,"contact_satisfaction":7.333625218914186,"autonomy":5.192483959670027},"metadata":{"satisfaction_count":2862,"comprehension_count":2531,"contact_count":783,"contactReachability_count":787,"contactSatisfaction_count":571,"autonomy_count":2182}}
