{"data":{"satisfaction":6.9921875,"comprehension":6.605691056910569,"contact":3.902439024390244,"contact_reachability":0.5853658536585366,"contact_satisfaction":6.666666666666667,"autonomy":4.871794871794871},"metadata":{"satisfaction_count":128,"comprehension_count":123,"contact_count":41,"contactReachability_count":41,"contactSatisfaction_count":24,"autonomy_count":117}}
