{"data":{"satisfaction":7.068627450980392,"comprehension":6.8312757201646095,"contact":4.393564356435643,"contact_reachability":0.6086956521739131,"contact_satisfaction":7.3347107438016526,"autonomy":4.572025052192067},"metadata":{"satisfaction_count":510,"comprehension_count":486,"contact_count":202,"contactReachability_count":207,"contactSatisfaction_count":121,"autonomy_count":479}}
