{"data":{"satisfaction":7.845378151260504,"comprehension":7.495268735806207,"contact":5.345454545454546,"contact_reachability":0.7273823884197829,"contact_satisfaction":7.362270450751252,"autonomy":5.181460428508964},"metadata":{"satisfaction_count":2975,"comprehension_count":2642,"contact_count":825,"contactReachability_count":829,"contactSatisfaction_count":599,"autonomy_count":2287}}
