{"data":{"satisfaction":7.7456984543598715,"comprehension":7.840795188773805,"contact":5.596026490066225,"contact_reachability":0.7532894736842105,"contact_satisfaction":7.4449339207048455,"autonomy":5.163438256658596},"metadata":{"satisfaction_count":3429,"comprehension_count":2993,"contact_count":604,"contactReachability_count":608,"contactSatisfaction_count":454,"autonomy_count":1652}}
