{"data":{"satisfaction":8.261383796570076,"comprehension":7.663080026899798,"contact":5.667870036101083,"contact_reachability":0.7526881720430108,"contact_satisfaction":7.548076923076923,"autonomy":5.234014502307185},"metadata":{"satisfaction_count":1691,"comprehension_count":1487,"contact_count":554,"contactReachability_count":558,"contactSatisfaction_count":416,"autonomy_count":1517}}
