{"data":{"satisfaction":7.754725680036883,"comprehension":8.4046743697479,"contact":4.7023809523809526,"contact_reachability":7.380952380952381,"contact_satisfaction":6.370967741935484,"autonomy":4.0594059405940595},"metadata":{"satisfaction_count":4338,"comprehension_count":3808,"contact_count":42,"autonomy_count":101}}
