{"data":{"satisfaction":6.994535519125683,"comprehension":6.620639534883721,"contact":4.309701492537314,"contact_reachability":0.5942028985507246,"contact_satisfaction":7.403846153846154,"autonomy":4.927113702623907},"metadata":{"satisfaction_count":366,"comprehension_count":344,"contact_count":134,"contactReachability_count":138,"contactSatisfaction_count":78,"autonomy_count":343}}
