{"data":{"satisfaction":7.701388888888889,"comprehension":8.01734216679657,"contact":5.541666666666667,"contact_reachability":7.446808510638298,"contact_satisfaction":7.459935897435898,"autonomy":5.154109589041096},"metadata":{"satisfaction_count":2880,"comprehension_count":2566,"contact_count":420,"autonomy_count":1168}}
