{"data":{"satisfaction":8.30130404941661,"comprehension":7.7708978328173375,"contact":5.7,"contact_reachability":0.7531380753138075,"contact_satisfaction":7.584033613445378,"autonomy":5.2333588370313695},"metadata":{"satisfaction_count":1457,"comprehension_count":1292,"contact_count":475,"contactReachability_count":478,"contactSatisfaction_count":357,"autonomy_count":1307}}
