{"data":{"satisfaction":8.398058252427184,"comprehension":8.024308865586272,"contact":5.775623268698061,"contact_reachability":7.6098901098901095,"contact_satisfaction":7.609489051094891,"autonomy":5.275049115913556},"metadata":{"satisfaction_count":1133,"comprehension_count":1049,"contact_count":361,"autonomy_count":1018}}
