{"data":{"satisfaction":8.314516129032258,"comprehension":7.914083259521701,"contact":5.5604534005037785,"contact_reachability":7.45,"contact_satisfaction":7.483050847457627,"autonomy":5.211141060197664},"metadata":{"satisfaction_count":1240,"comprehension_count":1129,"contact_count":397,"autonomy_count":1113}}
