{
  "data": {
    "satisfaction": 7.757096323871568,
    "comprehension": 8.420249469214438,
    "contact": 5.267857142857143,
    "autonomy": 4.153846153846154
  },
  "metadata": {
    "satisfaction_count": 4298,
    "comprehension_count": 3768,
    "contact_count": 28,
    "autonomy_count": 65
  }
}
