{"data":{"satisfaction":7.842087076710436,"comprehension":7.331211419753086,"contact":5.242105263157895,"contact_reachability":0.7075180226570545,"contact_satisfaction":7.4774774774774775,"autonomy":5.135755258126195},"metadata":{"satisfaction_count":2894,"comprehension_count":2592,"contact_count":950,"contactReachability_count":971,"contactSatisfaction_count":666,"autonomy_count":2615}}
