{"data":{"satisfaction":8.293502613890963,"comprehension":7.8276999175597695,"contact":5.62933025404157,"contact_reachability":7.522935779816514,"contact_satisfaction":7.5,"autonomy":5.191029900332226},"metadata":{"satisfaction_count":1339,"comprehension_count":1213,"contact_count":433,"autonomy_count":1204}}
