{"data":{"satisfaction":7.839187327823692,"comprehension":7.328911956939638,"contact":5.238469601677149,"contact_reachability":0.7066666666666667,"contact_satisfaction":7.4812874251497,"autonomy":5.133384146341464},"metadata":{"satisfaction_count":2904,"comprehension_count":2601,"contact_count":954,"contactReachability_count":975,"contactSatisfaction_count":668,"autonomy_count":2624}}
