{"data":{"satisfaction":8.356846473029046,"comprehension":7.959045904590459,"contact":5.562015503875969,"contact_reachability":7.461538461538462,"contact_satisfaction":7.473958333333333,"autonomy":5.234590616375345},"metadata":{"satisfaction_count":1205,"comprehension_count":1111,"contact_count":387,"autonomy_count":1087}}
