{"data":{"satisfaction":7.807017543859649,"comprehension":7.294018058690745,"contact":5.230809128630705,"contact_reachability":0.7055837563451777,"contact_satisfaction":7.481454005934718,"autonomy":5.143710339678985},"metadata":{"satisfaction_count":2964,"comprehension_count":2658,"contact_count":964,"contactReachability_count":985,"contactSatisfaction_count":674,"autonomy_count":2679}}
