{"data":{"satisfaction":7.848578280232957,"comprehension":7.491302667182064,"contact":5.35625,"contact_reachability":0.7300995024875622,"contact_satisfaction":7.34991423670669,"autonomy":5.181208053691275},"metadata":{"satisfaction_count":2919,"comprehension_count":2587,"contact_count":800,"contactReachability_count":804,"contactSatisfaction_count":583,"autonomy_count":2235}}
