{"data":{"satisfaction":8.3,"comprehension":7.833469721767594,"contact":5.65242494226328,"contact_reachability":7.545871559633027,"contact_satisfaction":7.507668711656442,"autonomy":5.2181069958847734},"metadata":{"satisfaction_count":1350,"comprehension_count":1222,"contact_count":433,"autonomy_count":1215}}
