{"data":{"satisfaction":7.294176706827309,"comprehension":6.821986607142857,"contact":4.643916913946588,"contact_reachability":0.6686390532544378,"contact_satisfaction":6.955555555555556,"autonomy":5.103825136612022},"metadata":{"satisfaction_count":996,"comprehension_count":896,"contact_count":337,"contactReachability_count":338,"contactSatisfaction_count":225,"autonomy_count":915}}
