{"data":{"satisfaction":7.745270567531896,"comprehension":7.404661016949152,"contact":5.27190332326284,"contact_reachability":0.6976047904191617,"contact_satisfaction":7.586956521739131,"autonomy":5.364206464061747},"metadata":{"satisfaction_count":2273,"comprehension_count":2124,"contact_count":662,"contactReachability_count":668,"contactSatisfaction_count":460,"autonomy_count":2073}}
