{"data":{"satisfaction":6.862068965517241,"comprehension":6.58273381294964,"contact":3.9444444444444446,"contact_reachability":0.5777777777777777,"contact_satisfaction":6.826923076923077,"autonomy":4.7368421052631575},"metadata":{"satisfaction_count":145,"comprehension_count":139,"contact_count":45,"contactReachability_count":45,"contactSatisfaction_count":26,"autonomy_count":133}}
