{"data":{"satisfaction":7.885846372688478,"comprehension":7.520153164046755,"contact":5.344940867279895,"contact_reachability":0.7294117647058823,"contact_satisfaction":7.342057761732852,"autonomy":5.218002812939522},"metadata":{"satisfaction_count":2812,"comprehension_count":2481,"contact_count":761,"contactReachability_count":765,"contactSatisfaction_count":554,"autonomy_count":2133}}
