{"data":{"satisfaction":7.705431754874652,"comprehension":8.02384675527756,"contact":5.5978260869565215,"contact_reachability":7.529976019184652,"contact_satisfaction":7.451768488745981,"autonomy":5.155172413793103},"metadata":{"satisfaction_count":2872,"comprehension_count":2558,"contact_count":414,"autonomy_count":1160}}
