{"data":{"satisfaction":7.578522920203735,"comprehension":7.243237047226043,"contact":4.948700410396717,"contact_reachability":0.6594885598923284,"contact_satisfaction":7.567991631799163,"autonomy":5.258019525801952},"metadata":{"satisfaction_count":2356,"comprehension_count":2181,"contact_count":731,"contactReachability_count":743,"contactSatisfaction_count":478,"autonomy_count":2151}}
