{"data":{"satisfaction":8.270383693045563,"comprehension":7.68064076346285,"contact":5.671846435100549,"contact_reachability":0.7531760435571688,"contact_satisfaction":7.548661800486618,"autonomy":5.250501002004008},"metadata":{"satisfaction_count":1668,"comprehension_count":1467,"contact_count":547,"contactReachability_count":551,"contactSatisfaction_count":411,"autonomy_count":1497}}
