{"data":{"satisfaction":7.837455830388692,"comprehension":7.325167917819043,"contact":5.1608649789029535,"contact_reachability":0.709643605870021,"contact_satisfaction":7.291356184798808,"autonomy":5.090054815974941},"metadata":{"satisfaction_count":2830,"comprehension_count":2531,"contact_count":948,"contactReachability_count":954,"contactSatisfaction_count":671,"autonomy_count":2554}}
