{"data":{"satisfaction":7.1260683760683765,"comprehension":6.866591928251121,"contact":4.470108695652174,"contact_reachability":0.6190476190476191,"contact_satisfaction":7.34375,"autonomy":4.75},"metadata":{"satisfaction_count":468,"comprehension_count":446,"contact_count":184,"contactReachability_count":189,"contactSatisfaction_count":112,"autonomy_count":440}}
