{"data":{"satisfaction":8.341013824884792,"comprehension":8.144736842105264,"contact":5.307017543859649,"contact_reachability":0.8135593220338984,"contact_satisfaction":6.576086956521739,"autonomy":5.9352517985611515},"metadata":{"satisfaction_count":434,"comprehension_count":380,"contact_count":57,"contactReachability_count":59,"contactSatisfaction_count":46,"autonomy_count":278}}
