{"data":{"satisfaction":8.703071672354948,"comprehension":8.205996131528046,"contact":6.702127659574468,"contact_reachability":0.8514851485148515,"contact_satisfaction":7.974683544303797,"autonomy":6.897233201581027},"metadata":{"satisfaction_count":586,"comprehension_count":517,"contact_count":94,"contactReachability_count":101,"contactSatisfaction_count":79,"autonomy_count":506}}
