{"data":{"satisfaction":8.83177570093458,"comprehension":8.552631578947368,"contact":7.9,"contact_reachability":0.9629629629629629,"contact_satisfaction":8.229166666666666,"autonomy":6.122448979591836},"metadata":{"satisfaction_count":107,"comprehension_count":95,"contact_count":25,"contactReachability_count":27,"contactSatisfaction_count":24,"autonomy_count":98}}
