{"data":{"satisfaction":8.61111111111111,"comprehension":8.201754385964913,"contact":6.0227272727272725,"contact_reachability":0.7727272727272727,"contact_satisfaction":7.794117647058823,"autonomy":6.306306306306307},"metadata":{"satisfaction_count":126,"comprehension_count":114,"contact_count":22,"contactReachability_count":22,"contactSatisfaction_count":17,"autonomy_count":111}}
