{"data":{"satisfaction":8.329326923076923,"comprehension":8.145604395604396,"contact":5.231481481481482,"contact_reachability":0.8,"contact_satisfaction":6.569767441860465,"autonomy":6.068702290076335},"metadata":{"satisfaction_count":416,"comprehension_count":364,"contact_count":54,"contactReachability_count":55,"contactSatisfaction_count":43,"autonomy_count":262}}
