{"data":{"satisfaction":8.215102974828376,"comprehension":8.452380952380953,"contact":4.230769230769231,"contact_reachability":8.148148148148147,"contact_satisfaction":5.238095238095238,"autonomy":6.434108527131783},"metadata":{"satisfaction_count":437,"comprehension_count":378,"contact_count":26,"autonomy_count":129}}
