{"data":{"satisfaction":8.356164383561644,"comprehension":8.152741514360313,"contact":5.307017543859649,"contact_reachability":0.8135593220338984,"contact_satisfaction":6.576086956521739,"autonomy":5.957446808510638},"metadata":{"satisfaction_count":438,"comprehension_count":383,"contact_count":57,"contactReachability_count":59,"contactSatisfaction_count":46,"autonomy_count":282}}
