{"data":{"satisfaction":8.329355608591886,"comprehension":8.153950953678475,"contact":5.2727272727272725,"contact_reachability":0.8035714285714286,"contact_satisfaction":6.590909090909091,"autonomy":6.037735849056604},"metadata":{"satisfaction_count":419,"comprehension_count":367,"contact_count":55,"contactReachability_count":56,"contactSatisfaction_count":44,"autonomy_count":265}}
