{"data":{"satisfaction":8.565737051792828,"comprehension":8.082579185520363,"contact":6.75,"contact_reachability":0.8571428571428571,"contact_satisfaction":7.9411764705882355,"autonomy":6.192660550458716},"metadata":{"satisfaction_count":502,"comprehension_count":442,"contact_count":100,"contactReachability_count":105,"contactSatisfaction_count":85,"autonomy_count":436}}
