{"data":{"satisfaction":8.799126637554584,"comprehension":8.271144278606965,"contact":6.293103448275862,"contact_reachability":0.84375,"contact_satisfaction":7.604166666666667,"autonomy":7.253886010362694},"metadata":{"satisfaction_count":229,"comprehension_count":201,"contact_count":29,"contactReachability_count":32,"contactSatisfaction_count":24,"autonomy_count":193}}
