{"data":{"satisfaction":8.191056910569106,"comprehension":8.57487922705314,"contact":2.9166666666666665,"autonomy":5.686274509803922},"metadata":{"satisfaction_count":492,"comprehension_count":414,"contact_count":12,"autonomy_count":51}}
