{"data":{"satisfaction":8.292682926829269,"comprehension":7.788461538461538,"contact":5.238095238095238,"contact_reachability":0.7142857142857143,"contact_satisfaction":7.333333333333333,"autonomy":5.769230769230769},"metadata":{"satisfaction_count":123,"comprehension_count":104,"contact_count":21,"contactReachability_count":21,"contactSatisfaction_count":15,"autonomy_count":104}}
