{"data":{"satisfaction":8.275154004106776,"comprehension":8.479809976247031,"contact":5,"contact_reachability":8.055555555555555,"contact_satisfaction":6.25,"autonomy":6.1988304093567255},"metadata":{"satisfaction_count":487,"comprehension_count":421,"contact_count":35,"autonomy_count":171}}
