{"data":{"satisfaction":8.697916666666666,"comprehension":8.200197238658777,"contact":6.702127659574468,"contact_reachability":0.8514851485148515,"contact_satisfaction":7.974683544303797,"autonomy":6.861167002012072},"metadata":{"satisfaction_count":576,"comprehension_count":507,"contact_count":94,"contactReachability_count":101,"contactSatisfaction_count":79,"autonomy_count":497}}
