{"data":{"satisfaction":8.681818181818182,"comprehension":8.167701863354038,"contact":6.702127659574468,"contact_reachability":0.8514851485148515,"contact_satisfaction":7.974683544303797,"autonomy":6.772151898734177},"metadata":{"satisfaction_count":550,"comprehension_count":483,"contact_count":94,"contactReachability_count":101,"contactSatisfaction_count":79,"autonomy_count":474}}
