{"data":{"satisfaction":8.278688524590164,"comprehension":7.893518518518518,"contact":6.071428571428571,"contact_reachability":0.8214285714285714,"contact_satisfaction":7.391304347826087,"autonomy":5.566037735849057},"metadata":{"satisfaction_count":122,"comprehension_count":108,"contact_count":28,"contactReachability_count":28,"contactSatisfaction_count":23,"autonomy_count":106}}
