{"data":{"satisfaction":8.61111111111111,"comprehension":8.201754385964913,"contact":6.086956521739131,"contact_reachability":7.826086956521739,"contact_satisfaction":7.777777777777778,"autonomy":6.306306306306307},"metadata":{"satisfaction_count":126,"comprehension_count":114,"contact_count":23,"autonomy_count":111}}
