{"data":{"satisfaction":8.213572854291417,"comprehension":8.587470449172576,"contact":2.9166666666666665,"contact_reachability":8.461538461538462,"contact_satisfaction":3.5,"autonomy":6.101694915254237},"metadata":{"satisfaction_count":501,"comprehension_count":423,"contact_count":12,"autonomy_count":59}}
