{"data":{"satisfaction":8.241150442477876,"comprehension":8.452685421994884,"contact":5,"contact_reachability":8.4375,"contact_satisfaction":5.961538461538462,"autonomy":6.24113475177305},"metadata":{"satisfaction_count":452,"comprehension_count":391,"contact_count":31,"autonomy_count":141}}
