{"data":{"satisfaction":6.984448951994591,"comprehension":8.410056657223796,"contact":3.7658227848101267,"contact_reachability":5.555555555555555,"contact_satisfaction":6.9186046511627906,"autonomy":6.018808777429467},"metadata":{"satisfaction_count":2958,"comprehension_count":2824,"contact_count":79,"autonomy_count":957}}
