{"data":{"satisfaction":6.986301369863014,"comprehension":7.441656942823804,"contact":3.3208955223880596,"contact_reachability":5,"contact_satisfaction":6.742424242424242,"autonomy":6.1474435196195},"metadata":{"satisfaction_count":876,"comprehension_count":857,"contact_count":67,"autonomy_count":841}}
