{"data":{"satisfaction":7.011095700416089,"comprehension":8.672857560690261,"contact":3.486842105263158,"contact_reachability":5.897435897435898,"contact_satisfaction":6.0227272727272725,"autonomy":6.023166023166024},"metadata":{"satisfaction_count":3605,"comprehension_count":3419,"contact_count":38,"autonomy_count":518}}
