{"data":{"satisfaction":6.986356340288925,"comprehension":8.619329388560157,"contact":3.207547169811321,"contact_reachability":5.185185185185185,"contact_satisfaction":6.296296296296297,"autonomy":5.944272445820434},"metadata":{"satisfaction_count":3738,"comprehension_count":3549,"contact_count":53,"autonomy_count":646}}
