{"data":{"satisfaction":7.0663701676359905,"comprehension":7.393071756804525,"contact":3.4806629834254146,"contact_reachability":0.5245901639344263,"contact_satisfaction":6.702127659574468,"autonomy":6.419575386829795},"metadata":{"satisfaction_count":2923,"comprehension_count":2829,"contact_count":181,"contactReachability_count":183,"contactSatisfaction_count":94,"autonomy_count":2779}}
