{"data":{"satisfaction":6.98288580702272,"comprehension":8.248225856217218,"contact":3.668032786885246,"contact_reachability":0.5483870967741935,"contact_satisfaction":6.78030303030303,"autonomy":6.068814055636896},"metadata":{"satisfaction_count":3389,"comprehension_count":3241,"contact_count":122,"contactReachability_count":124,"contactSatisfaction_count":66,"autonomy_count":1366}}
