{"data":{"satisfaction":6.986886245806648,"comprehension":8.294802295918368,"contact":3.8317757009345796,"contact_reachability":5.688073394495413,"contact_satisfaction":6.833333333333333,"autonomy":6.074544012688342},"metadata":{"satisfaction_count":3279,"comprehension_count":3136,"contact_count":107,"autonomy_count":1261}}
