{"data":{"satisfaction":6.9936,"comprehension":8.347003682624708,"contact":3.707865168539326,"contact_reachability":5.7142857142857135,"contact_satisfaction":6.6,"autonomy":6.118598382749326},"metadata":{"satisfaction_count":3125,"comprehension_count":2987,"contact_count":89,"autonomy_count":1113}}
