{"data":{"satisfaction":6.992292225201072,"comprehension":8.401193401193401,"contact":3.71875,"contact_reachability":5.487804878048781,"contact_satisfaction":6.9186046511627906,"autonomy":6.008146639511201},"metadata":{"satisfaction_count":2984,"comprehension_count":2849,"contact_count":80,"autonomy_count":982}}
