{"data":{"satisfaction":6.984812388326385,"comprehension":8.259109311740891,"contact":3.6440677966101696,"contact_reachability":0.55,"contact_satisfaction":6.71875,"autonomy":6.061285500747384},"metadata":{"satisfaction_count":3358,"comprehension_count":3211,"contact_count":118,"contactReachability_count":120,"contactSatisfaction_count":64,"autonomy_count":1338}}
