{"data":{"satisfaction":6.892778993435448,"comprehension":7.290249433106576,"contact":3.8764044943820224,"contact_reachability":0.5555555555555556,"contact_satisfaction":7.040816326530612,"autonomy":6.114942528735632},"metadata":{"satisfaction_count":914,"comprehension_count":882,"contact_count":89,"contactReachability_count":90,"contactSatisfaction_count":49,"autonomy_count":870}}
