{"data":{"satisfaction":6.895880635744405,"comprehension":7.306532663316583,"contact":3.641304347826087,"contact_reachability":0.5338983050847458,"contact_satisfaction":6.979166666666667,"autonomy":6.1859193438140805},"metadata":{"satisfaction_count":3083,"comprehension_count":2985,"contact_count":230,"contactReachability_count":236,"contactSatisfaction_count":120,"autonomy_count":2926}}
