{"data":{"satisfaction":7.240896358543417,"comprehension":7.538597619813445,"contact":3.5286458333333335,"contact_reachability":0.5309278350515464,"contact_satisfaction":6.707920792079208,"autonomy":6.573770491803279},"metadata":{"satisfaction_count":3213,"comprehension_count":3109,"contact_count":192,"contactReachability_count":194,"contactSatisfaction_count":101,"autonomy_count":3050}}
