{"data":{"satisfaction":7.007554560716284,"comprehension":8.679899645808737,"contact":3.6805555555555554,"contact_reachability":5.9459459459459465,"contact_satisfaction":6.309523809523809,"autonomy":6.016427104722792},"metadata":{"satisfaction_count":3574,"comprehension_count":3388,"contact_count":36,"autonomy_count":487}}
