{"data":{"satisfaction":7.093844601412714,"comprehension":7.41394297635605,"contact":3.4893048128342246,"contact_reachability":0.5291005291005291,"contact_satisfaction":6.658163265306122,"autonomy":6.431858407079646},"metadata":{"satisfaction_count":2973,"comprehension_count":2876,"contact_count":187,"contactReachability_count":189,"contactSatisfaction_count":98,"autonomy_count":2825}}
