{"data":{"satisfaction":6.871345029239766,"comprehension":7.748079385403329,"contact":3.532608695652174,"contact_reachability":0.532258064516129,"contact_satisfaction":6.701030927835052,"autonomy":6.151724137931034},"metadata":{"satisfaction_count":3249,"comprehension_count":3124,"contact_count":184,"contactReachability_count":186,"contactSatisfaction_count":97,"autonomy_count":2175}}
