{"data":{"satisfaction":6.879699248120301,"comprehension":7.321843532145624,"contact":3.75,"contact_reachability":0.5533980582524272,"contact_satisfaction":6.944444444444445,"autonomy":6.174841772151899},"metadata":{"satisfaction_count":2660,"comprehension_count":2582,"contact_count":200,"contactReachability_count":206,"contactSatisfaction_count":108,"autonomy_count":2528}}
