{"data":{"satisfaction":6.4939024390243905,"comprehension":7.041719342604298,"contact":2.9910714285714284,"contact_reachability":0.48214285714285715,"contact_satisfaction":6.203703703703703,"autonomy":6.254777070063694},"metadata":{"satisfaction_count":820,"comprehension_count":791,"contact_count":56,"contactReachability_count":56,"contactSatisfaction_count":27,"autonomy_count":785}}
