{"data":{"satisfaction":6.717980295566503,"comprehension":7.112403100775194,"contact":3.4,"contact_reachability":0.49333333333333335,"contact_satisfaction":6.891891891891892,"autonomy":6.211340206185567},"metadata":{"satisfaction_count":812,"comprehension_count":774,"contact_count":75,"contactReachability_count":75,"contactSatisfaction_count":37,"autonomy_count":776}}
