{"data":{"satisfaction":6.984396200814111,"comprehension":8.412402274342574,"contact":3.7658227848101267,"contact_reachability":5.555555555555555,"contact_satisfaction":6.9186046511627906,"autonomy":6.019007391763464},"metadata":{"satisfaction_count":2948,"comprehension_count":2814,"contact_count":79,"autonomy_count":947}}
