{"data":{"satisfaction":7.001614205004035,"comprehension":8.638424482856333,"contact":3.4,"contact_reachability":5.490196078431373,"contact_satisfaction":6.296296296296297,"autonomy":5.977742448330684},"metadata":{"satisfaction_count":3717,"comprehension_count":3529,"contact_count":50,"autonomy_count":629}}
