{"data":{"satisfaction":6.722296395193592,"comprehension":7.144351464435147,"contact":3.080357142857143,"contact_reachability":0.48214285714285715,"contact_satisfaction":6.388888888888889,"autonomy":6.34965034965035},"metadata":{"satisfaction_count":749,"comprehension_count":717,"contact_count":56,"contactReachability_count":56,"contactSatisfaction_count":27,"autonomy_count":715}}
