{"data":{"satisfaction":6.875945537065053,"comprehension":7.315932995714842,"contact":3.75,"contact_reachability":0.5533980582524272,"contact_satisfaction":6.944444444444445,"autonomy":6.171906088340629},"metadata":{"satisfaction_count":2644,"comprehension_count":2567,"contact_count":200,"contactReachability_count":206,"contactSatisfaction_count":108,"autonomy_count":2513}}
