{"data":{"satisfaction":6.9890773210692725,"comprehension":8.22663059813646,"contact":3.6654135338345863,"contact_reachability":0.5481481481481482,"contact_satisfaction":6.770833333333333,"autonomy":6.09084652443221},"metadata":{"satisfaction_count":3479,"comprehension_count":3327,"contact_count":133,"contactReachability_count":135,"contactSatisfaction_count":72,"autonomy_count":1453}}
