{"data":{"satisfaction":6.896367521367521,"comprehension":7.3344370860927155,"contact":3.5555555555555554,"contact_reachability":0.5164835164835165,"contact_satisfaction":6.956521739130435,"autonomy":6.103023516237402},"metadata":{"satisfaction_count":936,"comprehension_count":906,"contact_count":90,"contactReachability_count":91,"contactSatisfaction_count":46,"autonomy_count":893}}
