{"data":{"satisfaction":6.997075073123172,"comprehension":8.369602176130568,"contact":3.6627906976744184,"contact_reachability":5.6818181818181825,"contact_satisfaction":6.5625,"autonomy":6.05607476635514},"metadata":{"satisfaction_count":3077,"comprehension_count":2941,"contact_count":86,"autonomy_count":1070}}
