{"data":{"satisfaction":7.180783817951959,"comprehension":7.454068241469816,"contact":3.826530612244898,"contact_reachability":0.54,"contact_satisfaction":7.211538461538462,"autonomy":6.329787234042553},"metadata":{"satisfaction_count":791,"comprehension_count":762,"contact_count":49,"contactReachability_count":50,"contactSatisfaction_count":26,"autonomy_count":752}}
