{"data":{"satisfaction":7.0111492281303605,"comprehension":8.721316425120772,"contact":3.90625,"contact_reachability":6.363636363636363,"contact_satisfaction":6.25,"autonomy":5.995145631067961},"metadata":{"satisfaction_count":3498,"comprehension_count":3312,"contact_count":32,"autonomy_count":412}}
