{"data":{"satisfaction":6.925949983760962,"comprehension":7.2960040295500335,"contact":3.716517857142857,"contact_reachability":0.543859649122807,"contact_satisfaction":6.9375,"autonomy":6.248294679399727},"metadata":{"satisfaction_count":3079,"comprehension_count":2978,"contact_count":224,"contactReachability_count":228,"contactSatisfaction_count":120,"autonomy_count":2932}}
