{"data":{"satisfaction":6.915730337078652,"comprehension":7.284883720930233,"contact":3.835227272727273,"contact_reachability":0.550561797752809,"contact_satisfaction":7.03125,"autonomy":6.139315230224321},"metadata":{"satisfaction_count":890,"comprehension_count":860,"contact_count":88,"contactReachability_count":89,"contactSatisfaction_count":48,"autonomy_count":847}}
