{"data":{"satisfaction":7.137784090909091,"comprehension":7.380434782608695,"contact":3.297872340425532,"contact_reachability":0.5319148936170213,"contact_satisfaction":6.2,"autonomy":6.199701937406855},"metadata":{"satisfaction_count":704,"comprehension_count":690,"contact_count":47,"contactReachability_count":47,"contactSatisfaction_count":25,"autonomy_count":671}}
