{"data":{"satisfaction":9.077726218097448,"comprehension":9.076281287246722,"contact":2.9411764705882355,"contact_reachability":0.4857142857142857,"contact_satisfaction":6.25,"autonomy":8.148599269183922},"metadata":{"satisfaction_count":862,"comprehension_count":839,"contact_count":34,"contactReachability_count":35,"contactSatisfaction_count":16,"autonomy_count":821}}
