{"data":{"satisfaction":6.492082825822168,"comprehension":7.073863636363637,"contact":3.2916666666666665,"contact_reachability":0.5166666666666667,"contact_satisfaction":6.370967741935484,"autonomy":6.229299363057325},"metadata":{"satisfaction_count":821,"comprehension_count":792,"contact_count":60,"contactReachability_count":60,"contactSatisfaction_count":31,"autonomy_count":785}}
