{"data":{"satisfaction":6.908102420203438,"comprehension":7.338826512133285,"contact":3.732394366197183,"contact_reachability":0.547945205479452,"contact_satisfaction":6.973684210526316,"autonomy":6.228782287822878},"metadata":{"satisfaction_count":2851,"comprehension_count":2761,"contact_count":213,"contactReachability_count":219,"contactSatisfaction_count":114,"autonomy_count":2710}}
