{"data":{"satisfaction":7.01077943615257,"comprehension":8.669871794871796,"contact":3.486842105263158,"contact_reachability":5.897435897435898,"contact_satisfaction":6.0227272727272725,"autonomy":6.0263653483992465},"metadata":{"satisfaction_count":3618,"comprehension_count":3432,"contact_count":38,"autonomy_count":531}}
