{"data":{"satisfaction":6.946086956521739,"comprehension":7.8557168784029034,"contact":3.5534591194968552,"contact_reachability":0.5403726708074534,"contact_satisfaction":6.647058823529412,"autonomy":6.138121546961326},"metadata":{"satisfaction_count":2875,"comprehension_count":2755,"contact_count":159,"contactReachability_count":161,"contactSatisfaction_count":85,"autonomy_count":1810}}
