{"data":{"satisfaction":7.109275730622618,"comprehension":7.463768115942029,"contact":4,"contact_reachability":0.5490196078431373,"contact_satisfaction":7.407407407407407,"autonomy":6.358768406961178},"metadata":{"satisfaction_count":787,"comprehension_count":759,"contact_count":50,"contactReachability_count":51,"contactSatisfaction_count":27,"autonomy_count":747}}
