{"data":{"satisfaction":6.969111969111969,"comprehension":7.39029255319149,"contact":4.068627450980392,"contact_reachability":0.5769230769230769,"contact_satisfaction":7.155172413793103,"autonomy":6.379542395693136},"metadata":{"satisfaction_count":777,"comprehension_count":752,"contact_count":51,"contactReachability_count":52,"contactSatisfaction_count":29,"autonomy_count":743}}
