{"data":{"satisfaction":7.7726017943409245,"comprehension":7.938144329896907,"contact":3.3814102564102564,"contact_reachability":0.5159235668789809,"contact_satisfaction":6.59375,"autonomy":6.948783145659281},"metadata":{"satisfaction_count":2898,"comprehension_count":2813,"contact_count":156,"contactReachability_count":157,"contactSatisfaction_count":80,"autonomy_count":2753}}
