{"data":{"satisfaction":6.954976303317536,"comprehension":7.430471584038694,"contact":3.3455882352941178,"contact_reachability":5.072463768115942,"contact_satisfaction":6.6911764705882355,"autonomy":6.059113300492611},"metadata":{"satisfaction_count":844,"comprehension_count":827,"contact_count":68,"autonomy_count":812}}
