{"data":{"satisfaction":7.659352142110762,"comprehension":7.815874730021599,"contact":3.4895833333333335,"contact_reachability":0.5416666666666666,"contact_satisfaction":6.4423076923076925,"autonomy":7.071823204419889},"metadata":{"satisfaction_count":957,"comprehension_count":926,"contact_count":48,"contactReachability_count":48,"contactSatisfaction_count":26,"autonomy_count":905}}
