{"data":{"satisfaction":9.123222748815166,"comprehension":9.10909090909091,"contact":3.0303030303030303,"contact_reachability":0.47058823529411764,"contact_satisfaction":6.666666666666667,"autonomy":8.15136476426799},"metadata":{"satisfaction_count":844,"comprehension_count":825,"contact_count":33,"contactReachability_count":34,"contactSatisfaction_count":15,"autonomy_count":806}}
