{"data":{"satisfaction":7.001256676091737,"comprehension":8.329228243021346,"contact":3.614130434782609,"contact_reachability":5.638297872340425,"contact_satisfaction":6.519607843137255,"autonomy":6.140051238257899},"metadata":{"satisfaction_count":3183,"comprehension_count":3045,"contact_count":92,"autonomy_count":1171}}
