{"data":{"satisfaction":6.706989247311828,"comprehension":7.14185393258427,"contact":3.0555555555555554,"contact_reachability":0.48148148148148145,"contact_satisfaction":6.346153846153846,"autonomy":6.329113924050633},"metadata":{"satisfaction_count":744,"comprehension_count":712,"contact_count":54,"contactReachability_count":54,"contactSatisfaction_count":26,"autonomy_count":711}}
