{"data":{"satisfaction":6.989795918367347,"comprehension":7.1968365553602816,"contact":3.508771929824561,"contact_reachability":0.5263157894736842,"contact_satisfaction":6.666666666666667,"autonomy":6.227758007117438},"metadata":{"satisfaction_count":588,"comprehension_count":569,"contact_count":57,"contactReachability_count":57,"contactSatisfaction_count":30,"autonomy_count":562}}
