{"data":{"satisfaction":7.209007294640025,"comprehension":7.5098328416912485,"contact":3.5286458333333335,"contact_reachability":0.5309278350515464,"contact_satisfaction":6.707920792079208,"autonomy":6.5552956899432},"metadata":{"satisfaction_count":3153,"comprehension_count":3051,"contact_count":192,"contactReachability_count":194,"contactSatisfaction_count":101,"autonomy_count":2993}}
