{"data":{"satisfaction":6.8390052356020945,"comprehension":7.339572192513369,"contact":4.204545454545454,"contact_reachability":0.6,"contact_satisfaction":7.115384615384615,"autonomy":6.340136054421769},"metadata":{"satisfaction_count":764,"comprehension_count":748,"contact_count":44,"contactReachability_count":45,"contactSatisfaction_count":26,"autonomy_count":735}}
