{"data":{"satisfaction":6.940298507462686,"comprehension":7.285714285714286,"contact":3.825301204819277,"contact_reachability":0.5476190476190477,"contact_satisfaction":7.055555555555555,"autonomy":6.178960096735188},"metadata":{"satisfaction_count":871,"comprehension_count":840,"contact_count":83,"contactReachability_count":84,"contactSatisfaction_count":45,"autonomy_count":827}}
