{"data":{"satisfaction":7.777587974034848,"comprehension":7.9470256951777545,"contact":3.359872611464968,"contact_reachability":0.5126582278481012,"contact_satisfaction":6.59375,"autonomy":6.9640287769784175},"metadata":{"satisfaction_count":2927,"comprehension_count":2841,"contact_count":157,"contactReachability_count":158,"contactSatisfaction_count":80,"autonomy_count":2780}}
