{"data":{"satisfaction":6.999705275567345,"comprehension":8.744544887780549,"contact":3.793103448275862,"autonomy":5.852090032154341},"metadata":{"satisfaction_count":3393,"comprehension_count":3208,"contact_count":29,"autonomy_count":311}}
