{"data":{"satisfaction":7.906852248394005,"comprehension":8.00110741971207,"contact":3.4574468085106385,"contact_reachability":0.5319148936170213,"contact_satisfaction":6.5,"autonomy":7.233560090702948},"metadata":{"satisfaction_count":934,"comprehension_count":903,"contact_count":47,"contactReachability_count":47,"contactSatisfaction_count":25,"autonomy_count":882}}
