{"data":{"satisfaction":7.590673575129534,"comprehension":7.733369098712446,"contact":3.480392156862745,"contact_reachability":0.5490196078431373,"contact_satisfaction":6.339285714285714,"autonomy":6.955093099671413},"metadata":{"satisfaction_count":965,"comprehension_count":932,"contact_count":51,"contactReachability_count":51,"contactSatisfaction_count":28,"autonomy_count":913}}
