{"data":{"satisfaction":8.492249882573978,"comprehension":8.735383833248601,"contact":3.1666666666666665,"contact_reachability":0.5081967213114754,"contact_satisfaction":6.333333333333333,"autonomy":8.55495251017639},"metadata":{"satisfaction_count":2129,"comprehension_count":1967,"contact_count":60,"contactReachability_count":61,"contactSatisfaction_count":30,"autonomy_count":1474}}
