{"data":{"satisfaction":8.598615916955017,"comprehension":8.499043977055448,"contact":2.7941176470588234,"contact_reachability":0.5294117647058824,"contact_satisfaction":5.277777777777778,"autonomy":8.67816091954023},"metadata":{"satisfaction_count":578,"comprehension_count":523,"contact_count":17,"contactReachability_count":17,"contactSatisfaction_count":9,"autonomy_count":522}}
