{"data":{"satisfaction":8.362745098039216,"comprehension":8.675564681724847,"contact":2.717391304347826,"contact_reachability":4.3478260869565215,"contact_satisfaction":6.25,"autonomy":8.556485355648535},"metadata":{"satisfaction_count":510,"comprehension_count":487,"contact_count":23,"autonomy_count":478}}
