{"data":{"satisfaction":8.4679037111334,"comprehension":9.10803324099723,"contact":3.4482758620689653,"contact_reachability":5.172413793103448,"contact_satisfaction":6.666666666666667,"autonomy":8.528},"metadata":{"satisfaction_count":1994,"comprehension_count":1805,"contact_count":29,"autonomy_count":625}}
