{"data":{"satisfaction":8.52359208523592,"comprehension":8.547463175122749,"contact":2.3076923076923075,"contact_reachability":0.4230769230769231,"contact_satisfaction":5.454545454545454,"autonomy":8.457711442786069},"metadata":{"satisfaction_count":657,"comprehension_count":611,"contact_count":26,"contactReachability_count":26,"contactSatisfaction_count":11,"autonomy_count":603}}
