{"data":{"satisfaction":8.035087719298245,"comprehension":8.492647058823529,"contact":2.7083333333333335,"contact_reachability":0.3888888888888889,"contact_satisfaction":6.964285714285714,"autonomy":8.34862385321101},"metadata":{"satisfaction_count":570,"comprehension_count":544,"contact_count":36,"contactReachability_count":36,"contactSatisfaction_count":14,"autonomy_count":545}}
