{"data":{"satisfaction":8.246601031411158,"comprehension":8.427936821322804,"contact":3.521505376344086,"contact_reachability":0.5425531914893617,"contact_satisfaction":6.55,"autonomy":8.43186372745491},"metadata":{"satisfaction_count":2133,"comprehension_count":2026,"contact_count":93,"contactReachability_count":94,"contactSatisfaction_count":50,"autonomy_count":1996}}
