{"data":{"satisfaction":7.91453428863869,"comprehension":8.305129561078795,"contact":3.2964601769911503,"contact_reachability":0.5132743362831859,"contact_satisfaction":6.422413793103448,"autonomy":8.310160427807487},"metadata":{"satisfaction_count":1954,"comprehension_count":1891,"contact_count":113,"contactReachability_count":113,"contactSatisfaction_count":58,"autonomy_count":1870}}
