{"data":{"satisfaction":8.010752688172044,"comprehension":8.482142857142858,"contact":2.573529411764706,"contact_reachability":0.38235294117647056,"contact_satisfaction":6.730769230769231,"autonomy":8.367729831144466},"metadata":{"satisfaction_count":558,"comprehension_count":532,"contact_count":34,"contactReachability_count":34,"contactSatisfaction_count":13,"autonomy_count":533}}
