{"data":{"satisfaction":8.507462686567164,"comprehension":8.779779198140616,"contact":3.3181818181818183,"contact_reachability":0.4909090909090909,"contact_satisfaction":6.7592592592592595,"autonomy":8.536782538399354},"metadata":{"satisfaction_count":1876,"comprehension_count":1721,"contact_count":55,"contactReachability_count":55,"contactSatisfaction_count":27,"autonomy_count":1237}}
