{"data":{"satisfaction":8.668300653594772,"comprehension":8.5623869801085,"contact":3.173076923076923,"contact_reachability":0.46153846153846156,"contact_satisfaction":6.875,"autonomy":8.499095840867993},"metadata":{"satisfaction_count":612,"comprehension_count":553,"contact_count":26,"contactReachability_count":26,"contactSatisfaction_count":12,"autonomy_count":553}}
