{"data":{"satisfaction":8.449975357318877,"comprehension":9.094616639477977,"contact":3.4482758620689653,"contact_reachability":5.172413793103448,"contact_satisfaction":6.666666666666667,"autonomy":8.554033485540335},"metadata":{"satisfaction_count":2029,"comprehension_count":1839,"contact_count":29,"autonomy_count":657}}
