{"data":{"satisfaction":8.575498575498575,"comprehension":8.537735849056604,"contact":3.8636363636363638,"contact_reachability":0.7272727272727273,"contact_satisfaction":5.3125,"autonomy":8.757961783439491},"metadata":{"satisfaction_count":351,"comprehension_count":318,"contact_count":11,"contactReachability_count":11,"contactSatisfaction_count":8,"autonomy_count":314}}
