{"data":{"satisfaction":8.53228962818004,"comprehension":8.691983122362869,"contact":4.166666666666667,"contact_reachability":0.6,"contact_satisfaction":6.944444444444445,"autonomy":8.948497854077253},"metadata":{"satisfaction_count":511,"comprehension_count":474,"contact_count":15,"contactReachability_count":15,"contactSatisfaction_count":9,"autonomy_count":466}}
