{"data":{"satisfaction":8.122227698373583,"comprehension":8.38659793814433,"contact":2.9086538461538463,"contact_reachability":0.44761904761904764,"contact_satisfaction":6.576086956521739,"autonomy":8.322916666666666},"metadata":{"satisfaction_count":2029,"comprehension_count":1940,"contact_count":104,"contactReachability_count":105,"contactSatisfaction_count":46,"autonomy_count":1920}}
