{"data":{"satisfaction":8.47962382445141,"comprehension":9.125216888374784,"contact":3.5185185185185186,"contact_reachability":5.185185185185185,"contact_satisfaction":6.785714285714286,"autonomy":8.496376811594203},"metadata":{"satisfaction_count":1914,"comprehension_count":1729,"contact_count":27,"autonomy_count":552}}
