{"data":{"satisfaction":8.481900452488688,"comprehension":9.05,"contact":3.7903225806451615,"contact_reachability":0.5483870967741935,"contact_satisfaction":6.911764705882353,"autonomy":8.641370869033048},"metadata":{"satisfaction_count":2210,"comprehension_count":2000,"contact_count":31,"contactReachability_count":31,"contactSatisfaction_count":17,"autonomy_count":817}}
