{"data":{"satisfaction":7.891891891891892,"comprehension":8.283858998144712,"contact":2.2580645161290325,"contact_reachability":0.3870967741935484,"contact_satisfaction":5.833333333333333,"autonomy":8.30188679245283},"metadata":{"satisfaction_count":555,"comprehension_count":539,"contact_count":31,"contactReachability_count":31,"contactSatisfaction_count":12,"autonomy_count":530}}
