{"data":{"satisfaction":8.526058631921824,"comprehension":8.54490500863558,"contact":2.159090909090909,"contact_reachability":0.34782608695652173,"contact_satisfaction":6.785714285714286,"autonomy":8.606701940035274},"metadata":{"satisfaction_count":614,"comprehension_count":579,"contact_count":22,"contactReachability_count":23,"contactSatisfaction_count":7,"autonomy_count":567}}
