{"data":{"satisfaction":8.013833992094861,"comprehension":8.21285140562249,"contact":4.625,"contact_reachability":0.6666666666666666,"contact_satisfaction":7.115384615384615,"autonomy":8.126272912423625},"metadata":{"satisfaction_count":506,"comprehension_count":498,"contact_count":20,"contactReachability_count":21,"contactSatisfaction_count":13,"autonomy_count":491}}
