{"data":{"satisfaction":8.495821727019498,"comprehension":8.73995983935743,"contact":3.1147540983606556,"contact_reachability":0.5,"contact_satisfaction":6.333333333333333,"autonomy":8.56475300400534},"metadata":{"satisfaction_count":2154,"comprehension_count":1992,"contact_count":61,"contactReachability_count":62,"contactSatisfaction_count":30,"autonomy_count":1498}}
