{"data":{"satisfaction":8.439201451905626,"comprehension":8.682692307692308,"contact":3.409090909090909,"contact_reachability":5,"contact_satisfaction":6.818181818181818,"autonomy":8.772277227722773},"metadata":{"satisfaction_count":551,"comprehension_count":520,"contact_count":22,"autonomy_count":505}}
