{"data":{"satisfaction":8.5,"comprehension":8.761864879955333,"contact":3.2203389830508473,"contact_reachability":0.5084745762711864,"contact_satisfaction":6.333333333333333,"autonomy":8.544061302681992},"metadata":{"satisfaction_count":1950,"comprehension_count":1791,"contact_count":59,"contactReachability_count":59,"contactSatisfaction_count":30,"autonomy_count":1305}}
