{"data":{"satisfaction":8.356539035305818,"comprehension":9.276278808319281,"contact":6.5,"autonomy":8.461538461538462},"metadata":{"satisfaction_count":2011,"comprehension_count":1779,"contact_count":5,"autonomy_count":130}}
