{"data":{"satisfaction":8.355866731047803,"comprehension":9.26606753812636,"contact":6.5,"autonomy":8.297872340425531},"metadata":{"satisfaction_count":2071,"comprehension_count":1836,"contact_count":5,"autonomy_count":188}}
