{"data":{"satisfaction":8.487076648841354,"comprehension":9.04679802955665,"contact":3.823529411764706,"contact_reachability":0.5588235294117647,"contact_satisfaction":6.842105263157895,"autonomy":8.65566037735849},"metadata":{"satisfaction_count":2244,"comprehension_count":2030,"contact_count":34,"contactReachability_count":34,"contactSatisfaction_count":19,"autonomy_count":848}}
