{"data":{"satisfaction":8.136882129277566,"comprehension":8.286679536679536,"contact":4.404761904761905,"contact_reachability":0.6363636363636364,"contact_satisfaction":7.115384615384615,"autonomy":8.238747553816047},"metadata":{"satisfaction_count":526,"comprehension_count":518,"contact_count":21,"contactReachability_count":22,"contactSatisfaction_count":13,"autonomy_count":511}}
