{"data":{"satisfaction":6.764705882352941,"comprehension":6.777777777777778,"contact":4.722222222222222,"contact_reachability":0.75,"contact_satisfaction":6.296296296296297,"autonomy":5.543478260869565},"metadata":{"satisfaction_count":102,"comprehension_count":90,"contact_count":36,"contactReachability_count":36,"contactSatisfaction_count":27,"autonomy_count":92}}
