{"data":{"satisfaction":6.62962962962963,"comprehension":6.668918918918919,"contact":5.337837837837838,"contact_reachability":0.7919463087248322,"contact_satisfaction":6.752136752136752,"autonomy":5.373563218390805},"metadata":{"satisfaction_count":405,"comprehension_count":370,"contact_count":148,"contactReachability_count":149,"contactSatisfaction_count":117,"autonomy_count":348}}
