{"data":{"satisfaction":6.553398058252427,"comprehension":6.711956521739131,"contact":4.743589743589744,"contact_reachability":0.717948717948718,"contact_satisfaction":6.607142857142857,"autonomy":5.483870967741935},"metadata":{"satisfaction_count":103,"comprehension_count":92,"contact_count":39,"contactReachability_count":39,"contactSatisfaction_count":28,"autonomy_count":93}}
