{"data":{"satisfaction":5.84070796460177,"comprehension":6.415094339622642,"contact":5.487804878048781,"contact_reachability":0.7317073170731707,"contact_satisfaction":7.5,"autonomy":5.208333333333333},"metadata":{"satisfaction_count":113,"comprehension_count":106,"contact_count":41,"contactReachability_count":41,"contactSatisfaction_count":30,"autonomy_count":96}}
