{"data":{"satisfaction":7.125124131082423,"comprehension":7.225343320848939,"contact":4.371069182389937,"contact_reachability":0.6787878787878788,"contact_satisfaction":6.556603773584905,"autonomy":6.397774687065368},"metadata":{"satisfaction_count":1007,"comprehension_count":801,"contact_count":159,"contactReachability_count":165,"contactSatisfaction_count":106,"autonomy_count":719}}
