{"data":{"satisfaction":7.098765432098766,"comprehension":7.2272727272727275,"contact":5.833333333333333,"contact_reachability":0.9230769230769231,"contact_satisfaction":6.363636363636363,"autonomy":5.434782608695652},"metadata":{"satisfaction_count":81,"comprehension_count":55,"contact_count":12,"contactReachability_count":13,"contactSatisfaction_count":11,"autonomy_count":46}}
