{"data":{"satisfaction":7.112561174551387,"comprehension":7.97423887587822,"contact":4.831460674157303,"contact_reachability":0.7391304347826086,"contact_satisfaction":6.615384615384615,"autonomy":5.851393188854489},"metadata":{"satisfaction_count":1226,"comprehension_count":854,"contact_count":89,"contactReachability_count":92,"contactSatisfaction_count":65,"autonomy_count":323}}
