{"data":{"satisfaction":7.358834244080145,"comprehension":7.325388026607539,"contact":4.657894736842105,"contact_reachability":0.6954314720812182,"contact_satisfaction":6.8076923076923075,"autonomy":6.347305389221557},"metadata":{"satisfaction_count":1098,"comprehension_count":902,"contact_count":190,"contactReachability_count":197,"contactSatisfaction_count":130,"autonomy_count":835}}
