{"data":{"satisfaction":7.309893704006542,"comprehension":7.2825,"contact":4.630541871921182,"contact_reachability":0.7,"contact_satisfaction":6.714285714285714,"autonomy":6.427015250544662},"metadata":{"satisfaction_count":1223,"comprehension_count":1000,"contact_count":203,"contactReachability_count":210,"contactSatisfaction_count":140,"autonomy_count":918}}
