{"data":{"satisfaction":7.338775510204082,"comprehension":7.324120603015075,"contact":4.675,"contact_reachability":0.7198067632850241,"contact_satisfaction":6.584507042253521,"autonomy":6.464757709251101},"metadata":{"satisfaction_count":1225,"comprehension_count":995,"contact_count":200,"contactReachability_count":207,"contactSatisfaction_count":142,"autonomy_count":908}}
