{"data":{"satisfaction":7.083333333333333,"comprehension":8.372762148337596,"contact":5.104166666666667,"contact_reachability":7.6,"contact_satisfaction":6.805555555555555,"autonomy":5.287356321839081},"metadata":{"satisfaction_count":1200,"comprehension_count":782,"contact_count":24,"autonomy_count":87}}
