{"data":{"satisfaction":6.974907063197026,"comprehension":7.995839112343966,"contact":4.125,"contact_reachability":0.7096774193548387,"contact_satisfaction":5.892857142857143,"autonomy":5.643564356435643},"metadata":{"satisfaction_count":1076,"comprehension_count":721,"contact_count":60,"contactReachability_count":62,"contactSatisfaction_count":42,"autonomy_count":202}}
