{"data":{"satisfaction":7.071428571428571,"comprehension":8.35705045278137,"contact":5.104166666666667,"contact_reachability":7.6,"contact_satisfaction":6.805555555555555,"autonomy":5.189873417721519},"metadata":{"satisfaction_count":1190,"comprehension_count":773,"contact_count":24,"autonomy_count":79}}
