{"data":{"satisfaction":7.073170731707317,"comprehension":7.103174603174603,"contact":4.166666666666667,"contact_reachability":0.8333333333333334,"contact_satisfaction":5,"autonomy":5.245901639344262},"metadata":{"satisfaction_count":82,"comprehension_count":63,"contact_count":18,"contactReachability_count":18,"contactSatisfaction_count":15,"autonomy_count":61}}
