{"data":{"satisfaction":7.445708376421924,"comprehension":7.37751256281407,"contact":4.607558139534884,"contact_reachability":0.7039106145251397,"contact_satisfaction":6.659663865546219,"autonomy":6.339165545087483},"metadata":{"satisfaction_count":967,"comprehension_count":796,"contact_count":172,"contactReachability_count":179,"contactSatisfaction_count":119,"autonomy_count":743}}
