{"data":{"satisfaction":7.111670864819479,"comprehension":8.492115637319317,"contact":5.2272727272727275,"autonomy":5.853658536585366},"metadata":{"satisfaction_count":1191,"comprehension_count":761,"contact_count":11,"autonomy_count":41}}
