{"data":{"satisfaction":7.6068376068376065,"comprehension":7.565312046444122,"contact":4.849624060150376,"contact_reachability":0.6811594202898551,"contact_satisfaction":7.247191011235955,"autonomy":6.593406593406593},"metadata":{"satisfaction_count":819,"comprehension_count":689,"contact_count":133,"contactReachability_count":138,"contactSatisfaction_count":89,"autonomy_count":637}}
