{"data":{"satisfaction":7.07516339869281,"comprehension":8.33125,"contact":4.416666666666667,"contact_reachability":7.741935483870968,"contact_satisfaction":5.760869565217392,"autonomy":5.420560747663552},"metadata":{"satisfaction_count":1224,"comprehension_count":800,"contact_count":30,"autonomy_count":107}}
