{"data":{"satisfaction":6.4375,"comprehension":6.825396825396825,"contact":4.411764705882353,"contact_reachability":7.058823529411765,"contact_satisfaction":6.25,"autonomy":4.915254237288136},"metadata":{"satisfaction_count":80,"comprehension_count":63,"contact_count":17,"autonomy_count":59}}
