{"data":{"satisfaction":7.081953642384106,"comprehension":8.365139949109414,"contact":4.903846153846154,"contact_reachability":7.4074074074074066,"contact_satisfaction":6.7105263157894735,"autonomy":5.319148936170213},"metadata":{"satisfaction_count":1208,"comprehension_count":786,"contact_count":26,"autonomy_count":94}}
