{"data":{"satisfaction":6.998199819981998,"comprehension":7.9747675962815405,"contact":4.28030303030303,"contact_reachability":0.7205882352941176,"contact_satisfaction":6.01063829787234,"autonomy":5.682819383259912},"metadata":{"satisfaction_count":1111,"comprehension_count":753,"contact_count":66,"contactReachability_count":68,"contactSatisfaction_count":47,"autonomy_count":227}}
