{"data":{"satisfaction":7.085406301824213,"comprehension":8.447606727037517,"contact":4.333333333333333,"contact_reachability":6.875,"contact_satisfaction":6.5,"autonomy":5.490196078431373},"metadata":{"satisfaction_count":1206,"comprehension_count":773,"contact_count":15,"autonomy_count":51}}
