{"data":{"satisfaction":6.666666666666667,"comprehension":6.704545454545454,"contact":4.84375,"contact_reachability":6.875,"contact_satisfaction":7.045454545454546,"autonomy":5.245901639344262},"metadata":{"satisfaction_count":87,"comprehension_count":66,"contact_count":16,"autonomy_count":61}}
