{"data":{"satisfaction":6.955909943714822,"comprehension":7.980364656381487,"contact":4.1525423728813555,"contact_reachability":0.7049180327868853,"contact_satisfaction":5.975609756097561,"autonomy":5.492227979274611},"metadata":{"satisfaction_count":1066,"comprehension_count":713,"contact_count":59,"contactReachability_count":61,"contactSatisfaction_count":41,"autonomy_count":193}}
