{"data":{"satisfaction":7.409638554216867,"comprehension":7.433598937583001,"contact":4.834558823529412,"contact_reachability":0.6879432624113475,"contact_satisfaction":7.146739130434782,"autonomy":6.7101449275362315},"metadata":{"satisfaction_count":913,"comprehension_count":753,"contact_count":136,"contactReachability_count":141,"contactSatisfaction_count":92,"autonomy_count":690}}
