{"data":{"satisfaction":7.344944774851317,"comprehension":7.305699481865285,"contact":4.659090909090909,"contact_reachability":0.697560975609756,"contact_satisfaction":6.783088235294118,"autonomy":6.399548532731377},"metadata":{"satisfaction_count":1177,"comprehension_count":965,"contact_count":198,"contactReachability_count":205,"contactSatisfaction_count":136,"autonomy_count":886}}
