{"data":{"satisfaction":5.958904109589041,"comprehension":6.320754716981132,"contact":3.4722222222222223,"contact_reachability":0.8,"contact_satisfaction":4.464285714285714,"autonomy":4.791666666666667},"metadata":{"satisfaction_count":73,"comprehension_count":53,"contact_count":18,"contactReachability_count":20,"contactSatisfaction_count":14,"autonomy_count":48}}
