{"data":{"satisfaction":6.24625074985003,"comprehension":6.952329527923481,"contact":3.470042796005706,"contact_reachability":0.5227920227920227,"contact_satisfaction":6.646174863387978,"autonomy":6.291783817557014},"metadata":{"satisfaction_count":3334,"comprehension_count":3241,"contact_count":701,"contactReachability_count":702,"contactSatisfaction_count":366,"autonomy_count":3201}}
