{"data":{"satisfaction":6.331973185660157,"comprehension":7.355054260450161,"contact":3.561893203883495,"contact_reachability":0.5429782082324455,"contact_satisfaction":6.5733482642777155,"autonomy":6.259093452714046},"metadata":{"satisfaction_count":10293,"comprehension_count":9952,"contact_count":1648,"contactReachability_count":1652,"contactSatisfaction_count":893,"autonomy_count":7148}}
