{"data":{"satisfaction":6.236995323088671,"comprehension":8.245058286872782,"contact":3.3908045977011496,"autonomy":6.127886323268206},"metadata":{"satisfaction_count":10477,"comprehension_count":9865,"contact_count":261,"autonomy_count":1126}}
