{"data":{"satisfaction":6.334073144842227,"comprehension":7.355318299740571,"contact":3.564179104477612,"contact_reachability":0.543776057176891,"contact_satisfaction":6.567656765676568,"autonomy":6.257975034674064},"metadata":{"satisfaction_count":10363,"comprehension_count":10022,"contact_count":1675,"contactReachability_count":1679,"contactSatisfaction_count":909,"autonomy_count":7210}}
