{"data":{"satisfaction":6.6160849772382395,"comprehension":7.105739400206825,"contact":3.6761083743842367,"contact_reachability":0.5588235294117647,"contact_satisfaction":6.603982300884955,"autonomy":6.338624338624339},"metadata":{"satisfaction_count":1977,"comprehension_count":1934,"contact_count":406,"contactReachability_count":408,"contactSatisfaction_count":226,"autonomy_count":1890}}
