{"data":{"satisfaction":6.235075357212762,"comprehension":8.280339300582847,"contact":3.246268656716418,"autonomy":6.252847380410023},"metadata":{"satisfaction_count":10218,"comprehension_count":9608,"contact_count":201,"autonomy_count":878}}
