{"data":{"satisfaction":6.4046541012951455,"comprehension":7.0390911048890805,"contact":3.565654091131798,"contact_reachability":0.5427872860635696,"contact_satisfaction":6.58001808318264,"autonomy":6.314787865218851},"metadata":{"satisfaction_count":9497,"comprehension_count":9286,"contact_count":2041,"contactReachability_count":2045,"contactSatisfaction_count":1106,"autonomy_count":8933}}
