{"data":{"satisfaction":6.4424195424583175,"comprehension":7.0632992961237235,"contact":3.631530282015719,"contact_reachability":0.5417422867513612,"contact_satisfaction":6.8126626192541195,"autonomy":6.34010518717129},"metadata":{"satisfaction_count":10316,"comprehension_count":10087,"contact_count":2163,"contactReachability_count":2204,"contactSatisfaction_count":1153,"autonomy_count":9697}}
