{"data":{"satisfaction":6.438010104935873,"comprehension":7.033096926713948,"contact":3.842668863261944,"contact_reachability":5.960591133004927,"contact_satisfaction":6.461218836565097,"autonomy":5.940514469453376},"metadata":{"satisfaction_count":2573,"comprehension_count":2538,"contact_count":607,"autonomy_count":2488}}
