{"data":{"satisfaction":6.437007874015748,"comprehension":7.060392551585305,"contact":3.63391181988743,"contact_reachability":0.5409760589318601,"contact_satisfaction":6.825991189427313,"autonomy":6.338986599664992},"metadata":{"satisfaction_count":10160,"comprehension_count":9935,"contact_count":2132,"contactReachability_count":2172,"contactSatisfaction_count":1135,"autonomy_count":9552}}
