{"data":{"satisfaction":6.648400212126569,"comprehension":7.186171655964547,"contact":3.575152041702867,"contact_reachability":0.5342759211653814,"contact_satisfaction":6.773662551440329,"autonomy":6.440300584469802},"metadata":{"satisfaction_count":11314,"comprehension_count":11057,"contact_count":2302,"contactReachability_count":2334,"contactSatisfaction_count":1215,"autonomy_count":10779}}
