{"data":{"satisfaction":6.238680773996759,"comprehension":8.244761615548132,"contact":3.4022556390977443,"autonomy":6.128182616330114},"metadata":{"satisfaction_count":10491,"comprehension_count":9879,"contact_count":266,"autonomy_count":1139}}
