{"data":{"satisfaction":6.452149923896499,"comprehension":7.0687390542907185,"contact":3.6301681054066335,"contact_reachability":0.5414808206958073,"contact_satisfaction":6.811594202898551,"autonomy":6.353775975671566},"metadata":{"satisfaction_count":10512,"comprehension_count":10278,"contact_count":2201,"contactReachability_count":2242,"contactSatisfaction_count":1173,"autonomy_count":9865}}
