{"data":{"satisfaction":6.455676988463874,"comprehension":7.0376444860980945,"contact":3.5357675111773474,"contact_reachability":0.5289747399702823,"contact_satisfaction":6.701977401129944,"autonomy":6.42697347395334},"metadata":{"satisfaction_count":3294,"comprehension_count":3201,"contact_count":671,"contactReachability_count":673,"contactSatisfaction_count":354,"autonomy_count":3129}}
