{"data":{"satisfaction":6.29556843863614,"comprehension":7.8624420401854715,"contact":3.6786529680365296,"contact_reachability":5.660592255125286,"contact_satisfaction":6.51010101010101,"autonomy":6.128415300546448},"metadata":{"satisfaction_count":10177,"comprehension_count":9705,"contact_count":876,"autonomy_count":3660}}
