{
  "data": {
    "satisfaction": 6.239197377570279,
    "comprehension": 8.304448906266511,
    "contact": 3.400621118012422,
    "autonomy": 6.272108843537415
  },
  "metadata": {
    "satisfaction_count": 10067,
    "comprehension_count": 9463,
    "contact_count": 161,
    "autonomy_count": 735
  }
}
