{"data":{"satisfaction":6.424446583253128,"comprehension":7.092204389125451,"contact":3.561320754716981,"contact_reachability":0.5263157894736842,"contact_satisfaction":6.863636363636363,"autonomy":6.454302868579052},"metadata":{"satisfaction_count":3117,"comprehension_count":3053,"contact_count":636,"contactReachability_count":646,"contactSatisfaction_count":330,"autonomy_count":2998}}
