{"data":{"satisfaction":6.304546841623436,"comprehension":6.969387755102041,"contact":3.4635416666666665,"contact_reachability":0.5252225519287834,"contact_satisfaction":6.612215909090909,"autonomy":6.361315033514203},"metadata":{"satisfaction_count":3277,"comprehension_count":3185,"contact_count":672,"contactReachability_count":674,"contactSatisfaction_count":352,"autonomy_count":3133}}
