{"data":{"satisfaction":6.89430978882763,"comprehension":7.375850701829009,"contact":3.546419098143236,"contact_reachability":0.5292259083728278,"contact_satisfaction":6.745711402623613,"autonomy":6.59925666812418},"metadata":{"satisfaction_count":9613,"comprehension_count":9404,"contact_count":1885,"contactReachability_count":1899,"contactSatisfaction_count":991,"autonomy_count":9148}}
