{
  "data": {
    "satisfaction": 6.2375259361723145,
    "comprehension": 8.29584866001051,
    "contact": 3.398876404494382,
    "autonomy": 6.2165605095541405
  },
  "metadata": {
    "satisfaction_count": 10121,
    "comprehension_count": 9515,
    "contact_count": 178,
    "autonomy_count": 785
  }
}
