{"data":{"satisfaction":6.734928670041417,"comprehension":7.26025459688826,"contact":3.5454334724153918,"contact_reachability":0.5282239559430931,"contact_satisfaction":6.773693534100975,"autonomy":6.585840880319408},"metadata":{"satisfaction_count":10865,"comprehension_count":10605,"contact_count":2157,"contactReachability_count":2179,"contactSatisfaction_count":1129,"autonomy_count":10269}}
