{"data":{"satisfaction":6.326134104464124,"comprehension":7.325831154277176,"contact":3.571036752605595,"contact_reachability":0.5435139573070608,"contact_satisfaction":6.582406471183013,"autonomy":6.2685431723088625},"metadata":{"satisfaction_count":11066,"comprehension_count":10708,"contact_count":1823,"contactReachability_count":1827,"contactSatisfaction_count":989,"autonomy_count":7887}}
