{"data":{"satisfaction":6.371428571428571,"comprehension":6.998552522746071,"contact":3.820998278829604,"contact_reachability":5.88336192109777,"contact_satisfaction":6.510263929618769,"autonomy":5.891047297297297},"metadata":{"satisfaction_count":2450,"comprehension_count":2418,"contact_count":581,"autonomy_count":2368}}
