{"data":{"satisfaction":6.440611906849849,"comprehension":7.0638637042941115,"contact":3.6349907063197024,"contact_reachability":0.5417236662106704,"contact_satisfaction":6.819965126416739,"autonomy":6.335474513054289},"metadata":{"satisfaction_count":10263,"comprehension_count":10037,"contact_count":2152,"contactReachability_count":2193,"contactSatisfaction_count":1147,"autonomy_count":9652}}
