{"data":{"satisfaction":6.325174184085075,"comprehension":7.334659844608679,"contact":3.589275687815834,"contact_reachability":0.5445378151260504,"contact_satisfaction":6.603822314049586,"autonomy":6.282499029879705},"metadata":{"satisfaction_count":10908,"comprehension_count":10554,"contact_count":1781,"contactReachability_count":1785,"contactSatisfaction_count":968,"autonomy_count":7731}}
