{"data":{"satisfaction":7.179598953792502,"comprehension":7.464444444444444,"contact":3.3410138248847927,"contact_reachability":0.49885057471264366,"contact_satisfaction":6.712962962962963,"autonomy":6.461816538635337},"metadata":{"satisfaction_count":2294,"comprehension_count":2250,"contact_count":434,"contactReachability_count":435,"contactSatisfaction_count":216,"autonomy_count":2213}}
