{"data":{"satisfaction":7.046582665139367,"comprehension":7.474579585451702,"contact":3.905940594059406,"contact_reachability":0.5705882352941176,"contact_satisfaction":6.896853146853147,"autonomy":6.645418326693227},"metadata":{"satisfaction_count":2619,"comprehension_count":2557,"contact_count":505,"contactReachability_count":510,"contactSatisfaction_count":286,"autonomy_count":2510}}
