{"data":{"satisfaction":6.477509276857634,"comprehension":7.087769650958244,"contact":3.6294855166450497,"contact_reachability":0.5424808836023789,"contact_satisfaction":6.792071197411003,"autonomy":6.366262276140959},"metadata":{"satisfaction_count":11049,"comprehension_count":10801,"contact_count":2313,"contactReachability_count":2354,"contactSatisfaction_count":1236,"autonomy_count":10386}}
