{"data":{"satisfaction":6.299457326097682,"comprehension":7.866490792468446,"contact":3.676639815880322,"contact_reachability":5.648679678530425,"contact_satisfaction":6.520408163265306,"autonomy":6.127694859038143},"metadata":{"satisfaction_count":10135,"comprehension_count":9666,"contact_count":869,"autonomy_count":3618}}
