{"data":{"satisfaction":6.65905315614618,"comprehension":7.137711864406779,"contact":3.63,"contact_reachability":0.5597609561752988,"contact_satisfaction":6.505376344086022,"autonomy":6.318063958513397},"metadata":{"satisfaction_count":2408,"comprehension_count":2360,"contact_count":500,"contactReachability_count":502,"contactSatisfaction_count":279,"autonomy_count":2314}}
