{"data":{"satisfaction":6.237835733748541,"comprehension":8.276174218911649,"contact":3.127906976744186,"autonomy":6.207264957264957},"metadata":{"satisfaction_count":10276,"comprehension_count":9666,"contact_count":215,"autonomy_count":936}}
