{"data":{"satisfaction":7.18492586490939,"comprehension":7.601308569016463,"contact":3.950892857142857,"contact_reachability":0.5739514348785872,"contact_satisfaction":6.9411764705882355,"autonomy":6.716738197424893},"metadata":{"satisfaction_count":2428,"comprehension_count":2369,"contact_count":448,"contactReachability_count":453,"contactSatisfaction_count":255,"autonomy_count":2330}}
