{"data":{"satisfaction":6.744886868886474,"comprehension":7.260627530364372,"contact":3.531883341571923,"contact_reachability":0.526161369193154,"contact_satisfaction":6.778937381404175,"autonomy":6.570028157263531},"metadata":{"satisfaction_count":10121,"comprehension_count":9880,"contact_count":2023,"contactReachability_count":2045,"contactSatisfaction_count":1054,"autonomy_count":9589}}
