{"data":{"satisfaction":7.247550063911376,"comprehension":7.604895104895105,"contact":3.8876146788990824,"contact_reachability":0.5736961451247166,"contact_satisfaction":6.834677419354839,"autonomy":6.7317073170731705},"metadata":{"satisfaction_count":2347,"comprehension_count":2288,"contact_count":436,"contactReachability_count":441,"contactSatisfaction_count":248,"autonomy_count":2255}}
