{"data":{"satisfaction":6.29931640625,"comprehension":7.858934971838198,"contact":3.6853932584269664,"contact_reachability":5.683856502242152,"contact_satisfaction":6.4950495049504955,"autonomy":6.137281292059219},"metadata":{"satisfaction_count":10240,"comprehension_count":9765,"contact_count":890,"autonomy_count":3715}}
