{"data":{"satisfaction":6.450564161407535,"comprehension":7.067768433405046,"contact":3.625684306569343,"contact_reachability":0.5409762651141962,"contact_satisfaction":6.810197086546701,"autonomy":6.353264744830396},"metadata":{"satisfaction_count":10458,"comprehension_count":10226,"contact_count":2192,"contactReachability_count":2233,"contactSatisfaction_count":1167,"autonomy_count":9817}}
