{"data":{"satisfaction":6.652286453839517,"comprehension":7.126980633802817,"contact":3.579664570230608,"contact_reachability":0.5532359081419624,"contact_satisfaction":6.492395437262357,"autonomy":6.313426133812303},"metadata":{"satisfaction_count":2318,"comprehension_count":2272,"contact_count":477,"contactReachability_count":479,"contactSatisfaction_count":263,"autonomy_count":2227}}
