{"data":{"satisfaction":6.323329404297761,"comprehension":7.326414917541229,"contact":3.5673076923076925,"contact_reachability":0.5433114035087719,"contact_satisfaction":6.578014184397163,"autonomy":6.262729124236253},"metadata":{"satisfaction_count":11029,"comprehension_count":10672,"contact_count":1820,"contactReachability_count":1824,"contactSatisfaction_count":987,"autonomy_count":7856}}
