{"data":{"satisfaction":6.3737704918032785,"comprehension":7.415383744623047,"contact":3.6332614942528734,"contact_reachability":0.5537249283667621,"contact_satisfaction":6.576723016905071,"autonomy":6.304961008793762},"metadata":{"satisfaction_count":9150,"comprehension_count":8834,"contact_count":1392,"contactReachability_count":1396,"contactSatisfaction_count":769,"autonomy_count":6027}}
