{"data":{"satisfaction":6.769372693726937,"comprehension":7.27521722704949,"contact":3.5362453531598512,"contact_reachability":0.5238970588235294,"contact_satisfaction":6.818996415770609,"autonomy":6.580170410534469},"metadata":{"satisfaction_count":2710,"comprehension_count":2647,"contact_count":538,"contactReachability_count":544,"contactSatisfaction_count":279,"autonomy_count":2582}}
