{"data":{"satisfaction":6.465129358830146,"comprehension":7.0751822017644805,"contact":3.624273580688422,"contact_reachability":0.5408252853380158,"contact_satisfaction":6.807304785894207,"autonomy":6.349048141134257},"metadata":{"satisfaction_count":10668,"comprehension_count":10428,"contact_count":2237,"contactReachability_count":2278,"contactSatisfaction_count":1191,"autonomy_count":10033}}
