{"data":{"satisfaction":6.486664471517946,"comprehension":7.097556894243641,"contact":3.650442477876106,"contact_reachability":0.5632352941176471,"contact_satisfaction":6.496062992125984,"autonomy":6.141248720573183},"metadata":{"satisfaction_count":3037,"comprehension_count":2988,"contact_count":678,"contactReachability_count":680,"contactSatisfaction_count":381,"autonomy_count":2931}}
