{"data":{"satisfaction":7.215430016863406,"comprehension":7.601687581133708,"contact":3.8704128440366974,"contact_reachability":0.5668934240362812,"contact_satisfaction":6.887755102040816,"autonomy":6.757589089309283},"metadata":{"satisfaction_count":2372,"comprehension_count":2311,"contact_count":436,"contactReachability_count":441,"contactSatisfaction_count":245,"autonomy_count":2273}}
