{"data":{"satisfaction":5.278969957081545,"comprehension":5.616197183098592,"contact":5.511363636363637,"contact_reachability":0.8775510204081632,"contact_satisfaction":6.381578947368421,"autonomy":5.042735042735043},"metadata":{"satisfaction_count":233,"comprehension_count":142,"contact_count":44,"contactReachability_count":49,"contactSatisfaction_count":38,"autonomy_count":117}}
