{"data":{"satisfaction":5.910958904109589,"comprehension":6.367816091954023,"contact":5.153846153846154,"contact_reachability":8.142857142857142,"contact_satisfaction":6.4423076923076925,"autonomy":5.726141078838174},"metadata":{"satisfaction_count":730,"comprehension_count":435,"contact_count":65,"autonomy_count":241}}
