{"data":{"satisfaction":5.904183535762483,"comprehension":6.340909090909091,"contact":5.217391304347826,"contact_reachability":8.266666666666666,"contact_satisfaction":6.428571428571429,"autonomy":5.609756097560975},"metadata":{"satisfaction_count":741,"comprehension_count":440,"contact_count":69,"autonomy_count":246}}
