{"data":{"satisfaction":5.674300254452926,"comprehension":5.918580375782881,"contact":5.26595744680851,"contact_reachability":0.83,"contact_satisfaction":6.428571428571429,"autonomy":5.333333333333333},"metadata":{"satisfaction_count":786,"comprehension_count":479,"contact_count":94,"contactReachability_count":100,"contactSatisfaction_count":77,"autonomy_count":315}}
