{"data":{"satisfaction":6.362683438155137,"comprehension":7.877906976744186,"contact":3.611111111111111,"autonomy":3.5714285714285716},"metadata":{"satisfaction_count":477,"comprehension_count":258,"contact_count":9,"autonomy_count":14}}
