{"data":{"satisfaction":5.1893939393939394,"comprehension":5.423976608187134,"contact":5.9375,"contact_reachability":0.9056603773584906,"contact_satisfaction":6.627906976744186,"autonomy":5.214285714285714},"metadata":{"satisfaction_count":264,"comprehension_count":171,"contact_count":48,"contactReachability_count":53,"contactSatisfaction_count":43,"autonomy_count":140}}
