{"data":{"satisfaction":5.502958579881657,"comprehension":5.669642857142857,"contact":4.537037037037037,"contact_reachability":0.7142857142857143,"contact_satisfaction":6.447368421052632,"autonomy":4.367816091954023},"metadata":{"satisfaction_count":169,"comprehension_count":112,"contact_count":27,"contactReachability_count":28,"contactSatisfaction_count":19,"autonomy_count":87}}
