{"data":{"satisfaction":5.665399239543726,"comprehension":5.90625,"contact":5.2368421052631575,"contact_reachability":0.8316831683168316,"contact_satisfaction":6.378205128205129,"autonomy":5.3164556962025316},"metadata":{"satisfaction_count":789,"comprehension_count":480,"contact_count":95,"contactReachability_count":101,"contactSatisfaction_count":78,"autonomy_count":316}}
