{"data":{"satisfaction":5.6558441558441555,"comprehension":5.915417558886509,"contact":5.138888888888889,"contact_reachability":0.8229166666666666,"contact_satisfaction":6.335616438356165,"autonomy":5.344262295081967},"metadata":{"satisfaction_count":770,"comprehension_count":467,"contact_count":90,"contactReachability_count":96,"contactSatisfaction_count":73,"autonomy_count":305}}
