{"data":{"satisfaction":5.026881720430108,"comprehension":5.298165137614679,"contact":5.576923076923077,"contact_reachability":0.8863636363636364,"contact_satisfaction":6.397058823529412,"autonomy":4.597701149425287},"metadata":{"satisfaction_count":186,"comprehension_count":109,"contact_count":39,"contactReachability_count":44,"contactSatisfaction_count":34,"autonomy_count":87}}
