{"data":{"satisfaction":5.791567223548131,"comprehension":5.834316037735849,"contact":5.426829268292683,"contact_reachability":0.7655502392344498,"contact_satisfaction":7.131410256410256,"autonomy":5.042857142857143},"metadata":{"satisfaction_count":1257,"comprehension_count":848,"contact_count":205,"contactReachability_count":209,"contactSatisfaction_count":156,"autonomy_count":700}}
