{"data":{"satisfaction":5.801150369761709,"comprehension":5.78931203931204,"contact":5.565326633165829,"contact_reachability":0.7832512315270936,"contact_satisfaction":7.145161290322581,"autonomy":5.0662739322533135},"metadata":{"satisfaction_count":1217,"comprehension_count":814,"contact_count":199,"contactReachability_count":203,"contactSatisfaction_count":155,"autonomy_count":679}}
