{"data":{"satisfaction":5.573770491803279,"comprehension":5.529197080291971,"contact":5.1020408163265305,"contact_reachability":8.518518518518519,"contact_satisfaction":6.097560975609756,"autonomy":5.88785046728972},"metadata":{"satisfaction_count":427,"comprehension_count":274,"contact_count":49,"autonomy_count":214}}
