{"data":{"satisfaction":5.919943820224719,"comprehension":6.373239436619718,"contact":5.081967213114754,"contact_reachability":8.181818181818182,"contact_satisfaction":6.326530612244898,"autonomy":5.75107296137339},"metadata":{"satisfaction_count":712,"comprehension_count":426,"contact_count":61,"autonomy_count":233}}
