{"data":{"satisfaction":5.580568720379147,"comprehension":5.533088235294118,"contact":5.052083333333333,"contact_reachability":8.11320754716981,"contact_satisfaction":6.381578947368421,"autonomy":5.89622641509434},"metadata":{"satisfaction_count":422,"comprehension_count":272,"contact_count":48,"autonomy_count":212}}
