{"data":{"satisfaction":5.222602739726027,"comprehension":5.423280423280423,"contact":6.201923076923077,"contact_reachability":0.9122807017543859,"contact_satisfaction":6.861702127659575,"autonomy":5.228758169934641},"metadata":{"satisfaction_count":292,"comprehension_count":189,"contact_count":52,"contactReachability_count":57,"contactSatisfaction_count":47,"autonomy_count":153}}
