{"data":{"satisfaction":4.578947368421052,"comprehension":4.855769230769231,"contact":5.104166666666667,"contact_reachability":0.8518518518518519,"contact_satisfaction":6.125,"autonomy":3.8297872340425534},"metadata":{"satisfaction_count":95,"comprehension_count":52,"contact_count":24,"contactReachability_count":27,"contactSatisfaction_count":20,"autonomy_count":47}}
