{"data":{"satisfaction":5.781990521327014,"comprehension":5.755331753554502,"contact":5.559701492537314,"contact_reachability":0.7853658536585366,"contact_satisfaction":7.117834394904459,"autonomy":5.1072961373390555},"metadata":{"satisfaction_count":1266,"comprehension_count":844,"contact_count":201,"contactReachability_count":205,"contactSatisfaction_count":157,"autonomy_count":699}}
