{"data":{"satisfaction":5.781627719580983,"comprehension":5.766908212560386,"contact":5.5875,"contact_reachability":0.7843137254901961,"contact_satisfaction":7.163461538461538,"autonomy":5.0726744186046515},"metadata":{"satisfaction_count":1241,"comprehension_count":828,"contact_count":200,"contactReachability_count":204,"contactSatisfaction_count":156,"autonomy_count":688}}
