{"data":{"satisfaction":5.278688524590164,"comprehension":5.446428571428571,"contact":6.157407407407407,"contact_reachability":0.8983050847457628,"contact_satisfaction":6.927083333333333,"autonomy":5.189873417721519},"metadata":{"satisfaction_count":305,"comprehension_count":196,"contact_count":54,"contactReachability_count":59,"contactSatisfaction_count":48,"autonomy_count":158}}
