{"data":{"satisfaction":5.619718309859155,"comprehension":5.518223234624146,"contact":5.371287128712871,"contact_reachability":0.8108108108108109,"contact_satisfaction":6.78125,"autonomy":5.319767441860465},"metadata":{"satisfaction_count":710,"comprehension_count":439,"contact_count":101,"contactReachability_count":111,"contactSatisfaction_count":80,"autonomy_count":344}}
