{"data":{"satisfaction":5.968208092485549,"comprehension":6.398305084745763,"contact":5.1415094339622645,"contact_reachability":8.103448275862068,"contact_satisfaction":6.488095238095238,"autonomy":5.791855203619909},"metadata":{"satisfaction_count":692,"comprehension_count":413,"contact_count":53,"autonomy_count":221}}
