{"data":{"satisfaction":5.817236255572065,"comprehension":5.78693790149893,"contact":5.590909090909091,"contact_reachability":0.7747747747747747,"contact_satisfaction":7.235294117647059,"autonomy":5.0761421319796955},"metadata":{"satisfaction_count":673,"comprehension_count":467,"contact_count":110,"contactReachability_count":111,"contactSatisfaction_count":85,"autonomy_count":394}}
