{"data":{"satisfaction":4.5,"comprehension":4.682539682539683,"contact":5.185185185185185,"contact_reachability":0.8666666666666667,"contact_satisfaction":6.086956521739131,"autonomy":4.074074074074074},"metadata":{"satisfaction_count":110,"comprehension_count":63,"contact_count":27,"contactReachability_count":30,"contactSatisfaction_count":23,"autonomy_count":54}}
