{"data":{"satisfaction":8.067590987868284,"comprehension":7.336497890295359,"contact":5.047169811320755,"contact_reachability":0.6226415094339622,"contact_satisfaction":8.106060606060606,"autonomy":6.883720930232558},"metadata":{"satisfaction_count":577,"comprehension_count":474,"contact_count":53,"contactReachability_count":53,"contactSatisfaction_count":33,"autonomy_count":430}}
