{"data":{"satisfaction":8.873239436619718,"comprehension":9.202898550724637,"contact":6.666666666666667,"contact_reachability":6.666666666666666,"contact_satisfaction":10,"autonomy":7.142857142857143},"metadata":{"satisfaction_count":71,"comprehension_count":69,"contact_count":3,"autonomy_count":7}}
