{"data":{"satisfaction":9.210526315789474,"comprehension":9.190140845070422,"contact":6.944444444444445,"contact_reachability":0.7777777777777778,"contact_satisfaction":8.928571428571429,"autonomy":5.961538461538462},"metadata":{"satisfaction_count":76,"comprehension_count":71,"contact_count":18,"contactReachability_count":18,"contactSatisfaction_count":14,"autonomy_count":52}}
