{"data":{"satisfaction":9.320930232558139,"comprehension":9.223252732692945,"contact":4.758064516129032,"contact_reachability":0.632258064516129,"contact_satisfaction":7.525510204081633,"autonomy":8.545454545454545},"metadata":{"satisfaction_count":3225,"comprehension_count":3019,"contact_count":155,"contactReachability_count":155,"contactSatisfaction_count":98,"autonomy_count":2310}}
