{"data":{"satisfaction":9.337758567459092,"comprehension":9.420782234007293,"contact":4.329896907216495,"contact_reachability":0.5876288659793815,"contact_satisfaction":7.368421052631579,"autonomy":8.608458390177354},"metadata":{"satisfaction_count":3239,"comprehension_count":3017,"contact_count":97,"contactReachability_count":97,"contactSatisfaction_count":57,"autonomy_count":1466}}
