{"data":{"satisfaction":9.352313167259787,"comprehension":9.495438996579248,"contact":4.3076923076923075,"contact_reachability":5.692307692307692,"contact_satisfaction":7.5675675675675675,"autonomy":8.68867924528302},"metadata":{"satisfaction_count":2810,"comprehension_count":2631,"contact_count":65,"autonomy_count":1060}}
