{"data":{"satisfaction":9.321800367421924,"comprehension":9.220896010464356,"contact":4.758064516129032,"contact_reachability":0.632258064516129,"contact_satisfaction":7.525510204081633,"autonomy":8.564124414145718},"metadata":{"satisfaction_count":3266,"comprehension_count":3058,"contact_count":155,"contactReachability_count":155,"contactSatisfaction_count":98,"autonomy_count":2347}}
