{"data":{"satisfaction":9.416974169741698,"comprehension":9.199766355140186,"contact":6.906779661016949,"contact_reachability":0.8135593220338984,"contact_satisfaction":8.489583333333334,"autonomy":8.79622344610543},"metadata":{"satisfaction_count":1355,"comprehension_count":1284,"contact_count":59,"contactReachability_count":59,"contactSatisfaction_count":48,"autonomy_count":1271}}
