{"data":{"satisfaction":9.321070234113712,"comprehension":9.223952738990333,"contact":4.5,"contact_reachability":0.6074074074074074,"contact_satisfaction":7.408536585365853,"autonomy":8.553639846743295},"metadata":{"satisfaction_count":2990,"comprehension_count":2793,"contact_count":135,"contactReachability_count":135,"contactSatisfaction_count":82,"autonomy_count":2088}}
