{"data":{"satisfaction":9.391915039397054,"comprehension":9.61319367879456,"contact":5,"contact_reachability":5.862068965517241,"contact_satisfaction":8.529411764705882,"autonomy":8.683035714285714},"metadata":{"satisfaction_count":2919,"comprehension_count":2721,"contact_count":29,"autonomy_count":448}}
