{"data":{"satisfaction":9.402852049910873,"comprehension":9.1862652869238,"contact":5.5,"contact_reachability":0.7380952380952381,"contact_satisfaction":7.586206896551724,"autonomy":8.773584905660377},"metadata":{"satisfaction_count":1122,"comprehension_count":1063,"contact_count":40,"contactReachability_count":42,"contactSatisfaction_count":29,"autonomy_count":1060}}
