{"data":{"satisfaction":9.257086999022484,"comprehension":9.112734864300627,"contact":3.6742424242424243,"contact_reachability":5.6060606060606055,"contact_satisfaction":6.554054054054054,"autonomy":8.633540372670808},"metadata":{"satisfaction_count":1023,"comprehension_count":958,"contact_count":66,"autonomy_count":966}}
