{"data":{"satisfaction":9.370761115297665,"comprehension":9.141434262948207,"contact":6.061643835616438,"contact_reachability":0.7468354430379747,"contact_satisfaction":8.349056603773585,"autonomy":8.663967611336032},"metadata":{"satisfaction_count":1327,"comprehension_count":1255,"contact_count":73,"contactReachability_count":79,"contactSatisfaction_count":53,"autonomy_count":1235}}
