{"data":{"satisfaction":9.221272554605887,"comprehension":9.05040733197556,"contact":3.828125,"contact_reachability":5.625,"contact_satisfaction":6.805555555555555,"autonomy":8.577154308617235},"metadata":{"satisfaction_count":1053,"comprehension_count":982,"contact_count":64,"autonomy_count":998}}
