{"data":{"satisfaction":9.30817610062893,"comprehension":9.000569476082005,"contact":4.0476190476190474,"contact_reachability":0.5714285714285714,"contact_satisfaction":7.083333333333333,"autonomy":8.547671840354766},"metadata":{"satisfaction_count":954,"comprehension_count":878,"contact_count":63,"contactReachability_count":63,"contactSatisfaction_count":36,"autonomy_count":902}}
