{"data":{"satisfaction":9.351978171896317,"comprehension":9.15167865707434,"contact":6.313775510204081,"contact_reachability":0.7843137254901961,"contact_satisfaction":8.141447368421053,"autonomy":8.677466150870407},"metadata":{"satisfaction_count":4398,"comprehension_count":4170,"contact_count":196,"contactReachability_count":204,"contactSatisfaction_count":152,"autonomy_count":4136}}
