{"data":{"satisfaction":9.340309372156506,"comprehension":9.094097726173198,"contact":5.339506172839506,"contact_reachability":0.6932270916334662,"contact_satisfaction":7.816265060240964,"autonomy":8.650619985412108},"metadata":{"satisfaction_count":4396,"comprehension_count":4134,"contact_count":243,"contactReachability_count":251,"contactSatisfaction_count":166,"autonomy_count":4113}}
