{"data":{"satisfaction":9.248046875,"comprehension":9.08734309623431,"contact":3.828125,"contact_reachability":5.78125,"contact_satisfaction":6.621621621621622,"autonomy":8.617131062951497},"metadata":{"satisfaction_count":1024,"comprehension_count":956,"contact_count":64,"autonomy_count":969}}
