{"data":{"satisfaction":9.220516962843295,"comprehension":9.089754445385267,"contact":6.7592592592592595,"contact_reachability":0.8181818181818182,"contact_satisfaction":8.295454545454545,"autonomy":8.602243313201035},"metadata":{"satisfaction_count":1238,"comprehension_count":1181,"contact_count":54,"contactReachability_count":55,"contactSatisfaction_count":44,"autonomy_count":1159}}
