{"data":{"satisfaction":9.265734265734265,"comprehension":9.181929181929181,"contact":3.701923076923077,"contact_reachability":5.384615384615384,"contact_satisfaction":6.875,"autonomy":8.645320197044335},"metadata":{"satisfaction_count":858,"comprehension_count":819,"contact_count":52,"autonomy_count":812}}
