{"data":{"satisfaction":9.322056833558863,"comprehension":9.098820483314155,"contact":5.145739910313901,"contact_reachability":0.6652173913043479,"contact_satisfaction":7.859589041095891,"autonomy":8.613861386138614},"metadata":{"satisfaction_count":3695,"comprehension_count":3476,"contact_count":223,"contactReachability_count":230,"contactSatisfaction_count":146,"autonomy_count":3434}}
