{"data":{"satisfaction":9.334415584415584,"comprehension":8.981481481481481,"contact":5.474137931034483,"contact_reachability":0.7068965517241379,"contact_satisfaction":7.7439024390243905,"autonomy":8.47926267281106},"metadata":{"satisfaction_count":924,"comprehension_count":864,"contact_count":58,"contactReachability_count":58,"contactSatisfaction_count":41,"autonomy_count":868}}
