{"data":{"satisfaction":9.318437324339516,"comprehension":9.09579230080573,"contact":5.117370892018779,"contact_reachability":0.6621004566210046,"contact_satisfaction":7.841726618705036,"autonomy":8.589511754068717},"metadata":{"satisfaction_count":3558,"comprehension_count":3351,"contact_count":213,"contactReachability_count":219,"contactSatisfaction_count":139,"autonomy_count":3318}}
