{"data":{"satisfaction":9.349264705882353,"comprehension":9.496078431372549,"contact":4.404761904761905,"contact_reachability":5.7142857142857135,"contact_satisfaction":7.708333333333333,"autonomy":8.650306748466258},"metadata":{"satisfaction_count":2720,"comprehension_count":2550,"contact_count":63,"autonomy_count":978}}
