{"data":{"satisfaction":9.268738574040219,"comprehension":9.028741328047571,"contact":4.212328767123288,"contact_reachability":0.589041095890411,"contact_satisfaction":7.151162790697675,"autonomy":8.528557599225557},"metadata":{"satisfaction_count":1094,"comprehension_count":1009,"contact_count":73,"contactReachability_count":73,"contactSatisfaction_count":43,"autonomy_count":1033}}
