{"data":{"satisfaction":9.345132743362832,"comprehension":9.394611727416798,"contact":4.333333333333333,"contact_reachability":0.5904761904761905,"contact_satisfaction":7.338709677419355,"autonomy":8.608695652173912},"metadata":{"satisfaction_count":3390,"comprehension_count":3155,"contact_count":105,"contactReachability_count":105,"contactSatisfaction_count":62,"autonomy_count":1610}}
