{"data":{"satisfaction":9.299153339604892,"comprehension":9.025423728813559,"contact":5.678571428571429,"contact_reachability":0.7,"contact_satisfaction":8.112244897959183,"autonomy":8.483935742971887},"metadata":{"satisfaction_count":1063,"comprehension_count":1003,"contact_count":70,"contactReachability_count":70,"contactSatisfaction_count":49,"autonomy_count":996}}
