{"data":{"satisfaction":9.359223300970873,"comprehension":9.134703196347031,"contact":6.0576923076923075,"contact_reachability":0.756198347107438,"contact_satisfaction":8.1,"autonomy":8.69967607589079},"metadata":{"satisfaction_count":4635,"comprehension_count":4380,"contact_count":234,"contactReachability_count":242,"contactSatisfaction_count":175,"autonomy_count":4322}}
