{"data":{"satisfaction":9.301435406698564,"comprehension":9.049796747967479,"contact":5.928571428571429,"contact_reachability":0.7323943661971831,"contact_satisfaction":8.137254901960784,"autonomy":8.442622950819672},"metadata":{"satisfaction_count":1045,"comprehension_count":984,"contact_count":70,"contactReachability_count":71,"contactSatisfaction_count":51,"autonomy_count":976}}
