{"data":{"satisfaction":9.442307692307692,"comprehension":9.188364524003255,"contact":6.785714285714286,"contact_reachability":0.7959183673469388,"contact_satisfaction":8.525641025641026,"autonomy":8.78887070376432},"metadata":{"satisfaction_count":1300,"comprehension_count":1229,"contact_count":49,"contactReachability_count":49,"contactSatisfaction_count":39,"autonomy_count":1222}}
