{"data":{"satisfaction":9.356178608515057,"comprehension":9.494080651128376,"contact":4.392857142857143,"contact_reachability":5.7142857142857135,"contact_satisfaction":7.6875,"autonomy":8.641975308641975},"metadata":{"satisfaction_count":2889,"comprehension_count":2703,"contact_count":70,"autonomy_count":1134}}
