{"data":{"satisfaction":9.30327868852459,"comprehension":9.088937093275488,"contact":5.757575757575758,"contact_reachability":0.7164179104477612,"contact_satisfaction":8.085106382978724,"autonomy":8.45054945054945},"metadata":{"satisfaction_count":976,"comprehension_count":922,"contact_count":66,"contactReachability_count":67,"contactSatisfaction_count":47,"autonomy_count":910}}
