{"data":{"satisfaction":9.31095406360424,"comprehension":9.201759899434318,"contact":4.740853658536586,"contact_reachability":0.6280487804878049,"contact_satisfaction":7.548543689320389,"autonomy":8.566221142162819},"metadata":{"satisfaction_count":3396,"comprehension_count":3182,"contact_count":164,"contactReachability_count":164,"contactSatisfaction_count":103,"autonomy_count":2469}}
