{"data":{"satisfaction":9.274285714285714,"comprehension":9.195678271308523,"contact":3.520408163265306,"contact_reachability":5.306122448979592,"contact_satisfaction":6.634615384615385,"autonomy":8.706166868198308},"metadata":{"satisfaction_count":875,"comprehension_count":833,"contact_count":49,"autonomy_count":827}}
