{"data":{"satisfaction":9.206094627105053,"comprehension":9.091862416107382,"contact":6.708333333333333,"contact_reachability":0.819672131147541,"contact_satisfaction":8.214285714285714,"autonomy":8.594548551959114},"metadata":{"satisfaction_count":1247,"comprehension_count":1192,"contact_count":60,"contactReachability_count":61,"contactSatisfaction_count":49,"autonomy_count":1174}}
