{"data":{"satisfaction":9.341359773371105,"comprehension":8.974960876369327,"contact":4.226190476190476,"contact_reachability":0.6190476190476191,"contact_satisfaction":6.826923076923077,"autonomy":8.592814371257486},"metadata":{"satisfaction_count":706,"comprehension_count":639,"contact_count":42,"contactReachability_count":42,"contactSatisfaction_count":26,"autonomy_count":668}}
