{"data":{"satisfaction":9.382554720679517,"comprehension":9.58610430521526,"contact":4.7727272727272725,"contact_reachability":6.0606060606060606,"contact_satisfaction":7.875,"autonomy":8.754266211604095},"metadata":{"satisfaction_count":3061,"comprehension_count":2857,"contact_count":33,"autonomy_count":586}}
