{"data":{"satisfaction":9.444869831546708,"comprehension":9.173419773095624,"contact":6.826923076923077,"contact_reachability":0.8076923076923077,"contact_satisfaction":8.452380952380953,"autonomy":8.743882544861338},"metadata":{"satisfaction_count":1306,"comprehension_count":1234,"contact_count":52,"contactReachability_count":52,"contactSatisfaction_count":42,"autonomy_count":1226}}
