{"data":{"satisfaction":9.288480154888674,"comprehension":9.010791366906474,"contact":5.615942028985507,"contact_reachability":0.6956521739130435,"contact_satisfaction":8.072916666666666,"autonomy":8.467908902691512},"metadata":{"satisfaction_count":1033,"comprehension_count":973,"contact_count":69,"contactReachability_count":69,"contactSatisfaction_count":48,"autonomy_count":966}}
