{"data":{"satisfaction":9.363577023498694,"comprehension":9.471473573678685,"contact":4.512987012987013,"contact_reachability":5.844155844155844,"contact_satisfaction":7.722222222222222,"autonomy":8.660508083140877},"metadata":{"satisfaction_count":3064,"comprehension_count":2857,"contact_count":77,"autonomy_count":1299}}
