{"data":{"satisfaction":9.35564053537285,"comprehension":9.507560277891296,"contact":4.642857142857143,"contact_reachability":6.071428571428571,"contact_satisfaction":7.647058823529412,"autonomy":8.633257403189067},"metadata":{"satisfaction_count":2615,"comprehension_count":2447,"contact_count":56,"autonomy_count":878}}
