{"data":{"satisfaction":9.350619550252409,"comprehension":9.14993954050786,"contact":6.313775510204081,"contact_reachability":0.7843137254901961,"contact_satisfaction":8.141447368421053,"autonomy":8.678371128992929},"metadata":{"satisfaction_count":4358,"comprehension_count":4135,"contact_count":196,"contactReachability_count":204,"contactSatisfaction_count":152,"autonomy_count":4101}}
