{"data":{"satisfaction":9.313242538394668,"comprehension":9.087692307692308,"contact":5.107655502392345,"contact_reachability":0.6588785046728972,"contact_satisfaction":7.849264705882353,"autonomy":8.58253030774013},"metadata":{"satisfaction_count":3451,"comprehension_count":3250,"contact_count":209,"contactReachability_count":214,"contactSatisfaction_count":136,"autonomy_count":3217}}
