{"data":{"satisfaction":9.278794402583424,"comprehension":8.874560375146542,"contact":4.879032258064516,"contact_reachability":0.6451612903225806,"contact_satisfaction":7.5625,"autonomy":8.395904436860068},"metadata":{"satisfaction_count":929,"comprehension_count":853,"contact_count":62,"contactReachability_count":62,"contactSatisfaction_count":40,"autonomy_count":879}}
