{"data":{"satisfaction":9.360902255639099,"comprehension":9.1375,"contact":6.0576923076923075,"contact_reachability":0.756198347107438,"contact_satisfaction":8.1,"autonomy":8.701358507943818},"metadata":{"satisfaction_count":4655,"comprehension_count":4400,"contact_count":234,"contactReachability_count":242,"contactSatisfaction_count":175,"autonomy_count":4343}}
