{"data":{"satisfaction":9.31055900621118,"comprehension":9.086030383091149,"contact":5.024390243902439,"contact_reachability":0.6473429951690821,"contact_satisfaction":7.803030303030303,"autonomy":8.545272969374167},"metadata":{"satisfaction_count":3220,"comprehension_count":3028,"contact_count":205,"contactReachability_count":207,"contactSatisfaction_count":132,"autonomy_count":3004}}
