{"data":{"satisfaction":5.54054054054054,"comprehension":6.037735849056604,"contact":5,"contact_reachability":0.7777777777777778,"contact_satisfaction":6.428571428571429,"autonomy":5.7407407407407405},"metadata":{"satisfaction_count":74,"comprehension_count":53,"contact_count":9,"contactReachability_count":9,"contactSatisfaction_count":7,"autonomy_count":54}}
