{"data":{"satisfaction":5.462962962962963,"comprehension":5.965909090909091,"contact":3.6538461538461537,"contact_reachability":0.6153846153846154,"contact_satisfaction":5.9375,"autonomy":3.902439024390244},"metadata":{"satisfaction_count":54,"comprehension_count":44,"contact_count":13,"contactReachability_count":13,"contactSatisfaction_count":8,"autonomy_count":41}}
