{"data":{"satisfaction":6.374622356495468,"comprehension":7.470817120622568,"contact":4.054054054054054,"contact_reachability":0.7027027027027027,"contact_satisfaction":5.769230769230769,"autonomy":5.0359712230215825},"metadata":{"satisfaction_count":331,"comprehension_count":257,"contact_count":37,"contactReachability_count":37,"contactSatisfaction_count":26,"autonomy_count":139}}
