{"data":{"satisfaction":6.461538461538462,"comprehension":6.666666666666667,"contact":2.5,"contact_reachability":6.875,"contact_satisfaction":3.6363636363636362,"autonomy":4.545454545454546},"metadata":{"satisfaction_count":65,"comprehension_count":60,"contact_count":16,"autonomy_count":55}}
