{"data":{"satisfaction":6.283783783783784,"comprehension":6.1440677966101696,"contact":4.523809523809524,"contact_reachability":0.7142857142857143,"contact_satisfaction":6.333333333333333,"autonomy":4.7368421052631575},"metadata":{"satisfaction_count":74,"comprehension_count":59,"contact_count":21,"contactReachability_count":21,"contactSatisfaction_count":15,"autonomy_count":57}}
