{"data":{"satisfaction":6.455696202531645,"comprehension":6.492537313432836,"contact":4.021739130434782,"contact_reachability":0.6956521739130435,"contact_satisfaction":5.78125,"autonomy":4.615384615384615},"metadata":{"satisfaction_count":79,"comprehension_count":67,"contact_count":23,"contactReachability_count":23,"contactSatisfaction_count":16,"autonomy_count":65}}
