{"data":{"satisfaction":6.485148514851486,"comprehension":6.537698412698413,"contact":5.74468085106383,"contact_reachability":0.8163265306122449,"contact_satisfaction":7.105263157894737,"autonomy":5.346938775510204},"metadata":{"satisfaction_count":303,"comprehension_count":252,"contact_count":47,"contactReachability_count":49,"contactSatisfaction_count":38,"autonomy_count":245}}
