{"data":{"satisfaction":6.428571428571429,"comprehension":7.868421052631579,"contact":1.875,"contact_reachability":5.833333333333334,"contact_satisfaction":3.2142857142857144,"autonomy":4.769230769230769},"metadata":{"satisfaction_count":245,"comprehension_count":190,"contact_count":12,"autonomy_count":65}}
