{"data":{"satisfaction":6.420911528150134,"comprehension":7.406462585034014,"contact":4.078947368421052,"contact_reachability":0.7105263157894737,"contact_satisfaction":5.7407407407407405,"autonomy":5.340909090909091},"metadata":{"satisfaction_count":373,"comprehension_count":294,"contact_count":38,"contactReachability_count":38,"contactSatisfaction_count":27,"autonomy_count":176}}
