{"data":{"satisfaction":6.594202898550725,"comprehension":6.785714285714286,"contact":2.5,"contact_reachability":6.875,"contact_satisfaction":3.6363636363636362,"autonomy":4.310344827586207},"metadata":{"satisfaction_count":69,"comprehension_count":63,"contact_count":16,"autonomy_count":58}}
