{"data":{"satisfaction":6.103896103896104,"comprehension":5.7727272727272725,"contact":5.138888888888889,"contact_reachability":0.7222222222222222,"contact_satisfaction":7.115384615384615,"autonomy":5.087719298245614},"metadata":{"satisfaction_count":77,"comprehension_count":55,"contact_count":18,"contactReachability_count":18,"contactSatisfaction_count":13,"autonomy_count":57}}
