{"data":{"satisfaction":6.551724137931035,"comprehension":8.355263157894736,"contact":2.5,"autonomy":4.838709677419355},"metadata":{"satisfaction_count":203,"comprehension_count":152,"contact_count":5,"autonomy_count":31}}
