{"data":{"satisfaction":6.486486486486487,"comprehension":7.916666666666667,"contact":3.026315789473684,"contact_reachability":6.842105263157895,"contact_satisfaction":4.423076923076923,"autonomy":4.675324675324675},"metadata":{"satisfaction_count":259,"comprehension_count":204,"contact_count":19,"autonomy_count":77}}
