{"data":{"satisfaction":6.467741935483871,"comprehension":7.6037344398340245,"contact":3.6206896551724137,"contact_reachability":0.6551724137931034,"contact_satisfaction":5.526315789473684,"autonomy":5},"metadata":{"satisfaction_count":310,"comprehension_count":241,"contact_count":29,"contactReachability_count":29,"contactSatisfaction_count":19,"autonomy_count":114}}
