{"data":{"satisfaction":6.733333333333333,"comprehension":6.598039215686274,"contact":4.846938775510204,"contact_reachability":0.7450980392156863,"contact_satisfaction":6.597222222222222,"autonomy":4.959016393442623},"metadata":{"satisfaction_count":300,"comprehension_count":255,"contact_count":49,"contactReachability_count":51,"contactSatisfaction_count":36,"autonomy_count":244}}
