{"data":{"satisfaction":6.767676767676767,"comprehension":6.666666666666667,"contact":4.846938775510204,"contact_reachability":0.7450980392156863,"contact_satisfaction":6.597222222222222,"autonomy":5.020746887966805},"metadata":{"satisfaction_count":297,"comprehension_count":252,"contact_count":49,"contactReachability_count":51,"contactSatisfaction_count":36,"autonomy_count":241}}
