{"data":{"satisfaction":6.169796557120501,"comprehension":5.822301425661914,"contact":3.8043478260869565,"contact_reachability":0.6464646464646465,"contact_satisfaction":6.140350877192983,"autonomy":5.303030303030303},"metadata":{"satisfaction_count":1278,"comprehension_count":982,"contact_count":184,"contactReachability_count":198,"contactSatisfaction_count":114,"autonomy_count":924}}
