{"data":{"satisfaction":6.349302607640994,"comprehension":6.219811320754717,"contact":3.8997695852534564,"contact_reachability":0.6224719101123596,"contact_satisfaction":6.362781954887218,"autonomy":5.631578947368421},"metadata":{"satisfaction_count":3298,"comprehension_count":2650,"contact_count":434,"contactReachability_count":445,"contactSatisfaction_count":266,"autonomy_count":2470}}
