{"data":{"satisfaction":5.25213896810993,"comprehension":7.658717624763108,"contact":3.079710144927536,"autonomy":4.695767195767195},"metadata":{"satisfaction_count":15428,"comprehension_count":9498,"contact_count":207,"autonomy_count":756}}
