{"data":{"satisfaction":6.197761194029851,"comprehension":5.873552123552123,"contact":4.002525252525253,"contact_reachability":0.660377358490566,"contact_satisfaction":6.2896825396825395,"autonomy":5.287474332648871},"metadata":{"satisfaction_count":1340,"comprehension_count":1036,"contact_count":198,"contactReachability_count":212,"contactSatisfaction_count":126,"autonomy_count":974}}
