{"data":{"satisfaction":5.2507589172780165,"comprehension":7.584344103557232,"contact":2.9982817869415808,"contact_reachability":6.054421768707483,"contact_satisfaction":4.985714285714286,"autonomy":4.539282250242483},"metadata":{"satisfaction_count":15812,"comprehension_count":9811,"contact_count":291,"autonomy_count":1031}}
