{"data":{"satisfaction":6.336132020845397,"comprehension":6.208513708513708,"contact":3.8316831683168315,"contact_reachability":0.6170212765957447,"contact_satisfaction":6.302931596091205,"autonomy":5.464354527938343},"metadata":{"satisfaction_count":3454,"comprehension_count":2772,"contact_count":505,"contactReachability_count":517,"contactSatisfaction_count":307,"autonomy_count":2595}}
