{"data":{"satisfaction":5.460725416685487,"comprehension":6.542781465835177,"contact":2.566171723692705,"contact_reachability":0.4946507237256136,"contact_satisfaction":5.328418230563003,"autonomy":5.189445196211096},"metadata":{"satisfaction_count":22139,"comprehension_count":14913,"contact_count":1549,"contactReachability_count":1589,"contactSatisfaction_count":746,"autonomy_count":7390}}
