{"data":{"satisfaction":5.866332031976204,"comprehension":5.43010752688172,"contact":3.0722070844686646,"contact_reachability":0.5647058823529412,"contact_satisfaction":5.623441396508728,"autonomy":5.3454163383241395},"metadata":{"satisfaction_count":5379,"comprehension_count":3999,"contact_count":734,"contactReachability_count":765,"contactSatisfaction_count":401,"autonomy_count":3807}}
