{"data":{"satisfaction":5.869246286447827,"comprehension":5.428800592300099,"contact":3.0525606469002695,"contact_reachability":0.5601552393272963,"contact_satisfaction":5.634328358208955,"autonomy":5.3566796368352785},"metadata":{"satisfaction_count":5453,"comprehension_count":4052,"contact_count":742,"contactReachability_count":773,"contactSatisfaction_count":402,"autonomy_count":3855}}
