{"data":{"satisfaction":5.834662413609782,"comprehension":5.433309557774607,"contact":3.2454545454545456,"contact_reachability":0.6062717770034843,"contact_satisfaction":5.5092592592592595,"autonomy":5.194412986032465},"metadata":{"satisfaction_count":3762,"comprehension_count":2804,"contact_count":550,"contactReachability_count":574,"contactSatisfaction_count":324,"autonomy_count":2649}}
