{"data":{"satisfaction":6.094032549728753,"comprehension":5.71933962264151,"contact":3.933333333333333,"contact_reachability":0.656441717791411,"contact_satisfaction":6.276595744680851,"autonomy":5.306633291614518},"metadata":{"satisfaction_count":1106,"comprehension_count":848,"contact_count":150,"contactReachability_count":163,"contactSatisfaction_count":94,"autonomy_count":799}}
