{"data":{"satisfaction":5.249495967741935,"comprehension":7.569458527682012,"contact":3.0509868421052633,"contact_reachability":6.091205211726384,"contact_satisfaction":5.040760869565218,"autonomy":4.531104921077066},"metadata":{"satisfaction_count":15872,"comprehension_count":9862,"contact_count":304,"autonomy_count":1077}}
