{"data":{"satisfaction":5.273315251408304,"comprehension":7.348484848484849,"contact":2.8925619834710745,"contact_reachability":5.906313645621182,"contact_satisfaction":4.946996466431095,"autonomy":4.84139365574623},"metadata":{"satisfaction_count":14379,"comprehension_count":9141,"contact_count":484,"autonomy_count":1923}}
