{"data":{"satisfaction":6.288062516841822,"comprehension":6.09586691819585,"contact":3.8043478260869565,"contact_reachability":0.6271331058020477,"contact_satisfaction":6.213768115942029,"autonomy":5.274665702927358},"metadata":{"satisfaction_count":7422,"comprehension_count":5831,"contact_count":1127,"contactReachability_count":1172,"contactSatisfaction_count":690,"autonomy_count":5534}}
