{"data":{"satisfaction":5.8,"comprehension":5.279387417218543,"contact":2.411738746690203,"contact_reachability":0.45384615384615384,"contact_satisfaction":5.531376518218623,"autonomy":5.277390090718772},"metadata":{"satisfaction_count":8100,"comprehension_count":6040,"contact_count":1133,"contactReachability_count":1170,"contactSatisfaction_count":494,"autonomy_count":5732}}
