{"data":{"satisfaction":6.25916870415648,"comprehension":6.023294509151414,"contact":3.9685314685314683,"contact_reachability":0.6733333333333333,"contact_satisfaction":6.037234042553192,"autonomy":4.750430292598967},"metadata":{"satisfaction_count":818,"comprehension_count":601,"contact_count":143,"contactReachability_count":150,"contactSatisfaction_count":94,"autonomy_count":581}}
