{"data":{"satisfaction":6.091127098321343,"comprehension":6.001585623678647,"contact":3.9655172413793105,"contact_reachability":0.6933962264150944,"contact_satisfaction":5.833333333333333,"autonomy":4.9449339207048455},"metadata":{"satisfaction_count":1251,"comprehension_count":946,"contact_count":203,"contactReachability_count":212,"contactSatisfaction_count":138,"autonomy_count":908}}
