{"data":{"satisfaction":6.274861878453039,"comprehension":6.077965505103837,"contact":3.783287419651056,"contact_reachability":0.6275375110326566,"contact_satisfaction":6.176911544227886,"autonomy":5.315985130111524},"metadata":{"satisfaction_count":7240,"comprehension_count":5682,"contact_count":1089,"contactReachability_count":1133,"contactSatisfaction_count":667,"autonomy_count":5380}}
