{"data":{"satisfaction":5.527141852032257,"comprehension":6.195473089596736,"contact":2.612704918032787,"contact_reachability":0.5031339031339032,"contact_satisfaction":5.337918660287081,"autonomy":5.154729223858248},"metadata":{"satisfaction_count":18477,"comprehension_count":12746,"contact_count":1708,"contactReachability_count":1755,"contactSatisfaction_count":836,"autonomy_count":8014}}
