{"data":{"satisfaction":5.803181934821658,"comprehension":5.263407484048974,"contact":2.4139534883720932,"contact_reachability":0.4526600541027953,"contact_satisfaction":5.544871794871795,"autonomy":5.281102647805586},"metadata":{"satisfaction_count":7794,"comprehension_count":5799,"contact_count":1075,"contactReachability_count":1109,"contactSatisfaction_count":468,"autonomy_count":5514}}
