{"data":{"satisfaction":6.275111607142857,"comprehension":6.073524182076814,"contact":3.7906976744186047,"contact_reachability":0.6255585344057194,"contact_satisfaction":6.211890243902439,"autonomy":5.330702743329575},"metadata":{"satisfaction_count":7168,"comprehension_count":5624,"contact_count":1075,"contactReachability_count":1119,"contactSatisfaction_count":656,"autonomy_count":5322}}
