{"data":{"satisfaction":6.330749354005168,"comprehension":6.197283774124375,"contact":3.909465020576132,"contact_reachability":0.6124497991967871,"contact_satisfaction":6.484641638225256,"autonomy":5.51301684532925},"metadata":{"satisfaction_count":3483,"comprehension_count":2798,"contact_count":486,"contactReachability_count":498,"contactSatisfaction_count":293,"autonomy_count":2612}}
