{"data":{"satisfaction":5.858248329229687,"comprehension":5.307552248258391,"contact":2.4979406919275124,"contact_reachability":0.4676258992805755,"contact_satisfaction":5.533759124087592,"autonomy":5.210639352387246},"metadata":{"satisfaction_count":8529,"comprehension_count":6316,"contact_count":1214,"contactReachability_count":1251,"contactSatisfaction_count":548,"autonomy_count":6053}}
