{"data":{"satisfaction":5.765533813937521,"comprehension":5.311208084519982,"contact":2.435416666666667,"contact_reachability":0.46079223928860147,"contact_satisfaction":5.483114446529081,"autonomy":5.309562398703403},"metadata":{"satisfaction_count":8739,"comprehension_count":6531,"contact_count":1200,"contactReachability_count":1237,"contactSatisfaction_count":533,"autonomy_count":6170}}
