{"data":{"satisfaction":5.7619816908993,"comprehension":5.418958842705787,"contact":2.8198433420365534,"contact_reachability":0.5226480836236934,"contact_satisfaction":5.648535564853557,"autonomy":5.146866840731071},"metadata":{"satisfaction_count":12999,"comprehension_count":9816,"contact_count":1915,"contactReachability_count":2009,"contactSatisfaction_count":956,"autonomy_count":9192}}
