{"data":{"satisfaction":6.221221221221221,"comprehension":5.848275862068966,"contact":3.901734104046243,"contact_reachability":0.6648351648351648,"contact_satisfaction":6.026785714285714,"autonomy":4.6958981612446955},"metadata":{"satisfaction_count":999,"comprehension_count":725,"contact_count":173,"contactReachability_count":182,"contactSatisfaction_count":112,"autonomy_count":707}}
