{"data":{"satisfaction":5.663043478260869,"comprehension":5.447067238912733,"contact":3.122119815668203,"contact_reachability":5.973154362416108,"contact_satisfaction":5.334645669291339,"autonomy":5.112704918032787},"metadata":{"satisfaction_count":2760,"comprehension_count":2097,"contact_count":434,"autonomy_count":1952}}
