{"data":{"satisfaction":5.250016213762241,"comprehension":7.6577644332069115,"contact":3.0825242718446604,"autonomy":4.713715046604527},"metadata":{"satisfaction_count":15419,"comprehension_count":9492,"contact_count":206,"autonomy_count":751}}
