{"data":{"satisfaction":6.2516469038208164,"comprehension":6.276083467094703,"contact":3.4393939393939394,"contact_reachability":0.631578947368421,"contact_satisfaction":5.563725490196078,"autonomy":4.312393887945671},"metadata":{"satisfaction_count":759,"comprehension_count":623,"contact_count":165,"contactReachability_count":171,"contactSatisfaction_count":102,"autonomy_count":589}}
