{"data":{"satisfaction":6.270214642752132,"comprehension":6.064388961892247,"contact":3.776541961577351,"contact_reachability":0.6271844660194175,"contact_satisfaction":6.1735537190082646,"autonomy":5.376066679896805},"metadata":{"satisfaction_count":6802,"comprehension_count":5327,"contact_count":989,"contactReachability_count":1030,"contactSatisfaction_count":605,"autonomy_count":5039}}
