{"data":{"satisfaction":5.430844012372956,"comprehension":5.42995444191344,"contact":2.9918032786885247,"contact_reachability":5.9523809523809526,"contact_satisfaction":5.140845070422535,"autonomy":4.975186104218363},"metadata":{"satisfaction_count":2263,"comprehension_count":1756,"contact_count":366,"autonomy_count":1612}}
