{"data":{"satisfaction":5.257410296411856,"comprehension":7.672532234199958,"contact":3.210526315789474,"autonomy":4.827109266943292},"metadata":{"satisfaction_count":15384,"comprehension_count":9462,"contact_count":190,"autonomy_count":723}}
