{"data":{"satisfaction":5.2493244112726805,"comprehension":7.633909962484369,"contact":3.0165289256198347,"contact_reachability":5.9016393442622945,"contact_satisfaction":5.140845070422535,"autonomy":4.549763033175355},"metadata":{"satisfaction_count":15542,"comprehension_count":9596,"contact_count":242,"autonomy_count":844}}
