{"data":{"satisfaction":6.102175969725638,"comprehension":5.746913580246914,"contact":4.090909090909091,"contact_reachability":0.6730769230769231,"contact_satisfaction":6.358695652173913,"autonomy":5.281782437745741},"metadata":{"satisfaction_count":1057,"comprehension_count":810,"contact_count":143,"contactReachability_count":156,"contactSatisfaction_count":92,"autonomy_count":763}}
