{"data":{"satisfaction":5.285578296049501,"comprehension":7.300894378194208,"contact":2.9981203007518795,"contact_reachability":5.974264705882353,"contact_satisfaction":5.095846645367412,"autonomy":4.846654275092937},"metadata":{"satisfaction_count":14707,"comprehension_count":9392,"contact_count":532,"autonomy_count":2152}}
