{"data":{"satisfaction":6.123949579831932,"comprehension":6.0852713178294575,"contact":3.5730593607305936,"contact_reachability":0.6238938053097345,"contact_satisfaction":5.83955223880597,"autonomy":4.2506811989100814},"metadata":{"satisfaction_count":952,"comprehension_count":774,"contact_count":219,"contactReachability_count":226,"contactSatisfaction_count":134,"autonomy_count":734}}
