{"data":{"satisfaction":6.335697399527187,"comprehension":6.202717590892398,"contact":3.8973799126637556,"contact_reachability":0.6204690831556503,"contact_satisfaction":6.375,"autonomy":5.604568727845608},"metadata":{"satisfaction_count":3384,"comprehension_count":2723,"contact_count":458,"contactReachability_count":469,"contactSatisfaction_count":280,"autonomy_count":2539}}
