{"data":{"satisfaction":6.319965377957299,"comprehension":6.181703810208483,"contact":3.9233954451345756,"contact_reachability":0.6161616161616161,"contact_satisfaction":6.467576791808874,"autonomy":5.541425818882466},"metadata":{"satisfaction_count":3466,"comprehension_count":2782,"contact_count":483,"contactReachability_count":495,"contactSatisfaction_count":293,"autonomy_count":2595}}
