{"data":{"satisfaction":6.18933969769292,"comprehension":5.821243523316062,"contact":3.8342696629213484,"contact_reachability":0.640625,"contact_satisfaction":6.261467889908257,"autonomy":5.2967032967032965},"metadata":{"satisfaction_count":1257,"comprehension_count":965,"contact_count":178,"contactReachability_count":192,"contactSatisfaction_count":109,"autonomy_count":910}}
