{"data":{"satisfaction":5.724537787868959,"comprehension":5.396321789632179,"contact":2.728494623655914,"contact_reachability":0.5201044386422976,"contact_satisfaction":5.393198724760893,"autonomy":5.1362538806485},"metadata":{"satisfaction_count":12332,"comprehension_count":9298,"contact_count":1860,"contactReachability_count":1915,"contactSatisfaction_count":941,"autonomy_count":8697}}
