{"data":{"satisfaction":9.256444150693985,"comprehension":8.814655172413794,"contact":6.5495207667731625,"contact_reachability":0.8422712933753943,"contact_satisfaction":7.79467680608365,"autonomy":6.443661971830986},"metadata":{"satisfaction_count":1513,"comprehension_count":1160,"contact_count":313,"contactReachability_count":317,"contactSatisfaction_count":263,"autonomy_count":1136}}
