{"data":{"satisfaction":9.156594850236468,"comprehension":8.412698412698413,"contact":6.302816901408451,"contact_reachability":0.8023255813953488,"contact_satisfaction":7.873900293255132,"autonomy":6.405325443786983},"metadata":{"satisfaction_count":1903,"comprehension_count":1260,"contact_count":426,"contactReachability_count":430,"contactSatisfaction_count":341,"autonomy_count":1352}}
