{"data":{"satisfaction":9.154266211604096,"comprehension":8.775113122171947,"contact":6.180154142581888,"contact_reachability":0.7740112994350282,"contact_satisfaction":8.038847117794486,"autonomy":6.54018691588785},"metadata":{"satisfaction_count":7325,"comprehension_count":5525,"contact_count":1557,"contactReachability_count":1593,"contactSatisfaction_count":1197,"autonomy_count":5350}}
