{"data":{"satisfaction":9.103564923237055,"comprehension":9.510082730093071,"contact":6.228813559322034,"contact_reachability":7.800829875518672,"contact_satisfaction":8.032786885245901,"autonomy":6.68997668997669},"metadata":{"satisfaction_count":7686,"comprehension_count":5802,"contact_count":236,"autonomy_count":858}}
