{"data":{"satisfaction":9.177489177489177,"comprehension":8.844566712517194,"contact":6.265432098765432,"contact_reachability":0.8150851581508516,"contact_satisfaction":7.712765957446808,"autonomy":6.390870185449358},"metadata":{"satisfaction_count":1848,"comprehension_count":1454,"contact_count":405,"contactReachability_count":411,"contactSatisfaction_count":329,"autonomy_count":1402}}
