{
  "data": {
    "satisfaction": 9.113297055950886,
    "comprehension": 9.566889012414304,
    "contact": 6.496212121212121,
    "autonomy": 6.694214876033058
  },
  "metadata": {
    "satisfaction_count": 7167,
    "comprehension_count": 5397,
    "contact_count": 132,
    "autonomy_count": 484
  }
}
