{"data":{"satisfaction":9.088191330343797,"comprehension":8.777533039647578,"contact":6.142241379310345,"contact_reachability":0.7750325097529259,"contact_satisfaction":7.971170395869191,"autonomy":6.397219463753724},"metadata":{"satisfaction_count":6690,"comprehension_count":5221,"contact_count":1508,"contactReachability_count":1538,"contactSatisfaction_count":1162,"autonomy_count":5035}}
