{"data":{"satisfaction":9.168443496801705,"comprehension":8.484598459845985,"contact":6.2745098039215685,"contact_reachability":0.7915309446254072,"contact_satisfaction":7.933884297520661,"autonomy":6.565349544072948},"metadata":{"satisfaction_count":1407,"comprehension_count":909,"contact_count":306,"contactReachability_count":307,"contactSatisfaction_count":242,"autonomy_count":987}}
