{"data":{"satisfaction":9.002129169623847,"comprehension":8.772229207831867,"contact":5.962848297213622,"contact_reachability":0.7534996956786366,"contact_satisfaction":7.958677685950414,"autonomy":6.357291077155254},"metadata":{"satisfaction_count":7045,"comprehension_count":5567,"contact_count":1615,"contactReachability_count":1643,"contactSatisfaction_count":1210,"autonomy_count":5301}}
