{"data":{"satisfaction":9.138388905281793,"comprehension":9.377645248172374,"contact":5.899209486166008,"contact_reachability":7.392996108949417,"contact_satisfaction":8.024193548387096,"autonomy":6.615214994487321},"metadata":{"satisfaction_count":6778,"comprehension_count":5198,"contact_count":506,"autonomy_count":1814}}
