{"data":{"satisfaction":9.103975139194613,"comprehension":9.508316186556927,"contact":6.080246913580247,"contact_reachability":7.620967741935484,"contact_satisfaction":8.029891304347826,"autonomy":6.741826381059752},"metadata":{"satisfaction_count":7723,"comprehension_count":5832,"contact_count":243,"autonomy_count":887}}
