{"data":{"satisfaction":9.18780356179169,"comprehension":8.777695716395865,"contact":5.817191283292979,"contact_reachability":7.410071942446042,"contact_satisfaction":7.877049180327869,"autonomy":6.52046783625731},"metadata":{"satisfaction_count":1853,"comprehension_count":1354,"contact_count":413,"autonomy_count":1368}}
