{"data":{"satisfaction":9.109322602280349,"comprehension":9.531750266808965,"contact":6.360103626943006,"autonomy":6.618497109826589},"metadata":{"satisfaction_count":7455,"comprehension_count":5622,"contact_count":193,"autonomy_count":692}}
