{"data":{"satisfaction":9.13948023223666,"comprehension":8.743347403193246,"contact":6.186994399502178,"contact_reachability":0.782262996941896,"contact_satisfaction":7.947641886490807,"autonomy":6.395929694727105},"metadata":{"satisfaction_count":7234,"comprehension_count":5449,"contact_count":1607,"contactReachability_count":1635,"contactSatisfaction_count":1251,"autonomy_count":5405}}
