{
  "data": {
    "satisfaction": 9.107598525659201,
    "comprehension": 9.570378745053702,
    "contact": 6.5131578947368425,
    "autonomy": 6.6084788029925186
  },
  "metadata": {
    "satisfaction_count": 7054,
    "comprehension_count": 5307,
    "contact_count": 114,
    "autonomy_count": 401
  }
}
