{"data":{"satisfaction":9.199561403508772,"comprehension":8.871249127704118,"contact":6.398963730569948,"contact_reachability":0.8290816326530612,"contact_satisfaction":7.74294670846395,"autonomy":6.420289855072464},"metadata":{"satisfaction_count":1824,"comprehension_count":1433,"contact_count":386,"contactReachability_count":392,"contactSatisfaction_count":319,"autonomy_count":1380}}
