{"data":{"satisfaction":9.18126368470441,"comprehension":8.768351510067115,"contact":6.21274217585693,"contact_reachability":0.7825454545454545,"contact_satisfaction":7.993767976989454,"autonomy":6.5038560411311055},"metadata":{"satisfaction_count":6394,"comprehension_count":4768,"contact_count":1342,"contactReachability_count":1375,"contactSatisfaction_count":1043,"autonomy_count":4668}}
