{"data":{"satisfaction":9.192317811102342,"comprehension":9.01105216622458,"contact":6.188053097345133,"contact_reachability":0.7844677137870855,"contact_satisfaction":7.919026047565119,"autonomy":6.496607187735612},"metadata":{"satisfaction_count":7602,"comprehension_count":5655,"contact_count":1130,"contactReachability_count":1146,"contactSatisfaction_count":883,"autonomy_count":3979}}
