{"data":{"satisfaction":9.110013925813394,"comprehension":9.497068676716918,"contact":6.3784246575342465,"contact_reachability":7.885906040268456,"contact_satisfaction":8.133187772925764,"autonomy":6.705882352941177},"metadata":{"satisfaction_count":7899,"comprehension_count":5970,"contact_count":292,"autonomy_count":1020}}
