{"data":{"satisfaction":9.000850340136054,"comprehension":8.771520803443329,"contact":5.959158415841584,"contact_reachability":0.7530413625304136,"contact_satisfaction":7.958677685950414,"autonomy":6.357640851705295},"metadata":{"satisfaction_count":7056,"comprehension_count":5576,"contact_count":1616,"contactReachability_count":1644,"contactSatisfaction_count":1210,"autonomy_count":5307}}
