{"data":{"satisfaction":9.065573770491802,"comprehension":8.76493856253156,"contact":6.108657243816254,"contact_reachability":0.7724654377880185,"contact_satisfaction":7.960475825019187,"autonomy":6.341717259323504},"metadata":{"satisfaction_count":7625,"comprehension_count":5941,"contact_count":1698,"contactReachability_count":1736,"contactSatisfaction_count":1303,"autonomy_count":5765}}
