{"data":{"satisfaction":9.190778174131324,"comprehension":9.012340198863637,"contact":6.1641391614629795,"contact_reachability":0.7827616534740546,"contact_satisfaction":7.906178489702517,"autonomy":6.490651844365841},"metadata":{"satisfaction_count":7569,"comprehension_count":5632,"contact_count":1121,"contactReachability_count":1137,"contactSatisfaction_count":874,"autonomy_count":3958}}
