{"data":{"satisfaction":9.16305525460455,"comprehension":8.928571428571429,"contact":5.684840425531915,"contact_reachability":7.127937336814622,"contact_satisfaction":8.035714285714286,"autonomy":6.671565025716385},"metadata":{"satisfaction_count":1846,"comprehension_count":1421,"contact_count":376,"autonomy_count":1361}}
