{"data":{"satisfaction":9.222898230088495,"comprehension":8.728844738778514,"contact":6.469072164948454,"contact_reachability":0.8329113924050633,"contact_satisfaction":7.795031055900621,"autonomy":6.407407407407407},"metadata":{"satisfaction_count":1808,"comprehension_count":1359,"contact_count":388,"contactReachability_count":395,"contactSatisfaction_count":322,"autonomy_count":1350}}
