{"data":{"satisfaction":8.921615201900238,"comprehension":8.731992797118847,"contact":5.898109243697479,"contact_reachability":0.7505112474437627,"contact_satisfaction":7.9307909604519775,"autonomy":6.2864385297845375},"metadata":{"satisfaction_count":2105,"comprehension_count":1666,"contact_count":476,"contactReachability_count":489,"contactSatisfaction_count":354,"autonomy_count":1578}}
