{"data":{"satisfaction":9.136552132701421,"comprehension":9.378138277327153,"contact":5.871743486973948,"contact_reachability":7.376725838264299,"contact_satisfaction":8.005464480874316,"autonomy":6.614612381483547},"metadata":{"satisfaction_count":6752,"comprehension_count":5178,"contact_count":499,"autonomy_count":1793}}
