{"data":{"satisfaction":9.164101846670397,"comprehension":8.781633792333457,"contact":6.194278110445775,"contact_reachability":0.7769830949284785,"contact_satisfaction":8.025862068965518,"autonomy":6.524156441717792},"metadata":{"satisfaction_count":7148,"comprehension_count":5374,"contact_count":1503,"contactReachability_count":1538,"contactSatisfaction_count":1160,"autonomy_count":5216}}
