{"data":{"satisfaction":9.170201484623542,"comprehension":8.734224201930216,"contact":5.698795180722891,"contact_reachability":0.7296650717703349,"contact_satisfaction":7.83112582781457,"autonomy":6.521739130434782},"metadata":{"satisfaction_count":1886,"comprehension_count":1347,"contact_count":415,"contactReachability_count":418,"contactSatisfaction_count":302,"autonomy_count":1380}}
