{"data":{"satisfaction":9.195402298850574,"comprehension":9.014566514566514,"contact":6.192441355343179,"contact_reachability":0.7849185946872322,"contact_satisfaction":7.919444444444444,"autonomy":6.499750871948182},"metadata":{"satisfaction_count":7656,"comprehension_count":5698,"contact_count":1151,"contactReachability_count":1167,"contactSatisfaction_count":900,"autonomy_count":4014}}
