{"data":{"satisfaction":9.219762419006479,"comprehension":8.862859097127224,"contact":6.335012594458438,"contact_reachability":0.8117359413202934,"contact_satisfaction":7.859375,"autonomy":6.514935988620199},"metadata":{"satisfaction_count":1852,"comprehension_count":1462,"contact_count":397,"contactReachability_count":409,"contactSatisfaction_count":320,"autonomy_count":1406}}
