{"data":{"satisfaction":8.932664756446991,"comprehension":8.688725490196079,"contact":5.703463203463204,"contact_reachability":0.7236286919831224,"contact_satisfaction":7.960725075528701,"autonomy":6.297709923664122},"metadata":{"satisfaction_count":2094,"comprehension_count":1632,"contact_count":462,"contactReachability_count":474,"contactSatisfaction_count":331,"autonomy_count":1572}}
