{"data":{"satisfaction":9.18695714082301,"comprehension":9.026416906820366,"contact":6.147783251231527,"contact_reachability":0.7776699029126214,"contact_satisfaction":7.938931297709924,"autonomy":6.492368569813454},"metadata":{"satisfaction_count":7023,"comprehension_count":5205,"contact_count":1015,"contactReachability_count":1030,"contactSatisfaction_count":786,"autonomy_count":3538}}
