{"data":{"satisfaction":8.924858223062381,"comprehension":8.742505995203837,"contact":5.949367088607595,"contact_reachability":0.75564681724846,"contact_satisfaction":7.943661971830986,"autonomy":6.272899557801643},"metadata":{"satisfaction_count":2116,"comprehension_count":1668,"contact_count":474,"contactReachability_count":487,"contactSatisfaction_count":355,"autonomy_count":1583}}
