{"data":{"satisfaction":9.069287141905397,"comprehension":8.76453488372093,"contact":6.112275449101796,"contact_reachability":0.7727006444053895,"contact_satisfaction":7.962168486739469,"autonomy":6.349374228803103},"metadata":{"satisfaction_count":7505,"comprehension_count":5848,"contact_count":1670,"contactReachability_count":1707,"contactSatisfaction_count":1282,"autonomy_count":5673}}
