{"data":{"satisfaction":9.14503133393017,"comprehension":9.27434456928839,"contact":6.05510752688172,"contact_reachability":0.7622841965471447,"contact_satisfaction":7.9734513274336285,"autonomy":6.6063704286276055},"metadata":{"satisfaction_count":7819,"comprehension_count":5874,"contact_count":744,"contactReachability_count":753,"contactSatisfaction_count":565,"autonomy_count":2543}}
