{"data":{"satisfaction":9.138964577656676,"comprehension":8.742314647377938,"contact":6.1871165644171775,"contact_reachability":0.7810615199034981,"contact_satisfaction":7.959747434885556,"autonomy":6.38995084653195},"metadata":{"satisfaction_count":7340,"comprehension_count":5530,"contact_count":1630,"contactReachability_count":1658,"contactSatisfaction_count":1267,"autonomy_count":5493}}
