{"data":{"satisfaction":9.064503467224911,"comprehension":8.762800067147893,"contact":6.106870229007634,"contact_reachability":0.7725445146467548,"contact_satisfaction":7.957153787299158,"autonomy":6.340535868625756},"metadata":{"satisfaction_count":7643,"comprehension_count":5957,"contact_count":1703,"contactReachability_count":1741,"contactSatisfaction_count":1307,"autonomy_count":5785}}
