{"data":{"satisfaction":9.185776685776686,"comprehension":9.014873301505693,"contact":6.172237697307335,"contact_reachability":0.782051282051282,"contact_satisfaction":7.923122765196663,"autonomy":6.4822657490735835},"metadata":{"satisfaction_count":7326,"comprehension_count":5446,"contact_count":1077,"contactReachability_count":1092,"contactSatisfaction_count":839,"autonomy_count":3778}}
