{"data":{"satisfaction":9.168582375478927,"comprehension":8.44047619047619,"contact":6.324561403508772,"contact_reachability":0.7972027972027972,"contact_satisfaction":7.940528634361233,"autonomy":6.633986928104576},"metadata":{"satisfaction_count":1305,"comprehension_count":840,"contact_count":285,"contactReachability_count":286,"contactSatisfaction_count":227,"autonomy_count":918}}
