{"data":{"satisfaction":9.16189484643415,"comprehension":8.707720588235293,"contact":5.686619718309859,"contact_reachability":0.7289719626168224,"contact_satisfaction":7.814516129032258,"autonomy":6.487839771101574},"metadata":{"satisfaction_count":1921,"comprehension_count":1360,"contact_count":426,"contactReachability_count":428,"contactSatisfaction_count":310,"autonomy_count":1398}}
