{"data":{"satisfaction":9.186980414259546,"comprehension":9.023452335738702,"contact":6.162621359223301,"contact_reachability":0.7799043062200957,"contact_satisfaction":7.934375,"autonomy":6.48513475965546},"metadata":{"satisfaction_count":7097,"comprehension_count":5266,"contact_count":1030,"contactReachability_count":1045,"contactSatisfaction_count":800,"autonomy_count":3599}}
