{"data":{"satisfaction":9.117647058823529,"comprehension":8.815972222222221,"contact":6.232394366197183,"contact_reachability":0.7930232558139535,"contact_satisfaction":7.878338278931751,"autonomy":6.389088298636037},"metadata":{"satisfaction_count":1836,"comprehension_count":1440,"contact_count":426,"contactReachability_count":430,"contactSatisfaction_count":337,"autonomy_count":1393}}
