{"data":{"satisfaction":9.163787145818937,"comprehension":8.472814498933902,"contact":6.217741935483871,"contact_reachability":0.7845659163987139,"contact_satisfaction":7.932098765432099,"autonomy":6.568047337278107},"metadata":{"satisfaction_count":1447,"comprehension_count":938,"contact_count":310,"contactReachability_count":311,"contactSatisfaction_count":243,"autonomy_count":1014}}
