{"data":{"satisfaction":9.179515418502202,"comprehension":8.767419763513514,"contact":6.216216216216216,"contact_reachability":0.782258064516129,"contact_satisfaction":8,"autonomy":6.506908462867012},"metadata":{"satisfaction_count":6356,"comprehension_count":4736,"contact_count":1332,"contactReachability_count":1364,"contactSatisfaction_count":1035,"autonomy_count":4632}}
