{"data":{"satisfaction":9.181175190424375,"comprehension":8.943661971830986,"contact":5.804749340369393,"contact_reachability":7.286821705426356,"contact_satisfaction":8.02919708029197,"autonomy":6.661764705882353},"metadata":{"satisfaction_count":1838,"comprehension_count":1420,"contact_count":379,"autonomy_count":1360}}
