{"data":{"satisfaction":8.916786226685796,"comprehension":8.680342927127985,"contact":5.673913043478261,"contact_reachability":0.7203389830508474,"contact_satisfaction":7.9573170731707314,"autonomy":6.259541984732825},"metadata":{"satisfaction_count":2091,"comprehension_count":1633,"contact_count":460,"contactReachability_count":472,"contactSatisfaction_count":328,"autonomy_count":1572}}
