{"data":{"satisfaction":8.55155865115094,"comprehension":7.887259221956439,"contact":6.088960589997695,"contact_reachability":0.7895446880269814,"contact_satisfaction":7.7637378783426385,"autonomy":6.995894829439937},"metadata":{"satisfaction_count":47092,"comprehension_count":39715,"contact_count":8678,"contactReachability_count":8895,"contactSatisfaction_count":6806,"autonomy_count":40924}}
