{"data":{"satisfaction":8.956698462093538,"comprehension":8.982106129164952,"contact":6.271177894312222,"contact_reachability":8.132964536204682,"contact_satisfaction":7.747944181410416,"autonomy":6.836704268747205},"metadata":{"satisfaction_count":177384,"comprehension_count":145860,"contact_count":9916,"autonomy_count":40246}}
