{"data":{"satisfaction":8.978919450976104,"comprehension":7.507829933837059,"contact":6.258839706652698,"contact_reachability":0.8115015974440895,"contact_satisfaction":7.757263431261159,"autonomy":6.566415184515072},"metadata":{"satisfaction_count":36574,"comprehension_count":25543,"contact_count":7636,"contactReachability_count":7825,"contactSatisfaction_count":6161,"autonomy_count":29293}}
