{"data":{"satisfaction":8.959368790695882,"comprehension":8.947403847448273,"contact":6.2756944444444445,"contact_reachability":8.134578761222453,"contact_satisfaction":7.752201761409127,"autonomy":6.8166945060979796},"metadata":{"satisfaction_count":181683,"comprehension_count":148566,"contact_count":10800,"autonomy_count":43703}}
