{"data":{"satisfaction":9.027717110749315,"comprehension":7.7768322810870165,"contact":6.315488664507526,"contact_reachability":0.8145596723142804,"contact_satisfaction":7.794498001410769,"autonomy":6.578766112368395},"metadata":{"satisfaction_count":25183,"comprehension_count":18215,"contact_count":5249,"contactReachability_count":5371,"contactSatisfaction_count":4253,"autonomy_count":20326}}
