{"data":{"satisfaction":8.989340813464235,"comprehension":8.529589068622526,"contact":6.26937984496124,"contact_reachability":8.114231447564782,"contact_satisfaction":7.763112787110044,"autonomy":6.782489270386266},"metadata":{"satisfaction_count":35650,"comprehension_count":29859,"contact_count":7224,"autonomy_count":29125}}
