{"data":{"satisfaction":7.824261582534822,"comprehension":7.596032081046856,"contact":5.455158462575859,"contact_reachability":0.7250495703899538,"contact_satisfaction":7.582005623242737,"autonomy":7.3151417870519},"metadata":{"satisfaction_count":10123,"comprehension_count":9476,"contact_count":1483,"contactReachability_count":1513,"contactSatisfaction_count":1067,"autonomy_count":9345}}
