{"data":{"satisfaction":8.872338735303464,"comprehension":8.21830519695465,"contact":6.2564089284789475,"contact_reachability":0.8044796312070952,"contact_satisfaction":7.840916466541183,"autonomy":6.843906582786512},"metadata":{"satisfaction_count":113292,"comprehension_count":90630,"contact_count":19309,"contactReachability_count":19957,"contactSatisfaction_count":15407,"autonomy_count":81227}}
