{"data":{"satisfaction":8.972116575269768,"comprehension":8.685835992054978,"contact":6.265067123678949,"contact_reachability":0.812080911935628,"contact_satisfaction":7.754914439258945,"autonomy":6.716106571527218},"metadata":{"satisfaction_count":180896,"comprehension_count":144493,"contact_count":17505,"contactReachability_count":17896,"contactSatisfaction_count":14142,"autonomy_count":69512}}
