{"data":{"satisfaction":8.764530852056383,"comprehension":7.917746728203832,"contact":6.233167163019552,"contact_reachability":0.8025117739403453,"contact_satisfaction":7.826802698967564,"autonomy":6.761937591798807},"metadata":{"satisfaction_count":79314,"comprehension_count":63268,"contact_count":15446,"contactReachability_count":15925,"contactSatisfaction_count":12301,"autonomy_count":66722}}
