{"data":{"satisfaction":8.98372832278979,"comprehension":8.522511578467846,"contact":6.1993706632241405,"contact_reachability":8.071451153967752,"contact_satisfaction":7.719007434197308,"autonomy":6.827131782945736},"metadata":{"satisfaction_count":31773,"comprehension_count":26342,"contact_count":6197,"autonomy_count":25800}}
