{"data":{"satisfaction":8.951569936244724,"comprehension":9.00889687497722,"contact":6.208360128617364,"contact_reachability":8.080171435774613,"contact_satisfaction":7.720729366602687,"autonomy":6.879151320552775},"metadata":{"satisfaction_count":167045,"comprehension_count":137183,"contact_count":7775,"autonomy_count":31767}}
