{"data":{"satisfaction":8.882603182026676,"comprehension":8.219043644034338,"contact":6.269630059021923,"contact_reachability":0.8053927315357562,"contact_satisfaction":7.848825702599288,"autonomy":6.813413758799159},"metadata":{"satisfaction_count":111187,"comprehension_count":88649,"contact_count":18976,"contactReachability_count":19619,"contactSatisfaction_count":15158,"autonomy_count":79411}}
