{"data":{"satisfaction":8.570565907522429,"comprehension":8.32144180874722,"contact":6.062901744719927,"contact_reachability":0.7805983680870353,"contact_satisfaction":7.795159386068477,"autonomy":7.339910647803425},"metadata":{"satisfaction_count":5796,"comprehension_count":5396,"contact_count":1089,"contactReachability_count":1103,"contactSatisfaction_count":847,"autonomy_count":5372}}
