{"data":{"satisfaction":9.009752438109528,"comprehension":7.800211035618695,"contact":6.321767125737793,"contact_reachability":0.8150996155190493,"contact_satisfaction":7.797264504742996,"autonomy":6.502787633046123},"metadata":{"satisfaction_count":26660,"comprehension_count":19428,"contact_count":5591,"contactReachability_count":5722,"contactSatisfaction_count":4533,"autonomy_count":21703}}
