{"data":{"satisfaction":8.393427658603377,"comprehension":8.146770237121832,"contact":6.039301310043668,"contact_reachability":0.7813310285220397,"contact_satisfaction":7.752242152466367,"autonomy":7.308009909165978},"metadata":{"satisfaction_count":6573,"comprehension_count":6115,"contact_count":1145,"contactReachability_count":1157,"contactSatisfaction_count":892,"autonomy_count":6055}}
