{"data":{"satisfaction":8.610438990667127,"comprehension":8.346460340993328,"contact":6.050656660412758,"contact_reachability":0.7813653136531366,"contact_satisfaction":7.780458383594692,"autonomy":7.354428009736004},"metadata":{"satisfaction_count":5786,"comprehension_count":5396,"contact_count":1066,"contactReachability_count":1084,"contactSatisfaction_count":829,"autonomy_count":5341}}
