{"data":{"satisfaction":8.949096740559408,"comprehension":9.117721361286259,"contact":6.1818501582835035,"autonomy":6.806205368135927},"metadata":{"satisfaction_count":176472,"comprehension_count":144481,"contact_count":2843,"autonomy_count":12183}}
