{"data":{"satisfaction":8.966072175372284,"comprehension":8.89346831112359,"contact":6.278189367418383,"contact_reachability":0.8130379343321645,"contact_satisfaction":7.760390459897353,"autonomy":6.802556013912481},"metadata":{"satisfaction_count":188901,"comprehension_count":153161,"contact_count":12283,"contactReachability_count":12548,"contactSatisfaction_count":9937,"autonomy_count":49452}}
