{"data":{"satisfaction":8.951630115788912,"comprehension":9.08457097857496,"contact":6.198096009722503,"contact_reachability":8.07898392538202,"contact_satisfaction":7.709750566893424,"autonomy":6.951131958072081},"metadata":{"satisfaction_count":187410,"comprehension_count":153652,"contact_count":4937,"autonomy_count":20893}}
