{"data":{"satisfaction":8.976786638694385,"comprehension":7.513550928092341,"contact":6.258178487306988,"contact_reachability":0.8112147145229276,"contact_satisfaction":7.758760545100584,"autonomy":6.539360081259523},"metadata":{"satisfaction_count":36703,"comprehension_count":25644,"contact_count":7642,"contactReachability_count":7829,"contactSatisfaction_count":6164,"autonomy_count":29535}}
