{"data":{"satisfaction":8.952246685464035,"comprehension":9.01097295480779,"contact":6.204557257855103,"contact_reachability":8.078635958773381,"contact_satisfaction":7.717619509043928,"autonomy":6.861175279263314},"metadata":{"satisfaction_count":166690,"comprehension_count":136882,"contact_count":7702,"autonomy_count":31601}}
