{"data":{"satisfaction":8.570317899101589,"comprehension":8.321580998329932,"contact":6.054327808471455,"contact_reachability":0.78,"contact_satisfaction":7.790284360189573,"autonomy":7.34252702199031},"metadata":{"satisfaction_count":5788,"comprehension_count":5389,"contact_count":1086,"contactReachability_count":1100,"contactSatisfaction_count":844,"autonomy_count":5366}}
