{"data":{"satisfaction":8.765521679874817,"comprehension":7.918229141943956,"contact":6.233877762654741,"contact_reachability":0.8025521750062862,"contact_satisfaction":7.827351888020833,"autonomy":6.763289373002656},"metadata":{"satisfaction_count":79244,"comprehension_count":63201,"contact_count":15429,"contactReachability_count":15908,"contactSatisfaction_count":12288,"autonomy_count":66651}}
