{"data":{"satisfaction":7.838355088821277,"comprehension":7.601606805293006,"contact":5.523138832997988,"contact_reachability":0.7311475409836066,"contact_satisfaction":7.617946345975948,"autonomy":7.319543661371148},"metadata":{"satisfaction_count":10189,"comprehension_count":9522,"contact_count":1491,"contactReachability_count":1525,"contactSatisfaction_count":1081,"autonomy_count":9379}}
