{"data":{"satisfaction":8.956224419329303,"comprehension":8.97610799065229,"contact":6.277209024947818,"contact_reachability":8.138629283489095,"contact_satisfaction":7.750030678610872,"autonomy":6.831046207284557},"metadata":{"satisfaction_count":178113,"comprehension_count":146346,"contact_count":10061,"autonomy_count":40881}}
