{"data":{"satisfaction":8.9525571589155,"comprehension":9.090273813507608,"contact":6.189987024221454,"contact_reachability":8.075375820453102,"contact_satisfaction":7.7045760430686405,"autonomy":7.032449585423278},"metadata":{"satisfaction_count":185929,"comprehension_count":152403,"contact_count":4624,"autonomy_count":19538}}
