{"data":{"satisfaction":8.548445102602074,"comprehension":7.886033099297894,"contact":6.087667929727868,"contact_reachability":0.7895149546320153,"contact_satisfaction":7.762445095168375,"autonomy":6.98784046692607},"metadata":{"satisfaction_count":47270,"comprehension_count":39880,"contact_count":8709,"contactReachability_count":8927,"contactSatisfaction_count":6830,"autonomy_count":41120}}
