{"data":{"satisfaction":8.65659230372197,"comprehension":8.031615120274914,"contact":6.144431720584025,"contact_reachability":0.7957865168539325,"contact_satisfaction":7.759399855386841,"autonomy":6.690231799333832},"metadata":{"satisfaction_count":17437,"comprehension_count":14550,"contact_count":3493,"contactReachability_count":3560,"contactSatisfaction_count":2766,"autonomy_count":14711}}
