{"data":{"satisfaction":8.96969963064393,"comprehension":8.681239053538926,"contact":6.258088111179879,"contact_reachability":0.811557512383049,"contact_satisfaction":7.751411248170604,"autonomy":6.706628356286536},"metadata":{"satisfaction_count":182209,"comprehension_count":145595,"contact_count":17773,"contactReachability_count":18170,"contactSatisfaction_count":14349,"autonomy_count":70651}}
