{"data":{"satisfaction":7.944001449800653,"comprehension":7.665997453726374,"contact":5.653753026634383,"contact_reachability":0.7451096621221103,"contact_satisfaction":7.643207855973813,"autonomy":7.303516286482718},"metadata":{"satisfaction_count":11036,"comprehension_count":10211,"contact_count":1652,"contactReachability_count":1687,"contactSatisfaction_count":1222,"autonomy_count":10039}}
