{"data":{"satisfaction":8.549952325458205,"comprehension":7.88612729830202,"contact":6.088269120184014,"contact_reachability":0.7895209244923146,"contact_satisfaction":7.763235078457252,"autonomy":6.989037758830694},"metadata":{"satisfaction_count":47195,"comprehension_count":39812,"contact_count":8695,"contactReachability_count":8913,"contactSatisfaction_count":6819,"autonomy_count":41050}}
