{"data":{"satisfaction":7.866399847531923,"comprehension":7.622200634011658,"contact":5.560959792477302,"contact_reachability":0.7373096446700508,"contact_satisfaction":7.601950354609929,"autonomy":7.304898298048983},"metadata":{"satisfaction_count":10494,"comprehension_count":9779,"contact_count":1542,"contactReachability_count":1576,"contactSatisfaction_count":1128,"autonomy_count":9636}}
