{"data":{"satisfaction":8.951224578934472,"comprehension":9.083560184252756,"contact":6.1834496510468595,"contact_reachability":8.062121508107051,"contact_satisfaction":7.708177976634352,"autonomy":6.932836524856145},"metadata":{"satisfaction_count":187738,"comprehension_count":153919,"contact_count":5015,"autonomy_count":21202}}
