{"data":{"satisfaction":8.539539693715895,"comprehension":7.861100196463655,"contact":6.0911092597000716,"contact_reachability":0.7899930345948456,"contact_satisfaction":7.762399514636736,"autonomy":6.996058486967578},"metadata":{"satisfaction_count":45448,"comprehension_count":38175,"contact_count":8402,"contactReachability_count":8614,"contactSatisfaction_count":6593,"autonomy_count":39325}}
