{"data":{"satisfaction":8.952747288119227,"comprehension":9.088438557339284,"contact":6.209472345835982,"contact_reachability":8.093360995850622,"contact_satisfaction":7.711184210526316,"autonomy":7.039629387179616},"metadata":{"satisfaction_count":186402,"comprehension_count":152801,"contact_count":4719,"autonomy_count":19859}}
