{"data":{"satisfaction":9.448717948717949,"comprehension":8.899305555555555,"contact":5.134615384615385,"contact_reachability":0.6259541984732825,"contact_satisfaction":8.24074074074074,"autonomy":6.914446002805049},"metadata":{"satisfaction_count":780,"comprehension_count":720,"contact_count":130,"contactReachability_count":131,"contactSatisfaction_count":81,"autonomy_count":713}}
