{"data":{"satisfaction":9.326666666666666,"comprehension":8.803267045454545,"contact":4.924242424242424,"contact_reachability":0.6015037593984962,"contact_satisfaction":8.227848101265822,"autonomy":6.906474820143885},"metadata":{"satisfaction_count":750,"comprehension_count":704,"contact_count":132,"contactReachability_count":133,"contactSatisfaction_count":79,"autonomy_count":695}}
