{"data":{"satisfaction":9.43943943943944,"comprehension":8.832705755782678,"contact":5.217391304347826,"contact_reachability":0.6207951070336392,"contact_satisfaction":8.484848484848484,"autonomy":6.863488624052004},"metadata":{"satisfaction_count":1998,"comprehension_count":1859,"contact_count":322,"contactReachability_count":327,"contactSatisfaction_count":198,"autonomy_count":1846}}
