{"data":{"satisfaction":9.535433070866143,"comprehension":8.74562937062937,"contact":5,"contact_reachability":0.5978260869565217,"contact_satisfaction":8.363636363636363,"autonomy":7.067796610169491},"metadata":{"satisfaction_count":635,"comprehension_count":572,"contact_count":92,"contactReachability_count":92,"contactSatisfaction_count":55,"autonomy_count":590}}
