{"data":{"satisfaction":9.517973856209151,"comprehension":8.745471014492754,"contact":5.198863636363637,"contact_reachability":0.6136363636363636,"contact_satisfaction":8.472222222222221,"autonomy":6.987740805604203},"metadata":{"satisfaction_count":612,"comprehension_count":552,"contact_count":88,"contactReachability_count":88,"contactSatisfaction_count":54,"autonomy_count":571}}
