{"data":{"satisfaction":9.433776464795667,"comprehension":9.000791974656812,"contact":5.205992509363296,"contact_reachability":0.6194029850746269,"contact_satisfaction":8.424242424242424,"autonomy":6.838624338624339},"metadata":{"satisfaction_count":2031,"comprehension_count":1894,"contact_count":267,"contactReachability_count":268,"contactSatisfaction_count":165,"autonomy_count":1512}}
