{"data":{"satisfaction":9.372413793103448,"comprehension":8.841911764705882,"contact":4.724409448818897,"contact_reachability":0.6015625,"contact_satisfaction":7.894736842105263,"autonomy":6.900149031296572},"metadata":{"satisfaction_count":725,"comprehension_count":680,"contact_count":127,"contactReachability_count":128,"contactSatisfaction_count":76,"autonomy_count":671}}
