{"data":{"satisfaction":9.322157434402332,"comprehension":8.805855161787365,"contact":5.15748031496063,"contact_reachability":0.6511627906976745,"contact_satisfaction":7.987804878048781,"autonomy":6.863354037267081},"metadata":{"satisfaction_count":686,"comprehension_count":649,"contact_count":127,"contactReachability_count":129,"contactSatisfaction_count":82,"autonomy_count":644}}
