{"data":{"satisfaction":9.215686274509803,"comprehension":8.81120178041543,"contact":5.112745098039215,"contact_reachability":0.6326923076923077,"contact_satisfaction":8.17398119122257,"autonomy":6.936936936936937},"metadata":{"satisfaction_count":2856,"comprehension_count":2696,"contact_count":510,"contactReachability_count":520,"contactSatisfaction_count":319,"autonomy_count":2664}}
