{"data":{"satisfaction":9.438061938061939,"comprehension":8.831186258722491,"contact":5.208978328173375,"contact_reachability":0.6219512195121951,"contact_satisfaction":8.454773869346734,"autonomy":6.864864864864865},"metadata":{"satisfaction_count":2002,"comprehension_count":1863,"contact_count":323,"contactReachability_count":328,"contactSatisfaction_count":199,"autonomy_count":1850}}
