{"data":{"satisfaction":9.329113924050633,"comprehension":8.817385444743936,"contact":5.036231884057971,"contact_reachability":0.6142857142857143,"contact_satisfaction":8.273809523809524,"autonomy":6.839945280437757},"metadata":{"satisfaction_count":790,"comprehension_count":742,"contact_count":138,"contactReachability_count":140,"contactSatisfaction_count":84,"autonomy_count":731}}
