{"data":{"satisfaction":9.475453934095494,"comprehension":9.392857142857142,"contact":5.412087912087912,"contact_reachability":6.263736263736264,"contact_satisfaction":8.640350877192983,"autonomy":6.666666666666667},"metadata":{"satisfaction_count":1487,"comprehension_count":1400,"contact_count":91,"autonomy_count":510}}
