{"data":{"satisfaction":9.382284382284382,"comprehension":8.848069738480698,"contact":4.722222222222222,"contact_reachability":0.6,"contact_satisfaction":7.906976744186046,"autonomy":6.869455006337136},"metadata":{"satisfaction_count":858,"comprehension_count":803,"contact_count":144,"contactReachability_count":145,"contactSatisfaction_count":86,"autonomy_count":789}}
