{"data":{"satisfaction":9.475119291070211,"comprehension":9.402173913043478,"contact":5.3125,"contact_reachability":6.136363636363637,"contact_satisfaction":8.657407407407407,"autonomy":6.673469387755102},"metadata":{"satisfaction_count":1467,"comprehension_count":1380,"contact_count":88,"autonomy_count":490}}
