{"data":{"satisfaction":9.155982905982906,"comprehension":8.775224215246636,"contact":5.211864406779661,"contact_reachability":0.65,"contact_satisfaction":8.092105263157896,"autonomy":6.893424036281179},"metadata":{"satisfaction_count":936,"comprehension_count":892,"contact_count":177,"contactReachability_count":180,"contactSatisfaction_count":114,"autonomy_count":882}}
