{"data":{"satisfaction":9.442127215849844,"comprehension":8.834175084175085,"contact":5.0732899022801305,"contact_reachability":0.6136363636363636,"contact_satisfaction":8.284574468085106,"autonomy":6.88135593220339},"metadata":{"satisfaction_count":1918,"comprehension_count":1782,"contact_count":307,"contactReachability_count":308,"contactSatisfaction_count":188,"autonomy_count":1770}}
