{"data":{"satisfaction":9.449901768172888,"comprehension":8.720556745182012,"contact":4.970588235294118,"contact_reachability":0.5882352941176471,"contact_satisfaction":8.45,"autonomy":6.854166666666667},"metadata":{"satisfaction_count":509,"comprehension_count":467,"contact_count":85,"contactReachability_count":85,"contactSatisfaction_count":50,"autonomy_count":480}}
