{"data":{"satisfaction":9.192132639791938,"comprehension":8.783969728242175,"contact":5.036231884057971,"contact_reachability":0.6312056737588653,"contact_satisfaction":8.081395348837209,"autonomy":6.922005571030641},"metadata":{"satisfaction_count":3076,"comprehension_count":2907,"contact_count":552,"contactReachability_count":564,"contactSatisfaction_count":344,"autonomy_count":2872}}
