{"data":{"satisfaction":9.094827586206897,"comprehension":8.782485875706215,"contact":5.127840909090909,"contact_reachability":0.6404494382022472,"contact_satisfaction":8.058035714285714,"autonomy":6.8914285714285715},"metadata":{"satisfaction_count":928,"comprehension_count":885,"contact_count":176,"contactReachability_count":178,"contactSatisfaction_count":112,"autonomy_count":875}}
