{"data":{"satisfaction":9.407796101949025,"comprehension":8.91025641025641,"contact":4.729166666666667,"contact_reachability":0.5950413223140496,"contact_satisfaction":7.992957746478873,"autonomy":6.7105263157894735},"metadata":{"satisfaction_count":667,"comprehension_count":624,"contact_count":120,"contactReachability_count":121,"contactSatisfaction_count":71,"autonomy_count":608}}
