{"data":{"satisfaction":9.426735218508998,"comprehension":9.006604292790314,"contact":5.287698412698413,"contact_reachability":0.6284584980237155,"contact_satisfaction":8.433544303797468,"autonomy":6.868055555555555},"metadata":{"satisfaction_count":1945,"comprehension_count":1817,"contact_count":252,"contactReachability_count":253,"contactSatisfaction_count":158,"autonomy_count":1440}}
