{"data":{"satisfaction":9.489795918367347,"comprehension":8.650159744408946,"contact":5.049019607843137,"contact_reachability":0.6078431372549019,"contact_satisfaction":8.306451612903226,"autonomy":7.064220183486238},"metadata":{"satisfaction_count":343,"comprehension_count":313,"contact_count":51,"contactReachability_count":51,"contactSatisfaction_count":31,"autonomy_count":327}}
