{"data":{"satisfaction":9.521489971346705,"comprehension":9.574435631482611,"contact":4.940476190476191,"contact_reachability":5.9523809523809526,"contact_satisfaction":8.3,"autonomy":6.708860759493671},"metadata":{"satisfaction_count":1745,"comprehension_count":1639,"contact_count":42,"autonomy_count":237}}
