{"data":{"satisfaction":9.281484405842875,"comprehension":8.80746520455504,"contact":5.023310023310024,"contact_reachability":0.6141552511415526,"contact_satisfaction":8.288461538461538,"autonomy":6.9487939060516295},"metadata":{"satisfaction_count":2533,"comprehension_count":2371,"contact_count":429,"contactReachability_count":438,"contactSatisfaction_count":260,"autonomy_count":2363}}
