{"data":{"satisfaction":9.512331838565023,"comprehension":9.555489260143197,"contact":5.26595744680851,"contact_reachability":6.170212765957447,"contact_satisfaction":8.53448275862069,"autonomy":6.605839416058394},"metadata":{"satisfaction_count":1784,"comprehension_count":1676,"contact_count":47,"autonomy_count":274}}
