{"data":{"satisfaction":9.474605954465849,"comprehension":9.291510611735331,"contact":5,"contact_reachability":0.5873015873015873,"contact_satisfaction":8.513513513513514,"autonomy":6.81881051175657},"metadata":{"satisfaction_count":1713,"comprehension_count":1602,"contact_count":126,"contactReachability_count":126,"contactSatisfaction_count":74,"autonomy_count":723}}
