{"data":{"satisfaction":9.430803571428571,"comprehension":8.896713615023474,"contact":5.474683544303797,"contact_reachability":6.455696202531645,"contact_satisfaction":8.480392156862745,"autonomy":6.65083135391924},"metadata":{"satisfaction_count":448,"comprehension_count":426,"contact_count":79,"autonomy_count":421}}
