{"data":{"satisfaction":9.192546583850932,"comprehension":8.782405807120636,"contact":5.027272727272727,"contact_reachability":0.6285714285714286,"contact_satisfaction":8.084795321637428,"autonomy":6.920923722883135},"metadata":{"satisfaction_count":3059,"comprehension_count":2893,"contact_count":550,"contactReachability_count":560,"contactSatisfaction_count":342,"autonomy_count":2858}}
