{"data":{"satisfaction":9.330299089726918,"comprehension":8.805401662049862,"contact":4.869402985074627,"contact_reachability":0.6029411764705882,"contact_satisfaction":8.15625,"autonomy":6.900420757363253},"metadata":{"satisfaction_count":769,"comprehension_count":722,"contact_count":134,"contactReachability_count":136,"contactSatisfaction_count":80,"autonomy_count":713}}
