{"data":{"satisfaction":9.42008486562942,"comprehension":8.90290519877676,"contact":4.82,"contact_reachability":0.6031746031746031,"contact_satisfaction":8.033333333333333,"autonomy":6.780715396578538},"metadata":{"satisfaction_count":707,"comprehension_count":654,"contact_count":125,"contactReachability_count":126,"contactSatisfaction_count":75,"autonomy_count":643}}
