{"data":{"satisfaction":9.426498127340825,"comprehension":8.839195979899497,"contact":5.167638483965015,"contact_reachability":0.6149425287356322,"contact_satisfaction":8.480861244019138,"autonomy":6.882591093117409},"metadata":{"satisfaction_count":2136,"comprehension_count":1990,"contact_count":343,"contactReachability_count":348,"contactSatisfaction_count":209,"autonomy_count":1976}}
