{"data":{"satisfaction":9.194652755135312,"comprehension":8.784925836495344,"contact":5.027272727272727,"contact_reachability":0.6285714285714286,"contact_satisfaction":8.084795321637428,"autonomy":6.9179755671902265},"metadata":{"satisfaction_count":3067,"comprehension_count":2899,"contact_count":550,"contactReachability_count":560,"contactSatisfaction_count":342,"autonomy_count":2865}}
