{"data":{"satisfaction":9.467284308048638,"comprehension":9.281288723667906,"contact":5.01937984496124,"contact_reachability":0.5891472868217055,"contact_satisfaction":8.519736842105264,"autonomy":6.770691994572592},"metadata":{"satisfaction_count":1727,"comprehension_count":1614,"contact_count":129,"contactReachability_count":129,"contactSatisfaction_count":76,"autonomy_count":737}}
