{"data":{"satisfaction":9.217075699965434,"comprehension":8.808128890516294,"contact":5.096899224806202,"contact_reachability":0.6311787072243346,"contact_satisfaction":8.167701863354038,"autonomy":6.940740740740741},"metadata":{"satisfaction_count":2893,"comprehension_count":2731,"contact_count":516,"contactReachability_count":526,"contactSatisfaction_count":322,"autonomy_count":2700}}
