{"data":{"satisfaction":9.422535211267606,"comprehension":8.904109589041095,"contact":4.82,"contact_reachability":0.6031746031746031,"contact_satisfaction":8.033333333333333,"autonomy":6.795665634674923},"metadata":{"satisfaction_count":710,"comprehension_count":657,"contact_count":125,"contactReachability_count":126,"contactSatisfaction_count":75,"autonomy_count":646}}
