{"data":{"satisfaction":8.795562599049129,"comprehension":8.710482529118137,"contact":4.364035087719298,"contact_reachability":0.5470085470085471,"contact_satisfaction":8.155737704918034,"autonomy":7.080536912751678},"metadata":{"satisfaction_count":631,"comprehension_count":601,"contact_count":114,"contactReachability_count":117,"contactSatisfaction_count":61,"autonomy_count":596}}
