{"data":{"satisfaction":9.51734539969834,"comprehension":8.82943143812709,"contact":5.286458333333333,"contact_reachability":0.625,"contact_satisfaction":8.458333333333334,"autonomy":7.065573770491803},"metadata":{"satisfaction_count":663,"comprehension_count":598,"contact_count":96,"contactReachability_count":96,"contactSatisfaction_count":60,"autonomy_count":610}}
