{"data":{"satisfaction":9.45919689119171,"comprehension":9.033101045296167,"contact":5.2824858757062145,"contact_reachability":0.615819209039548,"contact_satisfaction":8.577981651376147,"autonomy":6.857410881801126},"metadata":{"satisfaction_count":1544,"comprehension_count":1435,"contact_count":177,"contactReachability_count":177,"contactSatisfaction_count":109,"autonomy_count":1066}}
