{"data":{"satisfaction":9.324503311258278,"comprehension":8.783497884344147,"contact":4.922480620155039,"contact_reachability":0.6030534351145038,"contact_satisfaction":8.246753246753247,"autonomy":6.909871244635193},"metadata":{"satisfaction_count":755,"comprehension_count":709,"contact_count":129,"contactReachability_count":131,"contactSatisfaction_count":77,"autonomy_count":699}}
