{"data":{"satisfaction":9.469053398058252,"comprehension":9.037834311806915,"contact":5.168393782383419,"contact_reachability":0.6113989637305699,"contact_satisfaction":8.453389830508474,"autonomy":6.916451335055986},"metadata":{"satisfaction_count":1648,"comprehension_count":1533,"contact_count":193,"contactReachability_count":193,"contactSatisfaction_count":118,"autonomy_count":1161}}
