{"data":{"satisfaction":9.321295143212952,"comprehension":8.794701986754967,"contact":5,"contact_reachability":0.6056338028169014,"contact_satisfaction":8.333333333333334,"autonomy":6.850605652759085},"metadata":{"satisfaction_count":803,"comprehension_count":755,"contact_count":140,"contactReachability_count":142,"contactSatisfaction_count":84,"autonomy_count":743}}
