{"data":{"satisfaction":9.472934472934472,"comprehension":8.872472783825817,"contact":5.698198198198198,"contact_reachability":0.6756756756756757,"contact_satisfaction":8.433333333333334,"autonomy":6.8885448916408665},"metadata":{"satisfaction_count":702,"comprehension_count":643,"contact_count":111,"contactReachability_count":111,"contactSatisfaction_count":75,"autonomy_count":646}}
