{"data":{"satisfaction":9.364754098360656,"comprehension":8.828238719068413,"contact":4.8062015503875966,"contact_reachability":0.6076923076923076,"contact_satisfaction":7.948717948717949,"autonomy":6.932153392330384},"metadata":{"satisfaction_count":732,"comprehension_count":687,"contact_count":129,"contactReachability_count":130,"contactSatisfaction_count":78,"autonomy_count":678}}
