{"data":{"satisfaction":9.456658291457286,"comprehension":9.01858108108108,"contact":5.135135135135135,"contact_reachability":0.6108108108108108,"contact_satisfaction":8.4070796460177,"autonomy":6.882882882882883},"metadata":{"satisfaction_count":1592,"comprehension_count":1480,"contact_count":185,"contactReachability_count":185,"contactSatisfaction_count":113,"autonomy_count":1110}}
