{"data":{"satisfaction":8.148148148148149,"comprehension":8.04054054054054,"contact":8.382352941176471,"contact_reachability":0.8823529411764706,"contact_satisfaction":9.5,"autonomy":7.361111111111111},"metadata":{"satisfaction_count":81,"comprehension_count":74,"contact_count":17,"contactReachability_count":17,"contactSatisfaction_count":15,"autonomy_count":72}}
