{"data":{"satisfaction":8.495821727019498,"comprehension":9.06437125748503,"contact":7.714285714285714,"contact_reachability":8.571428571428571,"contact_satisfaction":9,"autonomy":6.237623762376238},"metadata":{"satisfaction_count":359,"comprehension_count":334,"contact_count":35,"autonomy_count":101}}
