{"data":{"satisfaction":8.676470588235293,"comprehension":8.255208333333334,"contact":5,"contact_reachability":0.631578947368421,"contact_satisfaction":7.916666666666667,"autonomy":7.9787234042553195},"metadata":{"satisfaction_count":102,"comprehension_count":96,"contact_count":19,"contactReachability_count":19,"contactSatisfaction_count":12,"autonomy_count":94}}
