{"data":{"satisfaction":8.737373737373737,"comprehension":8.25268817204301,"contact":5.394736842105263,"contact_reachability":0.6842105263157895,"contact_satisfaction":7.884615384615385,"autonomy":8.021978021978022},"metadata":{"satisfaction_count":99,"comprehension_count":93,"contact_count":19,"contactReachability_count":19,"contactSatisfaction_count":13,"autonomy_count":91}}
