{"data":{"satisfaction":8.394495412844037,"comprehension":8.229508196721312,"contact":6.857142857142857,"contact_reachability":0.7857142857142857,"contact_satisfaction":8.727272727272727,"autonomy":7.254237288135593},"metadata":{"satisfaction_count":327,"comprehension_count":305,"contact_count":70,"contactReachability_count":70,"contactSatisfaction_count":55,"autonomy_count":295}}
