{"data":{"satisfaction":8.397435897435898,"comprehension":8.253424657534246,"contact":7.333333333333333,"contact_reachability":8.666666666666668,"contact_satisfaction":8.461538461538462,"autonomy":7.464788732394366},"metadata":{"satisfaction_count":78,"comprehension_count":73,"contact_count":15,"autonomy_count":71}}
