{"data":{"satisfaction":8.306188925081432,"comprehension":8.081597222222221,"contact":6.40625,"contact_reachability":0.7346938775510204,"contact_satisfaction":8.785714285714286,"autonomy":8.01418439716312},"metadata":{"satisfaction_count":307,"comprehension_count":288,"contact_count":48,"contactReachability_count":49,"contactSatisfaction_count":35,"autonomy_count":282}}
