{"data":{"satisfaction":8.285714285714286,"comprehension":8.53582554517134,"contact":7.549019607843137,"contact_reachability":0.8431372549019608,"contact_satisfaction":8.953488372093023,"autonomy":6.945812807881773},"metadata":{"satisfaction_count":350,"comprehension_count":321,"contact_count":51,"contactReachability_count":51,"contactSatisfaction_count":43,"autonomy_count":203}}
