{"data":{"satisfaction":8.08641975308642,"comprehension":7.905405405405405,"contact":8.382352941176471,"contact_reachability":0.8823529411764706,"contact_satisfaction":9.5,"autonomy":7.323943661971831},"metadata":{"satisfaction_count":81,"comprehension_count":74,"contact_count":17,"contactReachability_count":17,"contactSatisfaction_count":15,"autonomy_count":71}}
