{"data":{"satisfaction":8.54368932038835,"comprehension":8.144329896907216,"contact":5,"contact_reachability":0.631578947368421,"contact_satisfaction":7.916666666666667,"autonomy":7.894736842105263},"metadata":{"satisfaction_count":103,"comprehension_count":97,"contact_count":19,"contactReachability_count":19,"contactSatisfaction_count":12,"autonomy_count":95}}
