{"data":{"satisfaction":8.311897106109324,"comprehension":8.056506849315069,"contact":6.40625,"contact_reachability":0.7346938775510204,"contact_satisfaction":8.785714285714286,"autonomy":8.006993006993007},"metadata":{"satisfaction_count":311,"comprehension_count":292,"contact_count":48,"contactReachability_count":49,"contactSatisfaction_count":35,"autonomy_count":286}}
