{"data":{"satisfaction":8.37468982630273,"comprehension":8.873333333333333,"contact":7.738095238095238,"contact_reachability":0.8571428571428571,"contact_satisfaction":9.027777777777779,"autonomy":6.762589928057554},"metadata":{"satisfaction_count":403,"comprehension_count":375,"contact_count":42,"contactReachability_count":42,"contactSatisfaction_count":36,"autonomy_count":139}}
