{"data":{"satisfaction":8.327974276527332,"comprehension":8.578947368421053,"contact":7.833333333333333,"contact_reachability":0.8666666666666667,"contact_satisfaction":9.038461538461538,"autonomy":6.904761904761905},"metadata":{"satisfaction_count":311,"comprehension_count":285,"contact_count":45,"contactReachability_count":45,"contactSatisfaction_count":39,"autonomy_count":168}}
