{"data":{"satisfaction":8.636363636363637,"comprehension":8.666666666666666,"contact":7.403846153846154,"contact_reachability":8.461538461538462,"contact_satisfaction":8.75,"autonomy":6.142857142857143},"metadata":{"satisfaction_count":77,"comprehension_count":75,"contact_count":26,"autonomy_count":70}}
