{"data":{"satisfaction":8.663366336633663,"comprehension":8.236842105263158,"contact":5,"contact_reachability":0.631578947368421,"contact_satisfaction":7.916666666666667,"autonomy":7.956989247311828},"metadata":{"satisfaction_count":101,"comprehension_count":95,"contact_count":19,"contactReachability_count":19,"contactSatisfaction_count":12,"autonomy_count":93}}
