{"data":{"satisfaction":8.383838383838384,"comprehension":8.89945652173913,"contact":7.682926829268292,"contact_reachability":0.8536585365853658,"contact_satisfaction":9,"autonomy":6.7164179104477615},"metadata":{"satisfaction_count":396,"comprehension_count":368,"contact_count":41,"contactReachability_count":41,"contactSatisfaction_count":35,"autonomy_count":134}}
