{"data":{"satisfaction":8.246753246753247,"comprehension":8.159722222222221,"contact":8.235294117647058,"contact_reachability":0.8823529411764706,"contact_satisfaction":9.333333333333334,"autonomy":7.142857142857143},"metadata":{"satisfaction_count":77,"comprehension_count":72,"contact_count":17,"contactReachability_count":17,"contactSatisfaction_count":15,"autonomy_count":70}}
