{"data":{"satisfaction":5.327272727272727,"comprehension":5.286352558895207,"contact":3.7773722627737225,"contact_reachability":0.6195652173913043,"contact_satisfaction":6.124260355029586,"autonomy":6.16206589492431},"metadata":{"satisfaction_count":1375,"comprehension_count":1231,"contact_count":274,"contactReachability_count":276,"contactSatisfaction_count":169,"autonomy_count":1123}}
