{"data":{"satisfaction":5.2259887005649714,"comprehension":5.217633928571429,"contact":3.2779255319148937,"contact_reachability":5.552631578947368,"contact_satisfaction":5.954106280193237,"autonomy":6.379417234965902},"metadata":{"satisfaction_count":1947,"comprehension_count":1792,"contact_count":376,"autonomy_count":1613}}
