{"data":{"satisfaction":4.69665907365224,"comprehension":5.888722927557879,"contact":3.350371747211896,"contact_reachability":5.874769797421732,"contact_satisfaction":5.740445859872612,"autonomy":6.263636363636364},"metadata":{"satisfaction_count":13170,"comprehension_count":10712,"contact_count":538,"autonomy_count":2200}}
