{"data":{"satisfaction":4.606016192071468,"comprehension":6.033870826395583,"contact":3.6206896551724137,"autonomy":5.93900481540931},"metadata":{"satisfaction_count":14328,"comprehension_count":11411,"contact_count":174,"autonomy_count":623}}
