{"data":{"satisfaction":4.608189565578882,"comprehension":6.025796925214975,"contact":3.622448979591837,"autonomy":5.955056179775281},"metadata":{"satisfaction_count":14433,"comprehension_count":11513,"contact_count":196,"autonomy_count":712}}
