{"data":{"satisfaction":4.735686155710391,"comprehension":5.682443588332416,"contact":3.477482088024565,"contact_reachability":0.596757852077001,"contact_satisfaction":5.867875647668394,"autonomy":6.180981595092025},"metadata":{"satisfaction_count":13204,"comprehension_count":10902,"contact_count":977,"contactReachability_count":987,"contactSatisfaction_count":579,"autonomy_count":3912}}
