{"data":{"satisfaction":4.606905158069884,"comprehension":6.025078233657858,"contact":3.5362694300518136,"autonomy":5.974395448079658},"metadata":{"satisfaction_count":14424,"comprehension_count":11504,"contact_count":193,"autonomy_count":703}}
