{"data":{"satisfaction":4.691584316225693,"comprehension":5.687196896217265,"contact":3.4460260972716488,"contact_reachability":0.6002344665885111,"contact_satisfaction":5.786852589641434,"autonomy":6.164789567279194},"metadata":{"satisfaction_count":12548,"comprehension_count":10310,"contact_count":843,"contactReachability_count":853,"contactSatisfaction_count":502,"autonomy_count":3374}}
