{"data":{"satisfaction":5.084847876292801,"comprehension":5.047279362972794,"contact":3.390655418559377,"contact_reachability":0.5717005076142132,"contact_satisfaction":6.033487297921478,"autonomy":6.263250883392226},"metadata":{"satisfaction_count":9959,"comprehension_count":9042,"contact_count":1541,"contactReachability_count":1576,"contactSatisfaction_count":866,"autonomy_count":7924}}
