{"data":{"satisfaction":5.448756822316556,"comprehension":5.452586206896552,"contact":3.513745704467354,"contact_reachability":0.547945205479452,"contact_satisfaction":6.430817610062893,"autonomy":6.177777777777778},"metadata":{"satisfaction_count":1649,"comprehension_count":1508,"contact_count":291,"contactReachability_count":292,"contactSatisfaction_count":159,"autonomy_count":1350}}
