{"data":{"satisfaction":5.061822417346116,"comprehension":5.0037250422171455,"contact":3.4271523178807946,"contact_reachability":0.5706682436428149,"contact_satisfaction":6.088235294117647,"autonomy":6.26044725547775},"metadata":{"satisfaction_count":11161,"comprehension_count":10067,"contact_count":1661,"contactReachability_count":1691,"contactSatisfaction_count":935,"autonomy_count":8854}}
