{"data":{"satisfaction":4.712272231739605,"comprehension":5.6842254586722145,"contact":3.4555555555555557,"contact_reachability":0.6,"contact_satisfaction":5.802238805970149,"autonomy":6.186910704381586},"metadata":{"satisfaction_count":12842,"comprehension_count":10574,"contact_count":900,"contactReachability_count":910,"contactSatisfaction_count":536,"autonomy_count":3606}}
