{"data":{"satisfaction":5.089887640449438,"comprehension":5.071067593177511,"contact":3.5732647814910026,"contact_reachability":0.6142131979695431,"contact_satisfaction":5.864978902953586,"autonomy":5.9692092372288315},"metadata":{"satisfaction_count":1780,"comprehension_count":1583,"contact_count":389,"contactReachability_count":394,"contactSatisfaction_count":237,"autonomy_count":1429}}
