{"data":{"satisfaction":5.404224326292789,"comprehension":5.417005695687551,"contact":3.7224264705882355,"contact_reachability":0.6021897810218978,"contact_satisfaction":6.211656441717792,"autonomy":6.184560780834072},"metadata":{"satisfaction_count":1373,"comprehension_count":1229,"contact_count":272,"contactReachability_count":274,"contactSatisfaction_count":163,"autonomy_count":1127}}
