{"data":{"satisfaction":5.339702760084926,"comprehension":5.2703235990528805,"contact":3.884892086330935,"contact_reachability":0.6571428571428571,"contact_satisfaction":5.934065934065934,"autonomy":6.181818181818182},"metadata":{"satisfaction_count":1413,"comprehension_count":1267,"contact_count":278,"contactReachability_count":280,"contactSatisfaction_count":182,"autonomy_count":1155}}
