{"data":{"satisfaction":5.053709144326111,"comprehension":5.019720873786408,"contact":3.3761194029850747,"contact_reachability":0.5675043834015195,"contact_satisfaction":6.048128342245989,"autonomy":6.306996171249565},"metadata":{"satisfaction_count":10892,"comprehension_count":9888,"contact_count":1675,"contactReachability_count":1711,"contactSatisfaction_count":935,"autonomy_count":8619}}
