{"data":{"satisfaction":5.110499729388418,"comprehension":5.05922630947621,"contact":3.3811211340206184,"contact_reachability":0.5530832803560076,"contact_satisfaction":6.180800942285042,"autonomy":6.3292293661650705},"metadata":{"satisfaction_count":11086,"comprehension_count":10004,"contact_count":1552,"contactReachability_count":1573,"contactSatisfaction_count":849,"autonomy_count":8772}}
