{"data":{"satisfaction":5.1019225195633275,"comprehension":5.048746518105849,"contact":3.3763440860215055,"contact_reachability":0.5547703180212014,"contact_satisfaction":6.1568627450980395,"autonomy":6.3586358635863585},"metadata":{"satisfaction_count":10351,"comprehension_count":9334,"contact_count":1395,"contactReachability_count":1415,"contactSatisfaction_count":765,"autonomy_count":8181}}
