{"data":{"satisfaction":5.107023411371237,"comprehension":5.048148148148148,"contact":3.65,"contact_reachability":0.6242937853107344,"contact_satisfaction":5.887096774193548,"autonomy":5.697865353037767},"metadata":{"satisfaction_count":1495,"comprehension_count":1350,"contact_count":350,"contactReachability_count":354,"contactSatisfaction_count":217,"autonomy_count":1218}}
