{"data":{"satisfaction":5.357142857142857,"comprehension":5.3019323671497585,"contact":3.787037037037037,"contact_reachability":0.625,"contact_satisfaction":6.086309523809524,"autonomy":6.17828773168579},"metadata":{"satisfaction_count":1386,"comprehension_count":1242,"contact_count":270,"contactReachability_count":272,"contactSatisfaction_count":168,"autonomy_count":1133}}
