{"data":{"satisfaction":5.5444305381727155,"comprehension":5.460164835164835,"contact":3.617957746478873,"contact_reachability":0.5543859649122806,"contact_satisfaction":6.544585987261146,"autonomy":6.196319018404908},"metadata":{"satisfaction_count":1598,"comprehension_count":1456,"contact_count":284,"contactReachability_count":285,"contactSatisfaction_count":157,"autonomy_count":1304}}
