{"data":{"satisfaction":4.6164402360367776,"comprehension":6.020132211538462,"contact":3.622685185185185,"contact_reachability":6.513761467889908,"contact_satisfaction":5.589285714285714,"autonomy":6.103117505995204},"metadata":{"satisfaction_count":14574,"comprehension_count":11648,"contact_count":216,"autonomy_count":834}}
