{"data":{"satisfaction":4.625247220896133,"comprehension":6.017729287419025,"contact":3.6353711790393013,"contact_reachability":6.4935064935064934,"contact_satisfaction":5.625,"autonomy":6.210295728368018},"metadata":{"satisfaction_count":14663,"comprehension_count":11732,"contact_count":229,"autonomy_count":913}}
