{"data":{"satisfaction":5.179856115107913,"comprehension":5.1675603217158175,"contact":3.664285714285714,"contact_reachability":0.6197183098591549,"contact_satisfaction":5.965116279069767,"autonomy":6.09375},"metadata":{"satisfaction_count":1668,"comprehension_count":1492,"contact_count":350,"contactReachability_count":355,"contactSatisfaction_count":215,"autonomy_count":1344}}
