{"data":{"satisfaction":5.575275397796817,"comprehension":5.513860716700473,"contact":3.65625,"contact_reachability":0.5601659751037344,"contact_satisfaction":6.548507462686567,"autonomy":6.467513069454817},"metadata":{"satisfaction_count":1634,"comprehension_count":1479,"contact_count":240,"contactReachability_count":241,"contactSatisfaction_count":134,"autonomy_count":1339}}
