{"data":{"satisfaction":5.154358353510895,"comprehension":5.088510354041416,"contact":3.627320954907162,"contact_reachability":0.6194225721784777,"contact_satisfaction":5.894396551724138,"autonomy":5.82962962962963},"metadata":{"satisfaction_count":1652,"comprehension_count":1497,"contact_count":377,"contactReachability_count":381,"contactSatisfaction_count":232,"autonomy_count":1350}}
