{"data":{"satisfaction":4.629233034399679,"comprehension":5.993122134222593,"contact":3.3731617647058822,"contact_reachability":6.058394160583942,"contact_satisfaction":5.594512195121951,"autonomy":6.395450568678915},"metadata":{"satisfaction_count":14942,"comprehension_count":11995,"contact_count":272,"autonomy_count":1143}}
