{"data":{"satisfaction":5.591432225063938,"comprehension":5.551027639971651,"contact":3.8073394495412844,"contact_reachability":0.5799086757990868,"contact_satisfaction":6.587301587301587,"autonomy":6.569858712715855},"metadata":{"satisfaction_count":1564,"comprehension_count":1411,"contact_count":218,"contactReachability_count":219,"contactSatisfaction_count":126,"autonomy_count":1274}}
