{"data":{"satisfaction":4.727914651930309,"comprehension":5.68439914362841,"contact":3.5143769968051117,"contact_reachability":0.6048472075869337,"contact_satisfaction":5.851063829787234,"autonomy":6.1932572338731084},"metadata":{"satisfaction_count":13029,"comprehension_count":10743,"contact_count":939,"contactReachability_count":949,"contactSatisfaction_count":564,"autonomy_count":3767}}
