{"data":{"satisfaction":5.154997327632282,"comprehension":5.107416127133608,"contact":3.5513447432762835,"contact_reachability":0.6101694915254238,"contact_satisfaction":5.856854838709677,"autonomy":5.96995427824951},"metadata":{"satisfaction_count":1871,"comprehension_count":1699,"contact_count":409,"contactReachability_count":413,"contactSatisfaction_count":248,"autonomy_count":1531}}
