{"data":{"satisfaction":4.713363410080896,"comprehension":5.684565977141777,"contact":3.4617516629711753,"contact_reachability":0.6008771929824561,"contact_satisfaction":5.803903345724907,"autonomy":6.18232044198895},"metadata":{"satisfaction_count":12856,"comprehension_count":10587,"contact_count":902,"contactReachability_count":912,"contactSatisfaction_count":538,"autonomy_count":3620}}
