{"data":{"satisfaction":5.12273413897281,"comprehension":5.048071898840004,"contact":3.3989547038327528,"contact_reachability":0.5557083906464925,"contact_satisfaction":6.181875792141952,"autonomy":6.329431438127091},"metadata":{"satisfaction_count":10592,"comprehension_count":9569,"contact_count":1435,"contactReachability_count":1454,"contactSatisfaction_count":789,"autonomy_count":8372}}
