{"data":{"satisfaction":4.695398325266958,"comprehension":5.903486394557823,"contact":3.3213552361396306,"contact_reachability":5.833333333333334,"contact_satisfaction":5.73581560283688,"autonomy":6.336061627347135},"metadata":{"satisfaction_count":13017,"comprehension_count":10584,"contact_count":487,"autonomy_count":2077}}
