{"data":{"satisfaction":7.083333333333333,"comprehension":6.954887218045113,"contact":6.346153846153846,"contact_reachability":0.8888888888888888,"contact_satisfaction":7.173913043478261,"autonomy":6.71875},"metadata":{"satisfaction_count":144,"comprehension_count":133,"contact_count":26,"contactReachability_count":27,"contactSatisfaction_count":23,"autonomy_count":128}}
