{"data":{"satisfaction":6.2745098039215685,"comprehension":6.232394366197183,"contact":5.555555555555555,"contact_reachability":0.8333333333333334,"contact_satisfaction":6.666666666666667,"autonomy":6.541353383458647},"metadata":{"satisfaction_count":153,"comprehension_count":142,"contact_count":36,"contactReachability_count":36,"contactSatisfaction_count":30,"autonomy_count":133}}
