{"data":{"satisfaction":6.168582375478927,"comprehension":5.799180327868853,"contact":5.568181818181818,"contact_reachability":0.7878787878787878,"contact_satisfaction":7.0673076923076925,"autonomy":4.954954954954955},"metadata":{"satisfaction_count":261,"comprehension_count":244,"contact_count":66,"contactReachability_count":66,"contactSatisfaction_count":52,"autonomy_count":222}}
