{"data":{"satisfaction":5.972782258064516,"comprehension":5.972677595628415,"contact":5.433789954337899,"contact_reachability":0.8009049773755657,"contact_satisfaction":6.8,"autonomy":5.504252733900365},"metadata":{"satisfaction_count":992,"comprehension_count":915,"contact_count":219,"contactReachability_count":221,"contactSatisfaction_count":175,"autonomy_count":823}}
