{"data":{"satisfaction":4.155130293159609,"comprehension":5.433757661480434,"contact":5.357142857142857,"contact_reachability":7.969924812030075,"contact_satisfaction":6.721698113207547,"autonomy":4.882226980728052},"metadata":{"satisfaction_count":2456,"comprehension_count":2121,"contact_count":133,"autonomy_count":467}}
