{"data":{"satisfaction":6.324503311258278,"comprehension":6.205035971223022,"contact":5.172413793103448,"contact_reachability":0.8275862068965517,"contact_satisfaction":6.25,"autonomy":6.564885496183206},"metadata":{"satisfaction_count":151,"comprehension_count":139,"contact_count":29,"contactReachability_count":29,"contactSatisfaction_count":24,"autonomy_count":131}}
