{"data":{"satisfaction":6.818181818181818,"comprehension":6.352941176470588,"contact":4.833333333333333,"contact_reachability":0.7663551401869159,"contact_satisfaction":6.34375,"autonomy":5.763546798029557},"metadata":{"satisfaction_count":484,"comprehension_count":425,"contact_count":105,"contactReachability_count":107,"contactSatisfaction_count":80,"autonomy_count":406}}
