{"data":{"satisfaction":6.472081218274112,"comprehension":5.962643678160919,"contact":4.6022727272727275,"contact_reachability":0.7727272727272727,"contact_satisfaction":5.955882352941177,"autonomy":5.421686746987952},"metadata":{"satisfaction_count":197,"comprehension_count":174,"contact_count":44,"contactReachability_count":44,"contactSatisfaction_count":34,"autonomy_count":166}}
