{"data":{"satisfaction":4.010030527692979,"comprehension":5.3944698122780315,"contact":5.057471264367816,"contact_reachability":8.045977011494253,"contact_satisfaction":6.285714285714286,"autonomy":5.194805194805195},"metadata":{"satisfaction_count":2293,"comprehension_count":1971,"contact_count":87,"autonomy_count":308}}
