{"data":{"satisfaction":3.904494382022472,"comprehension":5.404774972557629,"contact":5.95,"autonomy":5.321637426900585},"metadata":{"satisfaction_count":2136,"comprehension_count":1822,"contact_count":50,"autonomy_count":171}}
