{"data":{"satisfaction":5.987460815047022,"comprehension":5.774410774410774,"contact":5.602409638554217,"contact_reachability":7.710843373493976,"contact_satisfaction":7.265625,"autonomy":4.7272727272727275},"metadata":{"satisfaction_count":319,"comprehension_count":297,"contact_count":83,"autonomy_count":275}}
