{"data":{"satisfaction":6.811594202898551,"comprehension":6.34433962264151,"contact":4.833333333333333,"contact_reachability":0.7663551401869159,"contact_satisfaction":6.34375,"autonomy":5.753086419753086},"metadata":{"satisfaction_count":483,"comprehension_count":424,"contact_count":105,"contactReachability_count":107,"contactSatisfaction_count":80,"autonomy_count":405}}
