{"data":{"satisfaction":4.187624750499002,"comprehension":5.429723502304148,"contact":5.3938356164383565,"contact_reachability":8.013698630136986,"contact_satisfaction":6.730769230769231,"autonomy":4.951076320939334},"metadata":{"satisfaction_count":2505,"comprehension_count":2170,"contact_count":146,"autonomy_count":511}}
