{"data":{"satisfaction":5.863930885529157,"comprehension":5.890771028037383,"contact":5.465686274509804,"contact_reachability":0.8106796116504854,"contact_satisfaction":6.757575757575758,"autonomy":5.443864229765013},"metadata":{"satisfaction_count":926,"comprehension_count":856,"contact_count":204,"contactReachability_count":206,"contactSatisfaction_count":165,"autonomy_count":766}}
