{"data":{"satisfaction":3.997802197802198,"comprehension":5.396825396825397,"contact":5.274390243902439,"contact_reachability":8.414634146341463,"contact_satisfaction":6.268115942028985,"autonomy":5.189003436426117},"metadata":{"satisfaction_count":2275,"comprehension_count":1953,"contact_count":82,"autonomy_count":291}}
