{"data":{"satisfaction":3.916589002795899,"comprehension":5.406881485527035,"contact":5.7075471698113205,"autonomy":5.363128491620111},"metadata":{"satisfaction_count":2146,"comprehension_count":1831,"contact_count":53,"autonomy_count":179}}
