{"data":{"satisfaction":4.232887490165224,"comprehension":5.4473206176203455,"contact":5.430463576158941,"contact_reachability":8.013245033112582,"contact_satisfaction":6.776859504132231,"autonomy":5.055350553505535},"metadata":{"satisfaction_count":2542,"comprehension_count":2202,"contact_count":151,"autonomy_count":542}}
