{"data":{"satisfaction":4.195859872611465,"comprehension":5.431985294117647,"contact":5.422297297297297,"contact_reachability":8.04054054054054,"contact_satisfaction":6.743697478991597,"autonomy":4.951456310679611},"metadata":{"satisfaction_count":2512,"comprehension_count":2176,"contact_count":148,"autonomy_count":515}}
