{"data":{"satisfaction":6.141078838174274,"comprehension":5.788888888888889,"contact":5.416666666666667,"contact_reachability":0.7833333333333333,"contact_satisfaction":6.914893617021277,"autonomy":5.024390243902439},"metadata":{"satisfaction_count":241,"comprehension_count":225,"contact_count":60,"contactReachability_count":60,"contactSatisfaction_count":47,"autonomy_count":205}}
