{"data":{"satisfaction":5.302158273381295,"comprehension":5.90204081632653,"contact":5.271428571428571,"contact_reachability":0.7942857142857143,"contact_satisfaction":6.636690647482014,"autonomy":5.256609642301711},"metadata":{"satisfaction_count":1390,"comprehension_count":1225,"contact_count":175,"contactReachability_count":175,"contactSatisfaction_count":139,"autonomy_count":643}}
