{"data":{"satisfaction":5.761494252873563,"comprehension":5.649847094801223,"contact":5.152439024390244,"contact_reachability":7.560975609756097,"contact_satisfaction":6.814516129032258,"autonomy":4.7194719471947195},"metadata":{"satisfaction_count":348,"comprehension_count":327,"contact_count":82,"autonomy_count":303}}
