{"data":{"satisfaction":3.925148334094021,"comprehension":5.38153681963714,"contact":5.15625,"autonomy":5.229357798165138},"metadata":{"satisfaction_count":2191,"comprehension_count":1874,"contact_count":64,"autonomy_count":218}}
