{"data":{"satisfaction":6.3311688311688314,"comprehension":6.258741258741258,"contact":5.483870967741935,"contact_reachability":0.8387096774193549,"contact_satisfaction":6.538461538461538,"autonomy":6.567164179104478},"metadata":{"satisfaction_count":154,"comprehension_count":143,"contact_count":31,"contactReachability_count":31,"contactSatisfaction_count":26,"autonomy_count":134}}
