{"data":{"satisfaction":6.822916666666667,"comprehension":6.365795724465558,"contact":4.8798076923076925,"contact_reachability":0.7735849056603774,"contact_satisfaction":6.34375,"autonomy":5.7711442786069655},"metadata":{"satisfaction_count":480,"comprehension_count":421,"contact_count":104,"contactReachability_count":106,"contactSatisfaction_count":80,"autonomy_count":402}}
