{"data":{"satisfaction":5.308022922636103,"comprehension":5.90650406504065,"contact":5.308988764044944,"contact_reachability":0.797752808988764,"contact_satisfaction":6.654929577464789,"autonomy":5.246913580246914},"metadata":{"satisfaction_count":1396,"comprehension_count":1230,"contact_count":178,"contactReachability_count":178,"contactSatisfaction_count":142,"autonomy_count":648}}
