{"data":{"satisfaction":6.808695652173913,"comprehension":6.4522417153996106,"contact":5.196850393700787,"contact_reachability":0.7906976744186046,"contact_satisfaction":6.6,"autonomy":6.0285132382892055},"metadata":{"satisfaction_count":575,"comprehension_count":513,"contact_count":127,"contactReachability_count":129,"contactSatisfaction_count":100,"autonomy_count":491}}
