{"data":{"satisfaction":8.319664661928194,"comprehension":7.950387751043945,"contact":5.679916317991632,"contact_reachability":0.7361111111111112,"contact_satisfaction":7.727703984819734,"autonomy":5.799381848833942},"metadata":{"satisfaction_count":5487,"comprehension_count":5029,"contact_count":717,"contactReachability_count":720,"contactSatisfaction_count":527,"autonomy_count":3559}}
