{"data":{"satisfaction":7.924757281553398,"comprehension":7.864721485411141,"contact":3.9634146341463414,"contact_reachability":0.4878048780487805,"contact_satisfaction":8.125,"autonomy":7.617728531855955},"metadata":{"satisfaction_count":412,"comprehension_count":377,"contact_count":41,"contactReachability_count":41,"contactSatisfaction_count":20,"autonomy_count":361}}
