{"data":{"satisfaction":8.064516129032258,"comprehension":7.790697674418604,"contact":2.272727272727273,"contact_reachability":0.2727272727272727,"contact_satisfaction":8.333333333333334,"autonomy":7.831325301204819},"metadata":{"satisfaction_count":93,"comprehension_count":86,"contact_count":11,"contactReachability_count":11,"contactSatisfaction_count":3,"autonomy_count":83}}
