{"data":{"satisfaction":8,"comprehension":7.9245283018867925,"contact":4.7727272727272725,"contact_reachability":7.272727272727273,"contact_satisfaction":6.5625,"autonomy":7.755102040816326},"metadata":{"satisfaction_count":120,"comprehension_count":106,"contact_count":11,"autonomy_count":98}}
