{"data":{"satisfaction":8.01526717557252,"comprehension":7.913043478260869,"contact":4.7727272727272725,"contact_reachability":7.272727272727273,"contact_satisfaction":6.5625,"autonomy":7.830188679245283},"metadata":{"satisfaction_count":131,"comprehension_count":115,"contact_count":11,"autonomy_count":106}}
