{"data":{"satisfaction":8.03754266211604,"comprehension":8.03903345724907,"contact":3.629032258064516,"contact_reachability":0.4838709677419355,"contact_satisfaction":7.5,"autonomy":7.7011494252873565},"metadata":{"satisfaction_count":293,"comprehension_count":269,"contact_count":31,"contactReachability_count":31,"contactSatisfaction_count":15,"autonomy_count":261}}
