{"data":{"satisfaction":7.6020408163265305,"comprehension":7.640449438202247,"contact":4.7727272727272725,"contact_reachability":7.272727272727273,"contact_satisfaction":6.5625,"autonomy":7.529411764705882},"metadata":{"satisfaction_count":98,"comprehension_count":89,"contact_count":11,"autonomy_count":85}}
