{"data":{"satisfaction":8.047945205479452,"comprehension":8.059701492537313,"contact":3.629032258064516,"contact_reachability":0.4838709677419355,"contact_satisfaction":7.5,"autonomy":7.730769230769231},"metadata":{"satisfaction_count":292,"comprehension_count":268,"contact_count":31,"contactReachability_count":31,"contactSatisfaction_count":15,"autonomy_count":260}}
