{"data":{"satisfaction":7.731958762886598,"comprehension":7.528735632183908,"contact":1.6666666666666667,"contact_reachability":0.2222222222222222,"contact_satisfaction":7.5,"autonomy":7.777777777777778},"metadata":{"satisfaction_count":97,"comprehension_count":87,"contact_count":9,"contactReachability_count":9,"contactSatisfaction_count":2,"autonomy_count":81}}
