{"data":{"satisfaction":8.421052631578947,"comprehension":8.285714285714286,"contact":6.071428571428571,"contact_reachability":0.7142857142857143,"contact_satisfaction":8.5,"autonomy":8.365384615384615},"metadata":{"satisfaction_count":114,"comprehension_count":105,"contact_count":7,"contactReachability_count":7,"contactSatisfaction_count":5,"autonomy_count":104}}
