{"data":{"satisfaction":7.777777777777778,"comprehension":7.529761904761905,"contact":3.8333333333333335,"contact_reachability":0.4666666666666667,"contact_satisfaction":8.214285714285714,"autonomy":7.594936708860759},"metadata":{"satisfaction_count":90,"comprehension_count":84,"contact_count":15,"contactReachability_count":15,"contactSatisfaction_count":7,"autonomy_count":79}}
