{"data":{"satisfaction":7.921348314606742,"comprehension":7.561728395061729,"contact":3.8333333333333335,"contact_reachability":0.4666666666666667,"contact_satisfaction":8.214285714285714,"autonomy":7.5},"metadata":{"satisfaction_count":89,"comprehension_count":81,"contact_count":15,"contactReachability_count":15,"contactSatisfaction_count":7,"autonomy_count":76}}
