{"data":{"satisfaction":8.293650793650794,"comprehension":8.10344827586207,"contact":4.642857142857143,"contact_reachability":0.5714285714285714,"contact_satisfaction":8.125,"autonomy":8.275862068965518},"metadata":{"satisfaction_count":126,"comprehension_count":116,"contact_count":7,"contactReachability_count":7,"contactSatisfaction_count":4,"autonomy_count":116}}
