{"data":{"satisfaction":8.235294117647058,"comprehension":8.25,"contact":5.416666666666667,"contact_reachability":8.333333333333334,"contact_satisfaction":6.5,"autonomy":8.208955223880597},"metadata":{"satisfaction_count":102,"comprehension_count":90,"contact_count":6,"autonomy_count":67}}
