{"data":{"satisfaction":8.278688524590164,"comprehension":8.147321428571429,"contact":4.642857142857143,"contact_reachability":0.5714285714285714,"contact_satisfaction":8.125,"autonomy":8.303571428571429},"metadata":{"satisfaction_count":122,"comprehension_count":112,"contact_count":7,"contactReachability_count":7,"contactSatisfaction_count":4,"autonomy_count":112}}
