{"data":{"satisfaction":7.222222222222222,"comprehension":7.205882352941177,"contact":2.5,"contact_reachability":6.666666666666666,"contact_satisfaction":3.75,"autonomy":6.470588235294118},"metadata":{"satisfaction_count":18,"comprehension_count":17,"contact_count":3,"autonomy_count":17}}
