{"data":{"satisfaction":7.948717948717949,"comprehension":7.635135135135135,"contact":2.5,"contact_reachability":7.5,"contact_satisfaction":3.3333333333333335,"autonomy":7.5675675675675675},"metadata":{"satisfaction_count":39,"comprehension_count":37,"contact_count":4,"autonomy_count":37}}
