{"data":{"satisfaction":7.758620689655173,"comprehension":7.836538461538462,"contact":5.416666666666667,"contact_reachability":0.6666666666666666,"contact_satisfaction":8.125,"autonomy":8.03921568627451},"metadata":{"satisfaction_count":58,"comprehension_count":52,"contact_count":6,"contactReachability_count":6,"contactSatisfaction_count":4,"autonomy_count":51}}
