{"data":{"satisfaction":9.244232299124901,"comprehension":8.799101546176347,"contact":6.521493212669683,"contact_reachability":0.827354260089686,"contact_satisfaction":7.897260273972603,"autonomy":7.839900969671962},"metadata":{"satisfaction_count":5028,"comprehension_count":4786,"contact_count":442,"contactReachability_count":446,"contactSatisfaction_count":365,"autonomy_count":4847}}
