{"data":{"satisfaction":9.232021517553793,"comprehension":9.022570300937346,"contact":6.365448504983389,"contact_reachability":0.8050231328486451,"contact_satisfaction":7.917355371900826,"autonomy":7.82116466680225},"metadata":{"satisfaction_count":21192,"comprehension_count":20270,"contact_count":1505,"contactReachability_count":1513,"contactSatisfaction_count":1210,"autonomy_count":14751}}
