{"data":{"satisfaction":9.20344144231234,"comprehension":9.235822784810127,"contact":6.343360995850622,"contact_reachability":0.7997936016511867,"contact_satisfaction":7.941558441558442,"autonomy":7.677499716906353},"metadata":{"satisfaction_count":20689,"comprehension_count":19750,"contact_count":964,"contactReachability_count":969,"contactSatisfaction_count":770,"autonomy_count":8831}}
