{"data":{"satisfaction":9.206978588421887,"comprehension":8.890544567867787,"contact":6.231481481481482,"contact_reachability":0.8051470588235294,"contact_satisfaction":7.753456221198157,"autonomy":8.014223194748359},"metadata":{"satisfaction_count":3783,"comprehension_count":3691,"contact_count":270,"contactReachability_count":272,"contactSatisfaction_count":217,"autonomy_count":3656}}
