{"data":{"satisfaction":9.219187675070028,"comprehension":8.83256034868127,"contact":6.4623188405797105,"contact_reachability":0.8061398521887436,"contact_satisfaction":8.054552023121387,"autonomy":7.784444569057365},"metadata":{"satisfaction_count":18564,"comprehension_count":17896,"contact_count":1725,"contactReachability_count":1759,"contactSatisfaction_count":1384,"autonomy_count":17833}}
