{"data":{"satisfaction":9.228688622042563,"comprehension":8.828250401284109,"contact":6.385093167701863,"contact_reachability":0.8059332509270705,"contact_satisfaction":7.932098765432099,"autonomy":7.704555234523883},"metadata":{"satisfaction_count":16822,"comprehension_count":16198,"contact_count":1610,"contactReachability_count":1618,"contactSatisfaction_count":1296,"autonomy_count":16267}}
