{"data":{"satisfaction":9.223663522012579,"comprehension":8.83217740995454,"contact":6.482035928143713,"contact_reachability":0.8086854460093896,"contact_satisfaction":8.054315476190476,"autonomy":7.857649982250622},"metadata":{"satisfaction_count":17808,"comprehension_count":17158,"contact_count":1670,"contactReachability_count":1704,"contactSatisfaction_count":1344,"autonomy_count":16902}}
