{"data":{"satisfaction":9.22161172161172,"comprehension":8.828709754069147,"contact":6.484709480122324,"contact_reachability":0.8076692630317556,"contact_satisfaction":8.068873668188736,"autonomy":7.627049180327869},"metadata":{"satisfaction_count":17472,"comprehension_count":16834,"contact_count":1635,"contactReachability_count":1669,"contactSatisfaction_count":1314,"autonomy_count":17080}}
