{"data":{"satisfaction":9.172624503513596,"comprehension":8.834048189731298,"contact":6.337164750957855,"contact_reachability":0.8025621703089676,"contact_satisfaction":7.929050814956855,"autonomy":7.868780273007486},"metadata":{"satisfaction_count":16365,"comprehension_count":15854,"contact_count":1305,"contactReachability_count":1327,"contactSatisfaction_count":1043,"autonomy_count":15897}}
