{"data":{"satisfaction":9.208818263205014,"comprehension":8.885701170530181,"contact":6.716524216524217,"contact_reachability":0.8287292817679558,"contact_satisfaction":8.157439446366782,"autonomy":7.83963344788087},"metadata":{"satisfaction_count":4468,"comprehension_count":4357,"contact_count":351,"contactReachability_count":362,"contactSatisfaction_count":289,"autonomy_count":4365}}
