{"data":{"satisfaction":9.239099047069015,"comprehension":8.72181031819586,"contact":6.447784810126582,"contact_reachability":0.804416403785489,"contact_satisfaction":8.021653543307087,"autonomy":7.7445408315883935},"metadata":{"satisfaction_count":3463,"comprehension_count":3237,"contact_count":316,"contactReachability_count":317,"contactSatisfaction_count":254,"autonomy_count":3343}}
