{"data":{"satisfaction":9.213612565445025,"comprehension":8.825965350567534,"contact":6.444823663253698,"contact_reachability":0.8046875,"contact_satisfaction":8.046875,"autonomy":7.76726996032393},"metadata":{"satisfaction_count":19100,"comprehension_count":18413,"contact_count":1758,"contactReachability_count":1792,"contactSatisfaction_count":1408,"autonomy_count":18399}}
