{"data":{"satisfaction":9.231351760696706,"comprehension":8.857391640866872,"contact":6.333892617449664,"contact_reachability":8.033613445378151,"contact_satisfaction":7.881002087682672,"autonomy":7.629788061442738},"metadata":{"satisfaction_count":5282,"comprehension_count":5168,"contact_count":596,"autonomy_count":5143}}
