{"data":{"satisfaction":9.200219719857182,"comprehension":9.293396986080754,"contact":6.2306610407876235,"contact_reachability":7.899159663865546,"contact_satisfaction":7.896613190730838,"autonomy":7.708886459472122},"metadata":{"satisfaction_count":18205,"comprehension_count":17386,"contact_count":711,"autonomy_count":6403}}
