{"data":{"satisfaction":9.252841438419974,"comprehension":8.711879609328284,"contact":6.352880658436214,"contact_reachability":0.7991803278688525,"contact_satisfaction":7.957474226804123,"autonomy":7.773505095174005},"metadata":{"satisfaction_count":5367,"comprehension_count":5017,"contact_count":486,"contactReachability_count":488,"contactSatisfaction_count":388,"autonomy_count":5201}}
