{"data":{"satisfaction":9.212037375371926,"comprehension":8.82492284368401,"contact":6.446621237932993,"contact_reachability":0.8050139275766016,"contact_satisfaction":8.045712260807937,"autonomy":7.723060344827586},"metadata":{"satisfaction_count":19157,"comprehension_count":18469,"contact_count":1761,"contactReachability_count":1795,"contactSatisfaction_count":1411,"autonomy_count":18560}}
