{"data":{"satisfaction":9.248202875399361,"comprehension":8.786377056094475,"contact":6.48542600896861,"contact_reachability":0.8214285714285714,"contact_satisfaction":7.9030054644808745,"autonomy":7.825005183495749},"metadata":{"satisfaction_count":5008,"comprehension_count":4742,"contact_count":446,"contactReachability_count":448,"contactSatisfaction_count":366,"autonomy_count":4823}}
