{"data":{"satisfaction":9.230986978675222,"comprehension":8.857280617164898,"contact":6.335845896147403,"contact_reachability":8.036912751677853,"contact_satisfaction":7.880208333333333,"autonomy":7.6228239845261125},"metadata":{"satisfaction_count":5299,"comprehension_count":5185,"contact_count":597,"autonomy_count":5170}}
