{"data":{"satisfaction":9.19955725932725,"comprehension":9.284684939248375,"contact":6.264861294583884,"contact_reachability":7.947368421052632,"contact_satisfaction":7.891014975041597,"autonomy":7.655438492357916},"metadata":{"satisfaction_count":18521,"comprehension_count":17695,"contact_count":757,"autonomy_count":6739}}
