{"data":{"satisfaction":9.203726651062462,"comprehension":9.204403121688024,"contact":6.321157495256167,"contact_reachability":0.7977315689981096,"contact_satisfaction":7.931547619047619,"autonomy":7.65736730788599},"metadata":{"satisfaction_count":21789,"comprehension_count":20758,"contact_count":1054,"contactReachability_count":1058,"contactSatisfaction_count":840,"autonomy_count":9929}}
