{"data":{"satisfaction":9.177068885806749,"comprehension":8.878676470588236,"contact":6.65680473372781,"contact_reachability":0.8314285714285714,"contact_satisfaction":8.064516129032258,"autonomy":7.8014688462449655},"metadata":{"satisfaction_count":4326,"comprehension_count":4216,"contact_count":338,"contactReachability_count":350,"contactSatisfaction_count":279,"autonomy_count":4221}}
