{"data":{"satisfaction":9.231396383041803,"comprehension":9.02957295005687,"contact":6.3782940360610265,"contact_reachability":0.8038674033149171,"contact_satisfaction":7.942573402417962,"autonomy":7.6182420525833505},"metadata":{"satisfaction_count":20238,"comprehension_count":19342,"contact_count":1442,"contactReachability_count":1448,"contactSatisfaction_count":1158,"autonomy_count":14187}}
