{"data":{"satisfaction":9.198616708419562,"comprehension":9.287383843566502,"contact":6.205842391304348,"contact_reachability":7.889039242219216,"contact_satisfaction":7.875,"autonomy":7.688557062319061},"metadata":{"satisfaction_count":18362,"comprehension_count":17541,"contact_count":736,"autonomy_count":6563}}
