{"data":{"satisfaction":9.177392932366018,"comprehension":8.869904076738608,"contact":6.370716510903427,"contact_reachability":0.8126888217522659,"contact_satisfaction":7.895752895752896,"autonomy":7.827536922343973},"metadata":{"satisfaction_count":4273,"comprehension_count":4170,"contact_count":321,"contactReachability_count":331,"contactSatisfaction_count":259,"autonomy_count":4198}}
