{"data":{"satisfaction":9.162080173347778,"comprehension":9.403119718631526,"contact":6.3520408163265305,"contact_reachability":7.991886409736308,"contact_satisfaction":7.960358056265985,"autonomy":7.733454215775159},"metadata":{"satisfaction_count":23075,"comprehension_count":21893,"contact_count":490,"autonomy_count":4412}}
