{"data":{"satisfaction":9.227604264073312,"comprehension":8.845381526104418,"contact":6.266666666666667,"contact_reachability":7.95,"contact_satisfaction":7.882599580712788,"autonomy":7.598929458994456},"metadata":{"satisfaction_count":5347,"comprehension_count":5229,"contact_count":600,"autonomy_count":5231}}
