{"data":{"satisfaction":9.157634574395718,"comprehension":9.432372930027759,"contact":6.436855670103093,"contact_reachability":8.107416879795396,"contact_satisfaction":7.953821656050955,"autonomy":7.74948785484343},"metadata":{"satisfaction_count":22051,"comprehension_count":20894,"contact_count":388,"autonomy_count":3417}}
