{"data":{"satisfaction":9.195250659630608,"comprehension":8.893533316941234,"contact":6.543408360128617,"contact_reachability":0.8260869565217391,"contact_satisfaction":7.980392156862745,"autonomy":7.872235872235872},"metadata":{"satisfaction_count":4169,"comprehension_count":4067,"contact_count":311,"contactReachability_count":322,"contactSatisfaction_count":255,"autonomy_count":4070}}
