{"data":{"satisfaction":9.066227244193346,"comprehension":8.805474570780694,"contact":5.856854838709677,"contact_reachability":0.7738095238095238,"contact_satisfaction":7.604712041884817,"autonomy":7.964774951076321},"metadata":{"satisfaction_count":3186,"comprehension_count":3087,"contact_count":248,"contactReachability_count":252,"contactSatisfaction_count":191,"autonomy_count":3066}}
