{"data":{"satisfaction":9.190042075736326,"comprehension":8.893747005270724,"contact":6.501572327044025,"contact_reachability":0.8206686930091185,"contact_satisfaction":7.982625482625482,"autonomy":7.862777910590485},"metadata":{"satisfaction_count":4278,"comprehension_count":4174,"contact_count":318,"contactReachability_count":329,"contactSatisfaction_count":259,"autonomy_count":4183}}
