{"data":{"satisfaction":9.228966417467664,"comprehension":8.828948179185408,"contact":6.385785226567349,"contact_reachability":0.8060531192093885,"contact_satisfaction":7.931765612952969,"autonomy":7.709164569394144},"metadata":{"satisfaction_count":16854,"comprehension_count":16229,"contact_count":1611,"contactReachability_count":1619,"contactSatisfaction_count":1297,"autonomy_count":16291}}
