{"data":{"satisfaction":9.161507047819786,"comprehension":9.41042322652343,"contact":6.446784922394679,"contact_reachability":8.105726872246695,"contact_satisfaction":7.965753424657534,"autonomy":7.757236682072488},"metadata":{"satisfaction_count":22773,"comprehension_count":21596,"contact_count":451,"autonomy_count":4111}}
