{
  "data": {
    "satisfaction": 9.153231770448158,
    "comprehension": 9.483118509627928,
    "contact": 6.162790697674419,
    "autonomy": 7.828106852497096
  },
  "metadata": {
    "satisfaction_count": 20283,
    "comprehension_count": 19163,
    "contact_count": 172,
    "autonomy_count": 1722
  }
}
