{"data":{"satisfaction":9.204667444574095,"comprehension":9.215491923641704,"contact":6.323099415204679,"contact_reachability":0.7980582524271844,"contact_satisfaction":7.930929095354523,"autonomy":7.653870227414981},"metadata":{"satisfaction_count":21425,"comprehension_count":20430,"contact_count":1026,"contactReachability_count":1030,"contactSatisfaction_count":818,"autonomy_count":9586}}
