{"data":{"satisfaction":9.219155142610198,"comprehension":8.83265157458254,"contact":6.483420593368237,"contact_reachability":0.8083285795778665,"contact_satisfaction":8.058568329718005,"autonomy":7.78740157480315},"metadata":{"satisfaction_count":18512,"comprehension_count":17846,"contact_count":1719,"contactReachability_count":1753,"contactSatisfaction_count":1383,"autonomy_count":17780}}
