{"data":{"satisfaction":9.181758096497026,"comprehension":8.838755882954779,"contact":6.385892116182573,"contact_reachability":0.8073469387755102,"contact_satisfaction":7.9411764705882355,"autonomy":8.065797727747961},"metadata":{"satisfaction_count":15130,"comprehension_count":14661,"contact_count":1205,"contactReachability_count":1225,"contactSatisfaction_count":969,"autonomy_count":14347}}
