{"data":{"satisfaction":9.154863740475857,"comprehension":9.452141057934508,"contact":6.361464968152866,"autonomy":7.736728837876614},"metadata":{"satisfaction_count":21393,"comprehension_count":20247,"contact_count":314,"autonomy_count":2788}}
