{"data":{"satisfaction":9.203889616373248,"comprehension":9.23858383704983,"contact":6.347962382445141,"contact_reachability":8.004158004158004,"contact_satisfaction":7.9411764705882355,"autonomy":7.669858641130871},"metadata":{"satisfaction_count":20619,"comprehension_count":19687,"contact_count":957,"autonomy_count":8772}}
