{"data":{"satisfaction":9.173581867723557,"comprehension":8.837265055619486,"contact":6.328916601714731,"contact_reachability":0.8006134969325154,"contact_satisfaction":7.937438905180841,"autonomy":7.858325901388712},"metadata":{"satisfaction_count":16148,"comprehension_count":15642,"contact_count":1283,"contactReachability_count":1304,"contactSatisfaction_count":1023,"autonomy_count":15698}}
