{"data":{"satisfaction":9.18868799258229,"comprehension":8.88486216730038,"contact":6.442901234567901,"contact_reachability":0.8149253731343283,"contact_satisfaction":7.967557251908397,"autonomy":7.832151300236407},"metadata":{"satisfaction_count":4314,"comprehension_count":4208,"contact_count":324,"contactReachability_count":335,"contactSatisfaction_count":262,"autonomy_count":4230}}
