{"data":{"satisfaction":9.2168,"comprehension":8.830346277243057,"contact":6.448126801152738,"contact_reachability":0.8049745618993782,"contact_satisfaction":8.048561151079136,"autonomy":7.750151942096249},"metadata":{"satisfaction_count":18750,"comprehension_count":18078,"contact_count":1735,"contactReachability_count":1769,"contactSatisfaction_count":1390,"autonomy_count":18099}}
