{"data":{"satisfaction":9.239583333333334,"comprehension":8.866189000774593,"contact":6.398963730569948,"contact_reachability":8.096885813148788,"contact_satisfaction":7.899786780383796,"autonomy":7.618862042088854},"metadata":{"satisfaction_count":5280,"comprehension_count":5164,"contact_count":579,"autonomy_count":5132}}
