{"data":{"satisfaction":9.576502732240437,"comprehension":9.015873015873016,"contact":5.491803278688525,"contact_reachability":0.6721311475409836,"contact_satisfaction":8.170731707317072,"autonomy":6.574074074074074},"metadata":{"satisfaction_count":366,"comprehension_count":315,"contact_count":61,"contactReachability_count":61,"contactSatisfaction_count":41,"autonomy_count":324}}
