{"data":{"satisfaction":9.590504451038576,"comprehension":9.268867924528301,"contact":6.924686192468619,"contact_reachability":0.7909836065573771,"contact_satisfaction":8.803191489361701,"autonomy":6.1678594664931685},"metadata":{"satisfaction_count":1685,"comprehension_count":1590,"contact_count":239,"contactReachability_count":244,"contactSatisfaction_count":188,"autonomy_count":1537}}
