{"data":{"satisfaction":9.600340136054422,"comprehension":9.338503649635037,"contact":5.3164556962025316,"contact_reachability":6.875,"contact_satisfaction":7.777777777777778,"autonomy":6.567164179104478},"metadata":{"satisfaction_count":588,"comprehension_count":548,"contact_count":79,"autonomy_count":402}}
