{"data":{"satisfaction":9.595300261096606,"comprehension":9.033923303834808,"contact":5.674603174603175,"contact_reachability":0.6825396825396826,"contact_satisfaction":8.313953488372093,"autonomy":6.29080118694362},"metadata":{"satisfaction_count":383,"comprehension_count":339,"contact_count":63,"contactReachability_count":63,"contactSatisfaction_count":43,"autonomy_count":337}}
