{"data":{"satisfaction":9.577464788732394,"comprehension":9.251700680272108,"contact":6.978260869565218,"contact_reachability":0.7957446808510639,"contact_satisfaction":8.81868131868132,"autonomy":6.143057503506311},"metadata":{"satisfaction_count":1562,"comprehension_count":1470,"contact_count":230,"contactReachability_count":235,"contactSatisfaction_count":182,"autonomy_count":1426}}
