{"data":{"satisfaction":9.582850521436848,"comprehension":9.182692307692308,"contact":5.5576923076923075,"contact_reachability":0.7022900763358778,"contact_satisfaction":7.93956043956044,"autonomy":6.580459770114943},"metadata":{"satisfaction_count":863,"comprehension_count":780,"contact_count":130,"contactReachability_count":131,"contactSatisfaction_count":91,"autonomy_count":696}}
