{
  "data": {
    "satisfaction": 9.63265306122449,
    "comprehension": 9.680365296803654,
    "contact": 3.5714285714285716,
    "autonomy": 6.527777777777778
  },
  "metadata": {
    "satisfaction_count": 245,
    "comprehension_count": 219,
    "contact_count": 14,
    "autonomy_count": 72
  }
}
