{"data":{"satisfaction":9.626086956521739,"comprehension":9.447026022304833,"contact":7.55,"contact_reachability":0.8316831683168316,"contact_satisfaction":9.096385542168674,"autonomy":5.5899419729206965},"metadata":{"satisfaction_count":575,"comprehension_count":538,"contact_count":100,"contactReachability_count":101,"contactSatisfaction_count":83,"autonomy_count":517}}
