{"data":{"satisfaction":9.615384615384615,"comprehension":9.330835117773018,"contact":7.014925373134329,"contact_reachability":0.8208955223880597,"contact_satisfaction":8.545454545454545,"autonomy":6.039823008849558},"metadata":{"satisfaction_count":494,"comprehension_count":467,"contact_count":67,"contactReachability_count":67,"contactSatisfaction_count":55,"autonomy_count":452}}
