{"data":{"satisfaction":9.583333333333334,"comprehension":9.13818359375,"contact":6.2354651162790695,"contact_reachability":0.7307692307692307,"contact_satisfaction":8.71951219512195,"autonomy":6.331006979062812},"metadata":{"satisfaction_count":1104,"comprehension_count":1024,"contact_count":172,"contactReachability_count":182,"contactSatisfaction_count":123,"autonomy_count":1003}}
