{"data":{"satisfaction":9.582857142857144,"comprehension":9.188762626262626,"contact":5.5534351145038165,"contact_reachability":0.7045454545454546,"contact_satisfaction":7.907608695652174,"autonomy":6.562942008486563},"metadata":{"satisfaction_count":875,"comprehension_count":792,"contact_count":131,"contactReachability_count":132,"contactSatisfaction_count":92,"autonomy_count":707}}
