{"data":{"satisfaction":9.576502732240437,"comprehension":9.033018867924529,"contact":5.892857142857143,"contact_reachability":0.7142857142857143,"contact_satisfaction":8.25,"autonomy":6.533742331288344},"metadata":{"satisfaction_count":366,"comprehension_count":318,"contact_count":56,"contactReachability_count":56,"contactSatisfaction_count":40,"autonomy_count":326}}
