{"data":{"satisfaction":9.623217922606925,"comprehension":9.418859649122806,"contact":5.677966101694915,"contact_reachability":7.333333333333333,"contact_satisfaction":7.790697674418604,"autonomy":6.527331189710611},"metadata":{"satisfaction_count":491,"comprehension_count":456,"contact_count":59,"autonomy_count":311}}
