{"data":{"satisfaction":9.556737588652481,"comprehension":8.91566265060241,"contact":5.423728813559322,"contact_reachability":0.6779661016949152,"contact_satisfaction":8,"autonomy":6.627450980392157},"metadata":{"satisfaction_count":282,"comprehension_count":249,"contact_count":59,"contactReachability_count":59,"contactSatisfaction_count":40,"autonomy_count":255}}
