{"data":{"satisfaction":9.606440071556351,"comprehension":9.291744840525329,"contact":7.890625,"contact_reachability":0.8842105263157894,"contact_satisfaction":8.911764705882353,"autonomy":6.0271317829457365},"metadata":{"satisfaction_count":559,"comprehension_count":533,"contact_count":96,"contactReachability_count":95,"contactSatisfaction_count":85,"autonomy_count":516}}
