{"data":{"satisfaction":9.573110893032384,"comprehension":9.16217672413793,"contact":5.740131578947368,"contact_reachability":0.7077922077922078,"contact_satisfaction":8.154205607476635,"autonomy":6.447368421052632},"metadata":{"satisfaction_count":1019,"comprehension_count":928,"contact_count":152,"contactReachability_count":154,"contactSatisfaction_count":107,"autonomy_count":836}}
