{"data":{"satisfaction":9.482758620689655,"comprehension":9.081818181818182,"contact":7.22972972972973,"contact_reachability":0.7894736842105263,"contact_satisfaction":9.224137931034482,"autonomy":5.8396946564885495},"metadata":{"satisfaction_count":290,"comprehension_count":275,"contact_count":37,"contactReachability_count":38,"contactSatisfaction_count":29,"autonomy_count":262}}
