{"data":{"satisfaction":9.645922746781116,"comprehension":9.435483870967742,"contact":5.7,"contact_reachability":7.254901960784314,"contact_satisfaction":7.916666666666667,"autonomy":6.505190311418685},"metadata":{"satisfaction_count":466,"comprehension_count":434,"contact_count":50,"autonomy_count":289}}
