{"data":{"satisfaction":9.61139896373057,"comprehension":9.177897574123989,"contact":6.818181818181818,"contact_reachability":0.7719298245614035,"contact_satisfaction":8.928571428571429,"autonomy":5.746478873239437},"metadata":{"satisfaction_count":386,"comprehension_count":371,"contact_count":55,"contactReachability_count":57,"contactSatisfaction_count":42,"autonomy_count":355}}
