{"data":{"satisfaction":9.609120521172638,"comprehension":9.0625,"contact":5.689655172413793,"contact_reachability":0.7241379310344828,"contact_satisfaction":7.857142857142857,"autonomy":6.936619718309859},"metadata":{"satisfaction_count":307,"comprehension_count":288,"contact_count":58,"contactReachability_count":58,"contactSatisfaction_count":42,"autonomy_count":284}}
