{"data":{"satisfaction":9.619341563786008,"comprehension":9.420529801324504,"contact":5.677966101694915,"contact_reachability":7.333333333333333,"contact_satisfaction":7.790697674418604,"autonomy":6.4935064935064934},"metadata":{"satisfaction_count":486,"comprehension_count":453,"contact_count":59,"autonomy_count":308}}
