{"data":{"satisfaction":9.585411471321695,"comprehension":9.20973154362416,"contact":6.314655172413793,"contact_reachability":0.7405857740585774,"contact_satisfaction":8.617647058823529,"autonomy":6.270604395604396},"metadata":{"satisfaction_count":1604,"comprehension_count":1490,"contact_count":232,"contactReachability_count":239,"contactSatisfaction_count":170,"autonomy_count":1456}}
