{"data":{"satisfaction":9.5603517186251,"comprehension":9.151593453919036,"contact":6.049222797927461,"contact_reachability":0.7093596059113301,"contact_satisfaction":8.712686567164178,"autonomy":6.278659611992945},"metadata":{"satisfaction_count":1251,"comprehension_count":1161,"contact_count":193,"contactReachability_count":203,"contactSatisfaction_count":134,"autonomy_count":1134}}
