{"data":{"satisfaction":9.55497382198953,"comprehension":9.168956043956044,"contact":7.0673076923076925,"contact_reachability":0.7924528301886793,"contact_satisfaction":8.963414634146341,"autonomy":5.965417867435159},"metadata":{"satisfaction_count":382,"comprehension_count":364,"contact_count":52,"contactReachability_count":53,"contactSatisfaction_count":41,"autonomy_count":347}}
