{"data":{"satisfaction":9.59832134292566,"comprehension":9.197736351531292,"contact":5.570866141732283,"contact_reachability":0.703125,"contact_satisfaction":7.949438202247191,"autonomy":6.591928251121076},"metadata":{"satisfaction_count":834,"comprehension_count":751,"contact_count":127,"contactReachability_count":128,"contactSatisfaction_count":89,"autonomy_count":669}}
