{"data":{"satisfaction":9.581807081807082,"comprehension":9.259559300064808,"contact":6.9480519480519485,"contact_reachability":0.7923728813559322,"contact_satisfaction":8.81868131868132,"autonomy":6.191432396251673},"metadata":{"satisfaction_count":1638,"comprehension_count":1543,"contact_count":231,"contactReachability_count":236,"contactSatisfaction_count":182,"autonomy_count":1494}}
