{"data":{"satisfaction":9.619883040935672,"comprehension":9.40251572327044,"contact":5.5859375,"contact_reachability":7.230769230769231,"contact_satisfaction":7.771739130434782,"autonomy":6.555891238670695},"metadata":{"satisfaction_count":513,"comprehension_count":477,"contact_count":64,"autonomy_count":331}}
