{"data":{"satisfaction":9.583333333333334,"comprehension":9.201796821008983,"contact":6.2,"contact_reachability":0.7327586206896551,"contact_satisfaction":8.558282208588958,"autonomy":6.296819787985866},"metadata":{"satisfaction_count":1560,"comprehension_count":1447,"contact_count":225,"contactReachability_count":232,"contactSatisfaction_count":163,"autonomy_count":1415}}
