{"data":{"satisfaction":9.584726867335563,"comprehension":9.270895080023712,"contact":7.021484375,"contact_reachability":0.8007662835249042,"contact_satisfaction":8.811274509803921,"autonomy":6.095764272559853},"metadata":{"satisfaction_count":1794,"comprehension_count":1687,"contact_count":256,"contactReachability_count":261,"contactSatisfaction_count":204,"autonomy_count":1629}}
