{"data":{"satisfaction":9.512820512820513,"comprehension":9.081196581196581,"contact":5.901639344262295,"contact_reachability":0.6935483870967742,"contact_satisfaction":8.571428571428571,"autonomy":6.326530612244898},"metadata":{"satisfaction_count":390,"comprehension_count":351,"contact_count":61,"contactReachability_count":62,"contactSatisfaction_count":42,"autonomy_count":343}}
