{"data":{"satisfaction":7.495395948434623,"comprehension":7.055427251732102,"contact":3.3333333333333335,"contact_reachability":0.5393258426966292,"contact_satisfaction":6.75,"autonomy":5.062034739454094},"metadata":{"satisfaction_count":543,"comprehension_count":433,"contact_count":81,"contactReachability_count":89,"contactSatisfaction_count":40,"autonomy_count":403}}
