{"data":{"satisfaction":7.392638036809816,"comprehension":7.274436090225564,"contact":4.444444444444445,"contact_reachability":0.6551724137931034,"contact_satisfaction":7.0588235294117645,"autonomy":5.163934426229508},"metadata":{"satisfaction_count":163,"comprehension_count":133,"contact_count":27,"contactReachability_count":29,"contactSatisfaction_count":17,"autonomy_count":122}}
