{"data":{"satisfaction":7.362204724409449,"comprehension":6.78921568627451,"contact":3,"contact_reachability":0.6666666666666666,"contact_satisfaction":4.615384615384615,"autonomy":4.545454545454546},"metadata":{"satisfaction_count":127,"comprehension_count":102,"contact_count":20,"contactReachability_count":21,"contactSatisfaction_count":13,"autonomy_count":99}}
