{"data":{"satisfaction":7.228571428571429,"comprehension":7.142857142857143,"contact":2.4074074074074074,"contact_reachability":4.642857142857143,"contact_satisfaction":5.416666666666667,"autonomy":4.96},"metadata":{"satisfaction_count":175,"comprehension_count":147,"contact_count":27,"autonomy_count":125}}
