{"data":{"satisfaction":7.569832402234637,"comprehension":6.964285714285714,"contact":3.5869565217391304,"contact_reachability":0.5652173913043478,"contact_satisfaction":6.346153846153846,"autonomy":5.037593984962406},"metadata":{"satisfaction_count":179,"comprehension_count":140,"contact_count":23,"contactReachability_count":23,"contactSatisfaction_count":13,"autonomy_count":133}}
