{"data":{"satisfaction":7.34375,"comprehension":7.997076023391813,"contact":2.5657894736842106,"contact_reachability":4.871794871794871,"contact_satisfaction":5.416666666666667,"autonomy":4.748603351955308},"metadata":{"satisfaction_count":448,"comprehension_count":342,"contact_count":38,"autonomy_count":179}}
