{"data":{"satisfaction":7.49031007751938,"comprehension":7.02322738386308,"contact":3.1790123456790123,"contact_reachability":0.5542168674698795,"contact_satisfaction":5.8522727272727275,"autonomy":5},"metadata":{"satisfaction_count":516,"comprehension_count":409,"contact_count":81,"contactReachability_count":83,"contactSatisfaction_count":44,"autonomy_count":382}}
