{"data":{"satisfaction":7.5,"comprehension":7.072649572649572,"contact":3.5294117647058822,"contact_reachability":0.5591397849462365,"contact_satisfaction":6.818181818181818,"autonomy":5.068807339449541},"metadata":{"satisfaction_count":584,"comprehension_count":468,"contact_count":85,"contactReachability_count":93,"contactSatisfaction_count":44,"autonomy_count":436}}
