{"data":{"satisfaction":7.928571428571429,"comprehension":6.771844660194175,"contact":4.285714285714286,"contact_reachability":0.6190476190476191,"contact_satisfaction":6.923076923076923,"autonomy":4.953271028037383},"metadata":{"satisfaction_count":140,"comprehension_count":103,"contact_count":21,"contactReachability_count":21,"contactSatisfaction_count":13,"autonomy_count":107}}
