{"data":{"satisfaction":7.1768707482993195,"comprehension":7.248062015503876,"contact":4.583333333333333,"contact_reachability":0.6333333333333333,"contact_satisfaction":7.2368421052631575,"autonomy":4.741379310344827},"metadata":{"satisfaction_count":147,"comprehension_count":129,"contact_count":30,"contactReachability_count":30,"contactSatisfaction_count":19,"autonomy_count":116}}
