{"data":{"satisfaction":7.452290076335878,"comprehension":7.569269521410579,"contact":2.7777777777777777,"contact_reachability":0.4727272727272727,"contact_satisfaction":6,"autonomy":5.169811320754717},"metadata":{"satisfaction_count":524,"comprehension_count":397,"contact_count":54,"contactReachability_count":55,"contactSatisfaction_count":25,"autonomy_count":265}}
