{"data":{"satisfaction":7.359154929577465,"comprehension":8.041795665634675,"contact":2.0588235294117645,"contact_reachability":4.285714285714286,"contact_satisfaction":5,"autonomy":4.691358024691358},"metadata":{"satisfaction_count":426,"comprehension_count":323,"contact_count":34,"autonomy_count":162}}
