{"data":{"satisfaction":7.105263157894737,"comprehension":7.299107142857143,"contact":3.8333333333333335,"contact_reachability":0.6,"contact_satisfaction":6.388888888888889,"autonomy":5.533980582524272},"metadata":{"satisfaction_count":133,"comprehension_count":112,"contact_count":15,"contactReachability_count":15,"contactSatisfaction_count":9,"autonomy_count":103}}
