{"data":{"satisfaction":7.408536585365853,"comprehension":7.151162790697675,"contact":3.9814814814814814,"contact_reachability":0.7142857142857143,"contact_satisfaction":5.657894736842105,"autonomy":4.5528455284552845},"metadata":{"satisfaction_count":164,"comprehension_count":129,"contact_count":27,"contactReachability_count":28,"contactSatisfaction_count":19,"autonomy_count":123}}
