{"data":{"satisfaction":7.31729055258467,"comprehension":7.196162046908316,"contact":4.396551724137931,"contact_reachability":0.6483516483516484,"contact_satisfaction":6.954545454545454,"autonomy":5.160550458715596},"metadata":{"satisfaction_count":561,"comprehension_count":469,"contact_count":87,"contactReachability_count":91,"contactSatisfaction_count":55,"autonomy_count":436}}
