{"data":{"satisfaction":7.834394904458598,"comprehension":6.743697478991597,"contact":3.9130434782608696,"contact_reachability":0.5652173913043478,"contact_satisfaction":6.923076923076923,"autonomy":5.126050420168068},"metadata":{"satisfaction_count":157,"comprehension_count":119,"contact_count":23,"contactReachability_count":23,"contactSatisfaction_count":13,"autonomy_count":119}}
