{"data":{"satisfaction":7.363636363636363,"comprehension":7.774798927613941,"contact":2.606382978723404,"contact_reachability":0.4583333333333333,"contact_satisfaction":5.833333333333333,"autonomy":4.837209302325581},"metadata":{"satisfaction_count":495,"comprehension_count":373,"contact_count":47,"contactReachability_count":48,"contactSatisfaction_count":21,"autonomy_count":215}}
