{"data":{"satisfaction":7.896551724137931,"comprehension":6.752336448598131,"contact":3.9130434782608696,"contact_reachability":0.5652173913043478,"contact_satisfaction":6.923076923076923,"autonomy":4.818181818181818},"metadata":{"satisfaction_count":145,"comprehension_count":107,"contact_count":23,"contactReachability_count":23,"contactSatisfaction_count":13,"autonomy_count":110}}
