{"data":{"satisfaction":7.411764705882353,"comprehension":7.145522388059701,"contact":3.888888888888889,"contact_reachability":0.6333333333333333,"contact_satisfaction":6.5625,"autonomy":5.039370078740157},"metadata":{"satisfaction_count":170,"comprehension_count":134,"contact_count":27,"contactReachability_count":30,"contactSatisfaction_count":16,"autonomy_count":127}}
