{"data":{"satisfaction":7.220496894409938,"comprehension":8.294491525423728,"contact":1.8181818181818181,"contact_reachability":3.9130434782608696,"contact_satisfaction":5,"autonomy":4.823529411764706},"metadata":{"satisfaction_count":322,"comprehension_count":236,"contact_count":22,"autonomy_count":85}}
