{"data":{"satisfaction":7.504215851602024,"comprehension":7.081589958158996,"contact":4.30379746835443,"contact_reachability":0.6352941176470588,"contact_satisfaction":7.083333333333333,"autonomy":5.164835164835165},"metadata":{"satisfaction_count":593,"comprehension_count":478,"contact_count":79,"contactReachability_count":85,"contactSatisfaction_count":48,"autonomy_count":455}}
