{"data":{"satisfaction":7.482758620689655,"comprehension":7.064516129032258,"contact":4.230769230769231,"contact_reachability":0.6309523809523809,"contact_satisfaction":7.0212765957446805,"autonomy":5.225225225225225},"metadata":{"satisfaction_count":580,"comprehension_count":465,"contact_count":78,"contactReachability_count":84,"contactSatisfaction_count":47,"autonomy_count":444}}
