{"data":{"satisfaction":7.438271604938271,"comprehension":7.242063492063492,"contact":3.8461538461538463,"contact_reachability":0.6071428571428571,"contact_satisfaction":6.666666666666667,"autonomy":5.2100840336134455},"metadata":{"satisfaction_count":162,"comprehension_count":126,"contact_count":26,"contactReachability_count":28,"contactSatisfaction_count":15,"autonomy_count":119}}
