{"data":{"satisfaction":7.378048780487805,"comprehension":7.12890625,"contact":3.9814814814814814,"contact_reachability":0.7142857142857143,"contact_satisfaction":5.657894736842105,"autonomy":4.634146341463414},"metadata":{"satisfaction_count":164,"comprehension_count":128,"contact_count":27,"contactReachability_count":28,"contactSatisfaction_count":19,"autonomy_count":123}}
