{"data":{"satisfaction":7.389078498293515,"comprehension":8.507109004739336,"contact":2.03125,"contact_reachability":4.705882352941177,"contact_satisfaction":4.642857142857143,"autonomy":4.3283582089552235},"metadata":{"satisfaction_count":293,"comprehension_count":211,"contact_count":16,"autonomy_count":67}}
