{"data":{"satisfaction":7.700729927007299,"comprehension":6.752336448598131,"contact":3.0681818181818183,"contact_reachability":0.5454545454545454,"contact_satisfaction":5.625,"autonomy":5.225225225225225},"metadata":{"satisfaction_count":137,"comprehension_count":107,"contact_count":22,"contactReachability_count":22,"contactSatisfaction_count":12,"autonomy_count":111}}
