{"data":{"satisfaction":7.3321234119782215,"comprehension":7.205882352941177,"contact":4.4411764705882355,"contact_reachability":0.651685393258427,"contact_satisfaction":6.9907407407407405,"autonomy":5.186915887850467},"metadata":{"satisfaction_count":551,"comprehension_count":459,"contact_count":85,"contactReachability_count":89,"contactSatisfaction_count":54,"autonomy_count":428}}
