{"data":{"satisfaction":7.321428571428571,"comprehension":6.615044247787611,"contact":3,"contact_reachability":0.6666666666666666,"contact_satisfaction":4.615384615384615,"autonomy":4.722222222222222},"metadata":{"satisfaction_count":140,"comprehension_count":113,"contact_count":20,"contactReachability_count":21,"contactSatisfaction_count":13,"autonomy_count":108}}
