{"data":{"satisfaction":7.4724264705882355,"comprehension":7.566265060240964,"contact":2.8448275862068964,"contact_reachability":0.4915254237288136,"contact_satisfaction":5.892857142857143,"autonomy":5.070921985815603},"metadata":{"satisfaction_count":544,"comprehension_count":415,"contact_count":58,"contactReachability_count":59,"contactSatisfaction_count":28,"autonomy_count":282}}
