{"data":{"satisfaction":7.42094861660079,"comprehension":7.7952755905511815,"contact":2.606382978723404,"contact_reachability":0.4583333333333333,"contact_satisfaction":5.833333333333333,"autonomy":4.977777777777778},"metadata":{"satisfaction_count":506,"comprehension_count":381,"contact_count":47,"contactReachability_count":48,"contactSatisfaction_count":21,"autonomy_count":225}}
