{"data":{"satisfaction":7.557471264367816,"comprehension":7.208029197080292,"contact":4.310344827586207,"contact_reachability":0.6451612903225806,"contact_satisfaction":6.944444444444445,"autonomy":5.038759689922481},"metadata":{"satisfaction_count":174,"comprehension_count":137,"contact_count":29,"contactReachability_count":31,"contactSatisfaction_count":18,"autonomy_count":129}}
