{"data":{"satisfaction":7.956204379562044,"comprehension":6.775,"contact":4.285714285714286,"contact_reachability":0.6190476190476191,"contact_satisfaction":6.923076923076923,"autonomy":4.9523809523809526},"metadata":{"satisfaction_count":137,"comprehension_count":100,"contact_count":21,"contactReachability_count":21,"contactSatisfaction_count":13,"autonomy_count":105}}
