{"data":{"satisfaction":7.361702127659575,"comprehension":7.880281690140845,"contact":2.6875,"contact_reachability":4.878048780487805,"contact_satisfaction":5.657894736842105,"autonomy":4.948979591836735},"metadata":{"satisfaction_count":470,"comprehension_count":355,"contact_count":40,"autonomy_count":196}}
