{"data":{"satisfaction":7.458563535911602,"comprehension":7.013888888888889,"contact":3.4375,"contact_reachability":5.416666666666666,"contact_satisfaction":6.346153846153846,"autonomy":5.2272727272727275},"metadata":{"satisfaction_count":181,"comprehension_count":144,"contact_count":24,"autonomy_count":132}}
