{"data":{"satisfaction":7.379518072289157,"comprehension":7.785904255319149,"contact":2.606382978723404,"contact_reachability":0.4583333333333333,"contact_satisfaction":5.833333333333333,"autonomy":4.81651376146789},"metadata":{"satisfaction_count":498,"comprehension_count":376,"contact_count":47,"contactReachability_count":48,"contactSatisfaction_count":21,"autonomy_count":218}}
