{"data":{"satisfaction":9.474386724386724,"comprehension":9.349243399871217,"contact":6.669421487603306,"contact_reachability":0.8065573770491803,"contact_satisfaction":8.285420944558522,"autonomy":7.5846545312194165},"metadata":{"satisfaction_count":13860,"comprehension_count":12424,"contact_count":605,"contactReachability_count":610,"contactSatisfaction_count":487,"autonomy_count":5109}}
