{"data":{"satisfaction":9.413167938931299,"comprehension":9.018573647424281,"contact":6.651933701657459,"contact_reachability":0.8071895424836601,"contact_satisfaction":8.26923076923077,"autonomy":7.558427993210602},"metadata":{"satisfaction_count":8384,"comprehension_count":7726,"contact_count":905,"contactReachability_count":918,"contactSatisfaction_count":728,"autonomy_count":7659}}
