{"data":{"satisfaction":9.340894148586456,"comprehension":9.008620689655173,"contact":6.705246913580247,"contact_reachability":0.811377245508982,"contact_satisfaction":8.32375478927203,"autonomy":7.62809029021856},"metadata":{"satisfaction_count":3042,"comprehension_count":2842,"contact_count":324,"contactReachability_count":334,"contactSatisfaction_count":261,"autonomy_count":2791}}
