{"data":{"satisfaction":9.392937535171638,"comprehension":8.973680171884592,"contact":6.711853720050441,"contact_reachability":0.8175092478421702,"contact_satisfaction":8.251937984496124,"autonomy":7.4803996925441965},"metadata":{"satisfaction_count":7108,"comprehension_count":6516,"contact_count":793,"contactReachability_count":811,"contactSatisfaction_count":645,"autonomy_count":6505}}
