{"data":{"satisfaction":9.56146600174147,"comprehension":9.327410096235017,"contact":7.219917012448133,"contact_reachability":0.8417338709677419,"contact_satisfaction":8.62453531598513,"autonomy":7.734039034072114},"metadata":{"satisfaction_count":12633,"comprehension_count":11846,"contact_count":964,"contactReachability_count":992,"contactSatisfaction_count":807,"autonomy_count":12092}}
