{"data":{"satisfaction":9.564299992596432,"comprehension":9.32299486369024,"contact":7.2311046511627906,"contact_reachability":0.8433962264150944,"contact_satisfaction":8.617205542725173,"autonomy":7.999678016582146},"metadata":{"satisfaction_count":13507,"comprehension_count":12655,"contact_count":1032,"contactReachability_count":1060,"contactSatisfaction_count":866,"autonomy_count":12423}}
