{"data":{"satisfaction":9.341234840132305,"comprehension":9.009518143961927,"contact":7.168949771689498,"contact_reachability":0.868995633187773,"contact_satisfaction":8.306878306878307,"autonomy":7.349544072948328},"metadata":{"satisfaction_count":1814,"comprehension_count":1681,"contact_count":219,"contactReachability_count":229,"contactSatisfaction_count":189,"autonomy_count":1645}}
