{"data":{"satisfaction":9.313962873284908,"comprehension":8.987451319774989,"contact":6.8478260869565215,"contact_reachability":0.8356643356643356,"contact_satisfaction":8.253275109170305,"autonomy":7.495583038869258},"metadata":{"satisfaction_count":2478,"comprehension_count":2311,"contact_count":276,"contactReachability_count":286,"contactSatisfaction_count":229,"autonomy_count":2264}}
