{"data":{"satisfaction":9.34462915601023,"comprehension":9.010932695592757,"contact":6.7093373493975905,"contact_reachability":0.8128654970760234,"contact_satisfaction":8.311567164179104,"autonomy":7.638260869565217},"metadata":{"satisfaction_count":3128,"comprehension_count":2927,"contact_count":332,"contactReachability_count":342,"contactSatisfaction_count":268,"autonomy_count":2875}}
