{"data":{"satisfaction":9.437370956641432,"comprehension":9.497099878896043,"contact":6.4743589743589745,"contact_reachability":8.069620253164556,"contact_satisfaction":8.047808764940239,"autonomy":7.628661916072843},"metadata":{"satisfaction_count":17436,"comprehension_count":15689,"contact_count":312,"autonomy_count":2526}}
