{"data":{"satisfaction":9.340130274709715,"comprehension":8.923076923076923,"contact":6.467236467236467,"contact_reachability":0.7883008356545961,"contact_satisfaction":8.254545454545454,"autonomy":7.542087542087542},"metadata":{"satisfaction_count":3531,"comprehension_count":3250,"contact_count":351,"contactReachability_count":359,"contactSatisfaction_count":275,"autonomy_count":3267}}
