{"data":{"satisfaction":9.33252004182642,"comprehension":9.012691302724898,"contact":6.778996865203761,"contact_reachability":0.817629179331307,"contact_satisfaction":8.349420849420849,"autonomy":7.570235383447229},"metadata":{"satisfaction_count":2869,"comprehension_count":2679,"contact_count":319,"contactReachability_count":329,"contactSatisfaction_count":259,"autonomy_count":2634}}
