{"data":{"satisfaction":9.570849488896721,"comprehension":9.333881578947368,"contact":7.198795180722891,"contact_reachability":0.8424737456242707,"contact_satisfaction":8.597122302158274,"autonomy":8.010625177876861},"metadata":{"satisfaction_count":11348,"comprehension_count":10640,"contact_count":830,"contactReachability_count":857,"contactSatisfaction_count":695,"autonomy_count":10541}}
