{"data":{"satisfaction":9.526765890962913,"comprehension":9.21022527279127,"contact":6.9371196754563895,"contact_reachability":0.8282329713721619,"contact_satisfaction":8.423645320197044,"autonomy":7.9367483296213805},"metadata":{"satisfaction_count":12161,"comprehension_count":11364,"contact_count":986,"contactReachability_count":1013,"contactSatisfaction_count":812,"autonomy_count":11225}}
