{"data":{"satisfaction":9.44257568476694,"comprehension":8.957667731629392,"contact":6.904255319148936,"contact_reachability":0.8227848101265823,"contact_satisfaction":8.406735751295336,"autonomy":7.507869884575026},"metadata":{"satisfaction_count":2081,"comprehension_count":1878,"contact_count":235,"contactReachability_count":237,"contactSatisfaction_count":193,"autonomy_count":1906}}
