{"data":{"satisfaction":9.565981308411216,"comprehension":9.324475301252892,"contact":7.223310479921645,"contact_reachability":0.8427073403241182,"contact_satisfaction":8.615654205607477,"autonomy":7.974263515700874},"metadata":{"satisfaction_count":13375,"comprehension_count":12531,"contact_count":1021,"contactReachability_count":1049,"contactSatisfaction_count":856,"autonomy_count":12356}}
