{"data":{"satisfaction":9.330632716049383,"comprehension":8.996486151302191,"contact":6.896853146853147,"contact_reachability":0.831081081081081,"contact_satisfaction":8.358050847457626,"autonomy":7.536904259805989},"metadata":{"satisfaction_count":2592,"comprehension_count":2419,"contact_count":286,"contactReachability_count":296,"contactSatisfaction_count":236,"autonomy_count":2371}}
