{"data":{"satisfaction":9.461171662125341,"comprehension":9.328672123692588,"contact":6.6354466858789625,"contact_reachability":0.8071428571428572,"contact_satisfaction":8.237924865831843,"autonomy":7.602032176121931},"metadata":{"satisfaction_count":14680,"comprehension_count":13194,"contact_count":694,"contactReachability_count":700,"contactSatisfaction_count":559,"autonomy_count":5905}}
