{"data":{"satisfaction":9.392583120204604,"comprehension":9.040317022742936,"contact":7.434210526315789,"contact_reachability":0.9076923076923077,"contact_satisfaction":8.212209302325581,"autonomy":7.3150105708245245},"metadata":{"satisfaction_count":1564,"comprehension_count":1451,"contact_count":190,"contactReachability_count":195,"contactSatisfaction_count":172,"autonomy_count":1419}}
