{"data":{"satisfaction":9.439384145266498,"comprehension":9.511374035821676,"contact":6.5181818181818185,"contact_reachability":8.093525179856115,"contact_satisfaction":8.074324324324325,"autonomy":7.61660447761194},"metadata":{"satisfaction_count":17017,"comprehension_count":15298,"contact_count":275,"autonomy_count":2144}}
