{"data":{"satisfaction":9.37009110901665,"comprehension":8.927590940288264,"contact":6.566666666666666,"contact_reachability":0.8026315789473685,"contact_satisfaction":8.208333333333334,"autonomy":7.63960260363138},"metadata":{"satisfaction_count":3183,"comprehension_count":2914,"contact_count":300,"contactReachability_count":304,"contactSatisfaction_count":240,"autonomy_count":2919}}
