{"data":{"satisfaction":9.46777241234516,"comprehension":9.338802712604256,"contact":6.590563165905632,"contact_reachability":0.8024132730015083,"contact_satisfaction":8.2319391634981,"autonomy":7.584340609778098},"metadata":{"satisfaction_count":14289,"comprehension_count":12829,"contact_count":657,"contactReachability_count":663,"contactSatisfaction_count":526,"autonomy_count":5543}}
