{"data":{"satisfaction":9.564764038001082,"comprehension":9.327018121911038,"contact":7.24469160768453,"contact_reachability":0.843811394891945,"contact_satisfaction":8.632530120481928,"autonomy":7.937468900315143},"metadata":{"satisfaction_count":12947,"comprehension_count":12140,"contact_count":989,"contactReachability_count":1018,"contactSatisfaction_count":830,"autonomy_count":12058}}
