{"data":{"satisfaction":9.47155624911335,"comprehension":9.34386367230745,"contact":6.594488188976378,"contact_reachability":0.8018720748829953,"contact_satisfaction":8.243110236220472,"autonomy":7.583036216926253},"metadata":{"satisfaction_count":14098,"comprehension_count":12646,"contact_count":635,"contactReachability_count":641,"contactSatisfaction_count":508,"autonomy_count":5329}}
