{"data":{"satisfaction":9.50965950937624,"comprehension":9.232228495113215,"contact":7.048634243837442,"contact_reachability":0.8354922279792746,"contact_satisfaction":8.484362469927827,"autonomy":7.7924689251767},"metadata":{"satisfaction_count":17651,"comprehension_count":16473,"contact_count":1501,"contactReachability_count":1544,"contactSatisfaction_count":1247,"autonomy_count":16412}}
