{"data":{"satisfaction":9.43719806763285,"comprehension":9.100467289719626,"contact":6.79,"contact_reachability":8.196078431372548,"contact_satisfaction":8.321078431372548,"autonomy":7.425118234366789},"metadata":{"satisfaction_count":2070,"comprehension_count":1926,"contact_count":250,"autonomy_count":1903}}
