{"data":{"satisfaction":9.434552318701753,"comprehension":9.486067626800251,"contact":6.551246537396122,"contact_reachability":8.087431693989071,"contact_satisfaction":8.127147766323024,"autonomy":7.572089711641153},"metadata":{"satisfaction_count":17747,"comprehension_count":15970,"contact_count":361,"autonomy_count":2809}}
