{"data":{"satisfaction":9.474218580027559,"comprehension":9.350173934147723,"contact":6.649916247906198,"contact_reachability":0.8056478405315615,"contact_satisfaction":8.270833333333334,"autonomy":7.588118811881188},"metadata":{"satisfaction_count":13789,"comprehension_count":12361,"contact_count":597,"contactReachability_count":602,"contactSatisfaction_count":480,"autonomy_count":5050}}
