{"data":{"satisfaction":9.46946133182525,"comprehension":9.343038373650618,"contact":6.609375,"contact_reachability":0.8034055727554179,"contact_satisfaction":8.24561403508772,"autonomy":7.580435186907198},"metadata":{"satisfaction_count":14146,"comprehension_count":12691,"contact_count":640,"contactReachability_count":646,"contactSatisfaction_count":513,"autonomy_count":5377}}
