{"data":{"satisfaction":9.510404949381327,"comprehension":9.231105351976856,"contact":7.04937044400265,"contact_reachability":0.8356958762886598,"contact_satisfaction":8.482854864433811,"autonomy":7.750827565452904},"metadata":{"satisfaction_count":17780,"comprehension_count":16592,"contact_count":1509,"contactReachability_count":1552,"contactSatisfaction_count":1254,"autonomy_count":16615}}
