{"data":{"satisfaction":9.437346015011746,"comprehension":9.49675221295294,"contact":6.457006369426751,"contact_reachability":8.050314465408805,"contact_satisfaction":8.045634920634921,"autonomy":7.625984251968504},"metadata":{"satisfaction_count":17453,"comprehension_count":15703,"contact_count":314,"autonomy_count":2540}}
