{"data":{"satisfaction":9.4070796460177,"comprehension":8.896828504306969,"contact":6.777978339350181,"contact_reachability":0.8201438848920863,"contact_satisfaction":8.27092511013216,"autonomy":7.62954369682908},"metadata":{"satisfaction_count":2825,"comprehension_count":2554,"contact_count":277,"contactReachability_count":278,"contactSatisfaction_count":227,"autonomy_count":2586}}
