{"data":{"satisfaction":9.437869822485206,"comprehension":9.459722305344425,"contact":6.661255411255412,"contact_reachability":0.8072805139186295,"contact_satisfaction":8.272849462365592,"autonomy":7.515923566878981},"metadata":{"satisfaction_count":18590,"comprehension_count":16709,"contact_count":462,"contactReachability_count":467,"contactSatisfaction_count":372,"autonomy_count":3611}}
