{"data":{"satisfaction":9.588502269288956,"comprehension":9.345097618536794,"contact":7.213286713286713,"contact_reachability":0.844474761255116,"contact_satisfaction":8.581530782029951,"autonomy":8.084644601193705},"metadata":{"satisfaction_count":9915,"comprehension_count":9322,"contact_count":715,"contactReachability_count":733,"contactSatisfaction_count":601,"autonomy_count":9215}}
