{"data":{"satisfaction":5.593759865305693,"comprehension":5.8369497830130195,"contact":4.052710843373494,"contact_reachability":0.6451612903225806,"contact_satisfaction":6.376777251184834,"autonomy":3.4467384594279444},"metadata":{"satisfaction_count":19006,"comprehension_count":16130,"contact_count":3320,"contactReachability_count":3410,"contactSatisfaction_count":2110,"autonomy_count":14579}}
