{
  "data": {
    "satisfaction": 5.769941078181338,
    "comprehension": 7.834863244660922,
    "contact": 2.662037037037037,
    "autonomy": 3.1552162849872776
  },
  "metadata": {
    "satisfaction_count": 22742,
    "comprehension_count": 16014,
    "contact_count": 324,
    "autonomy_count": 786
  }
}
