{"data":{"satisfaction":2.4086378737541527,"comprehension":3.75,"contact":1.9774011299435028,"contact_reachability":0.5418994413407822,"contact_satisfaction":3.6842105263157894,"autonomy":2.4774774774774775},"metadata":{"satisfaction_count":301,"comprehension_count":254,"contact_count":177,"contactReachability_count":179,"contactSatisfaction_count":95,"autonomy_count":222}}
