{"data":{"satisfaction":5.609015007398013,"comprehension":5.845998131423233,"contact":4.070367000303306,"contact_reachability":0.6474756421612046,"contact_satisfaction":6.381359961959106,"autonomy":3.4203512608487663},"metadata":{"satisfaction_count":18924,"comprehension_count":16055,"contact_count":3297,"contactReachability_count":3387,"contactSatisfaction_count":2103,"autonomy_count":14633}}
