{"data":{"satisfaction":2.545219638242894,"comprehension":3.572542901716069,"contact":2.9407514450867054,"contact_reachability":6.590909090909091,"contact_satisfaction":4.502212389380531,"autonomy":2.8233151183970855},"metadata":{"satisfaction_count":774,"comprehension_count":641,"contact_count":346,"autonomy_count":549}}
