{"data":{"satisfaction":5.696063669606367,"comprehension":7.7286696689386565,"contact":2.7741020793950852,"contact_reachability":6.245353159851302,"contact_satisfaction":4.48776758409786,"autonomy":3.0964912280701755},"metadata":{"satisfaction_count":23245,"comprehension_count":16432,"contact_count":529,"autonomy_count":1140}}
