{"data":{"satisfaction":1.9524617996604414,"comprehension":3.5764587525150904,"contact":1.6867469879518073,"contact_reachability":0.5044776119402985,"contact_satisfaction":3.3734939759036147,"autonomy":2.6179245283018866},"metadata":{"satisfaction_count":589,"comprehension_count":497,"contact_count":332,"contactReachability_count":335,"contactSatisfaction_count":166,"autonomy_count":424}}
