{"data":{"satisfaction":2.5069252077562325,"comprehension":3.5385259631490786,"contact":2.958715596330275,"contact_reachability":6.636636636636637,"contact_satisfaction":4.5,"autonomy":2.8180039138943247},"metadata":{"satisfaction_count":722,"comprehension_count":597,"contact_count":327,"autonomy_count":511}}
