{
  "data": {
    "satisfaction": 5.774362587520367,
    "comprehension": 7.842266558258803,
    "contact": 2.688087774294671,
    "autonomy": 3.154450261780105
  },
  "metadata": {
    "satisfaction_count": 22709,
    "comprehension_count": 15989,
    "contact_count": 319,
    "autonomy_count": 764
  }
}
