{"data":{"satisfaction":7.821802091713596,"comprehension":7.355699855699855,"contact":5.807142857142857,"contact_reachability":0.7668539325842697,"contact_satisfaction":7.612359550561798,"autonomy":3.647894469812278},"metadata":{"satisfaction_count":2486,"comprehension_count":2079,"contact_count":350,"contactReachability_count":356,"contactSatisfaction_count":267,"autonomy_count":1971}}
