{"data":{"satisfaction":5.716002403364711,"comprehension":5.88829621554275,"contact":4.155574043261232,"contact_reachability":0.6364375762505083,"contact_satisfaction":6.6158940397351,"autonomy":3.4495662527640754},"metadata":{"satisfaction_count":14979,"comprehension_count":12842,"contact_count":2404,"contactReachability_count":2459,"contactSatisfaction_count":1510,"autonomy_count":11758}}
