{"data":{"satisfaction":7.061600513337611,"comprehension":6.737691900476443,"contact":5.197775030902348,"contact_reachability":0.7254196642685852,"contact_satisfaction":7.25,"autonomy":3.2874060578455935},"metadata":{"satisfaction_count":10909,"comprehension_count":9445,"contact_count":1618,"contactReachability_count":1668,"contactSatisfaction_count":1160,"autonomy_count":8782}}
