{"data":{"satisfaction":5.015877516302807,"comprehension":7.264876811001064,"contact":3.061719833564494,"contact_reachability":0.639344262295082,"contact_satisfaction":4.830415754923414,"autonomy":3.234567901234568},"metadata":{"satisfaction_count":17635,"comprehension_count":12217,"contact_count":721,"contactReachability_count":732,"contactSatisfaction_count":457,"autonomy_count":1620}}
