{"data":{"satisfaction":2.5280898876404496,"comprehension":3.4584450402144773,"contact":3.0609756097560976,"contact_reachability":6.666666666666666,"contact_satisfaction":4.613970588235294,"autonomy":2.664576802507837},"metadata":{"satisfaction_count":445,"comprehension_count":373,"contact_count":205,"autonomy_count":319}}
