{"data":{"satisfaction":6.217948717948718,"comprehension":5.961538461538462,"contact":6.25,"contact_reachability":0.7727272727272727,"contact_satisfaction":8.088235294117647,"autonomy":3.3870967741935485},"metadata":{"satisfaction_count":78,"comprehension_count":65,"contact_count":22,"contactReachability_count":22,"contactSatisfaction_count":17,"autonomy_count":62}}
