{"data":{"satisfaction":5.129990714948932,"comprehension":7.271626162381808,"contact":3.481198589894242,"contact_reachability":0.6566125290023201,"contact_satisfaction":5.337837837837838,"autonomy":3.388689407540395},"metadata":{"satisfaction_count":18309,"comprehension_count":12797,"contact_count":851,"contactReachability_count":862,"contactSatisfaction_count":555,"autonomy_count":2228}}
