{"data":{"satisfaction":3.540372670807453,"comprehension":4.2463235294117645,"contact":2.6582278481012658,"contact_reachability":0.575,"contact_satisfaction":4.666666666666667,"autonomy":2.619047619047619},"metadata":{"satisfaction_count":161,"comprehension_count":136,"contact_count":79,"contactReachability_count":80,"contactSatisfaction_count":45,"autonomy_count":126}}
