{"data":{"satisfaction":5.42105529673891,"comprehension":5.699649060195099,"contact":3.7082898852971846,"contact_reachability":0.612432847275518,"contact_satisfaction":6.128823782852219,"autonomy":3.4898698510666843},"metadata":{"satisfaction_count":19748,"comprehension_count":16812,"contact_count":3836,"contactReachability_count":3909,"contactSatisfaction_count":2321,"autonomy_count":14906}}
