{"data":{"satisfaction":2.1563342318059298,"comprehension":3.8498402555910545,"contact":1.8918918918918919,"contact_reachability":0.5333333333333333,"contact_satisfaction":3.58974358974359,"autonomy":2.4452554744525545},"metadata":{"satisfaction_count":371,"comprehension_count":313,"contact_count":222,"contactReachability_count":225,"contactSatisfaction_count":117,"autonomy_count":274}}
