{"data":{"satisfaction":2.1606899682251477,"comprehension":3.435300487276665,"contact":2.1165644171779143,"contact_reachability":0.5269035532994923,"contact_satisfaction":4.04296875,"autonomy":2.57015306122449},"metadata":{"satisfaction_count":2203,"comprehension_count":1847,"contact_count":978,"contactReachability_count":985,"contactSatisfaction_count":512,"autonomy_count":1568}}
