{"data":{"satisfaction":7.0578512396694215,"comprehension":6.728159457167091,"contact":5.202702702702703,"contact_reachability":0.7252681764004768,"contact_satisfaction":7.257926306769495,"autonomy":3.293727864732092},"metadata":{"satisfaction_count":10890,"comprehension_count":9432,"contact_count":1628,"contactReachability_count":1678,"contactSatisfaction_count":1167,"autonomy_count":8753}}
