{"data":{"satisfaction":5.748612870811307,"comprehension":7.803668815071889,"contact":2.7941176470588234,"autonomy":3.146067415730337},"metadata":{"satisfaction_count":22889,"comprehension_count":16136,"contact_count":374,"autonomy_count":890}}
