{"data":{"satisfaction":7.087043430855897,"comprehension":6.7601156069364166,"contact":5.255977927651747,"contact_reachability":0.7318668252080857,"contact_satisfaction":7.264830508474576,"autonomy":3.3073093460058836},"metadata":{"satisfaction_count":11006,"comprehension_count":9515,"contact_count":1631,"contactReachability_count":1682,"contactSatisfaction_count":1180,"autonomy_count":8838}}
