{"data":{"satisfaction":2.5,"comprehension":3.4961439588688945,"contact":2.9484304932735426,"contact_reachability":6.666666666666666,"contact_satisfaction":4.4425675675675675,"autonomy":2.6506024096385543},"metadata":{"satisfaction_count":466,"comprehension_count":389,"contact_count":223,"autonomy_count":332}}
