{"data":{"satisfaction":6.461538461538462,"comprehension":6.179245283018868,"contact":6.447368421052632,"contact_reachability":0.7894736842105263,"contact_satisfaction":8.166666666666666,"autonomy":3.3962264150943398},"metadata":{"satisfaction_count":65,"comprehension_count":53,"contact_count":19,"contactReachability_count":19,"contactSatisfaction_count":15,"autonomy_count":53}}
