{"data":{"satisfaction":5.756129597197899,"comprehension":7.814033670870349,"contact":2.7513966480446927,"autonomy":3.103850641773629},"metadata":{"satisfaction_count":22840,"comprehension_count":16097,"contact_count":358,"autonomy_count":857}}
