{"data":{"satisfaction":6.437312229794094,"comprehension":6.383380547686497,"contact":4.58845990666101,"contact_reachability":0.6997946611909651,"contact_satisfaction":6.6512915129151295,"autonomy":3.273052651408119},"metadata":{"satisfaction_count":13647,"comprehension_count":11649,"contact_count":2357,"contactReachability_count":2435,"contactSatisfaction_count":1626,"autonomy_count":10617}}
