{"data":{"satisfaction":7.8059701492537314,"comprehension":7.363272565584705,"contact":5.783378746594005,"contact_reachability":0.7587131367292225,"contact_satisfaction":7.662454873646209,"autonomy":3.5754451733833177},"metadata":{"satisfaction_count":2680,"comprehension_count":2249,"contact_count":367,"contactReachability_count":373,"contactSatisfaction_count":277,"autonomy_count":2134}}
