{"data":{"satisfaction":8.796296296296296,"comprehension":8.450768667642752,"contact":3.945916114790287,"contact_reachability":0.5454545454545454,"contact_satisfaction":7.3559670781893,"autonomy":7.155688622754491},"metadata":{"satisfaction_count":2916,"comprehension_count":2732,"contact_count":453,"contactReachability_count":462,"contactSatisfaction_count":243,"autonomy_count":2672}}
