{"data":{"satisfaction":8.794285714285714,"comprehension":8.383435582822086,"contact":5.233644859813084,"contact_reachability":0.6355140186915887,"contact_satisfaction":8.235294117647058,"autonomy":7.267080745341615},"metadata":{"satisfaction_count":875,"comprehension_count":815,"contact_count":107,"contactReachability_count":107,"contactSatisfaction_count":68,"autonomy_count":805}}
