{"data":{"satisfaction":8.76753507014028,"comprehension":8.544467425025854,"contact":3.836206896551724,"contact_reachability":0.5170454545454546,"contact_satisfaction":7.5,"autonomy":7.3145245559038665},"metadata":{"satisfaction_count":998,"comprehension_count":967,"contact_count":174,"contactReachability_count":176,"contactSatisfaction_count":89,"autonomy_count":957}}
