{"data":{"satisfaction":8.787828947368421,"comprehension":8.575296108291033,"contact":4.129158512720156,"contact_reachability":0.5813953488372093,"contact_satisfaction":7.1525423728813555,"autonomy":7.2093813732155},"metadata":{"satisfaction_count":3040,"comprehension_count":2955,"contact_count":511,"contactReachability_count":516,"contactSatisfaction_count":295,"autonomy_count":2942}}
