{"data":{"satisfaction":8.60729023383769,"comprehension":8.841673032849503,"contact":3.756476683937824,"contact_reachability":5.692307692307692,"contact_satisfaction":6.651376146788991,"autonomy":6.88659793814433},"metadata":{"satisfaction_count":2908,"comprehension_count":2618,"contact_count":193,"autonomy_count":970}}
