{"data":{"satisfaction":8.7894092439547,"comprehension":8.45408661673722,"contact":3.9903846153846154,"contact_reachability":0.5500945179584121,"contact_satisfaction":7.358156028368795,"autonomy":7.151414309484193},"metadata":{"satisfaction_count":3267,"comprehension_count":3071,"contact_count":520,"contactReachability_count":529,"contactSatisfaction_count":282,"autonomy_count":3005}}
