{"data":{"satisfaction":8.99639423076923,"comprehension":8.691066997518611,"contact":5.366379310344827,"contact_reachability":0.6810344827586207,"contact_satisfaction":7.879746835443038,"autonomy":7.5},"metadata":{"satisfaction_count":832,"comprehension_count":806,"contact_count":116,"contactReachability_count":116,"contactSatisfaction_count":79,"autonomy_count":804}}
