{"data":{"satisfaction":8.783638320775028,"comprehension":8.635105204872646,"contact":3.824404761904762,"contact_reachability":0.5411764705882353,"contact_satisfaction":7.138888888888889,"autonomy":7.34304932735426},"metadata":{"satisfaction_count":929,"comprehension_count":903,"contact_count":168,"contactReachability_count":170,"contactSatisfaction_count":90,"autonomy_count":892}}
