{"data":{"satisfaction":8.696741854636592,"comprehension":8.370860927152318,"contact":3.29136690647482,"contact_reachability":5.24822695035461,"contact_satisfaction":6.354166666666667,"autonomy":7.03551912568306},"metadata":{"satisfaction_count":798,"comprehension_count":755,"contact_count":139,"autonomy_count":732}}
