{"data":{"satisfaction":8.975609756097562,"comprehension":8.650943396226415,"contact":5.363247863247863,"contact_reachability":0.6837606837606838,"contact_satisfaction":7.84375,"autonomy":7.40834386852086},"metadata":{"satisfaction_count":820,"comprehension_count":795,"contact_count":117,"contactReachability_count":117,"contactSatisfaction_count":80,"autonomy_count":791}}
