{"data":{"satisfaction":8.789764868603044,"comprehension":8.444423929098965,"contact":3.938053097345133,"contact_reachability":0.544468546637744,"contact_satisfaction":7.355371900826446,"autonomy":7.148791540785498},"metadata":{"satisfaction_count":2892,"comprehension_count":2708,"contact_count":452,"contactReachability_count":461,"contactSatisfaction_count":242,"autonomy_count":2648}}
