{"data":{"satisfaction":8.633012820512821,"comprehension":8.82515119174671,"contact":3.647727272727273,"contact_reachability":5.495495495495496,"contact_satisfaction":6.6875,"autonomy":6.956147893379192},"metadata":{"satisfaction_count":3120,"comprehension_count":2811,"contact_count":220,"autonomy_count":1163}}
