{"data":{"satisfaction":8.788353162179085,"comprehension":8.454681772742418,"contact":4.006916996047431,"contact_reachability":0.5514563106796116,"contact_satisfaction":7.372727272727273,"autonomy":7.1516183986371376},"metadata":{"satisfaction_count":3194,"comprehension_count":3001,"contact_count":506,"contactReachability_count":515,"contactSatisfaction_count":275,"autonomy_count":2935}}
