{"data":{"satisfaction":8.877790834312574,"comprehension":8.406451612903226,"contact":4.509345794392523,"contact_reachability":0.5740740740740741,"contact_satisfaction":7.909836065573771,"autonomy":7.27979274611399},"metadata":{"satisfaction_count":851,"comprehension_count":775,"contact_count":107,"contactReachability_count":108,"contactSatisfaction_count":61,"autonomy_count":772}}
