{"data":{"satisfaction":8.863905325443787,"comprehension":8.48551637279597,"contact":3.760330578512397,"contact_reachability":5.284552845528455,"contact_satisfaction":7.222222222222222,"autonomy":7.170542635658915},"metadata":{"satisfaction_count":845,"comprehension_count":794,"contact_count":121,"autonomy_count":774}}
