{"data":{"satisfaction":8.759820426487094,"comprehension":8.357228195937873,"contact":4.712389380530974,"contact_reachability":0.5929203539823009,"contact_satisfaction":7.947761194029851,"autonomy":7.3462002412545235},"metadata":{"satisfaction_count":891,"comprehension_count":837,"contact_count":113,"contactReachability_count":113,"contactSatisfaction_count":67,"autonomy_count":829}}
