{"data":{"satisfaction":8.798576090180955,"comprehension":8.541859033548784,"contact":4.3596986817325805,"contact_reachability":0.5906542056074766,"contact_satisfaction":7.419871794871795,"autonomy":7.2196620583717355},"metadata":{"satisfaction_count":3371,"comprehension_count":3249,"contact_count":531,"contactReachability_count":535,"contactSatisfaction_count":312,"autonomy_count":3255}}
