{"data":{"satisfaction":8.78125,"comprehension":8.516630901287554,"contact":4.068322981366459,"contact_reachability":0.5337423312883436,"contact_satisfaction":7.705882352941177,"autonomy":7.315217391304348},"metadata":{"satisfaction_count":960,"comprehension_count":932,"contact_count":161,"contactReachability_count":163,"contactSatisfaction_count":85,"autonomy_count":920}}
