{"data":{"satisfaction":8.776049310243616,"comprehension":8.464474914303521,"contact":3.9659926470588234,"contact_reachability":0.5533453887884268,"contact_satisfaction":7.264309764309765,"autonomy":7.192590226764612},"metadata":{"satisfaction_count":3407,"comprehension_count":3209,"contact_count":544,"contactReachability_count":553,"contactSatisfaction_count":297,"autonomy_count":3131}}
