{"data":{"satisfaction":8.603238866396762,"comprehension":8.837949101796408,"contact":3.7311557788944723,"contact_reachability":5.671641791044776,"contact_satisfaction":6.629464285714286,"autonomy":6.9501466275659824},"metadata":{"satisfaction_count":2964,"comprehension_count":2672,"contact_count":199,"autonomy_count":1023}}
