{"data":{"satisfaction":8.7961719274681,"comprehension":8.44969566774078,"contact":3.969017094017094,"contact_reachability":0.5471698113207547,"contact_satisfaction":7.371031746031746,"autonomy":7.147564994507507},"metadata":{"satisfaction_count":2978,"comprehension_count":2793,"contact_count":468,"contactReachability_count":477,"contactSatisfaction_count":252,"autonomy_count":2731}}
