{"data":{"satisfaction":8.552066115702479,"comprehension":9.044172234595397,"contact":4.080882352941177,"autonomy":6.666666666666667},"metadata":{"satisfaction_count":3025,"comprehension_count":2694,"contact_count":68,"autonomy_count":300}}
