{"data":{"satisfaction":8.812729498164014,"comprehension":8.561557788944723,"contact":4.868421052631579,"contact_reachability":0.6567164179104478,"contact_satisfaction":7.442528735632184,"autonomy":7.280813214739517},"metadata":{"satisfaction_count":817,"comprehension_count":796,"contact_count":133,"contactReachability_count":134,"contactSatisfaction_count":87,"autonomy_count":787}}
