{"data":{"satisfaction":8.776296296296296,"comprehension":8.459238275102297,"contact":3.955637707948244,"contact_reachability":0.5527272727272727,"contact_satisfaction":7.254237288135593,"autonomy":7.182052937378955},"metadata":{"satisfaction_count":3375,"comprehension_count":3177,"contact_count":541,"contactReachability_count":550,"contactSatisfaction_count":295,"autonomy_count":3098}}
