{"data":{"satisfaction":8.795004865390853,"comprehension":8.451969592259848,"contact":3.9742268041237114,"contact_reachability":0.5465587044534413,"contact_satisfaction":7.385057471264368,"autonomy":7.1600141292829385},"metadata":{"satisfaction_count":3083,"comprehension_count":2894,"contact_count":485,"contactReachability_count":494,"contactSatisfaction_count":261,"autonomy_count":2831}}
