{"data":{"satisfaction":8.767195767195767,"comprehension":8.566376496191513,"contact":3.5597826086956523,"contact_reachability":0.5161290322580645,"contact_satisfaction":6.968085106382978,"autonomy":7.293729372937293},"metadata":{"satisfaction_count":945,"comprehension_count":919,"contact_count":184,"contactReachability_count":186,"contactSatisfaction_count":94,"autonomy_count":909}}
