{"data":{"satisfaction":8.661497952018724,"comprehension":8.79590510237244,"contact":3.6524163568773234,"contact_reachability":0.5404411764705882,"contact_satisfaction":6.822916666666667,"autonomy":6.972027972027972},"metadata":{"satisfaction_count":3418,"comprehension_count":3077,"contact_count":269,"contactReachability_count":272,"contactSatisfaction_count":144,"autonomy_count":1430}}
