{"data":{"satisfaction":8.554817275747508,"comprehension":9.04535274356103,"contact":4.3359375,"autonomy":6.643356643356643},"metadata":{"satisfaction_count":3010,"comprehension_count":2679,"contact_count":64,"autonomy_count":286}}
