{"data":{"satisfaction":8.785493827160494,"comprehension":8.526585522101216,"contact":4.307170542635659,"contact_reachability":0.5846153846153846,"contact_satisfaction":7.408333333333333,"autonomy":7.196411406600449},"metadata":{"satisfaction_count":3240,"comprehension_count":3122,"contact_count":516,"contactReachability_count":520,"contactSatisfaction_count":300,"autonomy_count":3121}}
