{"data":{"satisfaction":8.931240657698057,"comprehension":8.455518945634267,"contact":3.605769230769231,"contact_reachability":0.5188679245283019,"contact_satisfaction":7.0754716981132075,"autonomy":7.0345963756177925},"metadata":{"satisfaction_count":669,"comprehension_count":607,"contact_count":104,"contactReachability_count":106,"contactSatisfaction_count":53,"autonomy_count":607}}
