{"data":{"satisfaction":6.503910378355528,"comprehension":6.528638730473593,"contact":3.4039792387543253,"contact_reachability":0.6103004291845494,"contact_satisfaction":5.605413105413105,"autonomy":5.09185632026323},"metadata":{"satisfaction_count":4731,"comprehension_count":4033,"contact_count":1156,"contactReachability_count":1165,"contactSatisfaction_count":702,"autonomy_count":3647}}
