{"data":{"satisfaction":5.525524450490442,"comprehension":7.204688255195746,"contact":2.8858814923189464,"contact_reachability":0.5668604651162791,"contact_satisfaction":5.116731517509727,"autonomy":4.628603104212861},"metadata":{"satisfaction_count":13967,"comprehension_count":10345,"contact_count":1367,"contactReachability_count":1376,"contactSatisfaction_count":771,"autonomy_count":3608}}
