{"data":{"satisfaction":5.730402645399728,"comprehension":5.8552031036056595,"contact":3.0520981507823612,"contact_reachability":0.5665505226480836,"contact_satisfaction":5.473533163265306,"autonomy":4.56745623069001},"metadata":{"satisfaction_count":10282,"comprehension_count":8764,"contact_count":2812,"contactReachability_count":2870,"contactSatisfaction_count":1568,"autonomy_count":7768}}
