{"data":{"satisfaction":5.525790823596466,"comprehension":7.195760838219744,"contact":2.9076867816091956,"contact_reachability":0.5681655960028551,"contact_satisfaction":5.142947903430749,"autonomy":4.630689561188334},"metadata":{"satisfaction_count":14036,"comprehension_count":10403,"contact_count":1392,"contactReachability_count":1401,"contactSatisfaction_count":787,"autonomy_count":3669}}
