{"data":{"satisfaction":5.638335082196572,"comprehension":5.734567901234568,"contact":2.7871410736579274,"contact_reachability":0.5440993788819876,"contact_satisfaction":5.144009216589862,"autonomy":4.591457753017641},"metadata":{"satisfaction_count":2859,"comprehension_count":2430,"contact_count":801,"contactReachability_count":805,"contactSatisfaction_count":434,"autonomy_count":2154}}
