{"data":{"satisfaction":5.720824949698189,"comprehension":5.844841831916903,"contact":3.0667644900953777,"contact_reachability":0.5682471264367817,"contact_satisfaction":5.485564304461942,"autonomy":4.548847127815541},"metadata":{"satisfaction_count":9940,"comprehension_count":8472,"contact_count":2726,"contactReachability_count":2784,"contactSatisfaction_count":1524,"autonomy_count":7503}}
