{"data":{"satisfaction":5.937986911810533,"comprehension":5.850225225225225,"contact":3.1695938529088914,"contact_reachability":0.5644104803493449,"contact_satisfaction":5.6396484375,"autonomy":4.492813141683778},"metadata":{"satisfaction_count":3209,"comprehension_count":2664,"contact_count":911,"contactReachability_count":916,"contactSatisfaction_count":512,"autonomy_count":2435}}
