{"data":{"satisfaction":5.6232492997198875,"comprehension":5.736082474226804,"contact":2.796134663341646,"contact_reachability":0.5459057071960298,"contact_satisfaction":5.143348623853211,"autonomy":4.569567240577013},"metadata":{"satisfaction_count":2856,"comprehension_count":2425,"contact_count":802,"contactReachability_count":806,"contactSatisfaction_count":436,"autonomy_count":2149}}
