{"data":{"satisfaction":5.499330022858044,"comprehension":7.370210469508905,"contact":2.841708542713568,"contact_reachability":5.722831505483549,"contact_satisfaction":4.995583038869258,"autonomy":4.663608562691132},"metadata":{"satisfaction_count":12687,"comprehension_count":9265,"contact_count":995,"autonomy_count":2616}}
