{"data":{"satisfaction":5.456904104050138,"comprehension":7.9320321694782265,"contact":3.235294117647059,"autonomy":4.611111111111111},"metadata":{"satisfaction_count":14839,"comprehension_count":10196,"contact_count":374,"autonomy_count":900}}
