{"data":{"satisfaction":5.460671326909755,"comprehension":7.7515963665797285,"contact":2.969219219219219,"contact_reachability":5.85692995529061,"contact_satisfaction":5.096649484536083,"autonomy":4.723529411764706},"metadata":{"satisfaction_count":15879,"comprehension_count":11119,"contact_count":666,"autonomy_count":1700}}
