{"data":{"satisfaction":5.790784557907846,"comprehension":5.803921568627451,"contact":3.04860088365243,"contact_reachability":0.5624082232011748,"contact_satisfaction":5.433070866141732,"autonomy":4.6645021645021645},"metadata":{"satisfaction_count":2409,"comprehension_count":2040,"contact_count":679,"contactReachability_count":681,"contactSatisfaction_count":381,"autonomy_count":1848}}
