{"data":{"satisfaction":5.848310567936736,"comprehension":5.979457856840322,"contact":3.054461942257218,"contact_reachability":0.5619295958279009,"contact_satisfaction":5.463615023474178,"autonomy":4.590321034978438},"metadata":{"satisfaction_count":2782,"comprehension_count":2361,"contact_count":762,"contactReachability_count":767,"contactSatisfaction_count":426,"autonomy_count":2087}}
