{"data":{"satisfaction":5.854973052425282,"comprehension":5.820289855072463,"contact":3.1050420168067228,"contact_reachability":0.5695142378559463,"contact_satisfaction":5.465976331360947,"autonomy":4.687697160883281},"metadata":{"satisfaction_count":2041,"comprehension_count":1725,"contact_count":595,"contactReachability_count":597,"contactSatisfaction_count":338,"autonomy_count":1585}}
