{"data":{"satisfaction":5.702957565366481,"comprehension":5.82568518984159,"contact":3.037173997664461,"contact_reachability":0.5670731707317073,"contact_satisfaction":5.444870900209351,"autonomy":4.557124518613607},"metadata":{"satisfaction_count":9332,"comprehension_count":7954,"contact_count":2569,"contactReachability_count":2624,"contactSatisfaction_count":1433,"autonomy_count":7011}}
