{"data":{"satisfaction":5.823909531502423,"comprehension":6.000712250712251,"contact":3.0359820089955023,"contact_reachability":0.5545722713864307,"contact_satisfaction":5.5479452054794525,"autonomy":4.622844827586207},"metadata":{"satisfaction_count":2476,"comprehension_count":2106,"contact_count":667,"contactReachability_count":678,"contactSatisfaction_count":365,"autonomy_count":1856}}
