{"data":{"satisfaction":5.734400617224419,"comprehension":5.859171664592056,"contact":3.049982400563182,"contact_reachability":0.5667471541911003,"contact_satisfaction":5.466876971608833,"autonomy":4.56935051677938},"metadata":{"satisfaction_count":10369,"comprehension_count":8837,"contact_count":2841,"contactReachability_count":2899,"contactSatisfaction_count":1585,"autonomy_count":7837}}
