{"data":{"satisfaction":5.49861714737258,"comprehension":7.374932322685436,"contact":2.8535353535353534,"contact_reachability":5.731462925851703,"contact_satisfaction":5.00886524822695,"autonomy":4.644787644787645},"metadata":{"satisfaction_count":12655,"comprehension_count":9235,"contact_count":990,"autonomy_count":2590}}
