{"data":{"satisfaction":5.815799187892211,"comprehension":5.98498040922943,"contact":3.035230352303523,"contact_reachability":0.566621803499327,"contact_satisfaction":5.384615384615385,"autonomy":4.566929133858268},"metadata":{"satisfaction_count":2709,"comprehension_count":2297,"contact_count":738,"contactReachability_count":743,"contactSatisfaction_count":416,"autonomy_count":2032}}
