{"data":{"satisfaction":5.49882138240438,"comprehension":7.2946834919321475,"contact":2.8834219858156027,"contact_reachability":5.730633802816901,"contact_satisfaction":5.058320373250389,"autonomy":4.605572339711313},"metadata":{"satisfaction_count":13151,"comprehension_count":9668,"contact_count":1128,"autonomy_count":2979}}
