{"data":{"satisfaction":5.502534113060429,"comprehension":7.350591243208693,"contact":2.866568914956012,"contact_reachability":5.722599418040737,"contact_satisfaction":5.038659793814433,"autonomy":4.668133480014668},"metadata":{"satisfaction_count":12825,"comprehension_count":9387,"contact_count":1023,"autonomy_count":2727}}
