{"data":{"satisfaction":5.456308764547307,"comprehension":7.85866780529462,"contact":3.152173913043478,"contact_reachability":6.045081967213115,"contact_satisfaction":5.25,"autonomy":4.708818635607321},"metadata":{"satisfaction_count":15209,"comprehension_count":10539,"contact_count":483,"autonomy_count":1202}}
