{"data":{"satisfaction":5.643598319183604,"comprehension":6.435160356108549,"contact":3.046116504854369,"contact_reachability":0.5734327049539676,"contact_satisfaction":5.338360402165507,"autonomy":4.532173342087984},"metadata":{"satisfaction_count":11661,"comprehension_count":9323,"contact_count":2266,"contactReachability_count":2281,"contactSatisfaction_count":1293,"autonomy_count":6092}}
