{"data":{"satisfaction":5.819521178637201,"comprehension":5.7979880369766175,"contact":3.071766561514196,"contact_reachability":0.559748427672956,"contact_satisfaction":5.501412429378531,"autonomy":4.671837708830549},"metadata":{"satisfaction_count":2172,"comprehension_count":1839,"contact_count":634,"contactReachability_count":636,"contactSatisfaction_count":354,"autonomy_count":1676}}
