{"data":{"satisfaction":5.891558646854253,"comprehension":5.9268707482993195,"contact":3.1923076923076925,"contact_reachability":0.5652173913043478,"contact_satisfaction":5.678947368421053,"autonomy":4.490916772285593},"metadata":{"satisfaction_count":3163,"comprehension_count":2646,"contact_count":845,"contactReachability_count":851,"contactSatisfaction_count":475,"autonomy_count":2367}}
