{"data":{"satisfaction":5.94949494949495,"comprehension":6.061725452812202,"contact":2.9103915662650603,"contact_reachability":0.5443786982248521,"contact_satisfaction":5.428370786516854,"autonomy":4.705882352941177},"metadata":{"satisfaction_count":2475,"comprehension_count":2098,"contact_count":664,"contactReachability_count":676,"contactSatisfaction_count":356,"autonomy_count":1853}}
