{"data":{"satisfaction":5.916970802919708,"comprehension":5.882352941176471,"contact":3.274193548387097,"contact_reachability":0.5822649572649573,"contact_satisfaction":5.64935064935065,"autonomy":4.47410358565737},"metadata":{"satisfaction_count":3288,"comprehension_count":2737,"contact_count":930,"contactReachability_count":936,"contactSatisfaction_count":539,"autonomy_count":2510}}
