{"data":{"satisfaction":5.9288354898336415,"comprehension":5.847536124490552,"contact":3.2177947598253276,"contact_reachability":0.5754614549402823,"contact_satisfaction":5.614285714285714,"autonomy":4.511552492906364},"metadata":{"satisfaction_count":3246,"comprehension_count":2699,"contact_count":916,"contactReachability_count":921,"contactSatisfaction_count":525,"autonomy_count":2467}}
