{"data":{"satisfaction":5.618863955119215,"comprehension":5.733539094650205,"contact":2.7490542244640603,"contact_reachability":0.5382685069008782,"contact_satisfaction":5.129411764705883,"autonomy":4.599254426840634},"metadata":{"satisfaction_count":2852,"comprehension_count":2430,"contact_count":793,"contactReachability_count":797,"contactSatisfaction_count":425,"autonomy_count":2146}}
