{"data":{"satisfaction":5.924097500771367,"comprehension":5.824349442379182,"contact":3.16017316017316,"contact_reachability":0.5672766415500539,"contact_satisfaction":5.593869731800766,"autonomy":4.4791244426428865},"metadata":{"satisfaction_count":3241,"comprehension_count":2690,"contact_count":924,"contactReachability_count":929,"contactSatisfaction_count":522,"autonomy_count":2467}}
