{"data":{"satisfaction":5.862068965517241,"comprehension":5.956819254365267,"contact":3.2686567164179103,"contact_reachability":0.586053412462908,"contact_satisfaction":5.601023017902813,"autonomy":4.5661375661375665},"metadata":{"satisfaction_count":2523,"comprehension_count":2119,"contact_count":670,"contactReachability_count":674,"contactSatisfaction_count":391,"autonomy_count":1890}}
