{"data":{"satisfaction":5.456596035543404,"comprehension":7.975976425931475,"contact":3.309748427672956,"autonomy":4.493927125506073},"metadata":{"satisfaction_count":14630,"comprehension_count":10011,"contact_count":318,"autonomy_count":741}}
