{"data":{"satisfaction":5.554182845040593,"comprehension":5.72247237003684,"contact":2.6287001287001286,"contact_reachability":5.364916773367478,"contact_satisfaction":4.921686746987952,"autonomy":4.623706491063029},"metadata":{"satisfaction_count":2833,"comprehension_count":2443,"contact_count":777,"autonomy_count":2126}}
