{"data":{"satisfaction":5.644979315532155,"comprehension":6.483181333649177,"contact":2.990936555891239,"contact_reachability":0.5667833916958479,"contact_satisfaction":5.303571428571429,"autonomy":4.534642250330376},"metadata":{"satisfaction_count":10636,"comprehension_count":8443,"contact_count":1986,"contactReachability_count":1999,"contactSatisfaction_count":1120,"autonomy_count":5297}}
