{"data":{"satisfaction":5.511768901569187,"comprehension":5.71078431372549,"contact":2.695822454308094,"contact_reachability":5.440414507772021,"contact_satisfaction":4.98792270531401,"autonomy":4.634950541686293},"metadata":{"satisfaction_count":2804,"comprehension_count":2448,"contact_count":766,"autonomy_count":2123}}
