{"data":{"satisfaction":5.754583921015515,"comprehension":5.8056133056133055,"contact":3.034375,"contact_reachability":0.5771144278606966,"contact_satisfaction":5.2771739130434785,"autonomy":4.607933579335794},"metadata":{"satisfaction_count":2836,"comprehension_count":2405,"contact_count":800,"contactReachability_count":804,"contactSatisfaction_count":460,"autonomy_count":2168}}
