{"data":{"satisfaction":5.464949482350006,"comprehension":7.726041389110933,"contact":2.895658263305322,"contact_reachability":5.757997218358831,"contact_satisfaction":5.055012224938875,"autonomy":4.697136563876652},"metadata":{"satisfaction_count":16034,"comprehension_count":11259,"contact_count":714,"autonomy_count":1816}}
