{"data":{"satisfaction":5.709148598625066,"comprehension":5.829198709997519,"contact":3.0439814814814814,"contact_reachability":0.5670570457121269,"contact_satisfaction":5.45643153526971,"autonomy":4.55158841720551},"metadata":{"satisfaction_count":9455,"comprehension_count":8062,"contact_count":2592,"contactReachability_count":2647,"contactSatisfaction_count":1446,"autonomy_count":7114}}
