{"data":{"satisfaction":5.904776969313509,"comprehension":5.81016755521706,"contact":3.1387665198237884,"contact_reachability":0.5614035087719298,"contact_satisfaction":5.610236220472441,"autonomy":4.47029497299543},"metadata":{"satisfaction_count":3161,"comprehension_count":2626,"contact_count":908,"contactReachability_count":912,"contactSatisfaction_count":508,"autonomy_count":2407}}
