{"data":{"satisfaction":5.6351880520899735,"comprehension":6.452756806222832,"contact":3.014423076923077,"contact_reachability":0.5711556829035339,"contact_satisfaction":5.304568527918781,"autonomy":4.520695215911127},"metadata":{"satisfaction_count":10981,"comprehension_count":8742,"contact_count":2080,"contactReachability_count":2094,"contactSatisfaction_count":1182,"autonomy_count":5581}}
