{"data":{"satisfaction":5.772477064220183,"comprehension":5.809874404504114,"contact":3.012987012987013,"contact_reachability":0.5736434108527132,"contact_satisfaction":5.2727272727272725,"autonomy":4.623139702352376},"metadata":{"satisfaction_count":2725,"comprehension_count":2309,"contact_count":770,"contactReachability_count":774,"contactSatisfaction_count":440,"autonomy_count":2083}}
