{"data":{"satisfaction":5.641203063013193,"comprehension":6.468608564465591,"contact":3.0041707556427872,"contact_reachability":0.5699658703071673,"contact_satisfaction":5.296280276816609,"autonomy":4.534286762009534},"metadata":{"satisfaction_count":10839,"comprehension_count":8617,"contact_count":2038,"contactReachability_count":2051,"contactSatisfaction_count":1156,"autonomy_count":5454}}
