{"data":{"satisfaction":5.696611909650924,"comprehension":5.820585401108167,"contact":3.0384471817842478,"contact_reachability":0.5657894736842105,"contact_satisfaction":5.4594232059020795,"autonomy":4.53765490943756},"metadata":{"satisfaction_count":9740,"comprehension_count":8302,"contact_count":2679,"contactReachability_count":2736,"contactSatisfaction_count":1491,"autonomy_count":7343}}
