{"data":{"satisfaction":5.809174311926606,"comprehension":5.970181503889369,"contact":3.0522088353413657,"contact_reachability":0.5638297872340425,"contact_satisfaction":5.441527446300716,"autonomy":4.567237163814181},"metadata":{"satisfaction_count":2725,"comprehension_count":2314,"contact_count":747,"contactReachability_count":752,"contactSatisfaction_count":419,"autonomy_count":2045}}
