{"data":{"satisfaction":5.742822633094862,"comprehension":5.868203116486869,"contact":3.0362588952897323,"contact_reachability":0.5658811815466313,"contact_satisfaction":5.453438831405965,"autonomy":4.586986047660205},"metadata":{"satisfaction_count":10763,"comprehension_count":9177,"contact_count":2951,"contactReachability_count":3013,"contactSatisfaction_count":1643,"autonomy_count":8099}}
