{"data":{"satisfaction":5.499119650922453,"comprehension":7.312903898269752,"contact":2.8652450090744104,"contact_reachability":5.711711711711712,"contact_satisfaction":5.043929712460064,"autonomy":4.616706772086627},"metadata":{"satisfaction_count":13063,"comprehension_count":9594,"contact_count":1102,"autonomy_count":2909}}
