{"data":{"satisfaction":5.703657780533168,"comprehension":5.8249576168563815,"contact":3.045880149812734,"contact_reachability":0.5658232489915658,"contact_satisfaction":5.472745625841184,"autonomy":4.5338809034907595},"metadata":{"satisfaction_count":9678,"comprehension_count":8258,"contact_count":2670,"contactReachability_count":2727,"contactSatisfaction_count":1486,"autonomy_count":7305}}
