{"data":{"satisfaction":5.526952069406912,"comprehension":7.193226518276887,"contact":2.911617961511048,"contact_reachability":0.5701133144475921,"contact_satisfaction":5.131909547738694,"autonomy":4.616635058249797},"metadata":{"satisfaction_count":14062,"comprehension_count":10423,"contact_count":1403,"contactReachability_count":1412,"contactSatisfaction_count":796,"autonomy_count":3691}}
