{"data":{"satisfaction":5.504241281809613,"comprehension":7.367515855100505,"contact":2.8510956175298805,"contact_reachability":5.721343873517787,"contact_satisfaction":5.0131348511383536,"autonomy":4.667924528301887},"metadata":{"satisfaction_count":12732,"comprehension_count":9303,"contact_count":1004,"autonomy_count":2650}}
