{"data":{"satisfaction":5.850897736143637,"comprehension":5.945348837209302,"contact":3.257016248153619,"contact_reachability":0.5844346549192364,"contact_satisfaction":5.596446700507614,"autonomy":4.571577847439916},"metadata":{"satisfaction_count":2562,"comprehension_count":2150,"contact_count":677,"contactReachability_count":681,"contactSatisfaction_count":394,"autonomy_count":1914}}
