{"data":{"satisfaction":5.658722277391592,"comprehension":6.421300124018189,"contact":3.04251269035533,"contact_reachability":0.5722689075630252,"contact_satisfaction":5.343610698365527,"autonomy":4.545170365739294},"metadata":{"satisfaction_count":12084,"comprehension_count":9676,"contact_count":2364,"contactReachability_count":2380,"contactSatisfaction_count":1346,"autonomy_count":6398}}
