{"data":{"satisfaction":5.461056401074306,"comprehension":8.004135983052556,"contact":3.480565371024735,"autonomy":4.534351145038168},"metadata":{"satisfaction_count":14521,"comprehension_count":9913,"contact_count":283,"autonomy_count":655}}
