{"data":{"satisfaction":5.724360858066412,"comprehension":5.851436781609196,"contact":3.05426217765043,"contact_reachability":0.5670175438596491,"contact_satisfaction":5.4733632862644415,"autonomy":4.571651090342679},"metadata":{"satisfaction_count":10209,"comprehension_count":8700,"contact_count":2792,"contactReachability_count":2850,"contactSatisfaction_count":1558,"autonomy_count":7704}}
