{"data":{"satisfaction":7.583892617449664,"comprehension":8.39873417721519,"contact":4.1455696202531644,"contact_reachability":5.822784810126582,"contact_satisfaction":7.119565217391305,"autonomy":4.487179487179487},"metadata":{"satisfaction_count":447,"comprehension_count":395,"contact_count":79,"autonomy_count":156}}
