{"data":{"satisfaction":8.320610687022901,"comprehension":7.955175600739372,"contact":4.15929203539823,"contact_reachability":0.5462555066079295,"contact_satisfaction":7.642276422764228,"autonomy":6.43888354186718},"metadata":{"satisfaction_count":1179,"comprehension_count":1082,"contact_count":226,"contactReachability_count":227,"contactSatisfaction_count":123,"autonomy_count":1039}}
