{"data":{"satisfaction":7.575757575757576,"comprehension":8.304878048780488,"contact":3.9942528735632186,"contact_reachability":0.5517241379310345,"contact_satisfaction":7.239583333333333,"autonomy":4.444444444444445},"metadata":{"satisfaction_count":462,"comprehension_count":410,"contact_count":87,"contactReachability_count":87,"contactSatisfaction_count":48,"autonomy_count":171}}
