{"data":{"satisfaction":8.339026473099915,"comprehension":7.966853408029879,"contact":4.084051724137931,"contact_reachability":0.5407725321888412,"contact_satisfaction":7.58,"autonomy":6.465433300876339},"metadata":{"satisfaction_count":1171,"comprehension_count":1071,"contact_count":232,"contactReachability_count":233,"contactSatisfaction_count":125,"autonomy_count":1027}}
