{"data":{"satisfaction":7.672413793103448,"comprehension":8.023809523809524,"contact":5.3125,"contact_reachability":6.458333333333334,"contact_satisfaction":8.225806451612904,"autonomy":4.646464646464646},"metadata":{"satisfaction_count":116,"comprehension_count":105,"contact_count":48,"autonomy_count":99}}
