{"data":{"satisfaction":7.7556109725685785,"comprehension":7.971830985915493,"contact":3.7837837837837838,"contact_reachability":0.5315315315315315,"contact_satisfaction":7.11864406779661,"autonomy":5.101214574898785},"metadata":{"satisfaction_count":401,"comprehension_count":355,"contact_count":111,"contactReachability_count":111,"contactSatisfaction_count":59,"autonomy_count":247}}
