{"data":{"satisfaction":7.536407766990291,"comprehension":8.506849315068493,"contact":4.346153846153846,"contact_reachability":6.3076923076923075,"contact_satisfaction":6.890243902439025,"autonomy":4.523809523809524},"metadata":{"satisfaction_count":412,"comprehension_count":365,"contact_count":65,"autonomy_count":126}}
