{"data":{"satisfaction":8.045843045843046,"comprehension":7.640167364016737,"contact":5.024271844660194,"contact_reachability":0.6618357487922706,"contact_satisfaction":7.610294117647059,"autonomy":6.599118942731278},"metadata":{"satisfaction_count":1287,"comprehension_count":1195,"contact_count":206,"contactReachability_count":207,"contactSatisfaction_count":136,"autonomy_count":1135}}
