{"data":{"satisfaction":7.517564402810304,"comprehension":8.445767195767196,"contact":3.9726027397260273,"contact_reachability":5.7534246575342465,"contact_satisfaction":6.904761904761905,"autonomy":4.428571428571429},"metadata":{"satisfaction_count":427,"comprehension_count":378,"contact_count":73,"autonomy_count":140}}
