{"data":{"satisfaction":7.578828828828829,"comprehension":8.40561224489796,"contact":4.1455696202531644,"contact_reachability":5.822784810126582,"contact_satisfaction":7.119565217391305,"autonomy":4.48051948051948},"metadata":{"satisfaction_count":444,"comprehension_count":392,"contact_count":79,"autonomy_count":154}}
