{"data":{"satisfaction":7.5,"comprehension":7.605633802816901,"contact":2.3529411764705883,"contact_reachability":0.35294117647058826,"contact_satisfaction":6.666666666666667,"autonomy":6.521739130434782},"metadata":{"satisfaction_count":80,"comprehension_count":71,"contact_count":17,"contactReachability_count":17,"contactSatisfaction_count":6,"autonomy_count":69}}
