{"data":{"satisfaction":7.929292929292929,"comprehension":7.640449438202247,"contact":4.642857142857143,"contact_reachability":0.5714285714285714,"contact_satisfaction":8.125,"autonomy":4.767441860465116},"metadata":{"satisfaction_count":99,"comprehension_count":89,"contact_count":35,"contactReachability_count":35,"contactSatisfaction_count":20,"autonomy_count":86}}
