{"data":{"satisfaction":7.760814249363868,"comprehension":7.974137931034483,"contact":3.7837837837837838,"contact_reachability":0.5315315315315315,"contact_satisfaction":7.11864406779661,"autonomy":4.97907949790795},"metadata":{"satisfaction_count":393,"comprehension_count":348,"contact_count":111,"contactReachability_count":111,"contactSatisfaction_count":59,"autonomy_count":239}}
