{"data":{"satisfaction":7.826086956521739,"comprehension":7.730263157894737,"contact":3.2954545454545454,"contact_reachability":0.5,"contact_satisfaction":6.590909090909091,"autonomy":6.428571428571429},"metadata":{"satisfaction_count":92,"comprehension_count":76,"contact_count":22,"contactReachability_count":22,"contactSatisfaction_count":11,"autonomy_count":70}}
