{"data":{"satisfaction":7.827225130890052,"comprehension":8.0103550295858,"contact":3.925233644859813,"contact_reachability":0.5514018691588785,"contact_satisfaction":7.11864406779661,"autonomy":4.913043478260869},"metadata":{"satisfaction_count":382,"comprehension_count":338,"contact_count":107,"contactReachability_count":107,"contactSatisfaction_count":59,"autonomy_count":230}}
