{"data":{"satisfaction":8.07356608478803,"comprehension":7.703527815468114,"contact":4.715302491103203,"contact_reachability":0.6289752650176679,"contact_satisfaction":7.528409090909091,"autonomy":6.580645161290323},"metadata":{"satisfaction_count":1604,"comprehension_count":1474,"contact_count":281,"contactReachability_count":283,"contactSatisfaction_count":176,"autonomy_count":1395}}
