{"data":{"satisfaction":7.6923076923076925,"comprehension":7.846153846153846,"contact":3.4210526315789473,"contact_reachability":0.5263157894736842,"contact_satisfaction":6.5,"autonomy":6.451612903225806},"metadata":{"satisfaction_count":78,"comprehension_count":65,"contact_count":19,"contactReachability_count":19,"contactSatisfaction_count":10,"autonomy_count":62}}
