{"data":{"satisfaction":7.559808612440191,"comprehension":8.52027027027027,"contact":4.264705882352941,"contact_reachability":6.176470588235294,"contact_satisfaction":6.904761904761905,"autonomy":4.545454545454546},"metadata":{"satisfaction_count":418,"comprehension_count":370,"contact_count":68,"autonomy_count":132}}
