{"data":{"satisfaction":7.819148936170213,"comprehension":7.759740259740259,"contact":3.2954545454545454,"contact_reachability":0.5,"contact_satisfaction":6.590909090909091,"autonomy":6.619718309859155},"metadata":{"satisfaction_count":94,"comprehension_count":77,"contact_count":22,"contactReachability_count":22,"contactSatisfaction_count":11,"autonomy_count":71}}
