{"data":{"satisfaction":7.612179487179487,"comprehension":7.518050541516246,"contact":3.7280701754385963,"contact_reachability":0.5263157894736842,"contact_satisfaction":7.083333333333333,"autonomy":5.190839694656488},"metadata":{"satisfaction_count":312,"comprehension_count":277,"contact_count":114,"contactReachability_count":114,"contactSatisfaction_count":60,"autonomy_count":262}}
