{
  "data": {
    "satisfaction": 7.6976284584980235,
    "comprehension": 9.009111617312072,
    "contact": 1.5625,
    "autonomy": 3.4782608695652173
  },
  "metadata": {
    "satisfaction_count": 506,
    "comprehension_count": 439,
    "contact_count": 16,
    "autonomy_count": 23
  }
}
