{"data":{"satisfaction":8.03255931347804,"comprehension":8.032625189681335,"contact":5.817535545023697,"contact_reachability":0.7878315132605305,"contact_satisfaction":7.409456740442656,"autonomy":7.0528455284552845},"metadata":{"satisfaction_count":3962,"comprehension_count":3295,"contact_count":633,"contactReachability_count":641,"contactSatisfaction_count":497,"autonomy_count":2952}}
