{"data":{"satisfaction":7.979761033894172,"comprehension":8.004411764705882,"contact":5.8144796380090495,"contact_reachability":0.7913561847988078,"contact_satisfaction":7.37093690248566,"autonomy":7.025607353906763},"metadata":{"satisfaction_count":4101,"comprehension_count":3400,"contact_count":663,"contactReachability_count":671,"contactSatisfaction_count":523,"autonomy_count":3046}}
