{"data":{"satisfaction":7.542177027963947,"comprehension":7.681753889674682,"contact":5.377947295423024,"contact_reachability":0.7589041095890411,"contact_satisfaction":7.114678899082569,"autonomy":6.910043130006161},"metadata":{"satisfaction_count":4327,"comprehension_count":3535,"contact_count":721,"contactReachability_count":730,"contactSatisfaction_count":545,"autonomy_count":3246}}
