{"data":{"satisfaction":7.5417246175243395,"comprehension":7.680090754395916,"contact":5.375,"contact_reachability":0.7585733882030178,"contact_satisfaction":7.113970588235294,"autonomy":6.903365236184007},"metadata":{"satisfaction_count":4314,"comprehension_count":3526,"contact_count":720,"contactReachability_count":729,"contactSatisfaction_count":544,"autonomy_count":3239}}
