{"data":{"satisfaction":8.423193121078317,"comprehension":8.863436123348018,"contact":6.190476190476191,"contact_reachability":8.176470588235293,"contact_satisfaction":7.591240875912408,"autonomy":6.927152317880795},"metadata":{"satisfaction_count":4303,"comprehension_count":3405,"contact_count":168,"autonomy_count":755}}
