{"data":{"satisfaction":7.558252427184466,"comprehension":7.804449648711944,"contact":5.695266272189349,"contact_reachability":0.7941176470588235,"contact_satisfaction":7.182835820895522,"autonomy":7.084398976982097},"metadata":{"satisfaction_count":1030,"comprehension_count":854,"contact_count":169,"contactReachability_count":170,"contactSatisfaction_count":134,"autonomy_count":782}}
