{"data":{"satisfaction":8.422273781902552,"comprehension":8.863236587510993,"contact":6.190476190476191,"contact_reachability":8.176470588235293,"contact_satisfaction":7.591240875912408,"autonomy":6.951379763469119},"metadata":{"satisfaction_count":4310,"comprehension_count":3411,"contact_count":168,"autonomy_count":761}}
