{"data":{"satisfaction":8.207920792079207,"comprehension":8.118405627198124,"contact":5.931952662721893,"contact_reachability":7.777777777777778,"contact_satisfaction":7.652671755725191,"autonomy":7.186311787072244},"metadata":{"satisfaction_count":1010,"comprehension_count":853,"contact_count":169,"autonomy_count":789}}
