{"data":{"satisfaction":8.176070038910506,"comprehension":8.111045828437133,"contact":5.471698113207547,"contact_reachability":7.0625,"contact_satisfaction":7.767857142857143,"autonomy":7.306226175349428},"metadata":{"satisfaction_count":1028,"comprehension_count":851,"contact_count":159,"autonomy_count":787}}
