{"data":{"satisfaction":7.629663330300273,"comprehension":7.851351351351352,"contact":5.798969072164948,"contact_reachability":0.8214285714285714,"contact_satisfaction":7.0754716981132075,"autonomy":6.88388625592417},"metadata":{"satisfaction_count":1099,"comprehension_count":925,"contact_count":194,"contactReachability_count":196,"contactSatisfaction_count":159,"autonomy_count":844}}
