{"data":{"satisfaction":7.130434782608695,"comprehension":7.279569892473118,"contact":4.817708333333333,"contact_reachability":0.6820512820512821,"contact_satisfaction":7.115384615384615,"autonomy":6.690391459074733},"metadata":{"satisfaction_count":1150,"comprehension_count":930,"contact_count":192,"contactReachability_count":195,"contactSatisfaction_count":130,"autonomy_count":843}}
