{"data":{"satisfaction":7.15748031496063,"comprehension":7.538314176245211,"contact":5.767716535433071,"contact_reachability":0.8384615384615385,"contact_satisfaction":6.910377358490566,"autonomy":6.330472103004292},"metadata":{"satisfaction_count":635,"comprehension_count":522,"contact_count":127,"contactReachability_count":130,"contactSatisfaction_count":106,"autonomy_count":466}}
