{"data":{"satisfaction":7.504770992366412,"comprehension":7.754813137032842,"contact":5.593922651933702,"contact_reachability":0.7912087912087912,"contact_satisfaction":7.080419580419581,"autonomy":6.997518610421836},"metadata":{"satisfaction_count":1048,"comprehension_count":883,"contact_count":181,"contactReachability_count":182,"contactSatisfaction_count":143,"autonomy_count":806}}
