{"data":{"satisfaction":7.478260869565218,"comprehension":7.733918128654971,"contact":5.531609195402299,"contact_reachability":0.7670454545454546,"contact_satisfaction":7.2368421052631575,"autonomy":7.046035805626598},"metadata":{"satisfaction_count":1035,"comprehension_count":855,"contact_count":174,"contactReachability_count":176,"contactSatisfaction_count":133,"autonomy_count":782}}
