{"data":{"satisfaction":7.541763341067285,"comprehension":7.678824865171729,"contact":5.368567454798331,"contact_reachability":0.7582417582417582,"contact_satisfaction":7.10865561694291,"autonomy":6.905718701700154},"metadata":{"satisfaction_count":4310,"comprehension_count":3523,"contact_count":719,"contactReachability_count":728,"contactSatisfaction_count":543,"autonomy_count":3235}}
