{"data":{"satisfaction":7.934990439770554,"comprehension":7.791053921568627,"contact":5.948795180722891,"contact_reachability":0.8214285714285714,"contact_satisfaction":7.261029411764706,"autonomy":6.908150064683053},"metadata":{"satisfaction_count":1046,"comprehension_count":816,"contact_count":166,"contactReachability_count":168,"contactSatisfaction_count":136,"autonomy_count":773}}
