{"data":{"satisfaction":7.548951048951049,"comprehension":7.690333618477331,"contact":5.377094972067039,"contact_reachability":0.7586206896551724,"contact_satisfaction":7.116451016635859,"autonomy":6.914001862775535},"metadata":{"satisfaction_count":4290,"comprehension_count":3507,"contact_count":716,"contactReachability_count":725,"contactSatisfaction_count":541,"autonomy_count":3221}}
