{"data":{"satisfaction":8.432907733076368,"comprehension":8.89261744966443,"contact":6.295620437956204,"autonomy":6.925465838509317},"metadata":{"satisfaction_count":4151,"comprehension_count":3278,"contact_count":137,"autonomy_count":644}}
