{"data":{"satisfaction":8.212935741285174,"comprehension":8.348563968668408,"contact":5.786516853932584,"contact_reachability":0.7907407407407407,"contact_satisfaction":7.339667458432304,"autonomy":6.974231088944306},"metadata":{"satisfaction_count":4762,"comprehension_count":3830,"contact_count":534,"contactReachability_count":540,"contactSatisfaction_count":421,"autonomy_count":2406}}
