{"data":{"satisfaction":7.811621368322399,"comprehension":7.718040621266428,"contact":5.885714285714286,"contact_reachability":0.8305084745762712,"contact_satisfaction":7.103448275862069,"autonomy":6.8354430379746836},"metadata":{"satisfaction_count":1067,"comprehension_count":837,"contact_count":175,"contactReachability_count":177,"contactSatisfaction_count":145,"autonomy_count":790}}
