{"data":{"satisfaction":7.0108243130724395,"comprehension":7.351010101010101,"contact":4.767156862745098,"contact_reachability":0.714975845410628,"contact_satisfaction":6.706896551724138,"autonomy":6.636670416197975},"metadata":{"satisfaction_count":1201,"comprehension_count":990,"contact_count":204,"contactReachability_count":207,"contactSatisfaction_count":145,"autonomy_count":889}}
