{"data":{"satisfaction":7.978075517661389,"comprehension":8.001763150161622,"contact":5.8144796380090495,"contact_reachability":0.7913561847988078,"contact_satisfaction":7.37093690248566,"autonomy":7.025254181698918},"metadata":{"satisfaction_count":4105,"comprehension_count":3403,"contact_count":663,"contactReachability_count":671,"contactSatisfaction_count":523,"autonomy_count":3049}}
