{"data":{"satisfaction":7.9098552078468005,"comprehension":7.951339915373766,"contact":5.726495726495727,"contact_reachability":0.7834036568213784,"contact_satisfaction":7.335766423357664,"autonomy":6.967418546365915},"metadata":{"satisfaction_count":4282,"comprehension_count":3545,"contact_count":702,"contactReachability_count":711,"contactSatisfaction_count":548,"autonomy_count":3192}}
