{"data":{"satisfaction":8.25353645266594,"comprehension":8.388407367280607,"contact":5.809716599190283,"contact_reachability":0.7875751503006012,"contact_satisfaction":7.396907216494846,"autonomy":7.001315212626041},"metadata":{"satisfaction_count":4595,"comprehension_count":3692,"contact_count":494,"contactReachability_count":499,"contactSatisfaction_count":388,"autonomy_count":2281}}
