{"data":{"satisfaction":8.26935804103243,"comprehension":8.403159340659341,"contact":5.859375,"contact_reachability":0.7917525773195876,"contact_satisfaction":7.420844327176781,"autonomy":7.023756163155536},"metadata":{"satisfaction_count":4533,"comprehension_count":3640,"contact_count":480,"contactReachability_count":485,"contactSatisfaction_count":379,"autonomy_count":2231}}
