{"data":{"satisfaction":7.660550458715596,"comprehension":7.69919168591224,"contact":5.734536082474227,"contact_reachability":0.8163265306122449,"contact_satisfaction":7.041139240506329,"autonomy":6.785276073619632},"metadata":{"satisfaction_count":1090,"comprehension_count":866,"contact_count":194,"contactReachability_count":196,"contactSatisfaction_count":158,"autonomy_count":815}}
