{"data":{"satisfaction":8.36025669395884,"comprehension":8.649847518713612,"contact":5.820552147239264,"contact_reachability":0.7720364741641338,"contact_satisfaction":7.559760956175299,"autonomy":7.107969151670951},"metadata":{"satisfaction_count":4519,"comprehension_count":3607,"contact_count":326,"contactReachability_count":329,"contactSatisfaction_count":251,"autonomy_count":1556}}
