{"data":{"satisfaction":8.065988523735003,"comprehension":8.03616155291171,"contact":5.81715210355987,"contact_reachability":0.7916666666666666,"contact_satisfaction":7.366803278688525,"autonomy":7.047519217330538},"metadata":{"satisfaction_count":3834,"comprehension_count":3194,"contact_count":618,"contactReachability_count":624,"contactSatisfaction_count":488,"autonomy_count":2862}}
