{"data":{"satisfaction":8.157640232108317,"comprehension":8.142441860465116,"contact":5.466867469879518,"contact_reachability":7.005988023952096,"contact_satisfaction":7.823275862068965,"autonomy":7.2898368883312425},"metadata":{"satisfaction_count":1034,"comprehension_count":860,"contact_count":166,"autonomy_count":797}}
