{"data":{"satisfaction":7.502374169040836,"comprehension":7.766138165345414,"contact":5.628342245989304,"contact_reachability":0.7978723404255319,"contact_satisfaction":7.063758389261745,"autonomy":6.977611940298507},"metadata":{"satisfaction_count":1053,"comprehension_count":883,"contact_count":187,"contactReachability_count":188,"contactSatisfaction_count":149,"autonomy_count":804}}
