{"data":{"satisfaction":7.969888295288976,"comprehension":7.995607613469986,"contact":5.81203007518797,"contact_reachability":0.7904903417533432,"contact_satisfaction":7.375954198473282,"autonomy":7.021902582543315},"metadata":{"satisfaction_count":4118,"comprehension_count":3415,"contact_count":665,"contactReachability_count":673,"contactSatisfaction_count":524,"autonomy_count":3059}}
