{"data":{"satisfaction":7.287414965986395,"comprehension":7.431434599156118,"contact":4.9125,"contact_reachability":0.6798029556650246,"contact_satisfaction":7.277777777777778,"autonomy":6.770472895040369},"metadata":{"satisfaction_count":1176,"comprehension_count":948,"contact_count":200,"contactReachability_count":203,"contactSatisfaction_count":135,"autonomy_count":867}}
