{"data":{"satisfaction":8.284954575670286,"comprehension":8.411789066813915,"contact":5.852754237288136,"contact_reachability":0.7882599580712788,"contact_satisfaction":7.446091644204852,"autonomy":7.037037037037037},"metadata":{"satisfaction_count":4513,"comprehension_count":3622,"contact_count":472,"contactReachability_count":477,"contactSatisfaction_count":371,"autonomy_count":2214}}
