{"data":{"satisfaction":7.870778267254038,"comprehension":7.588289962825279,"contact":5.18018018018018,"contact_reachability":0.6785714285714286,"contact_satisfaction":7.666666666666667,"autonomy":6.92},"metadata":{"satisfaction_count":681,"comprehension_count":538,"contact_count":111,"contactReachability_count":112,"contactSatisfaction_count":75,"autonomy_count":500}}
