{"data":{"satisfaction":7.666666666666667,"comprehension":7.367424242424242,"contact":5.056179775280899,"contact_reachability":0.6741573033707865,"contact_satisfaction":7.5,"autonomy":6.565934065934066},"metadata":{"satisfaction_count":510,"comprehension_count":396,"contact_count":89,"contactReachability_count":89,"contactSatisfaction_count":60,"autonomy_count":364}}
