{"data":{"satisfaction":8.02441731409545,"comprehension":7.860082304526749,"contact":5.456204379562044,"contact_reachability":0.717391304347826,"contact_satisfaction":7.627551020408164,"autonomy":7.115384615384615},"metadata":{"satisfaction_count":901,"comprehension_count":729,"contact_count":137,"contactReachability_count":138,"contactSatisfaction_count":98,"autonomy_count":676}}
