{"data":{"satisfaction":7.192242833052276,"comprehension":7.35632183908046,"contact":4.911167512690355,"contact_reachability":0.68,"contact_satisfaction":7.274436090225564,"autonomy":6.739130434782608},"metadata":{"satisfaction_count":1186,"comprehension_count":957,"contact_count":197,"contactReachability_count":200,"contactSatisfaction_count":133,"autonomy_count":874}}
