{"data":{"satisfaction":7.814992025518341,"comprehension":7.525354969574036,"contact":5.024038461538462,"contact_reachability":0.6666666666666666,"contact_satisfaction":7.572463768115942,"autonomy":6.827133479212254},"metadata":{"satisfaction_count":627,"comprehension_count":493,"contact_count":104,"contactReachability_count":105,"contactSatisfaction_count":69,"autonomy_count":457}}
