{"data":{"satisfaction":8.210227272727273,"comprehension":8.35121695891128,"contact":5.768867924528302,"contact_reachability":0.788785046728972,"contact_satisfaction":7.332134292565947,"autonomy":6.982470784641069},"metadata":{"satisfaction_count":4752,"comprehension_count":3821,"contact_count":530,"contactReachability_count":535,"contactSatisfaction_count":417,"autonomy_count":2396}}
