{"data":{"satisfaction":8.135509396636992,"comprehension":8.026315789473685,"contact":5.493630573248407,"contact_reachability":7.215189873417721,"contact_satisfaction":7.632743362831858,"autonomy":7.280927835051546},"metadata":{"satisfaction_count":1011,"comprehension_count":836,"contact_count":157,"autonomy_count":776}}
