{"data":{"satisfaction":8.159392789373815,"comprehension":8.24731182795699,"contact":4.722222222222222,"contact_reachability":0.5555555555555556,"contact_satisfaction":8.5,"autonomy":8.88641425389755},"metadata":{"satisfaction_count":527,"comprehension_count":465,"contact_count":9,"contactReachability_count":9,"contactSatisfaction_count":5,"autonomy_count":449}}
