{"data":{"satisfaction":8.241379310344827,"comprehension":8.333333333333334,"contact":3.3333333333333335,"contact_reachability":0.3333333333333333,"contact_satisfaction":10,"autonomy":8.790322580645162},"metadata":{"satisfaction_count":145,"comprehension_count":129,"contact_count":3,"contactReachability_count":3,"contactSatisfaction_count":1,"autonomy_count":124}}
