{"data":{"satisfaction":8.45679012345679,"comprehension":8.178571428571429,"contact":3.3333333333333335,"contact_reachability":0.3333333333333333,"contact_satisfaction":10,"autonomy":8.702290076335878},"metadata":{"satisfaction_count":162,"comprehension_count":140,"contact_count":3,"contactReachability_count":3,"contactSatisfaction_count":1,"autonomy_count":131}}
