{"data":{"satisfaction":5.54054054054054,"comprehension":5.629770992366412,"contact":1.935483870967742,"contact_reachability":0.22580645161290322,"contact_satisfaction":8.571428571428571,"autonomy":5.691056910569106},"metadata":{"satisfaction_count":148,"comprehension_count":131,"contact_count":31,"contactReachability_count":31,"contactSatisfaction_count":7,"autonomy_count":123}}
