{"data":{"satisfaction":5.5813953488372094,"comprehension":5.581896551724138,"contact":2.6470588235294117,"contact_reachability":0.47368421052631576,"contact_satisfaction":6.428571428571429,"autonomy":6.601941747572815},"metadata":{"satisfaction_count":129,"comprehension_count":116,"contact_count":17,"contactReachability_count":19,"contactSatisfaction_count":7,"autonomy_count":103}}
