{"data":{"satisfaction":5.990566037735849,"comprehension":6.772009029345372,"contact":2.9508196721311477,"contact_reachability":0.4918032786885246,"contact_satisfaction":6,"autonomy":5.9523809523809526},"metadata":{"satisfaction_count":530,"comprehension_count":443,"contact_count":61,"contactReachability_count":61,"contactSatisfaction_count":30,"autonomy_count":294}}
