{"data":{"satisfaction":5.54421768707483,"comprehension":5.653846153846154,"contact":1.935483870967742,"contact_reachability":0.22580645161290322,"contact_satisfaction":8.571428571428571,"autonomy":5.691056910569106},"metadata":{"satisfaction_count":147,"comprehension_count":130,"contact_count":31,"contactReachability_count":31,"contactSatisfaction_count":7,"autonomy_count":123}}
