{"data":{"satisfaction":6.379310344827586,"comprehension":6.454081632653061,"contact":3.2142857142857144,"contact_reachability":0.6470588235294118,"contact_satisfaction":5.625,"autonomy":6.136363636363637},"metadata":{"satisfaction_count":116,"comprehension_count":98,"contact_count":14,"contactReachability_count":17,"contactSatisfaction_count":8,"autonomy_count":88}}
