{"data":{"satisfaction":5.736543909348442,"comprehension":7.090443686006826,"contact":3.0208333333333335,"contact_reachability":5.833333333333334,"contact_satisfaction":5.178571428571429,"autonomy":5.3097345132743365},"metadata":{"satisfaction_count":353,"comprehension_count":293,"contact_count":24,"autonomy_count":113}}
