{"data":{"satisfaction":6.556291390728477,"comprehension":7.096774193548387,"contact":3.8541666666666665,"contact_reachability":0.6666666666666666,"contact_satisfaction":5.78125,"autonomy":6.52542372881356},"metadata":{"satisfaction_count":151,"comprehension_count":124,"contact_count":24,"contactReachability_count":24,"contactSatisfaction_count":16,"autonomy_count":118}}
