{"data":{"satisfaction":6.081081081081081,"comprehension":6.281038374717833,"contact":2.8529411764705883,"contact_reachability":0.4482758620689655,"contact_satisfaction":6.554054054054054,"autonomy":5.843520782396088},"metadata":{"satisfaction_count":518,"comprehension_count":443,"contact_count":85,"contactReachability_count":87,"contactSatisfaction_count":37,"autonomy_count":409}}
