{"data":{"satisfaction":5.732484076433121,"comprehension":7.25095785440613,"contact":3.4210526315789473,"contact_reachability":5.263157894736842,"contact_satisfaction":6.5,"autonomy":5.176470588235294},"metadata":{"satisfaction_count":314,"comprehension_count":261,"contact_count":19,"autonomy_count":85}}
