{"data":{"satisfaction":6.026422764227642,"comprehension":7.162162162162162,"contact":3.5869565217391304,"contact_reachability":0.6086956521739131,"contact_satisfaction":5.892857142857143,"autonomy":5.9641255605381165},"metadata":{"satisfaction_count":492,"comprehension_count":407,"contact_count":46,"contactReachability_count":46,"contactSatisfaction_count":28,"autonomy_count":223}}
