{"data":{"satisfaction":6.258503401360544,"comprehension":6.038135593220339,"contact":2.232142857142857,"contact_reachability":0.35714285714285715,"contact_satisfaction":6.25,"autonomy":6.153846153846154},"metadata":{"satisfaction_count":147,"comprehension_count":118,"contact_count":28,"contactReachability_count":28,"contactSatisfaction_count":10,"autonomy_count":117}}
