{"data":{"satisfaction":5.317460317460317,"comprehension":6.159090909090909,"contact":3.5294117647058822,"contact_reachability":0.5555555555555556,"contact_satisfaction":6.666666666666667,"autonomy":5.809523809523809},"metadata":{"satisfaction_count":126,"comprehension_count":110,"contact_count":17,"contactReachability_count":18,"contactSatisfaction_count":9,"autonomy_count":105}}
