{"data":{"satisfaction":6.323529411764706,"comprehension":6.713286713286713,"contact":2.8,"contact_reachability":5.6000000000000005,"contact_satisfaction":5,"autonomy":5.970149253731344},"metadata":{"satisfaction_count":170,"comprehension_count":143,"contact_count":25,"autonomy_count":134}}
