{"data":{"satisfaction":5.764525993883792,"comprehension":7.225274725274725,"contact":3.4210526315789473,"contact_reachability":5.263157894736842,"contact_satisfaction":6.5,"autonomy":5.257731958762887},"metadata":{"satisfaction_count":327,"comprehension_count":273,"contact_count":19,"autonomy_count":97}}
