{"data":{"satisfaction":5.989492119089317,"comprehension":6.739130434782608,"contact":2.960526315789474,"contact_reachability":0.4605263157894737,"contact_satisfaction":6.428571428571429,"autonomy":5.783132530120482},"metadata":{"satisfaction_count":571,"comprehension_count":483,"contact_count":76,"contactReachability_count":76,"contactSatisfaction_count":35,"autonomy_count":332}}
