{"data":{"satisfaction":6.149425287356322,"comprehension":6.666666666666667,"contact":3.152173913043478,"contact_reachability":6.086956521739131,"contact_satisfaction":5.178571428571429,"autonomy":5.955882352941177},"metadata":{"satisfaction_count":174,"comprehension_count":147,"contact_count":23,"autonomy_count":136}}
