{"data":{"satisfaction":6.024436090225564,"comprehension":6.2993421052631575,"contact":2.8125,"contact_reachability":0.4444444444444444,"contact_satisfaction":6.5131578947368425,"autonomy":5.843230403800475},"metadata":{"satisfaction_count":532,"comprehension_count":456,"contact_count":88,"contactReachability_count":90,"contactSatisfaction_count":38,"autonomy_count":421}}
