{"data":{"satisfaction":5.706967213114754,"comprehension":6.033254156769596,"contact":2.376543209876543,"contact_reachability":0.40476190476190477,"contact_satisfaction":6.209677419354839,"autonomy":6.119791666666667},"metadata":{"satisfaction_count":488,"comprehension_count":421,"contact_count":81,"contactReachability_count":84,"contactSatisfaction_count":31,"autonomy_count":384}}
