{"data":{"satisfaction":6.003584229390681,"comprehension":6.310526315789474,"contact":2.9347826086956523,"contact_reachability":0.4574468085106383,"contact_satisfaction":6.585365853658536,"autonomy":5.890410958904109},"metadata":{"satisfaction_count":558,"comprehension_count":475,"contact_count":92,"contactReachability_count":94,"contactSatisfaction_count":41,"autonomy_count":438}}
