{"data":{"satisfaction":5.724137931034483,"comprehension":6.161417322834645,"contact":2.4038461538461537,"contact_reachability":0.34615384615384615,"contact_satisfaction":6.944444444444445,"autonomy":5.565217391304348},"metadata":{"satisfaction_count":145,"comprehension_count":127,"contact_count":26,"contactReachability_count":26,"contactSatisfaction_count":9,"autonomy_count":115}}
