{"data":{"satisfaction":5.912087912087912,"comprehension":7.1494708994708995,"contact":3.5526315789473686,"contact_reachability":6.052631578947368,"contact_satisfaction":5.869565217391305,"autonomy":5.816326530612245},"metadata":{"satisfaction_count":455,"comprehension_count":378,"contact_count":38,"autonomy_count":196}}
