{"data":{"satisfaction":5.533333333333333,"comprehension":5.7251908396946565,"contact":1.5909090909090908,"contact_reachability":0.21212121212121213,"contact_satisfaction":7.5,"autonomy":5.691056910569106},"metadata":{"satisfaction_count":150,"comprehension_count":131,"contact_count":33,"contactReachability_count":33,"contactSatisfaction_count":7,"autonomy_count":123}}
