{"data":{"satisfaction":5.716723549488054,"comprehension":7.3962655601659755,"contact":4.333333333333333,"contact_reachability":6.666666666666666,"contact_satisfaction":6.5,"autonomy":5.588235294117647},"metadata":{"satisfaction_count":293,"comprehension_count":241,"contact_count":15,"autonomy_count":68}}
