{"data":{"satisfaction":5.688172043010753,"comprehension":6.15625,"contact":3.253968253968254,"contact_reachability":0.5522388059701493,"contact_satisfaction":6.212121212121212,"autonomy":6.185286103542234},"metadata":{"satisfaction_count":465,"comprehension_count":400,"contact_count":63,"contactReachability_count":67,"contactSatisfaction_count":33,"autonomy_count":367}}
