{"data":{"satisfaction":8.529514191189273,"comprehension":7.903621208937452,"contact":7.550682885189928,"contact_reachability":0.8688837110781614,"contact_satisfaction":8.69990164740595,"autonomy":5.7662023016353725},"metadata":{"satisfaction_count":17229,"comprehension_count":14277,"contact_count":4686,"contactReachability_count":4721,"contactSatisfaction_count":4067,"autonomy_count":14859}}
