{"data":{"satisfaction":9.267955801104973,"comprehension":9.379914224446033,"contact":6.098484848484849,"contact_reachability":0.7947761194029851,"contact_satisfaction":7.70334928229665,"autonomy":6.485693323550991},"metadata":{"satisfaction_count":1448,"comprehension_count":1399,"contact_count":264,"contactReachability_count":268,"contactSatisfaction_count":209,"autonomy_count":1363}}
