{"data":{"satisfaction":9.315022421524663,"comprehension":9.396753095071245,"contact":6.366103739445115,"contact_reachability":0.7985781990521327,"contact_satisfaction":8.00834597875569,"autonomy":6.45021645021645},"metadata":{"satisfaction_count":4460,"comprehension_count":4281,"contact_count":829,"contactReachability_count":844,"contactSatisfaction_count":659,"autonomy_count":4158}}
