{"data":{"satisfaction":8.136690647482014,"comprehension":8.5832083958021,"contact":7.1,"contact_reachability":9.200000000000001,"contact_satisfaction":7.717391304347826,"autonomy":6.666666666666667},"metadata":{"satisfaction_count":695,"comprehension_count":667,"contact_count":25,"autonomy_count":96}}
