{"data":{"satisfaction":8.05732484076433,"comprehension":7.961783439490445,"contact":6.086956521739131,"contact_reachability":0.8260869565217391,"contact_satisfaction":7.368421052631579,"autonomy":6.25},"metadata":{"satisfaction_count":157,"comprehension_count":157,"contact_count":46,"contactReachability_count":46,"contactSatisfaction_count":38,"autonomy_count":152}}
