{"data":{"satisfaction":8.412698412698413,"comprehension":8.154761904761905,"contact":6.810344827586207,"contact_reachability":8.96551724137931,"contact_satisfaction":7.596153846153846,"autonomy":6.666666666666667},"metadata":{"satisfaction_count":126,"comprehension_count":126,"contact_count":29,"autonomy_count":123}}
