{"data":{"satisfaction":7.581521739130435,"comprehension":7.5,"contact":6.942446043165468,"contact_reachability":0.8129496402877698,"contact_satisfaction":8.539823008849558,"autonomy":5.966386554621849},"metadata":{"satisfaction_count":368,"comprehension_count":361,"contact_count":139,"contactReachability_count":139,"contactSatisfaction_count":113,"autonomy_count":357}}
