{"data":{"satisfaction":7.456896551724138,"comprehension":7.304347826086956,"contact":7.162162162162162,"contact_reachability":0.8378378378378378,"contact_satisfaction":8.548387096774194,"autonomy":6.160714285714286},"metadata":{"satisfaction_count":116,"comprehension_count":115,"contact_count":37,"contactReachability_count":37,"contactSatisfaction_count":31,"autonomy_count":112}}
