{"data":{"satisfaction":7.301724137931035,"comprehension":7.31140350877193,"contact":6.551339285714286,"contact_reachability":0.7522123893805309,"contact_satisfaction":8.735119047619047,"autonomy":4.9733570159857905},"metadata":{"satisfaction_count":580,"comprehension_count":570,"contact_count":224,"contactReachability_count":226,"contactSatisfaction_count":168,"autonomy_count":563}}
