{"data":{"satisfaction":7.542579075425791,"comprehension":7.413793103448276,"contact":7.136075949367089,"contact_reachability":0.810126582278481,"contact_satisfaction":8.80859375,"autonomy":5.452261306532663},"metadata":{"satisfaction_count":411,"comprehension_count":406,"contact_count":158,"contactReachability_count":158,"contactSatisfaction_count":128,"autonomy_count":398}}
