{"data":{"satisfaction":7.340425531914893,"comprehension":7.302631578947368,"contact":6.7746913580246915,"contact_reachability":0.7730061349693251,"contact_satisfaction":8.78,"autonomy":4.975728155339806},"metadata":{"satisfaction_count":423,"comprehension_count":418,"contact_count":162,"contactReachability_count":163,"contactSatisfaction_count":125,"autonomy_count":412}}
