{"data":{"satisfaction":7.353629976580796,"comprehension":7.3045023696682465,"contact":6.7746913580246915,"contact_reachability":0.7730061349693251,"contact_satisfaction":8.78,"autonomy":5.0120481927710845},"metadata":{"satisfaction_count":427,"comprehension_count":422,"contact_count":162,"contactReachability_count":163,"contactSatisfaction_count":125,"autonomy_count":415}}
