{"data":{"satisfaction":7.76978417266187,"comprehension":7.682815356489945,"contact":7.033898305084746,"contact_reachability":0.8361581920903954,"contact_satisfaction":8.412162162162161,"autonomy":6.027944111776447},"metadata":{"satisfaction_count":556,"comprehension_count":547,"contact_count":177,"contactReachability_count":177,"contactSatisfaction_count":148,"autonomy_count":501}}
