{"data":{"satisfaction":7.616345062429058,"comprehension":7.5489067894131185,"contact":6.895424836601308,"contact_reachability":0.7916666666666666,"contact_satisfaction":8.755186721991702,"autonomy":5.567251461988304},"metadata":{"satisfaction_count":881,"comprehension_count":869,"contact_count":306,"contactReachability_count":312,"contactSatisfaction_count":241,"autonomy_count":855}}
