{"data":{"satisfaction":7.349137931034483,"comprehension":7.243449781659389,"contact":6.551204819277109,"contact_reachability":0.7710843373493976,"contact_satisfaction":8.49609375,"autonomy":5.476718403547672},"metadata":{"satisfaction_count":464,"comprehension_count":458,"contact_count":166,"contactReachability_count":166,"contactSatisfaction_count":128,"autonomy_count":451}}
