{"data":{"satisfaction":8.087349397590362,"comprehension":8.569182389937106,"contact":6.5,"contact_reachability":9.333333333333334,"contact_satisfaction":6.964285714285714,"autonomy":6.923076923076923},"metadata":{"satisfaction_count":664,"comprehension_count":636,"contact_count":15,"autonomy_count":65}}
