{"data":{"satisfaction":7.5797579757975795,"comprehension":7.5139664804469275,"contact":6.77115987460815,"contact_reachability":0.7815384615384615,"contact_satisfaction":8.709677419354838,"autonomy":5.534090909090909},"metadata":{"satisfaction_count":909,"comprehension_count":895,"contact_count":319,"contactReachability_count":325,"contactSatisfaction_count":248,"autonomy_count":880}}
