{"data":{"satisfaction":8.10850439882698,"comprehension":8.570336391437309,"contact":6.625,"contact_reachability":9,"contact_satisfaction":7.361111111111111,"autonomy":6.867469879518072},"metadata":{"satisfaction_count":682,"comprehension_count":654,"contact_count":20,"autonomy_count":83}}
