{"data":{"satisfaction":7.584330794341676,"comprehension":7.519337016574585,"contact":6.793478260869565,"contact_reachability":0.7835365853658537,"contact_satisfaction":8.715139442231076,"autonomy":5.550561797752809},"metadata":{"satisfaction_count":919,"comprehension_count":905,"contact_count":322,"contactReachability_count":328,"contactSatisfaction_count":251,"autonomy_count":890}}
