{"data":{"satisfaction":7.398589065255732,"comprehension":7.361111111111111,"contact":6.541095890410959,"contact_reachability":0.751131221719457,"contact_satisfaction":8.734756097560975,"autonomy":4.954627949183303},"metadata":{"satisfaction_count":567,"comprehension_count":558,"contact_count":219,"contactReachability_count":221,"contactSatisfaction_count":164,"autonomy_count":551}}
