{"data":{"satisfaction":7.8345498783454985,"comprehension":7.797029702970297,"contact":7.079646017699115,"contact_reachability":0.8495575221238938,"contact_satisfaction":8.333333333333334,"autonomy":6.5},"metadata":{"satisfaction_count":411,"comprehension_count":404,"contact_count":113,"contactReachability_count":113,"contactSatisfaction_count":96,"autonomy_count":360}}
