{"data":{"satisfaction":8.051282051282051,"comprehension":8.466666666666667,"contact":6.435185185185185,"contact_reachability":0.8333333333333334,"contact_satisfaction":7.722222222222222,"autonomy":6.312849162011173},"metadata":{"satisfaction_count":780,"comprehension_count":750,"contact_count":54,"contactReachability_count":54,"contactSatisfaction_count":45,"autonomy_count":179}}
