{"data":{"satisfaction":7.386503067484663,"comprehension":7.325653798256538,"contact":6.601307189542483,"contact_reachability":0.762987012987013,"contact_satisfaction":8.669527896995708,"autonomy":5.139240506329114},"metadata":{"satisfaction_count":815,"comprehension_count":803,"contact_count":306,"contactReachability_count":308,"contactSatisfaction_count":233,"autonomy_count":790}}
