{"data":{"satisfaction":7.579113924050633,"comprehension":7.491970021413276,"contact":6.778273809523809,"contact_reachability":0.783625730994152,"contact_satisfaction":8.692748091603054,"autonomy":5.527747551686616},"metadata":{"satisfaction_count":948,"comprehension_count":934,"contact_count":336,"contactReachability_count":342,"contactSatisfaction_count":262,"autonomy_count":919}}
