{"data":{"satisfaction":7.390829694323144,"comprehension":7.273230088495575,"contact":6.5606060606060606,"contact_reachability":0.7696969696969697,"contact_satisfaction":8.523622047244094,"autonomy":5.46067415730337},"metadata":{"satisfaction_count":458,"comprehension_count":452,"contact_count":165,"contactReachability_count":165,"contactSatisfaction_count":127,"autonomy_count":445}}
