{"data":{"satisfaction":8.068181818181818,"comprehension":7.945402298850575,"contact":6.298076923076923,"contact_reachability":0.8269230769230769,"contact_satisfaction":7.616279069767442,"autonomy":6.27906976744186},"metadata":{"satisfaction_count":176,"comprehension_count":174,"contact_count":52,"contactReachability_count":52,"contactSatisfaction_count":43,"autonomy_count":172}}
