{"data":{"satisfaction":8.233082706766917,"comprehension":8.026315789473685,"contact":7.121212121212121,"contact_reachability":9.09090909090909,"contact_satisfaction":7.833333333333333,"autonomy":6.434108527131783},"metadata":{"satisfaction_count":133,"comprehension_count":133,"contact_count":33,"autonomy_count":129}}
