{"data":{"satisfaction":7.891414141414141,"comprehension":7.814910025706941,"contact":7.110091743119266,"contact_reachability":0.8532110091743119,"contact_satisfaction":8.333333333333334,"autonomy":6.521739130434782},"metadata":{"satisfaction_count":396,"comprehension_count":389,"contact_count":109,"contactReachability_count":109,"contactSatisfaction_count":93,"autonomy_count":345}}
