{"data":{"satisfaction":7.689075630252101,"comprehension":7.560455192034139,"contact":6.751054852320675,"contact_reachability":0.7941176470588235,"contact_satisfaction":8.51063829787234,"autonomy":5.55895865237366},"metadata":{"satisfaction_count":714,"comprehension_count":703,"contact_count":237,"contactReachability_count":238,"contactSatisfaction_count":188,"autonomy_count":653}}
