{"data":{"satisfaction":8.06532663316583,"comprehension":8.472584856396868,"contact":6.594827586206897,"contact_reachability":0.8448275862068966,"contact_satisfaction":7.8061224489795915,"autonomy":6.410256410256411},"metadata":{"satisfaction_count":796,"comprehension_count":766,"contact_count":58,"contactReachability_count":58,"contactSatisfaction_count":49,"autonomy_count":195}}
