{"data":{"satisfaction":8.017621145374449,"comprehension":7.869955156950673,"contact":7.094594594594595,"contact_reachability":0.8378378378378378,"contact_satisfaction":8.46774193548387,"autonomy":6.376146788990826},"metadata":{"satisfaction_count":227,"comprehension_count":223,"contact_count":74,"contactReachability_count":74,"contactSatisfaction_count":62,"autonomy_count":218}}
