{"data":{"satisfaction":7.402135231316726,"comprehension":7.340553549939831,"contact":6.626602564102564,"contact_reachability":0.767515923566879,"contact_satisfaction":8.650627615062762,"autonomy":5.207823960880195},"metadata":{"satisfaction_count":843,"comprehension_count":831,"contact_count":312,"contactReachability_count":314,"contactSatisfaction_count":239,"autonomy_count":818}}
