{"data":{"satisfaction":7.930327868852459,"comprehension":7.8125,"contact":7.0886075949367084,"contact_reachability":0.8354430379746836,"contact_satisfaction":8.484848484848484,"autonomy":6.425531914893617},"metadata":{"satisfaction_count":244,"comprehension_count":240,"contact_count":79,"contactReachability_count":79,"contactSatisfaction_count":66,"autonomy_count":235}}
