{"data":{"satisfaction":8.107734806629834,"comprehension":8.556034482758621,"contact":7.016129032258065,"contact_reachability":9.032258064516128,"contact_satisfaction":7.767857142857143,"autonomy":6.56},"metadata":{"satisfaction_count":724,"comprehension_count":696,"contact_count":31,"autonomy_count":125}}
