{"data":{"satisfaction":7.731788079470198,"comprehension":7.642857142857143,"contact":6.958762886597938,"contact_reachability":0.8247422680412371,"contact_satisfaction":8.4375,"autonomy":5.865209471766849},"metadata":{"satisfaction_count":604,"comprehension_count":595,"contact_count":194,"contactReachability_count":194,"contactSatisfaction_count":160,"autonomy_count":549}}
