{"data":{"satisfaction":8.48762109795479,"comprehension":8.10553083280356,"contact":7.127766599597585,"contact_reachability":0.8627450980392157,"contact_satisfaction":8.296252927400468,"autonomy":5.997425997425998},"metadata":{"satisfaction_count":1858,"comprehension_count":1573,"contact_count":497,"contactReachability_count":510,"contactSatisfaction_count":427,"autonomy_count":1554}}
