{"data":{"satisfaction":8.47574421168688,"comprehension":8.066926575698506,"contact":7.168049792531121,"contact_reachability":0.8666666666666667,"contact_satisfaction":8.305288461538462,"autonomy":6.003949967083607},"metadata":{"satisfaction_count":1814,"comprehension_count":1539,"contact_count":482,"contactReachability_count":495,"contactSatisfaction_count":416,"autonomy_count":1519}}
