{"data":{"satisfaction":8.496818663838813,"comprehension":7.975340687865023,"contact":6.93158953722334,"contact_reachability":0.8467583497053045,"contact_satisfaction":8.221957040572793,"autonomy":6.033376123234916},"metadata":{"satisfaction_count":1886,"comprehension_count":1541,"contact_count":497,"contactReachability_count":509,"contactSatisfaction_count":419,"autonomy_count":1558}}
