{"data":{"satisfaction":8.497465048394531,"comprehension":8.250132298465338,"contact":6.7251461988304095,"contact_reachability":0.8494318181818182,"contact_satisfaction":7.958477508650519,"autonomy":6.00292558054489},"metadata":{"satisfaction_count":6509,"comprehension_count":5669,"contact_count":1710,"contactReachability_count":1760,"contactSatisfaction_count":1445,"autonomy_count":5469}}
