{"data":{"satisfaction":8.476297968397292,"comprehension":9.351548642379587,"contact":6.686643835616438,"contact_reachability":8.327759197324415,"contact_satisfaction":8.068181818181818,"autonomy":6.111696522655427},"metadata":{"satisfaction_count":8860,"comprehension_count":7329,"contact_count":292,"autonomy_count":949}}
