{"data":{"satisfaction":8.488757396449705,"comprehension":8.956256143800028,"contact":6.885416666666667,"contact_reachability":0.852760736196319,"contact_satisfaction":8.10049019607843,"autonomy":6.000669344042838},"metadata":{"satisfaction_count":8450,"comprehension_count":7121,"contact_count":960,"contactReachability_count":978,"contactSatisfaction_count":816,"autonomy_count":2988}}
