{"data":{"satisfaction":8.44191289901507,"comprehension":8.206320929005015,"contact":7.146579066606253,"contact_reachability":0.8788546255506607,"contact_satisfaction":8.163819875776397,"autonomy":6.126347387092372},"metadata":{"satisfaction_count":8427,"comprehension_count":7578,"contact_count":2207,"contactReachability_count":2270,"contactSatisfaction_count":1932,"autonomy_count":7329}}
