{"data":{"satisfaction":8.49603567888999,"comprehension":8.326353992183138,"contact":6.764440433212997,"contact_reachability":8.53356890459364,"contact_satisfaction":7.956475583864119,"autonomy":5.894117647058824},"metadata":{"satisfaction_count":2018,"comprehension_count":1791,"contact_count":554,"autonomy_count":1700}}
