{"data":{"satisfaction":8.489583333333334,"comprehension":8.276649746192893,"contact":6.70353982300885,"contact_reachability":0.8403361344537815,"contact_satisfaction":8.058510638297872,"autonomy":6.1005291005291005},"metadata":{"satisfaction_count":2208,"comprehension_count":1970,"contact_count":565,"contactReachability_count":595,"contactSatisfaction_count":470,"autonomy_count":1890}}
