{"data":{"satisfaction":8.48762109795479,"comprehension":9.30722891566265,"contact":6.62004662004662,"contact_reachability":8.428246013667426,"contact_satisfaction":7.888888888888889,"autonomy":6.012176560121766},"metadata":{"satisfaction_count":9290,"comprehension_count":7719,"contact_count":429,"autonomy_count":1314}}
