{"data":{"satisfaction":8.475091130012151,"comprehension":8.176989150090415,"contact":7.176560121765601,"contact_reachability":0.8913690476190477,"contact_satisfaction":8.073630136986301,"autonomy":6.121973929236499},"metadata":{"satisfaction_count":2469,"comprehension_count":2212,"contact_count":657,"contactReachability_count":672,"contactSatisfaction_count":584,"autonomy_count":2148}}
