{"data":{"satisfaction":8.490364025695932,"comprehension":8.117088607594937,"contact":7.16,"contact_reachability":0.865234375,"contact_satisfaction":8.306264501160094,"autonomy":5.996156310057655},"metadata":{"satisfaction_count":1868,"comprehension_count":1580,"contact_count":500,"contactReachability_count":512,"contactSatisfaction_count":431,"autonomy_count":1561}}
