{"data":{"satisfaction":8.456325301204819,"comprehension":8.142148277875073,"contact":6.865530303030303,"contact_reachability":0.8513011152416357,"contact_satisfaction":8.091517857142858,"autonomy":6.008353221957041},"metadata":{"satisfaction_count":1992,"comprehension_count":1713,"contact_count":528,"contactReachability_count":538,"contactSatisfaction_count":448,"autonomy_count":1676}}
