{"data":{"satisfaction":8.474565357372827,"comprehension":9.045046416070614,"contact":6.749355670103093,"contact_reachability":8.486759142496847,"contact_satisfaction":7.983993902439025,"autonomy":5.9768690623709215},"metadata":{"satisfaction_count":7765,"comprehension_count":6571,"contact_count":776,"autonomy_count":2421}}
