{"data":{"satisfaction":8.486120438773225,"comprehension":8.212309820193637,"contact":7.021480221182475,"contact_reachability":0.8740771123872026,"contact_satisfaction":8.076076320939334,"autonomy":6.143637782982045},"metadata":{"satisfaction_count":8934,"comprehension_count":7953,"contact_count":2351,"contactReachability_count":2438,"contactSatisfaction_count":2044,"autonomy_count":7686}}
