{"data":{"satisfaction":8.505523066926576,"comprehension":8.24910820451843,"contact":6.875628140703518,"contact_reachability":0.8531669865642995,"contact_satisfaction":8.125,"autonomy":6.002163498686447},"metadata":{"satisfaction_count":7695,"comprehension_count":6728,"contact_count":1990,"contactReachability_count":2084,"contactSatisfaction_count":1684,"autonomy_count":6471}}
