{"data":{"satisfaction":8.455813953488372,"comprehension":8.247261345852895,"contact":6.684684684684685,"contact_reachability":0.8404074702886248,"contact_satisfaction":8.047722342733188,"autonomy":6.0826985854189335},"metadata":{"satisfaction_count":2150,"comprehension_count":1917,"contact_count":555,"contactReachability_count":589,"contactSatisfaction_count":461,"autonomy_count":1838}}
