{"data":{"satisfaction":8.490099009900991,"comprehension":8.185714285714285,"contact":6.871534195933457,"contact_reachability":8.568840579710145,"contact_satisfaction":8.046536796536797,"autonomy":5.958823529411765},"metadata":{"satisfaction_count":2020,"comprehension_count":1750,"contact_count":541,"autonomy_count":1700}}
