{"data":{"satisfaction":8.495432563138097,"comprehension":8.142589118198874,"contact":6.3496932515337425,"contact_reachability":0.8450980392156863,"contact_satisfaction":7.573170731707317,"autonomy":6.085568326947637},"metadata":{"satisfaction_count":1861,"comprehension_count":1599,"contact_count":489,"contactReachability_count":510,"contactSatisfaction_count":410,"autonomy_count":1566}}
