{"data":{"satisfaction":8.522565320665084,"comprehension":8.29840848806366,"contact":6.663685152057245,"contact_reachability":0.8442211055276382,"contact_satisfaction":7.993562231759657,"autonomy":6.061946902654867},"metadata":{"satisfaction_count":2105,"comprehension_count":1885,"contact_count":559,"contactReachability_count":597,"contactSatisfaction_count":466,"autonomy_count":1808}}
