{"data":{"satisfaction":8.551524710830705,"comprehension":8.06882463859208,"contact":6.99009900990099,"contact_reachability":0.8639846743295019,"contact_satisfaction":8.133640552995391,"autonomy":6.118836915297092},"metadata":{"satisfaction_count":1902,"comprehension_count":1591,"contact_count":505,"contactReachability_count":522,"contactSatisfaction_count":434,"autonomy_count":1582}}
