{"data":{"satisfaction":8.467119120056166,"comprehension":9.378992193044713,"contact":6.794258373205742,"autonomy":6.237037037037037},"metadata":{"satisfaction_count":8546,"comprehension_count":7045,"contact_count":209,"autonomy_count":675}}
