{"data":{"satisfaction":8.440766550522648,"comprehension":8.168928744546777,"contact":7.000811688311688,"contact_reachability":0.8738170347003155,"contact_satisfaction":8.04570895522388,"autonomy":6.0945273631840795},"metadata":{"satisfaction_count":2296,"comprehension_count":2063,"contact_count":616,"contactReachability_count":634,"contactSatisfaction_count":536,"autonomy_count":2010}}
