{"data":{"satisfaction":8.492591472633807,"comprehension":8.243712055507372,"contact":6.85927442949093,"contact_reachability":0.8496659242761693,"contact_satisfaction":8.146282140375261,"autonomy":5.986688253282964},"metadata":{"satisfaction_count":6614,"comprehension_count":5765,"contact_count":1709,"contactReachability_count":1796,"contactSatisfaction_count":1439,"autonomy_count":5559}}
