{"data":{"satisfaction":8.49680910099889,"comprehension":8.592094539527302,"contact":6.782051282051282,"contact_reachability":0.8559201141226819,"contact_satisfaction":7.960017196904557,"autonomy":5.995337995337995},"metadata":{"satisfaction_count":7208,"comprehension_count":6135,"contact_count":1365,"contactReachability_count":1402,"contactSatisfaction_count":1163,"autonomy_count":4290}}
