{"data":{"satisfaction":8.557103064066853,"comprehension":8.148880105401844,"contact":6.7479253112033195,"contact_reachability":0.8682634730538922,"contact_satisfaction":7.818509615384615,"autonomy":6.030789825970549},"metadata":{"satisfaction_count":1795,"comprehension_count":1518,"contact_count":482,"contactReachability_count":501,"contactSatisfaction_count":416,"autonomy_count":1494}}
