{"data":{"satisfaction":8.477633477633479,"comprehension":8.277717976318621,"contact":6.736607142857143,"contact_reachability":0.8458961474036851,"contact_satisfaction":8.060897435897436,"autonomy":6.021324354657688},"metadata":{"satisfaction_count":2079,"comprehension_count":1858,"contact_count":560,"contactReachability_count":597,"contactSatisfaction_count":468,"autonomy_count":1782}}
