{"data":{"satisfaction":8.538099315068493,"comprehension":8.286881307063911,"contact":6.875,"contact_reachability":0.8526148969889065,"contact_satisfaction":8.126223091976517,"autonomy":6.055916125811283},"metadata":{"satisfaction_count":2336,"comprehension_count":2081,"contact_count":604,"contactReachability_count":631,"contactSatisfaction_count":511,"autonomy_count":2003}}
