{"data":{"satisfaction":8.52570564516129,"comprehension":8.381683731513084,"contact":6.826375711574952,"contact_reachability":8.558225508317928,"contact_satisfaction":8.012249443207127,"autonomy":5.911004209260373},"metadata":{"satisfaction_count":1984,"comprehension_count":1758,"contact_count":527,"autonomy_count":1663}}
