{"data":{"satisfaction":8.466109154929578,"comprehension":8.162016642192853,"contact":7.504098360655738,"contact_reachability":0.9079159935379645,"contact_satisfaction":8.27757685352622,"autonomy":6.318737270875764},"metadata":{"satisfaction_count":2272,"comprehension_count":2043,"contact_count":610,"contactReachability_count":619,"contactSatisfaction_count":553,"autonomy_count":1964}}
