{"data":{"satisfaction":8.487559241706162,"comprehension":8.95839190328929,"contact":6.882168925964546,"contact_reachability":0.8526100307062436,"contact_satisfaction":8.098159509202453,"autonomy":6.008050989600805},"metadata":{"satisfaction_count":8440,"comprehension_count":7114,"contact_count":959,"contactReachability_count":977,"contactSatisfaction_count":815,"autonomy_count":2981}}
