{"data":{"satisfaction":8.50727117194183,"comprehension":8.206962327134,"contact":7.393964110929853,"contact_reachability":0.9024,"contact_satisfaction":8.211050724637682,"autonomy":6.336142786316311},"metadata":{"satisfaction_count":2338,"comprehension_count":2097,"contact_count":613,"contactReachability_count":625,"contactSatisfaction_count":552,"autonomy_count":2017}}
