{"data":{"satisfaction":8.504210004952947,"comprehension":8.33752093802345,"contact":6.779891304347826,"contact_reachability":8.546099290780141,"contact_satisfaction":7.962765957446808,"autonomy":5.892018779342723},"metadata":{"satisfaction_count":2019,"comprehension_count":1791,"contact_count":552,"autonomy_count":1704}}
