{"data":{"satisfaction":8.502552467385138,"comprehension":8.603652434956638,"contact":6.844200151630023,"contact_reachability":0.8566149297856614,"contact_satisfaction":8.024444444444445,"autonomy":6.0082105771552765},"metadata":{"satisfaction_count":7052,"comprehension_count":5996,"contact_count":1319,"contactReachability_count":1353,"contactSatisfaction_count":1125,"autonomy_count":4141}}
