{"data":{"satisfaction":8.492917847025495,"comprehension":8.243627212209775,"contact":6.882480957562568,"contact_reachability":0.8515827711468604,"contact_satisfaction":8.150773195876289,"autonomy":5.966358284272498},"metadata":{"satisfaction_count":7060,"comprehension_count":6159,"contact_count":1838,"contactReachability_count":1927,"contactSatisfaction_count":1552,"autonomy_count":5945}}
