{"data":{"satisfaction":8.536916395222583,"comprehension":8.285536159600998,"contact":6.34453781512605,"contact_reachability":0.8489795918367347,"contact_satisfaction":7.512437810945274,"autonomy":6.194125159642401},"metadata":{"satisfaction_count":1842,"comprehension_count":1604,"contact_count":476,"contactReachability_count":490,"contactSatisfaction_count":402,"autonomy_count":1566}}
