{"data":{"satisfaction":8.517891682785299,"comprehension":8.320033021463951,"contact":6.797853309481217,"contact_reachability":8.563922942206656,"contact_satisfaction":7.966457023060797,"autonomy":5.865051903114187},"metadata":{"satisfaction_count":2068,"comprehension_count":1817,"contact_count":559,"autonomy_count":1734}}
