{"data":{"satisfaction":8.493869109174176,"comprehension":8.245933581836665,"contact":6.87037037037037,"contact_reachability":0.850244167118828,"contact_satisfaction":8.152467883705206,"autonomy":5.976123595505618},"metadata":{"satisfaction_count":6769,"comprehension_count":5902,"contact_count":1755,"contactReachability_count":1843,"contactSatisfaction_count":1479,"autonomy_count":5696}}
