{"data":{"satisfaction":8.47655172413793,"comprehension":9.108979591836734,"contact":6.775590551181103,"contact_reachability":8.52760736196319,"contact_satisfaction":7.982374768089054,"autonomy":5.99396074484147},"metadata":{"satisfaction_count":7250,"comprehension_count":6125,"contact_count":635,"autonomy_count":1987}}
