{"data":{"satisfaction":8.497109826589595,"comprehension":8.24694589877836,"contact":6.8694885361552025,"contact_reachability":0.8505039193729004,"contact_satisfaction":8.148535564853557,"autonomy":5.99059164103492},"metadata":{"satisfaction_count":6574,"comprehension_count":5730,"contact_count":1701,"contactReachability_count":1786,"contactSatisfaction_count":1434,"autonomy_count":5527}}
