{"data":{"satisfaction":8.505402942325219,"comprehension":8.251935675997618,"contact":6.884441087613293,"contact_reachability":0.8528846153846154,"contact_satisfaction":8.138392857142858,"autonomy":5.999690498297741},"metadata":{"satisfaction_count":7681,"comprehension_count":6716,"contact_count":1986,"contactReachability_count":2080,"contactSatisfaction_count":1680,"autonomy_count":6462}}
