{"data":{"satisfaction":8.484848484848484,"comprehension":8.265962924819773,"contact":6.634948096885813,"contact_reachability":0.8371335504885994,"contact_satisfaction":8.023012552301255,"autonomy":6.05037513397642},"metadata":{"satisfaction_count":2178,"comprehension_count":1942,"contact_count":578,"contactReachability_count":614,"contactSatisfaction_count":478,"autonomy_count":1866}}
