{"data":{"satisfaction":8.468800368408933,"comprehension":9.361850355301659,"contact":6.752049180327869,"autonomy":6.265508684863524},"metadata":{"satisfaction_count":8686,"comprehension_count":7177,"contact_count":244,"autonomy_count":806}}
