{"data":{"satisfaction":8.495615757099856,"comprehension":8.57657519546221,"contact":6.704234972677596,"contact_reachability":0.8496340652029275,"contact_satisfaction":7.9281098546042,"autonomy":6.002994011976048},"metadata":{"satisfaction_count":7641,"comprehension_count":6523,"contact_count":1464,"contactReachability_count":1503,"contactSatisfaction_count":1238,"autonomy_count":4676}}
