{
  "data": {
    "satisfaction": 8.46269014253204,
    "comprehension": 9.400363636363636,
    "contact": 6.90406976744186,
    "autonomy": 6.230769230769231
  },
  "metadata": {
    "satisfaction_count": 8349,
    "comprehension_count": 6875,
    "contact_count": 172,
    "autonomy_count": 520
  }
}
