{"data":{"satisfaction":8.502326217843459,"comprehension":8.245414641793385,"contact":6.877642706131078,"contact_reachability":0.8513104838709677,"contact_satisfaction":8.148090169067,"autonomy":5.98020123336579},"metadata":{"satisfaction_count":7308,"comprehension_count":6379,"contact_count":1892,"contactReachability_count":1984,"contactSatisfaction_count":1597,"autonomy_count":6162}}
