{"data":{"satisfaction":8.477017937219731,"comprehension":9.34369076631465,"contact":6.705607476635514,"contact_reachability":8.445121951219512,"contact_satisfaction":7.972222222222222,"autonomy":6.047904191616767},"metadata":{"satisfaction_count":8920,"comprehension_count":7386,"contact_count":321,"autonomy_count":1002}}
