{"data":{"satisfaction":8.503691906761256,"comprehension":8.611632270168856,"contact":6.847146207974981,"contact_reachability":0.8548510313216195,"contact_satisfaction":8.04178145087236,"autonomy":5.99601593625498},"metadata":{"satisfaction_count":6907,"comprehension_count":5863,"contact_count":1279,"contactReachability_count":1309,"contactSatisfaction_count":1089,"autonomy_count":4016}}
