{"data":{"satisfaction":8.541844577284373,"comprehension":8.308999521302058,"contact":6.9051580698835275,"contact_reachability":0.8519108280254777,"contact_satisfaction":8.169291338582678,"autonomy":6.052762568442011},"metadata":{"satisfaction_count":2342,"comprehension_count":2089,"contact_count":601,"contactReachability_count":628,"contactSatisfaction_count":508,"autonomy_count":2009}}
