{"data":{"satisfaction":8.47029002593728,"comprehension":9.38974688974689,"contact":6.85929648241206,"autonomy":6.200317965023848},"metadata":{"satisfaction_count":8482,"comprehension_count":6993,"contact_count":199,"autonomy_count":629}}
