{"data":{"satisfaction":8.517013712544438,"comprehension":8.385386819484241,"contact":6.820809248554913,"contact_reachability":8.536585365853659,"contact_satisfaction":8.02721088435374,"autonomy":5.895567698846388},"metadata":{"satisfaction_count":1969,"comprehension_count":1745,"contact_count":519,"autonomy_count":1647}}
