{"data":{"satisfaction":2.406380027739251,"comprehension":4.356731875719217,"contact":2.1686930091185412,"contact_reachability":0.536491935483871,"contact_satisfaction":4.060128983308043,"autonomy":1.779214152066678},"metadata":{"satisfaction_count":10094,"comprehension_count":8690,"contact_count":4935,"contactReachability_count":4960,"contactSatisfaction_count":2636,"autonomy_count":5879}}
