{"data":{"satisfaction":2.369927159209157,"comprehension":5.502373925317593,"contact":2.300438596491228,"contact_reachability":5.80574912891986,"contact_satisfaction":3.982536066818527,"autonomy":1.711509715994021},"metadata":{"satisfaction_count":9610,"comprehension_count":7793,"contact_count":2280,"autonomy_count":2676}}
