{"data":{"satisfaction":2.444907683144729,"comprehension":3.5756961192720893,"contact":2.1810067310506294,"contact_reachability":0.5392511204279312,"contact_satisfaction":4.0869207567864,"autonomy":1.7624242424242424},"metadata":{"satisfaction_count":10074,"comprehension_count":9122,"contact_count":6834,"contactReachability_count":6917,"contactSatisfaction_count":3647,"autonomy_count":8250}}
