{"data":{"satisfaction":2.3132815140250083,"comprehension":3.4554199038105806,"contact":2.1337890625,"contact_reachability":0.5430238210986874,"contact_satisfaction":3.944043321299639,"autonomy":1.7267936765301986},"metadata":{"satisfaction_count":2959,"comprehension_count":2703,"contact_count":2048,"contactReachability_count":2057,"contactSatisfaction_count":1108,"autonomy_count":2467}}
