{"data":{"satisfaction":2.373810856183548,"comprehension":5.674989567394631,"contact":2.346454494695701,"contact_reachability":5.934553521907931,"contact_satisfaction":3.972117202268431,"autonomy":1.6988235294117646},"metadata":{"satisfaction_count":8935,"comprehension_count":7189,"contact_count":1791,"autonomy_count":2125}}
