{"data":{"satisfaction":2.3457552999334537,"comprehension":3.5249372647427855,"contact":2.060254758837842,"contact_reachability":0.5210346787947697,"contact_satisfaction":3.979817528338402,"autonomy":1.8606247854445588},"metadata":{"satisfaction_count":10519,"comprehension_count":9564,"contact_count":6987,"contactReachability_count":7036,"contactSatisfaction_count":3617,"autonomy_count":8739}}
