{"data":{"satisfaction":2.480264685395867,"comprehension":3.605516356638871,"contact":2.199672526714926,"contact_reachability":0.5373362816805579,"contact_satisfaction":4.140979883192732,"autonomy":1.7862725593292597},"metadata":{"satisfaction_count":8614,"comprehension_count":7795,"contact_count":5802,"contactReachability_count":5879,"contactSatisfaction_count":3082,"autonomy_count":7037}}
