{"data":{"satisfaction":2.4046822742474916,"comprehension":3.537925980212532,"contact":2.0408415841584158,"contact_reachability":0.5103244837758112,"contact_satisfaction":4.02587890625,"autonomy":1.862784204228161},"metadata":{"satisfaction_count":2990,"comprehension_count":2729,"contact_count":2020,"contactReachability_count":2034,"contactSatisfaction_count":1024,"autonomy_count":2507}}
