{"data":{"satisfaction":2.3691692113298934,"comprehension":5.528777445758087,"contact":2.2809804811620515,"contact_reachability":5.813429472735466,"contact_satisfaction":3.9442700156985873,"autonomy":1.7324052590873937},"metadata":{"satisfaction_count":9497,"comprehension_count":7697,"contact_count":2203,"autonomy_count":2586}}
