{"data":{"satisfaction":2.3932680422173624,"comprehension":5.32698338947613,"contact":2.3489583333333335,"contact_reachability":0.5716258198136003,"contact_satisfaction":4.12751677852349,"autonomy":1.7791411042944785},"metadata":{"satisfaction_count":10517,"comprehension_count":8609,"contact_count":2880,"contactReachability_count":2897,"contactSatisfaction_count":1639,"autonomy_count":3423}}
