{"data":{"satisfaction":2.37438958220293,"comprehension":5.608970055055727,"contact":2.327194752774975,"contact_reachability":5.892946473236619,"contact_satisfaction":3.9728682170542635,"autonomy":1.7119796091758708},"metadata":{"satisfaction_count":9215,"comprehension_count":7447,"contact_count":1982,"autonomy_count":2354}}
