{"data":{"satisfaction":2.4717896637327916,"comprehension":3.58785046728972,"contact":2.2031982585398526,"contact_reachability":0.5371900826446281,"contact_satisfaction":4.148013871374527,"autonomy":1.7949072792693053},"metadata":{"satisfaction_count":8862,"comprehension_count":8025,"contact_count":5972,"contactReachability_count":6050,"contactSatisfaction_count":3172,"autonomy_count":7226}}
