{"data":{"satisfaction":2.346206896551724,"comprehension":3.527522007487605,"contact":2.0684050352745884,"contact_reachability":0.5234825597363362,"contact_satisfaction":3.977786645384411,"autonomy":1.8711894468462476},"metadata":{"satisfaction_count":10875,"comprehension_count":9883,"contact_count":7229,"contactReachability_count":7282,"contactSatisfaction_count":3759,"autonomy_count":9021}}
