{"data":{"satisfaction":2.3876273245491078,"comprehension":3.5197943444730075,"contact":2.116733122507906,"contact_reachability":0.5277853445927541,"contact_satisfaction":4.0449290593799265,"autonomy":1.845527535904105},"metadata":{"satisfaction_count":10701,"comprehension_count":9725,"contact_count":7273,"contactReachability_count":7342,"contactSatisfaction_count":3806,"autonomy_count":8843}}
