{"data":{"satisfaction":2.3922734026745913,"comprehension":5.281175671083928,"contact":2.363428197579326,"contact_reachability":0.5722186076772934,"contact_satisfaction":4.1475315729047075,"autonomy":1.7830527187413745},"metadata":{"satisfaction_count":10768,"comprehension_count":8829,"contact_count":3057,"contactReachability_count":3074,"contactSatisfaction_count":1742,"autonomy_count":3623}}
