{"data":{"satisfaction":2.3454708923353564,"comprehension":6.225752750434279,"contact":2.332116788321168,"autonomy":1.6706730769230769},"metadata":{"satisfaction_count":8898,"comprehension_count":6908,"contact_count":685,"autonomy_count":832}}
