{"data":{"satisfaction":2.410784644827198,"comprehension":4.462308908803374,"contact":2.247555012224939,"contact_reachability":0.5499392466585662,"contact_satisfaction":4.107462019660411,"autonomy":1.739850869925435},"metadata":{"satisfaction_count":8883,"comprehension_count":7588,"contact_count":4090,"contactReachability_count":4115,"contactSatisfaction_count":2238,"autonomy_count":4828}}
