{"data":{"satisfaction":2.4059771658831433,"comprehension":3.472013523666416,"contact":2.1833084947839048,"contact_reachability":0.5116279069767442,"contact_satisfaction":4.283625730994152,"autonomy":1.755915317559153},"metadata":{"satisfaction_count":2978,"comprehension_count":2662,"contact_count":2013,"contactReachability_count":2021,"contactSatisfaction_count":1026,"autonomy_count":2409}}
