{"data":{"satisfaction":2.3732889382167963,"comprehension":3.580146460537022,"contact":2.1339699074074074,"contact_reachability":0.5259216589861752,"contact_satisfaction":4.074585635359116,"autonomy":2.027877697841727},"metadata":{"satisfaction_count":2703,"comprehension_count":2458,"contact_count":1728,"contactReachability_count":1736,"contactSatisfaction_count":905,"autonomy_count":2224}}
