{"data":{"satisfaction":2.456104739673196,"comprehension":3.5841550874047514,"contact":2.1887203364373686,"contact_reachability":0.5400029686804215,"contact_satisfaction":4.09454903062658,"autonomy":1.7768389662027833},"metadata":{"satisfaction_count":9853,"comprehension_count":8924,"contact_count":6658,"contactReachability_count":6737,"contactSatisfaction_count":3559,"autonomy_count":8048}}
