{"data":{"satisfaction":2.3933038999264165,"comprehension":3.6177543575192543,"contact":2.186959030582804,"contact_reachability":0.5324526134405514,"contact_satisfaction":4.1240478781284,"autonomy":1.9605204127411395},"metadata":{"satisfaction_count":2718,"comprehension_count":2467,"contact_count":1733,"contactReachability_count":1741,"contactSatisfaction_count":919,"autonomy_count":2229}}
