{"data":{"satisfaction":2.430388284035071,"comprehension":3.564898479855427,"contact":2.17349688031764,"contact_reachability":0.5381165919282511,"contact_satisfaction":4.08080404685836,"autonomy":1.763120899718838},"metadata":{"satisfaction_count":10379,"comprehension_count":9407,"contact_count":7052,"contactReachability_count":7136,"contactSatisfaction_count":3756,"autonomy_count":8536}}
