{"data":{"satisfaction":2.407371199530746,"comprehension":4.349109068210192,"contact":2.1722211135501897,"contact_reachability":0.5371326449563145,"contact_satisfaction":4.061567164179104,"autonomy":1.7802271209084837},"metadata":{"satisfaction_count":10229,"comprehension_count":8811,"contact_count":5011,"contactReachability_count":5036,"contactSatisfaction_count":2680,"autonomy_count":5988}}
