{"data":{"satisfaction":2.631230701367446,"comprehension":3.661714564052606,"contact":2.306860321384425,"contact_reachability":5.770411295273173,"contact_satisfaction":4.017761033369214,"autonomy":1.7857142857142858},"metadata":{"satisfaction_count":2267,"comprehension_count":2053,"contact_count":1618,"autonomy_count":1876}}
