{"data":{"satisfaction":2.3613730667672574,"comprehension":3.517708333333333,"contact":1.8649917172832688,"contact_reachability":0.48623348017621143,"contact_satisfaction":3.8468109339407746,"autonomy":1.8586507572280864},"metadata":{"satisfaction_count":2651,"comprehension_count":2400,"contact_count":1811,"contactReachability_count":1816,"contactSatisfaction_count":878,"autonomy_count":2179}}
