{"data":{"satisfaction":2.434938823072441,"comprehension":3.570242177453922,"contact":2.1744568324757005,"contact_reachability":0.5382768361581921,"contact_satisfaction":4.081701100080494,"autonomy":1.768393659806009},"metadata":{"satisfaction_count":10298,"comprehension_count":9332,"contact_count":6996,"contactReachability_count":7080,"contactSatisfaction_count":3727,"autonomy_count":8454}}
