{"data":{"satisfaction":2.6692539887882707,"comprehension":3.683151916706105,"contact":2.38123872519543,"contact_reachability":0.5809922295277944,"contact_satisfaction":4.116424116424116,"autonomy":1.778697001034126},"metadata":{"satisfaction_count":2319,"comprehension_count":2113,"contact_count":1663,"contactReachability_count":1673,"contactSatisfaction_count":962,"autonomy_count":1934}}
