{"data":{"satisfaction":2.3983422720624086,"comprehension":5.379013966813895,"contact":2.3738025055268976,"contact_reachability":0.576711827169535,"contact_satisfaction":4.135109114249037,"autonomy":1.7714819427148194},"metadata":{"satisfaction_count":10255,"comprehension_count":8377,"contact_count":2714,"contactReachability_count":2731,"contactSatisfaction_count":1558,"autonomy_count":3212}}
