{"data":{"satisfaction":2.3523533526531426,"comprehension":3.5177865612648223,"contact":2.060856498873028,"contact_reachability":0.5208177883897925,"contact_satisfaction":3.982288037166086,"autonomy":1.852831549837682},"metadata":{"satisfaction_count":10007,"comprehension_count":9108,"contact_count":6655,"contactReachability_count":6701,"contactSatisfaction_count":3444,"autonomy_count":8317}}
