{"data":{"satisfaction":2.481509272162075,"comprehension":3.6011482007575757,"contact":2.2130234039165737,"contact_reachability":0.5401069518716578,"contact_satisfaction":4.140601727733095,"autonomy":1.78698224852071},"metadata":{"satisfaction_count":9329,"comprehension_count":8448,"contact_count":6281,"contactReachability_count":6358,"contactSatisfaction_count":3357,"autonomy_count":7605}}
