{"data":{"satisfaction":2.371289184139506,"comprehension":5.495264909137446,"contact":2.2962962962962963,"contact_reachability":5.789701427953267,"contact_satisfaction":3.9863842662632374,"autonomy":1.7179962894248608},"metadata":{"satisfaction_count":9634,"comprehension_count":7814,"contact_count":2295,"autonomy_count":2695}}
