{"data":{"satisfaction":2.408247829518548,"comprehension":4.3547370832856,"contact":2.169963665724667,"contact_reachability":0.5366539465756176,"contact_satisfaction":4.061201360030223,"autonomy":1.7794316644113668},"metadata":{"satisfaction_count":10136,"comprehension_count":8729,"contact_count":4954,"contactReachability_count":4979,"contactSatisfaction_count":2647,"autonomy_count":5912}}
