{"data":{"satisfaction":2.4481327800829877,"comprehension":3.544747819491847,"contact":2.1861979166666665,"contact_reachability":0.5339202485758674,"contact_satisfaction":4.115196078431373,"autonomy":1.856312292358804},"metadata":{"satisfaction_count":2892,"comprehension_count":2637,"contact_count":1920,"contactReachability_count":1931,"contactSatisfaction_count":1020,"autonomy_count":2408}}
