{"data":{"satisfaction":2.3409296028880866,"comprehension":6.234370456528061,"contact":2.3079819277108435,"autonomy":1.6770186335403727},"metadata":{"satisfaction_count":8864,"comprehension_count":6878,"contact_count":664,"autonomy_count":805}}
