{"data":{"satisfaction":2.3115244104948522,"comprehension":3.4591949778434268,"contact":1.9805662188099808,"contact_reachability":0.49282982791587,"contact_satisfaction":4.034701857282503,"autonomy":1.7819365337672906},"metadata":{"satisfaction_count":3011,"comprehension_count":2708,"contact_count":2084,"contactReachability_count":2092,"contactSatisfaction_count":1023,"autonomy_count":2458}}
