{"data":{"satisfaction":2.3464619492656875,"comprehension":3.7235228539576366,"contact":2.035541195476575,"contact_reachability":0.5130388504523683,"contact_satisfaction":4.012738853503185,"autonomy":2.00734394124847},"metadata":{"satisfaction_count":2996,"comprehension_count":2691,"contact_count":1857,"contactReachability_count":1879,"contactSatisfaction_count":942,"autonomy_count":2451}}
