{"data":{"satisfaction":2.609361329833771,"comprehension":3.6711603273952815,"contact":2.28021978021978,"contact_reachability":5.763636363636364,"contact_satisfaction":3.977635782747604,"autonomy":1.7482885729331228},"metadata":{"satisfaction_count":2286,"comprehension_count":2077,"contact_count":1638,"autonomy_count":1899}}
