{"data":{"satisfaction":2.3949927581212496,"comprehension":4.384865646463429,"contact":2.1861541774332474,"contact_reachability":0.5404884318766067,"contact_satisfaction":4.062625050020008,"autonomy":1.7644914327378782},"metadata":{"satisfaction_count":9666,"comprehension_count":8299,"contact_count":4644,"contactReachability_count":4668,"contactSatisfaction_count":2499,"autonomy_count":5486}}
