{"data":{"satisfaction":2.3495166959578206,"comprehension":6.162299239222316,"contact":2.306996381182147,"contact_reachability":5.707434052757794,"contact_satisfaction":4.060509554140127,"autonomy":1.6666666666666667},"metadata":{"satisfaction_count":9104,"comprehension_count":7098,"contact_count":829,"autonomy_count":1008}}
