{"data":{"satisfaction":2.350344426118172,"comprehension":3.527371678582862,"contact":2.0676582093904927,"contact_reachability":0.5210655856377588,"contact_satisfaction":3.9943661971830986,"autonomy":1.8576104746317512},"metadata":{"satisfaction_count":10307,"comprehension_count":9371,"contact_count":6858,"contactReachability_count":6907,"contactSatisfaction_count":3550,"autonomy_count":8554}}
