{"data":{"satisfaction":2.478094194961665,"comprehension":3.5976052249637154,"contact":2.2012680864900016,"contact_reachability":0.5369299935773925,"contact_satisfaction":4.144475053565962,"autonomy":1.7879640798820533},"metadata":{"satisfaction_count":9130,"comprehension_count":8268,"contact_count":6151,"contactReachability_count":6228,"contactSatisfaction_count":3267,"autonomy_count":7461}}
