{"data":{"satisfaction":2.411975909196201,"comprehension":4.501019021739131,"contact":2.2609307082587575,"contact_reachability":0.5512071156289707,"contact_satisfaction":4.1223776223776225,"autonomy":1.7543103448275863},"metadata":{"satisfaction_count":8634,"comprehension_count":7360,"contact_count":3911,"contactReachability_count":3935,"contactSatisfaction_count":2145,"autonomy_count":4640}}
