{"data":{"satisfaction":8.568376068376068,"comprehension":8.500496524329693,"contact":4.561310782241015,"contact_reachability":0.6236786469344608,"contact_satisfaction":7.313559322033898,"autonomy":5.399172087522176},"metadata":{"satisfaction_count":2106,"comprehension_count":2014,"contact_count":473,"contactReachability_count":473,"contactSatisfaction_count":295,"autonomy_count":1691}}
