{"data":{"satisfaction":7.902684563758389,"comprehension":7.870036101083032,"contact":4.388297872340425,"contact_reachability":0.6914893617021277,"contact_satisfaction":6.346153846153846,"autonomy":4.671532846715328},"metadata":{"satisfaction_count":298,"comprehension_count":277,"contact_count":94,"contactReachability_count":94,"contactSatisfaction_count":65,"autonomy_count":274}}
