{"data":{"satisfaction":8.587164750957854,"comprehension":8.520791583166332,"contact":4.551282051282051,"contact_reachability":0.6217948717948718,"contact_satisfaction":7.319587628865979,"autonomy":5.42089552238806},"metadata":{"satisfaction_count":2088,"comprehension_count":1996,"contact_count":468,"contactReachability_count":468,"contactSatisfaction_count":291,"autonomy_count":1675}}
