{"data":{"satisfaction":7.972972972972973,"comprehension":7.807017543859649,"contact":4.201388888888889,"contact_reachability":0.5972222222222222,"contact_satisfaction":7.034883720930233,"autonomy":4.946236559139785},"metadata":{"satisfaction_count":296,"comprehension_count":285,"contact_count":72,"contactReachability_count":72,"contactSatisfaction_count":43,"autonomy_count":279}}
