{"data":{"satisfaction":8.470305938812238,"comprehension":8.926022063595068,"contact":4.871794871794871,"autonomy":6.028708133971292},"metadata":{"satisfaction_count":1667,"comprehension_count":1541,"contact_count":117,"autonomy_count":418}}
