{"data":{"satisfaction":8.41025641025641,"comprehension":8.085106382978724,"contact":5.4411764705882355,"contact_reachability":0.75,"contact_satisfaction":7.302631578947368,"autonomy":4.806629834254144},"metadata":{"satisfaction_count":195,"comprehension_count":188,"contact_count":51,"contactReachability_count":52,"contactSatisfaction_count":38,"autonomy_count":181}}
