{"data":{"satisfaction":8.615023474178404,"comprehension":8.20048309178744,"contact":5.489130434782608,"contact_reachability":0.8913043478260869,"contact_satisfaction":6.158536585365853,"autonomy":5.245098039215686},"metadata":{"satisfaction_count":213,"comprehension_count":207,"contact_count":46,"contactReachability_count":46,"contactSatisfaction_count":41,"autonomy_count":204}}
