{"data":{"satisfaction":8.66304347826087,"comprehension":8.182844243792324,"contact":4.709821428571429,"contact_reachability":0.6875,"contact_satisfaction":6.85064935064935,"autonomy":5.092165898617512},"metadata":{"satisfaction_count":460,"comprehension_count":443,"contact_count":112,"contactReachability_count":112,"contactSatisfaction_count":77,"autonomy_count":434}}
