{"data":{"satisfaction":8.091715976331361,"comprehension":8.012618296529968,"contact":3.943298969072165,"contact_reachability":0.5670103092783505,"contact_satisfaction":6.954545454545454,"autonomy":4.758842443729904},"metadata":{"satisfaction_count":338,"comprehension_count":317,"contact_count":97,"contactReachability_count":97,"contactSatisfaction_count":55,"autonomy_count":311}}
