{"data":{"satisfaction":8.063063063063064,"comprehension":7.885514018691588,"contact":4.230769230769231,"contact_reachability":0.6346153846153846,"contact_satisfaction":6.666666666666667,"autonomy":5.07177033492823},"metadata":{"satisfaction_count":222,"comprehension_count":214,"contact_count":52,"contactReachability_count":52,"contactSatisfaction_count":33,"autonomy_count":209}}
