{"data":{"satisfaction":8.509915014164307,"comprehension":8.915497254423428,"contact":4.75177304964539,"autonomy":6.097087378640777},"metadata":{"satisfaction_count":1765,"comprehension_count":1639,"contact_count":141,"autonomy_count":515}}
