{"data":{"satisfaction":8.495038588754134,"comprehension":8.367052023121387,"contact":4.487704918032787,"contact_reachability":6.434426229508197,"contact_satisfaction":6.974522292993631,"autonomy":5.257009345794392},"metadata":{"satisfaction_count":907,"comprehension_count":865,"contact_count":244,"autonomy_count":856}}
