{"data":{"satisfaction":8.558282208588958,"comprehension":8.36916135881104,"contact":4.68503937007874,"contact_reachability":0.6361867704280155,"contact_satisfaction":7.414330218068536,"autonomy":5.359085963003264},"metadata":{"satisfaction_count":1956,"comprehension_count":1884,"contact_count":508,"contactReachability_count":514,"contactSatisfaction_count":321,"autonomy_count":1838}}
