{"data":{"satisfaction":8.60730593607306,"comprehension":8.163507109004739,"contact":5.416666666666667,"contact_reachability":0.875,"contact_satisfaction":6.190476190476191,"autonomy":5.1923076923076925},"metadata":{"satisfaction_count":219,"comprehension_count":211,"contact_count":48,"contactReachability_count":48,"contactSatisfaction_count":42,"autonomy_count":208}}
