{"data":{"satisfaction":8.777464788732395,"comprehension":8.466106604866743,"contact":4.926075268817204,"contact_reachability":0.6675603217158177,"contact_satisfaction":7.389112903225806,"autonomy":5.671995263469508},"metadata":{"satisfaction_count":1775,"comprehension_count":1726,"contact_count":372,"contactReachability_count":373,"contactSatisfaction_count":248,"autonomy_count":1689}}
