{"data":{"satisfaction":8.919082125603865,"comprehension":8.582506203473946,"contact":5.293674698795181,"contact_reachability":0.7078313253012049,"contact_satisfaction":7.4787234042553195,"autonomy":5.791139240506329},"metadata":{"satisfaction_count":1656,"comprehension_count":1612,"contact_count":332,"contactReachability_count":332,"contactSatisfaction_count":235,"autonomy_count":1580}}
