{"data":{"satisfaction":8.557494866529774,"comprehension":8.370202558635395,"contact":4.653465346534653,"contact_reachability":0.6340508806262231,"contact_satisfaction":7.389937106918239,"autonomy":5.371584699453552},"metadata":{"satisfaction_count":1948,"comprehension_count":1876,"contact_count":505,"contactReachability_count":511,"contactSatisfaction_count":318,"autonomy_count":1830}}
