{"data":{"satisfaction":8.654048370136698,"comprehension":8.44022925764192,"contact":5.0524475524475525,"contact_reachability":0.6790697674418604,"contact_satisfaction":7.448453608247423,"autonomy":5.525291828793774},"metadata":{"satisfaction_count":1902,"comprehension_count":1832,"contact_count":429,"contactReachability_count":430,"contactSatisfaction_count":291,"autonomy_count":1799}}
