{"data":{"satisfaction":8.644251626898047,"comprehension":8.153153153153154,"contact":4.752252252252252,"contact_reachability":0.6936936936936937,"contact_satisfaction":6.85064935064935,"autonomy":5.126436781609195},"metadata":{"satisfaction_count":461,"comprehension_count":444,"contact_count":111,"contactReachability_count":111,"contactSatisfaction_count":77,"autonomy_count":435}}
