{"data":{"satisfaction":8.094462540716613,"comprehension":7.97945205479452,"contact":4.253246753246753,"contact_reachability":0.6103896103896104,"contact_satisfaction":6.968085106382978,"autonomy":4.722222222222222},"metadata":{"satisfaction_count":307,"comprehension_count":292,"contact_count":77,"contactReachability_count":77,"contactSatisfaction_count":47,"autonomy_count":288}}
