{"data":{"satisfaction":8.631315935591338,"comprehension":8.448126801152737,"contact":4.9375,"contact_reachability":0.6683291770573566,"contact_satisfaction":7.397003745318352,"autonomy":5.57907113462669},"metadata":{"satisfaction_count":1801,"comprehension_count":1735,"contact_count":400,"contactReachability_count":401,"contactSatisfaction_count":267,"autonomy_count":1701}}
