{"data":{"satisfaction":8.897058823529411,"comprehension":8.54739010989011,"contact":4.914383561643835,"contact_reachability":0.6575342465753424,"contact_satisfaction":7.473958333333333,"autonomy":5.706214689265536},"metadata":{"satisfaction_count":748,"comprehension_count":728,"contact_count":146,"contactReachability_count":146,"contactSatisfaction_count":96,"autonomy_count":708}}
