{"data":{"satisfaction":8.596237337192475,"comprehension":8.534830893488138,"contact":4.541036717062635,"contact_reachability":0.6220302375809935,"contact_satisfaction":7.300347222222222,"autonomy":5.424443106562312},"metadata":{"satisfaction_count":2073,"comprehension_count":1981,"contact_count":463,"contactReachability_count":463,"contactSatisfaction_count":288,"autonomy_count":1661}}
