{"data":{"satisfaction":8.03886925795053,"comprehension":7.9981203007518795,"contact":4.651162790697675,"contact_reachability":0.6627906976744186,"contact_satisfaction":7.017543859649122,"autonomy":4.770992366412214},"metadata":{"satisfaction_count":283,"comprehension_count":266,"contact_count":86,"contactReachability_count":86,"contactSatisfaction_count":57,"autonomy_count":262}}
