{"data":{"satisfaction":8.776715410573678,"comprehension":8.465876229034123,"contact":4.926075268817204,"contact_reachability":0.6675603217158177,"contact_satisfaction":7.389112903225806,"autonomy":5.67966903073286},"metadata":{"satisfaction_count":1778,"comprehension_count":1729,"contact_count":372,"contactReachability_count":373,"contactSatisfaction_count":248,"autonomy_count":1692}}
