{"data":{"satisfaction":8.629943502824858,"comprehension":8.644130757800891,"contact":4.623115577889447,"contact_reachability":6.256281407035176,"contact_satisfaction":7.389558232931727,"autonomy":5.512091038406828},"metadata":{"satisfaction_count":2124,"comprehension_count":2019,"contact_count":398,"autonomy_count":1406}}
