{"data":{"satisfaction":8.628318584070797,"comprehension":8.163615560640732,"contact":4.668141592920354,"contact_reachability":0.6991150442477876,"contact_satisfaction":6.677215189873418,"autonomy":5.128805620608899},"metadata":{"satisfaction_count":452,"comprehension_count":437,"contact_count":113,"contactReachability_count":113,"contactSatisfaction_count":79,"autonomy_count":427}}
