{"data":{"satisfaction":8.139130434782608,"comprehension":8.086303939962477,"contact":4.677914110429448,"contact_reachability":0.6728395061728395,"contact_satisfaction":6.931818181818182,"autonomy":4.9146110056926},"metadata":{"satisfaction_count":575,"comprehension_count":533,"contact_count":163,"contactReachability_count":162,"contactSatisfaction_count":110,"autonomy_count":527}}
