{"data":{"satisfaction":8.560250391236307,"comprehension":8.36673889490791,"contact":4.5858283433133735,"contact_reachability":0.6307385229540918,"contact_satisfaction":7.2705696202531644,"autonomy":5.374791782343142},"metadata":{"satisfaction_count":1917,"comprehension_count":1846,"contact_count":501,"contactReachability_count":501,"contactSatisfaction_count":316,"autonomy_count":1801}}
