{"data":{"satisfaction":8.50531914893617,"comprehension":8.362068965517242,"contact":4.396551724137931,"contact_reachability":6.283524904214559,"contact_satisfaction":6.996951219512195,"autonomy":5.196408529741863},"metadata":{"satisfaction_count":940,"comprehension_count":899,"contact_count":261,"autonomy_count":891}}
