{"data":{"satisfaction":8.618127786032689,"comprehension":8.55495075168481,"contact":4.492273730684326,"contact_reachability":0.6158940397350994,"contact_satisfaction":7.293906810035843,"autonomy":5.432482887367766},"metadata":{"satisfaction_count":2019,"comprehension_count":1929,"contact_count":453,"contactReachability_count":453,"contactSatisfaction_count":279,"autonomy_count":1607}}
