{"data":{"satisfaction":8.063872255489022,"comprehension":8.064516129032258,"contact":4.595070422535211,"contact_reachability":0.6901408450704225,"contact_satisfaction":6.658163265306122,"autonomy":4.880174291938998},"metadata":{"satisfaction_count":501,"comprehension_count":465,"contact_count":142,"contactReachability_count":142,"contactSatisfaction_count":98,"autonomy_count":459}}
