{"data":{"satisfaction":8.561001042752867,"comprehension":8.367623172712507,"contact":4.596613545816733,"contact_reachability":0.6314741035856574,"contact_satisfaction":7.279179810725552,"autonomy":5.37180910099889},"metadata":{"satisfaction_count":1918,"comprehension_count":1847,"contact_count":502,"contactReachability_count":502,"contactSatisfaction_count":317,"autonomy_count":1802}}
