{"data":{"satisfaction":7.887323943661972,"comprehension":7.736363636363636,"contact":4.035714285714286,"contact_reachability":0.6,"contact_satisfaction":6.726190476190476,"autonomy":4.795539033457249},"metadata":{"satisfaction_count":284,"comprehension_count":275,"contact_count":70,"contactReachability_count":70,"contactSatisfaction_count":42,"autonomy_count":269}}
