{"data":{"satisfaction":8.569063386944181,"comprehension":8.50024727992087,"contact":4.553571428571429,"contact_reachability":0.6239495798319328,"contact_satisfaction":7.297979797979798,"autonomy":5.397292525014715},"metadata":{"satisfaction_count":2114,"comprehension_count":2022,"contact_count":476,"contactReachability_count":476,"contactSatisfaction_count":297,"autonomy_count":1699}}
