{"data":{"satisfaction":8.604427333974975,"comprehension":8.424725822532404,"contact":4.308118081180812,"contact_reachability":6.199261992619927,"contact_satisfaction":6.949404761904762,"autonomy":5.457286432160804},"metadata":{"satisfaction_count":1039,"comprehension_count":1003,"contact_count":271,"autonomy_count":995}}
