{"data":{"satisfaction":8.743589743589743,"comprehension":8.315508021390375,"contact":6.0576923076923075,"contact_reachability":0.7735849056603774,"contact_satisfaction":7.875,"autonomy":4.670329670329671},"metadata":{"satisfaction_count":195,"comprehension_count":187,"contact_count":52,"contactReachability_count":53,"contactSatisfaction_count":40,"autonomy_count":182}}
