{"data":{"satisfaction":8.587786259541986,"comprehension":8.516716566866268,"contact":4.570063694267516,"contact_reachability":0.6242038216560509,"contact_satisfaction":7.321428571428571,"autonomy":5.413444378346222},"metadata":{"satisfaction_count":2096,"comprehension_count":2004,"contact_count":471,"contactReachability_count":471,"contactSatisfaction_count":294,"autonomy_count":1681}}
