{"data":{"satisfaction":8.166666666666666,"comprehension":7.857142857142857,"contact":5.673076923076923,"contact_reachability":0.7735849056603774,"contact_satisfaction":7.375,"autonomy":4.769230769230769},"metadata":{"satisfaction_count":210,"comprehension_count":203,"contact_count":52,"contactReachability_count":53,"contactSatisfaction_count":40,"autonomy_count":195}}
