{"data":{"satisfaction":8.650454302512026,"comprehension":8.44669627984453,"contact":5.041766109785203,"contact_reachability":0.680952380952381,"contact_satisfaction":7.412280701754386,"autonomy":5.5599547511312215},"metadata":{"satisfaction_count":1871,"comprehension_count":1801,"contact_count":419,"contactReachability_count":420,"contactSatisfaction_count":285,"autonomy_count":1768}}
