{"data":{"satisfaction":8.743455497382199,"comprehension":8.292349726775956,"contact":6.0576923076923075,"contact_reachability":0.7735849056603774,"contact_satisfaction":7.875,"autonomy":4.662921348314606},"metadata":{"satisfaction_count":191,"comprehension_count":183,"contact_count":52,"contactReachability_count":53,"contactSatisfaction_count":40,"autonomy_count":178}}
