{"data":{"satisfaction":8.16326530612245,"comprehension":8.066770186335404,"contact":4.222222222222222,"contact_reachability":0.5888888888888889,"contact_satisfaction":7.169811320754717,"autonomy":4.794952681388013},"metadata":{"satisfaction_count":343,"comprehension_count":322,"contact_count":90,"contactReachability_count":90,"contactSatisfaction_count":53,"autonomy_count":317}}
