{"data":{"satisfaction":8.497379149679674,"comprehension":8.929918290383407,"contact":4.979838709677419,"autonomy":6.2312633832976445},"metadata":{"satisfaction_count":1717,"comprehension_count":1591,"contact_count":124,"autonomy_count":467}}
