{"data":{"satisfaction":8.57750472589792,"comprehension":8.8639798488665,"contact":4.61453744493392,"contact_reachability":5.964912280701754,"contact_satisfaction":7.7592592592592595,"autonomy":5.9371362048894065},"metadata":{"satisfaction_count":2116,"comprehension_count":1985,"contact_count":227,"autonomy_count":859}}
