{"data":{"satisfaction":8.707414829659319,"comprehension":8.25207468879668,"contact":4.586956521739131,"contact_reachability":0.6608695652173913,"contact_satisfaction":6.940789473684211,"autonomy":5.181236673773987},"metadata":{"satisfaction_count":499,"comprehension_count":482,"contact_count":115,"contactReachability_count":115,"contactSatisfaction_count":76,"autonomy_count":469}}
