{"data":{"satisfaction":8.786159954622802,"comprehension":8.480163360560093,"contact":4.966124661246613,"contact_reachability":0.6675675675675675,"contact_satisfaction":7.449186991869919,"autonomy":5.682766845557543},"metadata":{"satisfaction_count":1763,"comprehension_count":1714,"contact_count":369,"contactReachability_count":370,"contactSatisfaction_count":246,"autonomy_count":1677}}
