{"data":{"satisfaction":6.9884575026232945,"comprehension":7.137336504161712,"contact":5.298013245033113,"contact_reachability":0.7777777777777778,"contact_satisfaction":6.837606837606837,"autonomy":7.0963704630788484},"metadata":{"satisfaction_count":953,"comprehension_count":841,"contact_count":151,"contactReachability_count":153,"contactSatisfaction_count":117,"autonomy_count":799}}
