{"data":{"satisfaction":7.583572110792741,"comprehension":8.215116279069768,"contact":4.880952380952381,"autonomy":7.415730337078652},"metadata":{"satisfaction_count":1047,"comprehension_count":860,"contact_count":21,"autonomy_count":89}}
