{"data":{"satisfaction":6.968085106382978,"comprehension":6.8630573248407645,"contact":6.285714285714286,"contact_reachability":0.8333333333333334,"contact_satisfaction":7.586206896551724,"autonomy":7.368421052631579},"metadata":{"satisfaction_count":188,"comprehension_count":157,"contact_count":35,"contactReachability_count":36,"contactSatisfaction_count":29,"autonomy_count":152}}
