{"data":{"satisfaction":6.836158192090395,"comprehension":6.813725490196078,"contact":6.515151515151516,"contact_reachability":0.8529411764705882,"contact_satisfaction":7.678571428571429,"autonomy":7.142857142857143},"metadata":{"satisfaction_count":177,"comprehension_count":153,"contact_count":33,"contactReachability_count":34,"contactSatisfaction_count":28,"autonomy_count":147}}
