{"data":{"satisfaction":6.648745519713262,"comprehension":7.2560975609756095,"contact":5.472972972972973,"contact_reachability":0.7837837837837838,"contact_satisfaction":6.982758620689655,"autonomy":7.288888888888889},"metadata":{"satisfaction_count":279,"comprehension_count":246,"contact_count":37,"contactReachability_count":37,"contactSatisfaction_count":29,"autonomy_count":225}}
