{"data":{"satisfaction":7.189024390243903,"comprehension":7.13103448275862,"contact":5.386029411764706,"contact_reachability":0.7753623188405797,"contact_satisfaction":6.976190476190476,"autonomy":7.060518731988473},"metadata":{"satisfaction_count":820,"comprehension_count":725,"contact_count":136,"contactReachability_count":138,"contactSatisfaction_count":105,"autonomy_count":694}}
