{"data":{"satisfaction":7.063236870310825,"comprehension":7.261904761904762,"contact":5.187074829931973,"contact_reachability":0.7549668874172185,"contact_satisfaction":6.931818181818182,"autonomy":7.044585987261146},"metadata":{"satisfaction_count":933,"comprehension_count":840,"contact_count":147,"contactReachability_count":151,"contactSatisfaction_count":110,"autonomy_count":785}}
