{"data":{"satisfaction":7.12041884816754,"comprehension":7.046875,"contact":6.171875,"contact_reachability":0.8181818181818182,"contact_satisfaction":7.596153846153846,"autonomy":7.483870967741935},"metadata":{"satisfaction_count":191,"comprehension_count":160,"contact_count":32,"contactReachability_count":33,"contactSatisfaction_count":26,"autonomy_count":155}}
