{"data":{"satisfaction":6.468253968253968,"comprehension":7.202643171806168,"contact":5.326086956521739,"contact_reachability":8.085106382978722,"contact_satisfaction":6.621621621621622,"autonomy":6.844660194174757},"metadata":{"satisfaction_count":252,"comprehension_count":227,"contact_count":46,"autonomy_count":206}}
