{"data":{"satisfaction":7.619047619047619,"comprehension":7.411111111111111,"contact":5.208333333333333,"contact_reachability":0.75,"contact_satisfaction":6.944444444444445,"autonomy":7.276995305164319},"metadata":{"satisfaction_count":252,"comprehension_count":225,"contact_count":36,"contactReachability_count":36,"contactSatisfaction_count":27,"autonomy_count":213}}
