{"data":{"satisfaction":7.011278195488722,"comprehension":7.076271186440678,"contact":4.527027027027027,"contact_reachability":0.7894736842105263,"contact_satisfaction":5.775862068965517,"autonomy":6.973684210526316},"metadata":{"satisfaction_count":266,"comprehension_count":236,"contact_count":37,"contactReachability_count":38,"contactSatisfaction_count":29,"autonomy_count":228}}
