{"data":{"satisfaction":6.636690647482014,"comprehension":7.244897959183674,"contact":5.472972972972973,"contact_reachability":0.7837837837837838,"contact_satisfaction":6.982758620689655,"autonomy":7.276785714285714},"metadata":{"satisfaction_count":278,"comprehension_count":245,"contact_count":37,"contactReachability_count":37,"contactSatisfaction_count":29,"autonomy_count":224}}
