{"data":{"satisfaction":7.453294001966569,"comprehension":7.913773148148148,"contact":5.326086956521739,"contact_reachability":7.571428571428571,"contact_satisfaction":7.0673076923076925,"autonomy":7.151898734177215},"metadata":{"satisfaction_count":1017,"comprehension_count":864,"contact_count":69,"autonomy_count":316}}
