{"data":{"satisfaction":6.576923076923077,"comprehension":7.261904761904762,"contact":5.170454545454546,"contact_reachability":8.222222222222221,"contact_satisfaction":6.319444444444445,"autonomy":6.972477064220183},"metadata":{"satisfaction_count":260,"comprehension_count":231,"contact_count":44,"autonomy_count":218}}
