{"data":{"satisfaction":7.199453551912568,"comprehension":7.069099378881988,"contact":5.775862068965517,"contact_reachability":0.8,"contact_satisfaction":7.282608695652174,"autonomy":7.082658022690437},"metadata":{"satisfaction_count":732,"comprehension_count":644,"contact_count":116,"contactReachability_count":120,"contactSatisfaction_count":92,"autonomy_count":617}}
