{"data":{"satisfaction":7.056818181818182,"comprehension":7.291403286978508,"contact":5.166666666666667,"contact_reachability":0.7553956834532374,"contact_satisfaction":6.905940594059406,"autonomy":7.105978260869565},"metadata":{"satisfaction_count":880,"comprehension_count":791,"contact_count":135,"contactReachability_count":139,"contactSatisfaction_count":101,"autonomy_count":736}}
