{"data":{"satisfaction":7.578849721706865,"comprehension":8.176206509539844,"contact":5.7407407407407405,"contact_reachability":6.666666666666666,"contact_satisfaction":8.61111111111111,"autonomy":7.522123893805309},"metadata":{"satisfaction_count":1078,"comprehension_count":891,"contact_count":27,"autonomy_count":113}}
