{"data":{"satisfaction":7.587677725118484,"comprehension":8.211405529953916,"contact":5.113636363636363,"autonomy":7.5},"metadata":{"satisfaction_count":1055,"comprehension_count":868,"contact_count":22,"autonomy_count":96}}
