{"data":{"satisfaction":7.178098676293622,"comprehension":7.412985274431057,"contact":5.213178294573644,"contact_reachability":0.7538461538461538,"contact_satisfaction":6.93298969072165,"autonomy":7.175792507204611},"metadata":{"satisfaction_count":831,"comprehension_count":747,"contact_count":129,"contactReachability_count":130,"contactSatisfaction_count":97,"autonomy_count":694}}
