{"data":{"satisfaction":6.5576923076923075,"comprehension":7.251082251082251,"contact":5.2272727272727275,"contact_reachability":8.222222222222221,"contact_satisfaction":6.388888888888889,"autonomy":7.0046082949308754},"metadata":{"satisfaction_count":260,"comprehension_count":231,"contact_count":44,"autonomy_count":217}}
