{"data":{"satisfaction":7.051860202931229,"comprehension":7.277010050251256,"contact":5.091240875912408,"contact_reachability":0.7588652482269503,"contact_satisfaction":6.771844660194175,"autonomy":7.08502024291498},"metadata":{"satisfaction_count":887,"comprehension_count":796,"contact_count":137,"contactReachability_count":141,"contactSatisfaction_count":103,"autonomy_count":741}}
