{"data":{"satisfaction":6.861111111111111,"comprehension":6.806451612903226,"contact":6.515151515151516,"contact_reachability":0.8529411764705882,"contact_satisfaction":7.678571428571429,"autonomy":7.162162162162162},"metadata":{"satisfaction_count":180,"comprehension_count":155,"contact_count":33,"contactReachability_count":34,"contactSatisfaction_count":28,"autonomy_count":148}}
