{"data":{"satisfaction":6.943396226415095,"comprehension":7.100840336134453,"contact":4.802631578947368,"contact_reachability":0.7692307692307693,"contact_satisfaction":6.293103448275862,"autonomy":6.902654867256637},"metadata":{"satisfaction_count":265,"comprehension_count":238,"contact_count":38,"contactReachability_count":39,"contactSatisfaction_count":29,"autonomy_count":226}}
