{"data":{"satisfaction":7.277992277992278,"comprehension":7.2727272727272725,"contact":4.186046511627907,"contact_reachability":0.6976744186046512,"contact_satisfaction":6,"autonomy":6.8807339449541285},"metadata":{"satisfaction_count":259,"comprehension_count":231,"contact_count":43,"contactReachability_count":43,"contactSatisfaction_count":30,"autonomy_count":218}}
