{"data":{"satisfaction":7.173913043478261,"comprehension":7.412280701754386,"contact":5.357142857142857,"contact_reachability":0.8,"contact_satisfaction":6.696428571428571,"autonomy":7.110091743119266},"metadata":{"satisfaction_count":253,"comprehension_count":228,"contact_count":35,"contactReachability_count":35,"contactSatisfaction_count":28,"autonomy_count":218}}
