{"data":{"satisfaction":6.491935483870968,"comprehension":7.253363228699552,"contact":5.284090909090909,"contact_reachability":8,"contact_satisfaction":6.642857142857143,"autonomy":6.881188118811881},"metadata":{"satisfaction_count":248,"comprehension_count":223,"contact_count":44,"autonomy_count":202}}
