{"data":{"satisfaction":7.666666666666667,"comprehension":7.685185185185185,"contact":4.358974358974359,"contact_reachability":0.6923076923076923,"contact_satisfaction":6.296296296296297,"autonomy":7.038834951456311},"metadata":{"satisfaction_count":240,"comprehension_count":216,"contact_count":39,"contactReachability_count":39,"contactSatisfaction_count":27,"autonomy_count":206}}
