{"data":{"satisfaction":6.943396226415095,"comprehension":6.976987447698745,"contact":5.142857142857143,"contact_reachability":0.7777777777777778,"contact_satisfaction":6.666666666666667,"autonomy":6.939655172413793},"metadata":{"satisfaction_count":265,"comprehension_count":239,"contact_count":35,"contactReachability_count":36,"contactSatisfaction_count":27,"autonomy_count":232}}
