{"data":{"satisfaction":7.394636015325671,"comprehension":7.253218884120171,"contact":4.7368421052631575,"contact_reachability":0.7105263157894737,"contact_satisfaction":6.666666666666667,"autonomy":7.104072398190045},"metadata":{"satisfaction_count":261,"comprehension_count":233,"contact_count":38,"contactReachability_count":38,"contactSatisfaction_count":27,"autonomy_count":221}}
