{"data":{"satisfaction":7.221526908635795,"comprehension":7.166666666666667,"contact":5.394736842105263,"contact_reachability":0.7777777777777778,"contact_satisfaction":6.966019417475728,"autonomy":7.071005917159764},"metadata":{"satisfaction_count":799,"comprehension_count":705,"contact_count":133,"contactReachability_count":135,"contactSatisfaction_count":103,"autonomy_count":676}}
