{"data":{"satisfaction":7.172869147659064,"comprehension":7.112244897959184,"contact":5.36231884057971,"contact_reachability":0.7714285714285715,"contact_satisfaction":6.981132075471698,"autonomy":7.017045454545454},"metadata":{"satisfaction_count":833,"comprehension_count":735,"contact_count":138,"contactReachability_count":140,"contactSatisfaction_count":106,"autonomy_count":704}}
