{"data":{"satisfaction":7.45057232049948,"comprehension":7.948402948402949,"contact":5.136363636363637,"contact_reachability":7.5,"contact_satisfaction":6.890243902439025,"autonomy":7.2556390977443606},"metadata":{"satisfaction_count":961,"comprehension_count":814,"contact_count":55,"autonomy_count":266}}
