{"data":{"satisfaction":6.605839416058394,"comprehension":7.25206611570248,"contact":5.54054054054054,"contact_reachability":0.7837837837837838,"contact_satisfaction":7.068965517241379,"autonomy":7.387387387387387},"metadata":{"satisfaction_count":274,"comprehension_count":242,"contact_count":37,"contactReachability_count":37,"contactSatisfaction_count":29,"autonomy_count":222}}
