{"data":{"satisfaction":7.951263537906137,"comprehension":7.826086956521739,"contact":5.80188679245283,"contact_reachability":7.4074074074074066,"contact_satisfaction":7.884615384615385,"autonomy":5.882352941176471},"metadata":{"satisfaction_count":554,"comprehension_count":483,"contact_count":53,"autonomy_count":187}}
