{"data":{"satisfaction":7.341772151898734,"comprehension":7.013888888888889,"contact":4.611111111111111,"contact_reachability":7.111111111111112,"contact_satisfaction":6.484375,"autonomy":5.625},"metadata":{"satisfaction_count":158,"comprehension_count":144,"contact_count":45,"autonomy_count":144}}
