{"data":{"satisfaction":7.03921568627451,"comprehension":6.657894736842105,"contact":4.338235294117647,"contact_reachability":0.8489208633093526,"contact_satisfaction":5.130434782608695,"autonomy":5.516483516483516},"metadata":{"satisfaction_count":510,"comprehension_count":475,"contact_count":136,"contactReachability_count":139,"contactSatisfaction_count":115,"autonomy_count":455}}
