{"data":{"satisfaction":7.381516587677726,"comprehension":6.937340153452685,"contact":5.617647058823529,"contact_reachability":0.8045977011494253,"contact_satisfaction":7.022058823529412,"autonomy":5.702917771883289},"metadata":{"satisfaction_count":422,"comprehension_count":391,"contact_count":85,"contactReachability_count":87,"contactSatisfaction_count":68,"autonomy_count":377}}
