{"data":{"satisfaction":7.969502407704655,"comprehension":8.055555555555555,"contact":7.142857142857143,"autonomy":5.471698113207547},"metadata":{"satisfaction_count":623,"comprehension_count":513,"contact_count":14,"autonomy_count":53}}
