{"data":{"satisfaction":6.995926680244399,"comprehension":6.632096069868996,"contact":4.2293233082706765,"contact_reachability":0.8455882352941176,"contact_satisfaction":5.022321428571429,"autonomy":5.502283105022831},"metadata":{"satisfaction_count":491,"comprehension_count":458,"contact_count":133,"contactReachability_count":136,"contactSatisfaction_count":112,"autonomy_count":438}}
