{"data":{"satisfaction":7.343470483005366,"comprehension":7.060546875,"contact":4.100877192982456,"contact_reachability":0.8347826086956521,"contact_satisfaction":4.921052631578948,"autonomy":5.249266862170088},"metadata":{"satisfaction_count":559,"comprehension_count":512,"contact_count":114,"contactReachability_count":115,"contactSatisfaction_count":95,"autonomy_count":341}}
