{"data":{"satisfaction":7.824675324675325,"comprehension":7.639664804469274,"contact":5.111940298507463,"contact_reachability":7.794117647058823,"contact_satisfaction":6.586538461538462,"autonomy":5.798319327731092},"metadata":{"satisfaction_count":616,"comprehension_count":537,"contact_count":67,"autonomy_count":238}}
