{"data":{"satisfaction":7.174887892376682,"comprehension":6.713414634146342,"contact":4.543010752688172,"contact_reachability":0.8315789473684211,"contact_satisfaction":5.487012987012987,"autonomy":5.685279187817259},"metadata":{"satisfaction_count":446,"comprehension_count":410,"contact_count":93,"contactReachability_count":95,"contactSatisfaction_count":77,"autonomy_count":394}}
