{"data":{"satisfaction":7.789389067524116,"comprehension":7.601289134438305,"contact":5.035211267605634,"contact_reachability":0.7916666666666666,"contact_satisfaction":6.383928571428571,"autonomy":5.737704918032787},"metadata":{"satisfaction_count":622,"comprehension_count":543,"contact_count":71,"contactReachability_count":72,"contactSatisfaction_count":56,"autonomy_count":244}}
