{"data":{"satisfaction":7.046296296296297,"comprehension":6.5625,"contact":4.087591240875913,"contact_reachability":0.8273381294964028,"contact_satisfaction":4.95575221238938,"autonomy":5.3125},"metadata":{"satisfaction_count":540,"comprehension_count":496,"contact_count":137,"contactReachability_count":139,"contactSatisfaction_count":113,"autonomy_count":480}}
