{"data":{"satisfaction":7.396551724137931,"comprehension":7.109962406015038,"contact":4.230769230769231,"contact_reachability":0.8389830508474576,"contact_satisfaction":5.051020408163265,"autonomy":5.373961218836565},"metadata":{"satisfaction_count":580,"comprehension_count":532,"contact_count":117,"contactReachability_count":118,"contactSatisfaction_count":98,"autonomy_count":361}}
