{"data":{"satisfaction":7.954545454545454,"comprehension":8.000910746812385,"contact":6.666666666666667,"contact_reachability":8.8,"contact_satisfaction":7.619047619047619,"autonomy":5.555555555555555},"metadata":{"satisfaction_count":660,"comprehension_count":549,"contact_count":24,"autonomy_count":90}}
