{"data":{"satisfaction":7.1,"comprehension":6.597938144329897,"contact":5.725806451612903,"contact_reachability":0.9354838709677419,"contact_satisfaction":6.120689655172414,"autonomy":4.895833333333333},"metadata":{"satisfaction_count":100,"comprehension_count":97,"contact_count":31,"contactReachability_count":31,"contactSatisfaction_count":29,"autonomy_count":96}}
