{"data":{"satisfaction":7.05827067669173,"comprehension":6.567622950819672,"contact":4,"contact_reachability":0.8248175182481752,"contact_satisfaction":4.864864864864865,"autonomy":5.317796610169491},"metadata":{"satisfaction_count":532,"comprehension_count":488,"contact_count":135,"contactReachability_count":137,"contactSatisfaction_count":111,"autonomy_count":472}}
