{"data":{"satisfaction":6.428571428571429,"comprehension":5.807291666666667,"contact":3.203125,"contact_reachability":0.96875,"contact_satisfaction":3.306451612903226,"autonomy":5.1063829787234045},"metadata":{"satisfaction_count":105,"comprehension_count":96,"contact_count":32,"contactReachability_count":32,"contactSatisfaction_count":31,"autonomy_count":94}}
