{"data":{"satisfaction":7.06831119544592,"comprehension":6.578674948240166,"contact":3.9285714285714284,"contact_reachability":0.8222222222222222,"contact_satisfaction":4.793577981651376,"autonomy":5.331905781584583},"metadata":{"satisfaction_count":527,"comprehension_count":483,"contact_count":133,"contactReachability_count":135,"contactSatisfaction_count":109,"autonomy_count":467}}
