{"data":{"satisfaction":7.049632352941177,"comprehension":6.56,"contact":4.087591240875913,"contact_reachability":0.8273381294964028,"contact_satisfaction":4.95575221238938,"autonomy":5.330578512396694},"metadata":{"satisfaction_count":544,"comprehension_count":500,"contact_count":137,"contactReachability_count":139,"contactSatisfaction_count":113,"autonomy_count":484}}
