{"data":{"satisfaction":7.234848484848484,"comprehension":6.708333333333333,"contact":4.318181818181818,"contact_reachability":0.8636363636363636,"contact_satisfaction":5,"autonomy":6.2727272727272725},"metadata":{"satisfaction_count":132,"comprehension_count":120,"contact_count":22,"contactReachability_count":22,"contactSatisfaction_count":19,"autonomy_count":110}}
