{"data":{"satisfaction":6.571428571428571,"comprehension":6.015625,"contact":2.6666666666666665,"contact_reachability":0.8222222222222222,"contact_satisfaction":3.2432432432432434,"autonomy":5.196850393700787},"metadata":{"satisfaction_count":140,"comprehension_count":128,"contact_count":45,"contactReachability_count":45,"contactSatisfaction_count":37,"autonomy_count":127}}
