{"data":{"satisfaction":5.849056603773585,"comprehension":5.239726027397261,"contact":2.622950819672131,"contact_reachability":0.9180327868852459,"contact_satisfaction":2.857142857142857,"autonomy":4.195804195804196},"metadata":{"satisfaction_count":159,"comprehension_count":146,"contact_count":61,"contactReachability_count":61,"contactSatisfaction_count":56,"autonomy_count":143}}
