{"data":{"satisfaction":6.666666666666667,"comprehension":6.079136690647482,"contact":3.0288461538461537,"contact_reachability":0.7884615384615384,"contact_satisfaction":3.841463414634146,"autonomy":5},"metadata":{"satisfaction_count":153,"comprehension_count":139,"contact_count":52,"contactReachability_count":52,"contactSatisfaction_count":41,"autonomy_count":138}}
