{"data":{"satisfaction":6.730769230769231,"comprehension":6.126760563380282,"contact":3.0288461538461537,"contact_reachability":0.7884615384615384,"contact_satisfaction":3.841463414634146,"autonomy":5.035460992907802},"metadata":{"satisfaction_count":156,"comprehension_count":142,"contact_count":52,"contactReachability_count":52,"contactSatisfaction_count":41,"autonomy_count":141}}
