{"data":{"satisfaction":7.053903345724907,"comprehension":6.568825910931174,"contact":4.087591240875913,"contact_reachability":0.8273381294964028,"contact_satisfaction":4.95575221238938,"autonomy":5.313807531380753},"metadata":{"satisfaction_count":538,"comprehension_count":494,"contact_count":137,"contactReachability_count":139,"contactSatisfaction_count":113,"autonomy_count":478}}
