{"data":{"satisfaction":6.7924528301886795,"comprehension":6.206896551724138,"contact":3.0288461538461537,"contact_reachability":0.7884615384615384,"contact_satisfaction":3.841463414634146,"autonomy":5.138888888888889},"metadata":{"satisfaction_count":159,"comprehension_count":145,"contact_count":52,"contactReachability_count":52,"contactSatisfaction_count":41,"autonomy_count":144}}
