{"data":{"satisfaction":6,"comprehension":5.384615384615385,"contact":2.675438596491228,"contact_reachability":0.9122807017543859,"contact_satisfaction":2.9326923076923075,"autonomy":4.357142857142857},"metadata":{"satisfaction_count":155,"comprehension_count":143,"contact_count":57,"contactReachability_count":57,"contactSatisfaction_count":52,"autonomy_count":140}}
