{"data":{"satisfaction":7.208067940552017,"comprehension":6.7298850574712645,"contact":4.678217821782178,"contact_reachability":0.8446601941747572,"contact_satisfaction":5.5588235294117645,"autonomy":5.62200956937799},"metadata":{"satisfaction_count":471,"comprehension_count":435,"contact_count":101,"contactReachability_count":103,"contactSatisfaction_count":85,"autonomy_count":418}}
