{"data":{"satisfaction":6.965811965811966,"comprehension":6.588302752293578,"contact":4.1856060606060606,"contact_reachability":0.8571428571428571,"contact_satisfaction":4.889380530973451,"autonomy":5.430622009569378},"metadata":{"satisfaction_count":468,"comprehension_count":436,"contact_count":132,"contactReachability_count":133,"contactSatisfaction_count":113,"autonomy_count":418}}
