{"data":{"satisfaction":7.428571428571429,"comprehension":7.105263157894737,"contact":4.5588235294117645,"contact_reachability":0.6470588235294118,"contact_satisfaction":7.045454545454546,"autonomy":5.638297872340425},"metadata":{"satisfaction_count":105,"comprehension_count":95,"contact_count":17,"contactReachability_count":17,"contactSatisfaction_count":11,"autonomy_count":94}}
