{"data":{"satisfaction":7.363013698630137,"comprehension":7.07089552238806,"contact":4.125,"contact_reachability":0.8429752066115702,"contact_satisfaction":4.900990099009901,"autonomy":5.342465753424658},"metadata":{"satisfaction_count":584,"comprehension_count":536,"contact_count":120,"contactReachability_count":121,"contactSatisfaction_count":101,"autonomy_count":365}}
