{"data":{"satisfaction":7.71523178807947,"comprehension":7.376760563380282,"contact":4.875,"contact_reachability":6.75,"contact_satisfaction":7.222222222222222,"autonomy":6.180555555555555},"metadata":{"satisfaction_count":151,"comprehension_count":142,"contact_count":40,"autonomy_count":144}}
