{"data":{"satisfaction":7.392055267702936,"comprehension":7.109227871939736,"contact":4.230769230769231,"contact_reachability":0.8389830508474576,"contact_satisfaction":5.051020408163265,"autonomy":5.388888888888889},"metadata":{"satisfaction_count":579,"comprehension_count":531,"contact_count":117,"contactReachability_count":118,"contactSatisfaction_count":98,"autonomy_count":360}}
