{"data":{"satisfaction":7.952029520295203,"comprehension":7.823779193205945,"contact":5.816326530612245,"contact_reachability":7.4,"contact_satisfaction":7.916666666666667,"autonomy":5.828571428571428},"metadata":{"satisfaction_count":542,"comprehension_count":471,"contact_count":49,"autonomy_count":175}}
