{"data":{"satisfaction":7.891156462585034,"comprehension":7.535714285714286,"contact":5.202702702702703,"contact_reachability":6.486486486486487,"contact_satisfaction":8.020833333333334,"autonomy":6.3120567375886525},"metadata":{"satisfaction_count":147,"comprehension_count":140,"contact_count":37,"autonomy_count":141}}
