{"data":{"satisfaction":6.557971014492754,"comprehension":6.011904761904762,"contact":2.727272727272727,"contact_reachability":0.8409090909090909,"contact_satisfaction":3.2432432432432434,"autonomy":5.2},"metadata":{"satisfaction_count":138,"comprehension_count":126,"contact_count":44,"contactReachability_count":44,"contactSatisfaction_count":37,"autonomy_count":125}}
