{"data":{"satisfaction":7.776898734177215,"comprehension":7.5769927536231885,"contact":4.901315789473684,"contact_reachability":0.7792207792207793,"contact_satisfaction":6.313559322033898,"autonomy":5.7312252964426875},"metadata":{"satisfaction_count":632,"comprehension_count":552,"contact_count":76,"contactReachability_count":77,"contactSatisfaction_count":59,"autonomy_count":253}}
