{"data":{"satisfaction":6.733870967741935,"comprehension":6.206140350877193,"contact":4.166666666666667,"contact_reachability":1,"contact_satisfaction":4.166666666666667,"autonomy":5.714285714285714},"metadata":{"satisfaction_count":124,"comprehension_count":114,"contact_count":30,"contactReachability_count":30,"contactSatisfaction_count":30,"autonomy_count":105}}
