{"data":{"satisfaction":7.051756007393715,"comprehension":6.569416498993964,"contact":4.087591240875913,"contact_reachability":0.8273381294964028,"contact_satisfaction":4.95575221238938,"autonomy":5.3222453222453225},"metadata":{"satisfaction_count":541,"comprehension_count":497,"contact_count":137,"contactReachability_count":139,"contactSatisfaction_count":113,"autonomy_count":481}}
