{"data":{"satisfaction":6.909090909090909,"comprehension":6.658415841584159,"contact":4.078947368421052,"contact_reachability":0.8947368421052632,"contact_satisfaction":4.5588235294117645,"autonomy":6.333333333333333},"metadata":{"satisfaction_count":110,"comprehension_count":101,"contact_count":19,"contactReachability_count":19,"contactSatisfaction_count":17,"autonomy_count":90}}
