{"data":{"satisfaction":7.148760330578512,"comprehension":6.747787610619469,"contact":5.37037037037037,"contact_reachability":0.8571428571428571,"contact_satisfaction":6.304347826086956,"autonomy":6.090909090909091},"metadata":{"satisfaction_count":121,"comprehension_count":113,"contact_count":27,"contactReachability_count":28,"contactSatisfaction_count":23,"autonomy_count":110}}
