{"data":{"satisfaction":6.816546762589928,"comprehension":6.871948929778445,"contact":4.984718826405868,"contact_reachability":0.6856106408706167,"contact_satisfaction":7.307347670250896,"autonomy":5.148669796557121},"metadata":{"satisfaction_count":2780,"comprehension_count":2663,"contact_count":818,"contactReachability_count":827,"contactSatisfaction_count":558,"autonomy_count":2556}}
