{"data":{"satisfaction":6.68141592920354,"comprehension":6.742724867724868,"contact":4.7727272727272725,"contact_reachability":0.6877828054298643,"contact_satisfaction":6.953642384105961,"autonomy":5.523012552301255},"metadata":{"satisfaction_count":791,"comprehension_count":756,"contact_count":220,"contactReachability_count":221,"contactSatisfaction_count":151,"autonomy_count":717}}
