{"data":{"satisfaction":6.8020388030253205,"comprehension":6.717823508894314,"contact":4.56,"contact_reachability":0.6309255079006773,"contact_satisfaction":7.281021897810219,"autonomy":5.160591844099603},"metadata":{"satisfaction_count":3041,"comprehension_count":2867,"contact_count":875,"contactReachability_count":886,"contactSatisfaction_count":548,"autonomy_count":2771}}
