{"data":{"satisfaction":6.8970631859982205,"comprehension":7.048733568451427,"contact":4.4677871148459385,"contact_reachability":0.6256983240223464,"contact_satisfaction":7.1524663677130045,"autonomy":5.142594296228151},"metadata":{"satisfaction_count":3371,"comprehension_count":3119,"contact_count":714,"contactReachability_count":716,"contactSatisfaction_count":446,"autonomy_count":2174}}
