{"data":{"satisfaction":6.847587719298246,"comprehension":6.539615846338536,"contact":4.855072463768116,"contact_reachability":0.6570397111913358,"contact_satisfaction":7.403314917127072,"autonomy":5.107142857142857},"metadata":{"satisfaction_count":912,"comprehension_count":833,"contact_count":276,"contactReachability_count":277,"contactSatisfaction_count":181,"autonomy_count":840}}
