{"data":{"satisfaction":6.7492517459261725,"comprehension":6.782966072053165,"contact":4.9579326923076925,"contact_reachability":0.6901072705601907,"contact_satisfaction":7.211538461538462,"autonomy":5.238611713665944},"metadata":{"satisfaction_count":3007,"comprehension_count":2859,"contact_count":832,"contactReachability_count":839,"contactSatisfaction_count":572,"autonomy_count":2766}}
