{"data":{"satisfaction":7.139479905437352,"comprehension":7.073095823095823,"contact":5.1155462184873945,"contact_reachability":0.7071129707112971,"contact_satisfaction":7.247023809523809,"autonomy":5.120711562897077},"metadata":{"satisfaction_count":846,"comprehension_count":814,"contact_count":238,"contactReachability_count":239,"contactSatisfaction_count":168,"autonomy_count":787}}
