{"data":{"satisfaction":7.065972222222222,"comprehension":7.056694813027744,"contact":5.125,"contact_reachability":0.7095435684647303,"contact_satisfaction":7.235294117647059,"autonomy":5.13715710723192},"metadata":{"satisfaction_count":864,"comprehension_count":829,"contact_count":240,"contactReachability_count":241,"contactSatisfaction_count":170,"autonomy_count":802}}
