{"data":{"satisfaction":6.948131760078663,"comprehension":7.852705687465488,"contact":3.741496598639456,"autonomy":5.294117647058823},"metadata":{"satisfaction_count":4068,"comprehension_count":3622,"contact_count":147,"autonomy_count":442}}
