{"data":{"satisfaction":6.930670854835091,"comprehension":7.745368052078117,"contact":4.069548872180451,"contact_reachability":5.676691729323309,"contact_satisfaction":7.16887417218543,"autonomy":5.238095238095238},"metadata":{"satisfaction_count":4457,"comprehension_count":3994,"contact_count":266,"autonomy_count":798}}
