{"data":{"satisfaction":6.910828025477707,"comprehension":6.516393442622951,"contact":4.7,"contact_reachability":0.6454183266932271,"contact_satisfaction":7.298136645962733,"autonomy":5.122282608695652},"metadata":{"satisfaction_count":785,"comprehension_count":732,"contact_count":250,"contactReachability_count":251,"contactSatisfaction_count":161,"autonomy_count":736}}
