{"data":{"satisfaction":6.921562689279225,"comprehension":7.0604125736738705,"contact":4.51647564469914,"contact_reachability":0.63,"contact_satisfaction":7.181093394077449,"autonomy":5.149218379914732},"metadata":{"satisfaction_count":3302,"comprehension_count":3054,"contact_count":698,"contactReachability_count":700,"contactSatisfaction_count":439,"autonomy_count":2111}}
