{"data":{"satisfaction":6.649560117302053,"comprehension":6.7615384615384615,"contact":4.578488372093023,"contact_reachability":0.632183908045977,"contact_satisfaction":7.291666666666667,"autonomy":5.254777070063694},"metadata":{"satisfaction_count":682,"comprehension_count":650,"contact_count":172,"contactReachability_count":174,"contactSatisfaction_count":108,"autonomy_count":628}}
