{"data":{"satisfaction":6.892189218921892,"comprehension":7.459398496240602,"contact":4.272300469483568,"contact_reachability":6.0889929742388755,"contact_satisfaction":7.027027027027027,"autonomy":5.171606864274571},"metadata":{"satisfaction_count":3636,"comprehension_count":3325,"contact_count":426,"autonomy_count":1282}}
