{"data":{"satisfaction":7.100591715976331,"comprehension":7.063882063882064,"contact":5.042194092827004,"contact_reachability":0.7053941908713693,"contact_satisfaction":7.198795180722891,"autonomy":5.0636132315521625},"metadata":{"satisfaction_count":845,"comprehension_count":814,"contact_count":237,"contactReachability_count":241,"contactSatisfaction_count":166,"autonomy_count":786}}
