{"data":{"satisfaction":6.9125913434513775,"comprehension":7.056145675265554,"contact":4.54879679144385,"contact_reachability":0.6306666666666667,"contact_satisfaction":7.2239915074309975,"autonomy":5.189765458422174},"metadata":{"satisfaction_count":3558,"comprehension_count":3295,"contact_count":748,"contactReachability_count":750,"contactSatisfaction_count":471,"autonomy_count":2345}}
