{"data":{"satisfaction":7.037671232876712,"comprehension":7.032738095238095,"contact":5.16597510373444,"contact_reachability":0.7107438016528925,"contact_satisfaction":7.280701754385965,"autonomy":5.258620689655173},"metadata":{"satisfaction_count":876,"comprehension_count":840,"contact_count":241,"contactReachability_count":242,"contactSatisfaction_count":171,"autonomy_count":812}}
