{"data":{"satisfaction":6.901874310915105,"comprehension":6.553075995174909,"contact":4.886792452830188,"contact_reachability":0.6554307116104869,"contact_satisfaction":7.485549132947977,"autonomy":5.089605734767025},"metadata":{"satisfaction_count":907,"comprehension_count":829,"contact_count":265,"contactReachability_count":267,"contactSatisfaction_count":173,"autonomy_count":837}}
