{"data":{"satisfaction":6.897367642709257,"comprehension":7.048433503836317,"contact":4.4677871148459385,"contact_reachability":0.6256983240223464,"contact_satisfaction":7.1524663677130045,"autonomy":5.146520146520147},"metadata":{"satisfaction_count":3381,"comprehension_count":3128,"contact_count":714,"contactReachability_count":716,"contactSatisfaction_count":446,"autonomy_count":2184}}
