{"data":{"satisfaction":6.886185682326622,"comprehension":7.470146968769137,"contact":4.251207729468599,"contact_reachability":6.06280193236715,"contact_satisfaction":7.01195219123506,"autonomy":5.192150449713819},"metadata":{"satisfaction_count":3576,"comprehension_count":3266,"contact_count":414,"autonomy_count":1223}}
