{"data":{"satisfaction":6.917867435158501,"comprehension":7.062577833125778,"contact":4.515130674002751,"contact_reachability":0.6282578875171467,"contact_satisfaction":7.198464912280702,"autonomy":5.167844522968198},"metadata":{"satisfaction_count":3470,"comprehension_count":3212,"contact_count":727,"contactReachability_count":729,"contactSatisfaction_count":456,"autonomy_count":2264}}
