{"data":{"satisfaction":6.560332871012482,"comprehension":6.6826923076923075,"contact":4.930555555555555,"contact_reachability":0.6795580110497238,"contact_satisfaction":7.274590163934426,"autonomy":5.203619909502263},"metadata":{"satisfaction_count":721,"comprehension_count":676,"contact_count":180,"contactReachability_count":181,"contactSatisfaction_count":122,"autonomy_count":663}}
