{"data":{"satisfaction":6.9379194630872485,"comprehension":7.819048898441698,"contact":3.6271676300578033,"contact_reachability":5.375722543352602,"contact_satisfaction":6.747311827956989,"autonomy":5.41044776119403},"metadata":{"satisfaction_count":4172,"comprehension_count":3722,"contact_count":173,"autonomy_count":536}}
