{"data":{"satisfaction":6.767396275726886,"comprehension":6.8039821489872985,"contact":4.932273262661956,"contact_reachability":0.6880841121495327,"contact_satisfaction":7.195017182130584,"autonomy":5.221867234646787},"metadata":{"satisfaction_count":3061,"comprehension_count":2913,"contact_count":849,"contactReachability_count":856,"contactSatisfaction_count":582,"autonomy_count":2817}}
