{"data":{"satisfaction":6.696535244922342,"comprehension":6.646262886597938,"contact":4.866666666666666,"contact_reachability":0.6622222222222223,"contact_satisfaction":7.348993288590604,"autonomy":5.14993481095176},"metadata":{"satisfaction_count":837,"comprehension_count":776,"contact_count":225,"contactReachability_count":225,"contactSatisfaction_count":149,"autonomy_count":767}}
