{"data":{"satisfaction":6.95457930007446,"comprehension":7.869595536959554,"contact":3.568702290076336,"autonomy":5.3316953316953315},"metadata":{"satisfaction_count":4029,"comprehension_count":3585,"contact_count":131,"autonomy_count":407}}
