{"data":{"satisfaction":6.931034482758621,"comprehension":7.8843938957673485,"contact":3.4558823529411766,"autonomy":5.033557046979865},"metadata":{"satisfaction_count":3915,"comprehension_count":3473,"contact_count":102,"autonomy_count":298}}
