{"data":{"satisfaction":7.095959595959596,"comprehension":6.605839416058394,"contact":4.872881355932203,"contact_reachability":0.651685393258427,"contact_satisfaction":7.5,"autonomy":5.262206148282098},"metadata":{"satisfaction_count":594,"comprehension_count":548,"contact_count":177,"contactReachability_count":178,"contactSatisfaction_count":115,"autonomy_count":553}}
