{"data":{"satisfaction":6.9161600810536985,"comprehension":7.39251040221914,"contact":4.399038461538462,"contact_reachability":0.6168582375478927,"contact_satisfaction":7.1484375,"autonomy":5.2165605095541405},"metadata":{"satisfaction_count":3948,"comprehension_count":3605,"contact_count":520,"contactReachability_count":522,"contactSatisfaction_count":320,"autonomy_count":1570}}
