{"data":{"satisfaction":7.164449818621524,"comprehension":7.123115577889447,"contact":5.053879310344827,"contact_reachability":0.6991525423728814,"contact_satisfaction":7.282608695652174,"autonomy":5.077720207253886},"metadata":{"satisfaction_count":827,"comprehension_count":796,"contact_count":232,"contactReachability_count":236,"contactSatisfaction_count":161,"autonomy_count":772}}
