{"data":{"satisfaction":6.811155913978495,"comprehension":6.720363118547525,"contact":4.563305978898007,"contact_reachability":0.6307870370370371,"contact_satisfaction":7.28932584269663,"autonomy":5.182454847032805},"metadata":{"satisfaction_count":2976,"comprehension_count":2809,"contact_count":853,"contactReachability_count":864,"contactSatisfaction_count":534,"autonomy_count":2713}}
