{"data":{"satisfaction":6.893433500278242,"comprehension":7.471833130328867,"contact":4.288277511961723,"contact_reachability":6.100478468899522,"contact_satisfaction":7.029411764705882,"autonomy":5.173247381144239},"metadata":{"satisfaction_count":3594,"comprehension_count":3284,"contact_count":418,"autonomy_count":1241}}
