{"data":{"satisfaction":6.909831756046267,"comprehension":7.441743383199079,"contact":4.407051282051282,"contact_reachability":6.212765957446809,"contact_satisfaction":7.112068965517241,"autonomy":5.202231520223152},"metadata":{"satisfaction_count":3804,"comprehension_count":3476,"contact_count":468,"autonomy_count":1434}}
