{"data":{"satisfaction":6.915650406504065,"comprehension":7.397746243739566,"contact":4.407514450867052,"contact_reachability":0.6180422264875239,"contact_satisfaction":7.1484375,"autonomy":5.205391527599486},"metadata":{"satisfaction_count":3936,"comprehension_count":3594,"contact_count":519,"contactReachability_count":521,"contactSatisfaction_count":320,"autonomy_count":1558}}
