{"data":{"satisfaction":6.683526011560693,"comprehension":6.739788199697428,"contact":4.847222222222222,"contact_reachability":0.6830601092896175,"contact_satisfaction":7.151639344262295,"autonomy":5.2037617554858935},"metadata":{"satisfaction_count":692,"comprehension_count":661,"contact_count":180,"contactReachability_count":183,"contactSatisfaction_count":122,"autonomy_count":638}}
