{"data":{"satisfaction":6.921072226358898,"comprehension":7.3770714479760935,"contact":4.422727272727273,"contact_reachability":0.617059891107078,"contact_satisfaction":7.17551622418879,"autonomy":5.206561360874848},"metadata":{"satisfaction_count":4029,"comprehension_count":3681,"contact_count":550,"contactReachability_count":551,"contactSatisfaction_count":339,"autonomy_count":1646}}
