{"data":{"satisfaction":6.8056857232114965,"comprehension":6.7256783587028455,"contact":4.596153846153846,"contact_reachability":0.6377440347071583,"contact_satisfaction":7.261284722222222,"autonomy":5.167808219178082},"metadata":{"satisfaction_count":3201,"comprehension_count":3022,"contact_count":910,"contactReachability_count":922,"contactSatisfaction_count":576,"autonomy_count":2920}}
