{
  "data": {
    "satisfaction": 6.9328165374677,
    "comprehension": 7.894813519813519,
    "contact": 4.04320987654321,
    "autonomy": 4.863813229571984
  },
  "metadata": {
    "satisfaction_count": 3870,
    "comprehension_count": 3432,
    "contact_count": 81,
    "autonomy_count": 257
  }
}
