{"data":{"satisfaction":6.69833729216152,"comprehension":6.515444015444015,"contact":4.583333333333333,"contact_reachability":0.6300813008130082,"contact_satisfaction":7.274193548387097,"autonomy":5.09020618556701},"metadata":{"satisfaction_count":842,"comprehension_count":777,"contact_count":246,"contactReachability_count":246,"contactSatisfaction_count":155,"autonomy_count":776}}
