{"data":{"satisfaction":6.789237668161435,"comprehension":6.718354430379747,"contact":4.634397528321318,"contact_reachability":0.6408952187182095,"contact_satisfaction":7.281553398058253,"autonomy":5.150425114453891},"metadata":{"satisfaction_count":3345,"comprehension_count":3160,"contact_count":971,"contactReachability_count":983,"contactSatisfaction_count":618,"autonomy_count":3058}}
