{"data":{"satisfaction":6.890308839190628,"comprehension":6.590909090909091,"contact":4.611486486486487,"contact_reachability":0.6397306397306397,"contact_satisfaction":7.222222222222222,"autonomy":5.175936435868332},"metadata":{"satisfaction_count":939,"comprehension_count":880,"contact_count":296,"contactReachability_count":297,"contactSatisfaction_count":189,"autonomy_count":881}}
