{"data":{"satisfaction":7.0198675496688745,"comprehension":6.97459584295612,"contact":4.91869918699187,"contact_reachability":0.6842105263157895,"contact_satisfaction":7.2023809523809526,"autonomy":5.269461077844311},"metadata":{"satisfaction_count":906,"comprehension_count":866,"contact_count":246,"contactReachability_count":247,"contactSatisfaction_count":168,"autonomy_count":835}}
