{"data":{"satisfaction":6.888341543513957,"comprehension":7.033048096783712,"contact":4.507772020725389,"contact_reachability":0.6291989664082688,"contact_satisfaction":7.175257731958763,"autonomy":5.199015182601559},"metadata":{"satisfaction_count":3654,"comprehension_count":3389,"contact_count":772,"contactReachability_count":774,"contactSatisfaction_count":485,"autonomy_count":2437}}
