{"data":{"satisfaction":7.692799318278654,"comprehension":7.093997208003723,"contact":5.326086956521739,"contact_reachability":0.6904761904761905,"contact_satisfaction":7.728706624605678,"autonomy":6.368346679227508},"metadata":{"satisfaction_count":2347,"comprehension_count":2149,"contact_count":460,"contactReachability_count":462,"contactSatisfaction_count":317,"autonomy_count":2123}}
