{"data":{"satisfaction":7.788379489566364,"comprehension":7.97053194034612,"contact":4.928355957767723,"contact_reachability":0.6572713643178411,"contact_satisfaction":7.5218692449355435,"autonomy":7.040816326530612},"metadata":{"satisfaction_count":12891,"comprehension_count":12539,"contact_count":3315,"contactReachability_count":3335,"contactSatisfaction_count":2172,"autonomy_count":12152}}
