{"data":{"satisfaction":7.9523809523809526,"comprehension":7.71505376344086,"contact":3.9285714285714284,"contact_reachability":0.42857142857142855,"contact_satisfaction":9.166666666666666,"autonomy":7.840909090909091},"metadata":{"satisfaction_count":105,"comprehension_count":93,"contact_count":7,"contactReachability_count":7,"contactSatisfaction_count":3,"autonomy_count":88}}
