{"data":{"satisfaction":5.703525158180175,"comprehension":8.677677873338546,"contact":1.71875,"autonomy":6.147540983606557},"metadata":{"satisfaction_count":3319,"comprehension_count":2558,"contact_count":16,"autonomy_count":122}}
