{"data":{"satisfaction":7.703281572707106,"comprehension":8.17633910752774,"contact":5.011732081911263,"contact_reachability":6.579058923272573,"contact_satisfaction":7.643135979180221,"autonomy":7.291850112513453},"metadata":{"satisfaction_count":13073,"comprehension_count":12527,"contact_count":2344,"autonomy_count":10221}}
