{"data":{"satisfaction":7.788045159294772,"comprehension":7.990808530956549,"contact":4.937653940886699,"contact_reachability":0.6575887392900857,"contact_satisfaction":7.532879286049789,"autonomy":7.02527435982707},"metadata":{"satisfaction_count":12932,"comprehension_count":12566,"contact_count":3248,"contactReachability_count":3268,"contactSatisfaction_count":2129,"autonomy_count":12028}}
