{"data":{"satisfaction":7.101947308132875,"comprehension":7.244283995186522,"contact":4.5,"contact_reachability":0.6137931034482759,"contact_satisfaction":7.331460674157303,"autonomy":5.995145631067961},"metadata":{"satisfaction_count":873,"comprehension_count":831,"contact_count":290,"contactReachability_count":290,"contactSatisfaction_count":178,"autonomy_count":824}}
