{"data":{"satisfaction":7.7903000155448465,"comprehension":7.972233320015981,"contact":4.928226050166213,"contact_reachability":0.657254430759988,"contact_satisfaction":7.521909594095941,"autonomy":7.047516911400759},"metadata":{"satisfaction_count":12866,"comprehension_count":12515,"contact_count":3309,"contactReachability_count":3329,"contactSatisfaction_count":2168,"autonomy_count":12122}}
