{"data":{"satisfaction":7.787087806008186,"comprehension":7.989946753556386,"contact":4.933886838868388,"contact_reachability":0.6570904645476773,"contact_satisfaction":7.532863849765258,"autonomy":7.041105009152937},"metadata":{"satisfaction_count":12949,"comprehension_count":12583,"contact_count":3252,"contactReachability_count":3272,"contactSatisfaction_count":2130,"autonomy_count":12018}}
