{"data":{"satisfaction":7.061704211557297,"comprehension":7.226239669421488,"contact":4.8076923076923075,"contact_reachability":0.6675461741424802,"contact_satisfaction":7.221115537848606,"autonomy":5.689119170984456},"metadata":{"satisfaction_count":1021,"comprehension_count":968,"contact_count":377,"contactReachability_count":379,"contactSatisfaction_count":251,"autonomy_count":965}}
