{"data":{"satisfaction":7.250715648854962,"comprehension":7.526322233104799,"contact":4.886698057680989,"contact_reachability":6.604324956165985,"contact_satisfaction":7.4262075134168155,"autonomy":5.556106019321279},"metadata":{"satisfaction_count":4192,"comprehension_count":4084,"contact_count":1699,"autonomy_count":4037}}
