{"data":{"satisfaction":7.191780821917808,"comprehension":7.305327868852459,"contact":4.274193548387097,"contact_reachability":0.6129032258064516,"contact_satisfaction":6.973684210526316,"autonomy":5.7594936708860756},"metadata":{"satisfaction_count":511,"comprehension_count":488,"contact_count":186,"contactReachability_count":186,"contactSatisfaction_count":114,"autonomy_count":474}}
