{"data":{"satisfaction":7.104332449160036,"comprehension":7.406060606060606,"contact":4.821428571428571,"contact_reachability":6.595317725752508,"contact_satisfaction":7.338461538461538,"autonomy":5.282615337610754},"metadata":{"satisfaction_count":3393,"comprehension_count":3300,"contact_count":1484,"autonomy_count":3273}}
