{"data":{"satisfaction":6.928044280442805,"comprehension":7.187650168188371,"contact":4.827497425334706,"contact_reachability":0.6680327868852459,"contact_satisfaction":7.244976816074189,"autonomy":5.131322957198444},"metadata":{"satisfaction_count":2168,"comprehension_count":2081,"contact_count":971,"contactReachability_count":976,"contactSatisfaction_count":647,"autonomy_count":2056}}
