{"data":{"satisfaction":7.7608196581923306,"comprehension":8.253890618052468,"contact":4.972206781545303,"contact_reachability":6.539524599226092,"contact_satisfaction":7.625745950554134,"autonomy":7.587134371848033},"metadata":{"satisfaction_count":11761,"comprehension_count":11245,"contact_count":1799,"autonomy_count":8923}}
