{"data":{"satisfaction":7.720639602577039,"comprehension":8.19472575548894,"contact":5.001105216622458,"contact_reachability":6.5524813350900315,"contact_satisfaction":7.659106296547055,"autonomy":7.331872073328684},"metadata":{"satisfaction_count":12883,"comprehension_count":12343,"contact_count":2262,"autonomy_count":10037}}
