{"data":{"satisfaction":7.032381763953984,"comprehension":7.38179407865665,"contact":5.060321715817694,"contact_reachability":0.6802480070859167,"contact_satisfaction":7.470316622691293,"autonomy":4.966502903081733},"metadata":{"satisfaction_count":2347,"comprehension_count":2263,"contact_count":1119,"contactReachability_count":1129,"contactSatisfaction_count":758,"autonomy_count":2239}}
