{"data":{"satisfaction":7.697811766487469,"comprehension":8.169194911906455,"contact":4.981327800829876,"contact_reachability":6.536082474226804,"contact_satisfaction":7.646496815286624,"autonomy":7.278707555383574},"metadata":{"satisfaction_count":13207,"comprehension_count":12657,"contact_count":2410,"autonomy_count":10337}}
