{"data":{"satisfaction":7.790616246498599,"comprehension":7.972562195024398,"contact":4.929481346678799,"contact_reachability":0.6575218570997889,"contact_satisfaction":7.520823692734845,"autonomy":7.065784029788994},"metadata":{"satisfaction_count":12852,"comprehension_count":12501,"contact_count":3297,"contactReachability_count":3317,"contactSatisfaction_count":2161,"autonomy_count":12085}}
