{"data":{"satisfaction":7.744912251792041,"comprehension":8.225785622040465,"contact":4.926470588235294,"contact_reachability":6.48870636550308,"contact_satisfaction":7.613636363636363,"autonomy":7.4983881366860095},"metadata":{"satisfaction_count":12137,"comprehension_count":11615,"contact_count":1938,"autonomy_count":9306}}
