{"data":{"satisfaction":7.790571028473627,"comprehension":7.972486603215228,"contact":4.927986658580958,"contact_reachability":0.6573236889692586,"contact_satisfaction":7.520823692734845,"autonomy":7.062520674826332},"metadata":{"satisfaction_count":12854,"comprehension_count":12503,"contact_count":3298,"contactReachability_count":3318,"contactSatisfaction_count":2161,"autonomy_count":12092}}
