{"data":{"satisfaction":7.850440126224879,"comprehension":8.056811396400239,"contact":4.954498626373627,"contact_reachability":6.563139931740615,"contact_satisfaction":7.573490813648294,"autonomy":7.082778812882619},"metadata":{"satisfaction_count":12042,"comprehension_count":11723,"contact_count":2912,"autonomy_count":11271}}
