{"data":{"satisfaction":7.0927672955974845,"comprehension":7.406118484946584,"contact":4.802861130495464,"contact_reachability":6.57202216066482,"contact_satisfaction":7.337420042643923,"autonomy":5.240131578947368},"metadata":{"satisfaction_count":3180,"comprehension_count":3089,"contact_count":1433,"autonomy_count":3040}}
