{"data":{"satisfaction":9.22776911076443,"comprehension":8.873456790123457,"contact":7.731893265565438,"contact_reachability":0.9266169154228856,"contact_satisfaction":8.358516483516484,"autonomy":6.610878661087866},"metadata":{"satisfaction_count":2564,"comprehension_count":2430,"contact_count":787,"contactReachability_count":804,"contactSatisfaction_count":728,"autonomy_count":2390}}
