{"data":{"satisfaction":9.238424924275206,"comprehension":8.815850277264325,"contact":7.785404624277457,"contact_reachability":0.9256080114449213,"contact_satisfaction":8.41796875,"autonomy":6.5515632291180586},"metadata":{"satisfaction_count":2311,"comprehension_count":2164,"contact_count":692,"contactReachability_count":699,"contactSatisfaction_count":640,"autonomy_count":2143}}
