{"data":{"satisfaction":9.315165876777252,"comprehension":8.731884057971014,"contact":7.877138413685848,"contact_reachability":0.9322033898305084,"contact_satisfaction":8.45575959933222,"autonomy":6.437141366718832},"metadata":{"satisfaction_count":2110,"comprehension_count":1863,"contact_count":643,"contactReachability_count":649,"contactSatisfaction_count":599,"autonomy_count":1917}}
