{"data":{"satisfaction":9.258210645526614,"comprehension":8.590025906735752,"contact":7.778757939308398,"contact_reachability":0.913013698630137,"contact_satisfaction":8.544573643410853,"autonomy":6.309171597633136},"metadata":{"satisfaction_count":4415,"comprehension_count":3860,"contact_count":1417,"contactReachability_count":1460,"contactSatisfaction_count":1290,"autonomy_count":4056}}
