{"data":{"satisfaction":9.342923794712286,"comprehension":8.211481844946025,"contact":7.694013303769402,"contact_reachability":0.9092872570194385,"contact_satisfaction":8.484107579462103,"autonomy":6.129582267689685},"metadata":{"satisfaction_count":1286,"comprehension_count":1019,"contact_count":451,"contactReachability_count":463,"contactSatisfaction_count":409,"autonomy_count":1173}}
