{"data":{"satisfaction":9.34011352885525,"comprehension":8.721055465805062,"contact":7.911585365853658,"contact_reachability":0.9335347432024169,"contact_satisfaction":8.480392156862745,"autonomy":6.45127670661803},"metadata":{"satisfaction_count":2114,"comprehension_count":1857,"contact_count":656,"contactReachability_count":662,"contactSatisfaction_count":612,"autonomy_count":1919}}
