{"data":{"satisfaction":9.224213286713287,"comprehension":8.804855275443511,"contact":7.885756676557864,"contact_reachability":0.9237410071942446,"contact_satisfaction":8.55877616747182,"autonomy":6.583175803402646},"metadata":{"satisfaction_count":2288,"comprehension_count":2142,"contact_count":674,"contactReachability_count":695,"contactSatisfaction_count":621,"autonomy_count":2116}}
