{"data":{"satisfaction":9.297520661157025,"comprehension":8.452549575070822,"contact":7.717013888888889,"contact_reachability":8.983050847457628,"contact_satisfaction":8.614341085271318,"autonomy":6.186224489795919},"metadata":{"satisfaction_count":847,"comprehension_count":706,"contact_count":288,"autonomy_count":784}}
