{"data":{"satisfaction":9.32475884244373,"comprehension":8.5,"contact":7.782258064516129,"contact_reachability":0.918918918918919,"contact_satisfaction":8.479789103690685,"autonomy":6.15839243498818},"metadata":{"satisfaction_count":1866,"comprehension_count":1570,"contact_count":620,"contactReachability_count":629,"contactSatisfaction_count":569,"autonomy_count":1692}}
