{"data":{"satisfaction":9.24773413897281,"comprehension":8.852007772020725,"contact":7.9282868525896415,"contact_reachability":0.932806324110672,"contact_satisfaction":8.504273504273504,"autonomy":6.516044531761624},"metadata":{"satisfaction_count":1655,"comprehension_count":1544,"contact_count":502,"contactReachability_count":506,"contactSatisfaction_count":468,"autonomy_count":1527}}
