{"data":{"satisfaction":9.344722080571136,"comprehension":8.407663316582914,"contact":7.7518518518518515,"contact_reachability":0.9195906432748538,"contact_satisfaction":8.439516129032258,"autonomy":6.109542631281761},"metadata":{"satisfaction_count":1961,"comprehension_count":1592,"contact_count":675,"contactReachability_count":684,"contactSatisfaction_count":620,"autonomy_count":1771}}
