{"data":{"satisfaction":9.349624060150376,"comprehension":8.23890462700661,"contact":7.6705756929637525,"contact_reachability":0.9043659043659044,"contact_satisfaction":8.504728132387706,"autonomy":6.125309150865623},"metadata":{"satisfaction_count":1330,"comprehension_count":1059,"contact_count":469,"contactReachability_count":481,"contactSatisfaction_count":423,"autonomy_count":1213}}
