{"data":{"satisfaction":9.316254416961131,"comprehension":8.470637938318546,"contact":7.7375923970432945,"contact_reachability":0.9139004149377593,"contact_satisfaction":8.480902777777779,"autonomy":6.176242236024844},"metadata":{"satisfaction_count":2830,"comprehension_count":2367,"contact_count":947,"contactReachability_count":964,"contactSatisfaction_count":864,"autonomy_count":2576}}
