{"data":{"satisfaction":9.229001253656499,"comprehension":8.84920634920635,"contact":7.66430412371134,"contact_reachability":0.9279393173198482,"contact_satisfaction":8.271905424200279,"autonomy":6.478999106344951},"metadata":{"satisfaction_count":2393,"comprehension_count":2268,"contact_count":776,"contactReachability_count":791,"contactSatisfaction_count":719,"autonomy_count":2238}}
