{"data":{"satisfaction":9.358024691358025,"comprehension":8.186842105263159,"contact":7.668269230769231,"contact_reachability":0.9042056074766355,"contact_satisfaction":8.506666666666666,"autonomy":6.204710144927536},"metadata":{"satisfaction_count":1215,"comprehension_count":950,"contact_count":416,"contactReachability_count":428,"contactSatisfaction_count":375,"autonomy_count":1104}}
