{"data":{"satisfaction":9.228187919463087,"comprehension":8.877551020408163,"contact":7.827608142493639,"contact_reachability":0.9280397022332506,"contact_satisfaction":8.451236263736265,"autonomy":6.596015260703688},"metadata":{"satisfaction_count":2533,"comprehension_count":2401,"contact_count":786,"contactReachability_count":806,"contactSatisfaction_count":728,"autonomy_count":2359}}
