{"data":{"satisfaction":8.59375,"comprehension":8.416666666666666,"contact":6.041666666666667,"contact_reachability":8.333333333333334,"contact_satisfaction":7.25,"autonomy":6.451612903225806},"metadata":{"satisfaction_count":32,"comprehension_count":30,"contact_count":12,"autonomy_count":31}}
