{"data":{"satisfaction":9.355572403335861,"comprehension":8.239771646051379,"contact":7.6457883369330455,"contact_reachability":0.9031578947368422,"contact_satisfaction":8.489208633093526,"autonomy":6.126350789692435},"metadata":{"satisfaction_count":1319,"comprehension_count":1051,"contact_count":463,"contactReachability_count":475,"contactSatisfaction_count":417,"autonomy_count":1203}}
