{"data":{"satisfaction":9.339960238568588,"comprehension":8.970280452071997,"contact":7.795159386068477,"contact_reachability":0.9254079254079254,"contact_satisfaction":8.432311621966795,"autonomy":6.401849516603615},"metadata":{"satisfaction_count":2515,"comprehension_count":2389,"contact_count":847,"contactReachability_count":858,"contactSatisfaction_count":783,"autonomy_count":2379}}
