{"data":{"satisfaction":9.316345221420105,"comprehension":8.896593393946368,"contact":7.796052631578948,"contact_reachability":0.929126213592233,"contact_satisfaction":8.401276143211627,"autonomy":6.430458251981165},"metadata":{"satisfaction_count":9281,"comprehension_count":8689,"contact_count":3040,"contactReachability_count":3090,"contactSatisfaction_count":2821,"autonomy_count":8707}}
