{"data":{"satisfaction":9.180960548885077,"comprehension":8.805834092980858,"contact":7.731994459833795,"contact_reachability":0.9164420485175202,"contact_satisfaction":8.458333333333334,"autonomy":6.561922365988909},"metadata":{"satisfaction_count":2332,"comprehension_count":2194,"contact_count":722,"contactReachability_count":742,"contactSatisfaction_count":660,"autonomy_count":2164}}
