{"data":{"satisfaction":9.30576070901034,"comprehension":8.269406392694064,"contact":7.6415094339622645,"contact_reachability":0.901840490797546,"contact_satisfaction":8.496503496503497,"autonomy":6.077170418006431},"metadata":{"satisfaction_count":1354,"comprehension_count":1095,"contact_count":477,"contactReachability_count":489,"contactSatisfaction_count":429,"autonomy_count":1244}}
