{"data":{"satisfaction":9.262731481481481,"comprehension":8.585918854415274,"contact":7.819767441860465,"contact_reachability":0.916138125440451,"contact_satisfaction":8.560063643595862,"autonomy":6.319374369323915},"metadata":{"satisfaction_count":4320,"comprehension_count":3771,"contact_count":1376,"contactReachability_count":1419,"contactSatisfaction_count":1257,"autonomy_count":3964}}
