{"data":{"satisfaction":9.1725768321513,"comprehension":8.712311557788945,"contact":7.846153846153846,"contact_reachability":9.25925925925926,"contact_satisfaction":8.5,"autonomy":6.212121212121212},"metadata":{"satisfaction_count":423,"comprehension_count":398,"contact_count":130,"autonomy_count":396}}
