{"data":{"satisfaction":9.280887194593658,"comprehension":8.69158425441148,"contact":7.799409237379162,"contact_reachability":0.9224724986904138,"contact_satisfaction":8.47287047841307,"autonomy":6.352919161676646},"metadata":{"satisfaction_count":5771,"comprehension_count":5157,"contact_count":1862,"contactReachability_count":1909,"contactSatisfaction_count":1714,"autonomy_count":5344}}
