{"data":{"satisfaction":9.29737609329446,"comprehension":8.557692307692308,"contact":7.7825112107623315,"contact_reachability":0.9179170344218888,"contact_satisfaction":8.490704500978474,"autonomy":6.259541984732825},"metadata":{"satisfaction_count":3430,"comprehension_count":2938,"contact_count":1115,"contactReachability_count":1133,"contactSatisfaction_count":1022,"autonomy_count":3144}}
