{"data":{"satisfaction":9.360854987426656,"comprehension":8.992239467849224,"contact":7.803030303030303,"contact_reachability":0.925748502994012,"contact_satisfaction":8.437090432503277,"autonomy":6.3660595290981785},"metadata":{"satisfaction_count":2386,"comprehension_count":2255,"contact_count":825,"contactReachability_count":835,"contactSatisfaction_count":763,"autonomy_count":2251}}
