{"data":{"satisfaction":9.280356305672761,"comprehension":8.959573412698413,"contact":7.868217054263566,"contact_reachability":0.9257362355953905,"contact_satisfaction":8.505586592178771,"autonomy":6.198801198801199},"metadata":{"satisfaction_count":2133,"comprehension_count":2016,"contact_count":774,"contactReachability_count":781,"contactSatisfaction_count":716,"autonomy_count":2002}}
