{"data":{"satisfaction":9.268957345971565,"comprehension":8.590179542981502,"contact":7.692023633677991,"contact_reachability":0.9156363636363636,"contact_satisfaction":8.41276252019386,"autonomy":6.350478159731197},"metadata":{"satisfaction_count":4220,"comprehension_count":3676,"contact_count":1354,"contactReachability_count":1375,"contactSatisfaction_count":1238,"autonomy_count":3869}}
