{"data":{"satisfaction":9.254725085910653,"comprehension":8.615252994377903,"contact":7.769953051643192,"contact_reachability":0.9146579804560261,"contact_satisfaction":8.518382352941176,"autonomy":6.323907455012853},"metadata":{"satisfaction_count":4656,"comprehension_count":4091,"contact_count":1491,"contactReachability_count":1535,"contactSatisfaction_count":1360,"autonomy_count":4279}}
