{"data":{"satisfaction":9.315134099616857,"comprehension":8.41094295692666,"contact":7.655405405405405,"contact_reachability":0.91005291005291,"contact_satisfaction":8.430059523809524,"autonomy":6.122661122661123},"metadata":{"satisfaction_count":1044,"comprehension_count":859,"contact_count":370,"contactReachability_count":378,"contactSatisfaction_count":336,"autonomy_count":962}}
