{"data":{"satisfaction":9.353120243531203,"comprehension":8.236137667304016,"contact":7.6457883369330455,"contact_reachability":0.9031578947368422,"contact_satisfaction":8.489208633093526,"autonomy":6.121768140116764},"metadata":{"satisfaction_count":1314,"comprehension_count":1046,"contact_count":463,"contactReachability_count":475,"contactSatisfaction_count":417,"autonomy_count":1199}}
