{"data":{"satisfaction":9.312625027783952,"comprehension":8.893539959624748,"contact":7.796581196581196,"contact_reachability":0.9300840336134454,"contact_satisfaction":8.393448656606552,"autonomy":6.440939278937382},"metadata":{"satisfaction_count":8998,"comprehension_count":8421,"contact_count":2925,"contactReachability_count":2975,"contactSatisfaction_count":2717,"autonomy_count":8432}}
