{"data":{"satisfaction":7.746804519478253,"comprehension":7.909702304420928,"contact":3.9071510957324107,"contact_reachability":0.573779484366429,"contact_satisfaction":7.079414838035528,"autonomy":7.776977677193704},"metadata":{"satisfaction_count":22923,"comprehension_count":20222,"contact_count":1734,"contactReachability_count":1823,"contactSatisfaction_count":957,"autonomy_count":19442}}
