{"data":{"satisfaction":7.665957035029998,"comprehension":7.720774729075398,"contact":3.5768261964735517,"contact_reachability":0.5315533980582524,"contact_satisfaction":6.96078431372549,"autonomy":7.698394228531534},"metadata":{"satisfaction_count":5167,"comprehension_count":4337,"contact_count":397,"contactReachability_count":412,"contactSatisfaction_count":204,"autonomy_count":4297}}
