{"data":{"satisfaction":7.6171875,"comprehension":8.150706040569315,"contact":3.7404902789518175,"contact_reachability":0.564686737184703,"contact_satisfaction":6.828703703703703,"autonomy":7.717171717171717},"metadata":{"satisfaction_count":20736,"comprehension_count":17846,"contact_count":1183,"contactReachability_count":1229,"contactSatisfaction_count":648,"autonomy_count":12870}}
