{"data":{"satisfaction":7.648353751914242,"comprehension":7.730621033544877,"contact":3.49009900990099,"contact_reachability":0.5322195704057279,"contact_satisfaction":6.778846153846154,"autonomy":7.702733746841259},"metadata":{"satisfaction_count":5224,"comprehension_count":4412,"contact_count":404,"contactReachability_count":419,"contactSatisfaction_count":208,"autonomy_count":4353}}
