{"data":{"satisfaction":7.614844435774895,"comprehension":8.147434079954635,"contact":3.739334470989761,"contact_reachability":0.5640394088669951,"contact_satisfaction":6.836973478939157,"autonomy":7.705900915115178},"metadata":{"satisfaction_count":20506,"comprehension_count":17635,"contact_count":1172,"contactReachability_count":1218,"contactSatisfaction_count":641,"autonomy_count":12676}}
