{"data":{"satisfaction":7.753021697975827,"comprehension":7.930228810828231,"contact":3.7125468164794007,"contact_reachability":0.5634057971014492,"contact_satisfaction":6.766211604095563,"autonomy":7.691669432459343},"metadata":{"satisfaction_count":6867,"comprehension_count":6206,"contact_count":534,"contactReachability_count":552,"contactSatisfaction_count":293,"autonomy_count":6026}}
