{"data":{"satisfaction":7.732784154017031,"comprehension":8.819757842597689,"contact":3.9121037463976944,"contact_reachability":5.8171745152354575,"contact_satisfaction":6.926020408163265,"autonomy":7.710746027471048},"metadata":{"satisfaction_count":21608,"comprehension_count":18170,"contact_count":347,"autonomy_count":3713}}
