{"data":{"satisfaction":7.656461731493099,"comprehension":8.55879246611512,"contact":3.8677811550151975,"contact_reachability":5.783308931185944,"contact_satisfaction":6.878378378378378,"autonomy":7.637916549985999},"metadata":{"satisfaction_count":19925,"comprehension_count":17043,"contact_count":658,"autonomy_count":7142}}
