{"data":{"satisfaction":7.676659528907923,"comprehension":7.619439868204283,"contact":3.352713178294574,"contact_reachability":0.5336658354114713,"contact_satisfaction":6.4875,"autonomy":7.655737704918033},"metadata":{"satisfaction_count":5137,"comprehension_count":4249,"contact_count":387,"contactReachability_count":401,"contactSatisfaction_count":200,"autonomy_count":4270}}
