{"data":{"satisfaction":7.737334223833604,"comprehension":7.941726774770866,"contact":3.977491961414791,"contact_reachability":0.5774134790528234,"contact_satisfaction":7.20023282887078,"autonomy":7.830797602581835},"metadata":{"satisfaction_count":20962,"comprehension_count":18439,"contact_count":1555,"contactReachability_count":1647,"contactSatisfaction_count":859,"autonomy_count":17352}}
