{"data":{"satisfaction":7.7381643531957565,"comprehension":8.936038775898119,"contact":4.003496503496503,"autonomy":7.6098901098901095},"metadata":{"satisfaction_count":18947,"comprehension_count":15783,"contact_count":143,"autonomy_count":1456}}
