{"data":{"satisfaction":7.592287200304453,"comprehension":7.837276439938037,"contact":3.8531353135313533,"contact_reachability":0.5666666666666667,"contact_satisfaction":7.012012012012012,"autonomy":7.644132279777582},"metadata":{"satisfaction_count":7883,"comprehension_count":7101,"contact_count":606,"contactReachability_count":630,"contactSatisfaction_count":333,"autonomy_count":6834}}
