{"data":{"satisfaction":7.876784769962983,"comprehension":8.046921109580957,"contact":4.347319347319347,"contact_reachability":0.6043956043956044,"contact_satisfaction":7.48995983935743,"autonomy":7.897904129487445},"metadata":{"satisfaction_count":5673,"comprehension_count":5083,"contact_count":429,"contactReachability_count":455,"contactSatisfaction_count":249,"autonomy_count":4819}}
