{"data":{"satisfaction":7.624327233584499,"comprehension":7.886124050012258,"contact":3.7837837837837838,"contact_reachability":0.5595854922279793,"contact_satisfaction":7,"autonomy":7.772936955407483},"metadata":{"satisfaction_count":4645,"comprehension_count":4079,"contact_count":370,"contactReachability_count":386,"contactSatisfaction_count":200,"autonomy_count":3902}}
