{"data":{"satisfaction":7.715974033179826,"comprehension":7.930810639645345,"contact":3.8965646004480954,"contact_reachability":0.5669014084507042,"contact_satisfaction":7.206491712707182,"autonomy":7.810189541605054},"metadata":{"satisfaction_count":18023,"comprehension_count":15790,"contact_count":1339,"contactReachability_count":1420,"contactSatisfaction_count":724,"autonomy_count":14878}}
