{"data":{"satisfaction":7.733906023597599,"comprehension":8.90983860955928,"contact":4.014285714285714,"autonomy":7.586598523566155},"metadata":{"satisfaction_count":19324,"comprehension_count":16110,"contact_count":175,"autonomy_count":1761}}
