{"data":{"satisfaction":7.931606905710491,"comprehension":8.06631617782697,"contact":4.473684210526316,"contact_reachability":0.6198704103671706,"contact_satisfaction":7.490421455938697,"autonomy":7.934867394695788},"metadata":{"satisfaction_count":6024,"comprehension_count":5421,"contact_count":437,"contactReachability_count":463,"contactSatisfaction_count":261,"autonomy_count":5128}}
