{"data":{"satisfaction":7.722443286704681,"comprehension":7.9150982372383405,"contact":3.940495422724825,"contact_reachability":0.5734914904589995,"contact_satisfaction":7.104368932038835,"autonomy":7.821619796440114},"metadata":{"satisfaction_count":24377,"comprehension_count":21784,"contact_count":1857,"contactReachability_count":1939,"contactSatisfaction_count":1030,"autonomy_count":20731}}
