{"data":{"satisfaction":7.649462978804296,"comprehension":8.501561019122484,"contact":3.793800539083558,"contact_reachability":0.574385510996119,"contact_satisfaction":6.815980629539951,"autonomy":7.614690243600841},"metadata":{"satisfaction_count":21042,"comprehension_count":17937,"contact_count":742,"contactReachability_count":773,"contactSatisfaction_count":413,"autonomy_count":8087}}
