{"data":{"satisfaction":7.725327238728444,"comprehension":7.913079893909078,"contact":3.9457174031642115,"contact_reachability":0.5733681462140993,"contact_satisfaction":7.118602362204724,"autonomy":7.795709410043881},"metadata":{"satisfaction_count":24065,"comprehension_count":21491,"contact_count":1833,"contactReachability_count":1915,"contactSatisfaction_count":1016,"autonomy_count":20510}}
