{"data":{"satisfaction":7.665243557430173,"comprehension":8.590078721230695,"contact":3.851674641148325,"contact_reachability":5.782208588957055,"contact_satisfaction":6.860795454545454,"autonomy":7.650022225514891},"metadata":{"satisfaction_count":19441,"comprehension_count":16641,"contact_count":627,"autonomy_count":6749}}
