{"data":{"satisfaction":7.63933497071604,"comprehension":7.670814479638009,"contact":3.3143939393939394,"contact_reachability":0.51338199513382,"contact_satisfaction":6.696428571428571,"autonomy":7.693006357856494},"metadata":{"satisfaction_count":5293,"comprehension_count":4420,"contact_count":396,"contactReachability_count":411,"contactSatisfaction_count":196,"autonomy_count":4404}}
