{"data":{"satisfaction":7.64728607301526,"comprehension":7.721533516988062,"contact":3.55,"contact_reachability":0.5373493975903615,"contact_satisfaction":6.826923076923077,"autonomy":7.687847866419295},"metadata":{"satisfaction_count":5177,"comprehension_count":4356,"contact_count":400,"contactReachability_count":415,"contactSatisfaction_count":208,"autonomy_count":4312}}
