{"data":{"satisfaction":7.61854583772392,"comprehension":8.17644348894349,"contact":3.664745437079731,"contact_reachability":0.5550416281221091,"contact_satisfaction":6.8125,"autonomy":7.668384729623482},"metadata":{"satisfaction_count":18980,"comprehension_count":16280,"contact_count":1041,"contactReachability_count":1081,"contactSatisfaction_count":560,"autonomy_count":11447}}
