{"data":{"satisfaction":7.7706005586592175,"comprehension":8.007416081186573,"contact":4.1381278538812785,"contact_reachability":0.5816993464052288,"contact_satisfaction":7.367886178861789,"autonomy":7.854935091695858},"metadata":{"satisfaction_count":5728,"comprehension_count":5124,"contact_count":438,"contactReachability_count":459,"contactSatisfaction_count":246,"autonomy_count":4853}}
