{"data":{"satisfaction":7.735343214123122,"comprehension":8.89390450799806,"contact":3.864734299516908,"autonomy":7.637979420018709},"metadata":{"satisfaction_count":19769,"comprehension_count":16504,"contact_count":207,"autonomy_count":2138}}
