{"data":{"satisfaction":7.6590601431057825,"comprehension":7.723872007366483,"contact":3.5516372795969775,"contact_reachability":0.5315533980582524,"contact_satisfaction":6.911764705882353,"autonomy":7.699464991858572},"metadata":{"satisfaction_count":5171,"comprehension_count":4344,"contact_count":397,"contactReachability_count":412,"contactSatisfaction_count":204,"autonomy_count":4299}}
