{"data":{"satisfaction":7.734442799530349,"comprehension":8.90010399461675,"contact":3.8613861386138613,"autonomy":7.569060773480663},"metadata":{"satisfaction_count":19589,"comprehension_count":16347,"contact_count":202,"autonomy_count":1991}}
