{"data":{"satisfaction":7.735554398750651,"comprehension":8.838500563697858,"contact":4.035369774919614,"contact_reachability":5.987654320987654,"contact_satisfaction":6.933701657458563,"autonomy":7.73820395738204},"metadata":{"satisfaction_count":21131,"comprehension_count":17740,"contact_count":311,"autonomy_count":3285}}
