{"data":{"satisfaction":7.735849056603773,"comprehension":8.84073320906061,"contact":4.0453074433656955,"contact_reachability":5.962732919254659,"contact_satisfaction":6.983240223463687,"autonomy":7.732022126613399},"metadata":{"satisfaction_count":21094,"comprehension_count":17703,"contact_count":309,"autonomy_count":3254}}
