{"data":{"satisfaction":7.908383751080381,"comprehension":8.056840077071291,"contact":4.450231481481482,"contact_reachability":0.6130434782608696,"contact_satisfaction":7.568897637795276,"autonomy":7.873888439773646},"metadata":{"satisfaction_count":5785,"comprehension_count":5190,"contact_count":432,"contactReachability_count":460,"contactSatisfaction_count":254,"autonomy_count":4948}}
