{"data":{"satisfaction":7.604879870534047,"comprehension":7.835500830105147,"contact":3.8382594417077174,"contact_reachability":0.5576619273301737,"contact_satisfaction":7.104863221884498,"autonomy":7.6797809482634385},"metadata":{"satisfaction_count":8033,"comprehension_count":7228,"contact_count":609,"contactReachability_count":633,"contactSatisfaction_count":329,"autonomy_count":6939}}
