{
  "data": {
    "satisfaction": 7.743774538804926,
    "comprehension": 8.962224520131842,
    "contact": 4.12621359223301,
    "autonomy": 7.667814113597246
  },
  "metadata": {
    "satisfaction_count": 18593,
    "comprehension_count": 15473,
    "contact_count": 103,
    "autonomy_count": 1162
  }
}
