{"data":{"satisfaction":7.657457496136012,"comprehension":7.61724218385441,"contact":3.3850129198966408,"contact_reachability":0.5286783042394015,"contact_satisfaction":6.616161616161616,"autonomy":7.60027662517289},"metadata":{"satisfaction_count":5176,"comprehension_count":4286,"contact_count":387,"contactReachability_count":401,"contactSatisfaction_count":198,"autonomy_count":4338}}
