{"data":{"satisfaction":7.581064441100014,"comprehension":7.855518496058217,"contact":3.8698010849909585,"contact_reachability":0.5656742556917689,"contact_satisfaction":7.016393442622951,"autonomy":7.707440901158178},"metadata":{"satisfaction_count":7309,"comprehension_count":6596,"contact_count":553,"contactReachability_count":571,"contactSatisfaction_count":305,"autonomy_count":6303}}
