{"data":{"satisfaction":7.633674630261661,"comprehension":7.625228728270814,"contact":3.388157894736842,"contact_reachability":0.5228426395939086,"contact_satisfaction":6.705729166666667,"autonomy":7.62358276643991},"metadata":{"satisfaction_count":5274,"comprehension_count":4372,"contact_count":380,"contactReachability_count":394,"contactSatisfaction_count":192,"autonomy_count":4410}}
