{"data":{"satisfaction":7.650489089541009,"comprehension":7.684476940382452,"contact":3.428927680798005,"contact_reachability":0.5179856115107914,"contact_satisfaction":6.875,"autonomy":7.6745762711864405},"metadata":{"satisfaction_count":5316,"comprehension_count":4445,"contact_count":401,"contactReachability_count":417,"contactSatisfaction_count":200,"autonomy_count":4425}}
