{"data":{"satisfaction":7.7302049076650645,"comprehension":7.91180499787425,"contact":3.965564738292011,"contact_reachability":0.5756457564575646,"contact_satisfaction":7.126237623762377,"autonomy":7.804442681475605},"metadata":{"satisfaction_count":23718,"comprehension_count":21169,"contact_count":1815,"contactReachability_count":1897,"contactSatisfaction_count":1010,"autonomy_count":20168}}
