{"data":{"satisfaction":7.648689998087589,"comprehension":7.681599450045829,"contact":3.290155440414508,"contact_reachability":0.5112219451371571,"contact_satisfaction":6.684210526315789,"autonomy":7.7089072543618},"metadata":{"satisfaction_count":5229,"comprehension_count":4364,"contact_count":386,"contactReachability_count":401,"contactSatisfaction_count":190,"autonomy_count":4356}}
