{"data":{"satisfaction":7.6172330097087375,"comprehension":8.150112866817155,"contact":3.7351190476190474,"contact_reachability":0.563011456628478,"contact_satisfaction":6.84190031152648,"autonomy":7.7045970710314045},"metadata":{"satisfaction_count":20600,"comprehension_count":17720,"contact_count":1176,"contactReachability_count":1222,"contactSatisfaction_count":642,"autonomy_count":12769}}
