{"data":{"satisfaction":7.7336631085654775,"comprehension":7.933924756705435,"contact":3.9408866995073892,"contact_reachability":0.5713337757133378,"contact_satisfaction":7.225806451612903,"autonomy":7.708346261247285},"metadata":{"satisfaction_count":19205,"comprehension_count":16852,"contact_count":1421,"contactReachability_count":1507,"contactSatisfaction_count":775,"autonomy_count":16115}}
