{"data":{"satisfaction":7.708993212669683,"comprehension":7.9272233712512925,"contact":3.8057206537890043,"contact_reachability":0.5653104925053534,"contact_satisfaction":6.950474898236092,"autonomy":7.903293038766153},"metadata":{"satisfaction_count":17680,"comprehension_count":15472,"contact_count":1346,"contactReachability_count":1401,"contactSatisfaction_count":737,"autonomy_count":14394}}
