{"data":{"satisfaction":7.627852740296518,"comprehension":7.961006171685057,"contact":3.7776548672566372,"contact_reachability":5.695931477516059,"contact_satisfaction":6.802788844621514,"autonomy":7.641546270987895},"metadata":{"satisfaction_count":6003,"comprehension_count":5347,"contact_count":452,"autonomy_count":5122}}
