{
  "data": {
    "satisfaction": 7.7422878150141194,
    "comprehension": 8.950534331605555,
    "contact": 3.872950819672131,
    "autonomy": 7.651109410864575
  },
  "metadata": {
    "satisfaction_count": 18769,
    "comprehension_count": 15627,
    "contact_count": 122,
    "autonomy_count": 1307
  }
}
