{"data":{"satisfaction":7.78839667191365,"comprehension":8.154154518950437,"contact":3.4943181818181817,"contact_reachability":0.5437956204379562,"contact_satisfaction":6.636690647482014,"autonomy":8.130081300813009},"metadata":{"satisfaction_count":4447,"comprehension_count":4116,"contact_count":264,"contactReachability_count":274,"contactSatisfaction_count":139,"autonomy_count":3936}}
