{"data":{"satisfaction":7.73798687299382,"comprehension":7.941681194159948,"contact":3.9703034215622983,"contact_reachability":0.5770871419865935,"contact_satisfaction":7.192982456140351,"autonomy":7.819527140297127},"metadata":{"satisfaction_count":20873,"comprehension_count":18356,"contact_count":1549,"contactReachability_count":1641,"contactSatisfaction_count":855,"autonomy_count":17299}}
