{"data":{"satisfaction":7.5863222698072805,"comprehension":7.842359050445104,"contact":3.867595818815331,"contact_reachability":0.5675675675675675,"contact_satisfaction":6.981132075471698,"autonomy":7.683834936394663},"metadata":{"satisfaction_count":7472,"comprehension_count":6740,"contact_count":574,"contactReachability_count":592,"contactSatisfaction_count":318,"autonomy_count":6446}}
