{"data":{"satisfaction":7.619085466009643,"comprehension":8.178953222517457,"contact":3.6857419980601356,"contact_reachability":0.5570093457943925,"contact_satisfaction":6.822262118491921,"autonomy":7.660772411366236},"metadata":{"satisfaction_count":18873,"comprehension_count":16183,"contact_count":1031,"contactReachability_count":1070,"contactSatisfaction_count":557,"autonomy_count":11367}}
