{"data":{"satisfaction":4.761904761904762,"comprehension":6.166666666666667,"contact":1.5,"contact_reachability":3.333333333333333,"contact_satisfaction":7.5,"autonomy":3.8461538461538463},"metadata":{"satisfaction_count":21,"comprehension_count":15,"contact_count":5,"autonomy_count":13}}
