{"data":{"satisfaction":9.185667752442997,"comprehension":8.86957593688363,"contact":8.16430469441984,"contact_reachability":0.9286343612334802,"contact_satisfaction":8.795324427480915,"autonomy":2.0850128252107},"metadata":{"satisfaction_count":4298,"comprehension_count":4056,"contact_count":2258,"contactReachability_count":2270,"contactSatisfaction_count":2096,"autonomy_count":2729}}
