{"data":{"satisfaction":9.298507462686567,"comprehension":8.610819327731093,"contact":8.166010498687664,"contact_reachability":0.9227748691099477,"contact_satisfaction":8.85135135135135,"autonomy":2.0364415862808145},"metadata":{"satisfaction_count":1005,"comprehension_count":952,"contact_count":762,"contactReachability_count":764,"contactSatisfaction_count":703,"autonomy_count":933}}
