{"data":{"satisfaction":9.033018867924529,"comprehension":8.557575757575757,"contact":8.098184818481847,"contact_reachability":0.9242174629324547,"contact_satisfaction":8.763392857142858,"autonomy":2.3144654088050314},"metadata":{"satisfaction_count":848,"comprehension_count":825,"contact_count":606,"contactReachability_count":607,"contactSatisfaction_count":560,"autonomy_count":795}}
