{"data":{"satisfaction":9.201154956689123,"comprehension":8.885557540188824,"contact":8.178222429036762,"contact_reachability":0.929662193428968,"contact_satisfaction":8.800701051577366,"autonomy":2.079322294955718},"metadata":{"satisfaction_count":4156,"comprehension_count":3919,"contact_count":2149,"contactReachability_count":2161,"contactSatisfaction_count":1997,"autonomy_count":2597}}
