{"data":{"satisfaction":9.315391879131257,"comprehension":8.659921026653505,"contact":8.283799533799534,"contact_reachability":0.925754060324826,"contact_satisfaction":8.951511335012594,"autonomy":1.9351570415400203},"metadata":{"satisfaction_count":1059,"comprehension_count":1013,"contact_count":858,"contactReachability_count":862,"contactSatisfaction_count":794,"autonomy_count":987}}
