{"data":{"satisfaction":9.285021812893843,"comprehension":9.261408599314166,"contact":8.256130790190735,"contact_reachability":9.472972972972972,"contact_satisfaction":8.719424460431656,"autonomy":2.061248527679623},"metadata":{"satisfaction_count":4126,"comprehension_count":3791,"contact_count":734,"autonomy_count":849}}
