{"data":{"satisfaction":9.18110918544194,"comprehension":8.673423423423424,"contact":8.171195652173912,"contact_reachability":0.927645788336933,"contact_satisfaction":8.813012895662368,"autonomy":2.026022304832714},"metadata":{"satisfaction_count":1154,"comprehension_count":1110,"contact_count":920,"contactReachability_count":926,"contactSatisfaction_count":853,"autonomy_count":1076}}
