{"data":{"satisfaction":9.304835924006909,"comprehension":8.68018018018018,"contact":8.297697368421053,"contact_reachability":0.9270152505446623,"contact_satisfaction":8.955621301775148,"autonomy":1.9148936170212767},"metadata":{"satisfaction_count":1158,"comprehension_count":1110,"contact_count":912,"contactReachability_count":918,"contactSatisfaction_count":845,"autonomy_count":1081}}
