{"data":{"satisfaction":9.179039301310043,"comprehension":8.680870353581142,"contact":8.16079295154185,"contact_reachability":9.277899343544858,"contact_satisfaction":8.800475059382423,"autonomy":2.00750469043152},"metadata":{"satisfaction_count":1145,"comprehension_count":1103,"contact_count":908,"autonomy_count":1066}}
