{"data":{"satisfaction":9.286585365853659,"comprehension":9.266932270916335,"contact":8.253521126760564,"contact_reachability":9.455307262569832,"contact_satisfaction":8.733233979135619,"autonomy":2.0388349514563107},"metadata":{"satisfaction_count":4100,"comprehension_count":3765,"contact_count":710,"autonomy_count":824}}
