{"data":{"satisfaction":9.196977459016393,"comprehension":8.899482429855626,"contact":8.177944862155389,"contact_reachability":0.9307424015944196,"contact_satisfaction":8.790409482758621,"autonomy":2.0229007633587788},"metadata":{"satisfaction_count":3904,"comprehension_count":3671,"contact_count":1995,"contactReachability_count":2007,"contactSatisfaction_count":1856,"autonomy_count":2358}}
