{"data":{"satisfaction":9.29082714740191,"comprehension":9.295672378739471,"contact":8.188720173535792,"autonomy":1.9884169884169884},"metadata":{"satisfaction_count":3772,"comprehension_count":3443,"contact_count":461,"autonomy_count":518}}
