{"data":{"satisfaction":9.034157832744405,"comprehension":8.559322033898304,"contact":8.08993399339934,"contact_reachability":0.9242174629324547,"contact_satisfaction":8.754464285714286,"autonomy":2.3241206030150754},"metadata":{"satisfaction_count":849,"comprehension_count":826,"contact_count":606,"contactReachability_count":607,"contactSatisfaction_count":560,"autonomy_count":796}}
