{"data":{"satisfaction":8.8,"comprehension":8.581521739130435,"contact":7.88781163434903,"contact_reachability":0.930939226519337,"contact_satisfaction":8.474702380952381,"autonomy":2.4601366742596813},"metadata":{"satisfaction_count":475,"comprehension_count":460,"contact_count":361,"contactReachability_count":362,"contactSatisfaction_count":336,"autonomy_count":439}}
