{"data":{"satisfaction":8.877400295420975,"comprehension":8.460264900662251,"contact":7.877673796791444,"contact_reachability":0.9223107569721115,"contact_satisfaction":8.546047860768672,"autonomy":2.301967038809144},"metadata":{"satisfaction_count":2031,"comprehension_count":1963,"contact_count":1496,"contactReachability_count":1506,"contactSatisfaction_count":1379,"autonomy_count":1881}}
