{"data":{"satisfaction":9.238171611868484,"comprehension":8.663034367141659,"contact":8.198267074413863,"contact_reachability":0.9219858156028369,"contact_satisfaction":8.896570796460177,"autonomy":1.943250214961307},"metadata":{"satisfaction_count":1247,"comprehension_count":1193,"contact_count":981,"contactReachability_count":987,"contactSatisfaction_count":904,"autonomy_count":1163}}
