{"data":{"satisfaction":9.20907840440165,"comprehension":8.605907780979827,"contact":8.082822085889571,"contact_reachability":0.918200408997955,"contact_satisfaction":8.802895322939866,"autonomy":2.373134328358209},"metadata":{"satisfaction_count":727,"comprehension_count":694,"contact_count":489,"contactReachability_count":489,"contactSatisfaction_count":449,"autonomy_count":670}}
