{"data":{"satisfaction":9.218162278344975,"comprehension":9.109104046242775,"contact":8.216398985629755,"contact_reachability":9.395973154362416,"contact_satisfaction":8.748874887488748,"autonomy":1.9970951343500363},"metadata":{"satisfaction_count":3722,"comprehension_count":3460,"contact_count":1183,"autonomy_count":1377}}
