{"data":{"satisfaction":9.242902208201892,"comprehension":9.02995892727712,"contact":8.209575688073395,"contact_reachability":0.933371298405467,"contact_satisfaction":8.799938537185003,"autonomy":1.9843214110730034},"metadata":{"satisfaction_count":4438,"comprehension_count":4139,"contact_count":1744,"contactReachability_count":1756,"contactSatisfaction_count":1627,"autonomy_count":2041}}
