{"data":{"satisfaction":8.736017897091722,"comprehension":8.564814814814815,"contact":7.8746397694524495,"contact_reachability":0.9339080459770115,"contact_satisfaction":8.433641975308642,"autonomy":2.348668280871671},"metadata":{"satisfaction_count":447,"comprehension_count":432,"contact_count":347,"contactReachability_count":348,"contactSatisfaction_count":324,"autonomy_count":413}}
