{"data":{"satisfaction":8.895604395604396,"comprehension":8.413190529875987,"contact":7.975239616613418,"contact_reachability":0.931637519872814,"contact_satisfaction":8.563464837049743,"autonomy":2.4321133412042504},"metadata":{"satisfaction_count":910,"comprehension_count":887,"contact_count":626,"contactReachability_count":629,"contactSatisfaction_count":583,"autonomy_count":847}}
