{"data":{"satisfaction":9.347619047619048,"comprehension":8.635448136958711,"contact":8.223844282238442,"contact_reachability":0.9224242424242424,"contact_satisfaction":8.91820580474934,"autonomy":2.002063983488132},"metadata":{"satisfaction_count":1050,"comprehension_count":993,"contact_count":822,"contactReachability_count":825,"contactSatisfaction_count":758,"autonomy_count":969}}
