{"data":{"satisfaction":9.205668226729069,"comprehension":8.907330567081605,"contact":8.202965235173824,"contact_reachability":0.9314024390243902,"contact_satisfaction":8.811092806150468,"autonomy":2},"metadata":{"satisfaction_count":3846,"comprehension_count":3615,"contact_count":1956,"contactReachability_count":1968,"contactSatisfaction_count":1821,"autonomy_count":2305}}
