{"data":{"satisfaction":9.237964864248232,"comprehension":9.035119921683798,"contact":8.2046783625731,"contact_reachability":0.9326364692218351,"contact_satisfaction":8.801756587202007,"autonomy":1.9869543401906673},"metadata":{"satisfaction_count":4383,"comprehension_count":4086,"contact_count":1710,"contactReachability_count":1722,"contactSatisfaction_count":1594,"autonomy_count":1993}}
