{"data":{"satisfaction":9.20225527831094,"comprehension":8.884860050890586,"contact":8.179600371747211,"contact_reachability":0.9297597042513863,"contact_satisfaction":8.80125,"autonomy":2.090525508247027},"metadata":{"satisfaction_count":4168,"comprehension_count":3930,"contact_count":2152,"contactReachability_count":2164,"contactSatisfaction_count":2000,"autonomy_count":2607}}
