{"data":{"satisfaction":9.195444526083762,"comprehension":8.88607430501429,"contact":8.166114529105537,"contact_reachability":0.9289411764705883,"contact_satisfaction":8.79459734964322,"autonomy":2.0379897111199052},"metadata":{"satisfaction_count":4083,"comprehension_count":3849,"contact_count":2113,"contactReachability_count":2125,"contactSatisfaction_count":1962,"autonomy_count":2527}}
