{"data":{"satisfaction":9.12487708947886,"comprehension":8.763902932254803,"contact":8.22903629536921,"contact_reachability":9.279503105590063,"contact_satisfaction":8.87314439946019,"autonomy":2.0125786163522013},"metadata":{"satisfaction_count":1017,"comprehension_count":989,"contact_count":799,"autonomy_count":954}}
