{"data":{"satisfaction":9.294569799156955,"comprehension":9.274324324324324,"contact":8.256079027355623,"contact_reachability":9.487179487179487,"contact_satisfaction":8.705929487179487,"autonomy":2.0341207349081363},"metadata":{"satisfaction_count":4033,"comprehension_count":3700,"contact_count":658,"autonomy_count":762}}
