{"data":{"satisfaction":8.951332560834299,"comprehension":8.450118764845605,"contact":8.032994923857869,"contact_reachability":0.9259259259259259,"contact_satisfaction":8.679159049360146,"autonomy":2.300995024875622},"metadata":{"satisfaction_count":863,"comprehension_count":842,"contact_count":591,"contactReachability_count":594,"contactSatisfaction_count":547,"autonomy_count":804}}
