{"data":{"satisfaction":9.28055822906641,"comprehension":9.25065445026178,"contact":8.230668414154653,"contact_reachability":9.479843953185956,"contact_satisfaction":8.686030428769017,"autonomy":2.063854047890536},"metadata":{"satisfaction_count":4156,"comprehension_count":3820,"contact_count":763,"autonomy_count":877}}
