{"data":{"satisfaction":9.196993670886076,"comprehension":8.625103220478943,"contact":8.14102564102564,"contact_reachability":0.9205882352941176,"contact_satisfaction":8.84780278670954,"autonomy":1.947502116850127},"metadata":{"satisfaction_count":1264,"comprehension_count":1211,"contact_count":1014,"contactReachability_count":1020,"contactSatisfaction_count":933,"autonomy_count":1181}}
