{"data":{"satisfaction":9.317617866004962,"comprehension":8.649870801033591,"contact":8.22072072072072,"contact_reachability":0.926391382405745,"contact_satisfaction":8.876459143968871,"autonomy":2.3466666666666667},"metadata":{"satisfaction_count":806,"comprehension_count":774,"contact_count":555,"contactReachability_count":557,"contactSatisfaction_count":514,"autonomy_count":750}}
