{"data":{"satisfaction":9.332229580573951,"comprehension":8.644508670520231,"contact":8.282548476454293,"contact_reachability":0.9298486932599724,"contact_satisfaction":8.912071535022354,"autonomy":1.962174940898345},"metadata":{"satisfaction_count":906,"comprehension_count":865,"contact_count":722,"contactReachability_count":727,"contactSatisfaction_count":671,"autonomy_count":846}}
