{"data":{"satisfaction":9.199325201141967,"comprehension":8.90184980673661,"contact":8.201530612244898,"contact_reachability":0.9315415821501014,"contact_satisfaction":8.808219178082192,"autonomy":2.0077888360017306},"metadata":{"satisfaction_count":3853,"comprehension_count":3622,"contact_count":1960,"contactReachability_count":1972,"contactSatisfaction_count":1825,"autonomy_count":2311}}
