{"data":{"satisfaction":9.30388219544846,"comprehension":9.305107132374523,"contact":8.214285714285714,"autonomy":2.008281573498965},"metadata":{"satisfaction_count":3735,"comprehension_count":3407,"contact_count":434,"autonomy_count":483}}
