{"data":{"satisfaction":9.157421289355323,"comprehension":8.650201926063994,"contact":8.176751592356688,"contact_reachability":0.9278959810874704,"contact_satisfaction":8.819235723486475,"autonomy":2.0846905537459284},"metadata":{"satisfaction_count":3335,"comprehension_count":3219,"contact_count":2512,"contactReachability_count":2538,"contactSatisfaction_count":2329,"autonomy_count":3070}}
