{"data":{"satisfaction":9.058752997601918,"comprehension":8.548088779284834,"contact":8.078231292517007,"contact_reachability":0.9252971137521222,"contact_satisfaction":8.731617647058824,"autonomy":2.388250319284802},"metadata":{"satisfaction_count":834,"comprehension_count":811,"contact_count":588,"contactReachability_count":589,"contactSatisfaction_count":544,"autonomy_count":783}}
