{"data":{"satisfaction":9.292929292929292,"comprehension":8.63689776733255,"contact":8.133640552995391,"contact_reachability":0.9111791730474732,"contact_satisfaction":8.929173693086003,"autonomy":2.135102533172497},"metadata":{"satisfaction_count":891,"comprehension_count":851,"contact_count":651,"contactReachability_count":653,"contactSatisfaction_count":593,"autonomy_count":829}}
