{"data":{"satisfaction":8.93939393939394,"comprehension":8.452807646356034,"contact":8.045144804088586,"contact_reachability":0.9322033898305084,"contact_satisfaction":8.63345521023766,"autonomy":2.3404255319148937},"metadata":{"satisfaction_count":858,"comprehension_count":837,"contact_count":587,"contactReachability_count":590,"contactSatisfaction_count":547,"autonomy_count":799}}
