{"data":{"satisfaction":9.159698996655518,"comprehension":8.631004366812228,"contact":8.09573361082206,"contact_reachability":0.917184265010352,"contact_satisfaction":8.830874006810443,"autonomy":1.949685534591195},"metadata":{"satisfaction_count":1196,"comprehension_count":1145,"contact_count":961,"contactReachability_count":966,"contactSatisfaction_count":881,"autonomy_count":1113}}
