{"data":{"satisfaction":9.27920463960232,"comprehension":8.671132238547969,"contact":8.25916230366492,"contact_reachability":0.9261186264308012,"contact_satisfaction":8.922511312217194,"autonomy":1.9077196095829636},"metadata":{"satisfaction_count":1207,"comprehension_count":1157,"contact_count":955,"contactReachability_count":961,"contactSatisfaction_count":884,"autonomy_count":1127}}
