{"data":{"satisfaction":8.961115475255303,"comprehension":8.491432068543451,"contact":7.977297592997812,"contact_reachability":0.9223248234655079,"contact_satisfaction":8.654302670623146,"autonomy":2.310960067969414},"metadata":{"satisfaction_count":2546,"comprehension_count":2451,"contact_count":1828,"contactReachability_count":1841,"contactSatisfaction_count":1685,"autonomy_count":2354}}
