{"data":{"satisfaction":9.195470798569726,"comprehension":8.879898862199747,"contact":8.175644567219154,"contact_reachability":0.9290293040293041,"contact_satisfaction":8.803916707982152,"autonomy":2.085866261398176},"metadata":{"satisfaction_count":4195,"comprehension_count":3955,"contact_count":2172,"contactReachability_count":2184,"contactSatisfaction_count":2017,"autonomy_count":2632}}
