{"data":{"satisfaction":9.203528172722486,"comprehension":8.910058840011208,"contact":8.193792383933229,"contact_reachability":0.931052358735096,"contact_satisfaction":8.804652466367713,"autonomy":2.00531208499336},"metadata":{"satisfaction_count":3798,"comprehension_count":3569,"contact_count":1917,"contactReachability_count":1929,"contactSatisfaction_count":1784,"autonomy_count":2259}}
