{"data":{"satisfaction":8.744939271255062,"comprehension":8.402489626556017,"contact":7.473404255319149,"contact_reachability":0.9148936170212766,"contact_satisfaction":8.168604651162791,"autonomy":2.6406926406926408},"metadata":{"satisfaction_count":247,"comprehension_count":241,"contact_count":188,"contactReachability_count":188,"contactSatisfaction_count":172,"autonomy_count":231}}
