{"data":{"satisfaction":9.03206650831354,"comprehension":8.548780487804878,"contact":8.079769736842104,"contact_reachability":0.9244663382594417,"contact_satisfaction":8.741103202846976,"autonomy":2.3067173637515843},"metadata":{"satisfaction_count":842,"comprehension_count":820,"contact_count":608,"contactReachability_count":609,"contactSatisfaction_count":562,"autonomy_count":789}}
