{"data":{"satisfaction":9.141274238227147,"comprehension":8.712989493791786,"contact":8.155311778290994,"contact_reachability":9.23165137614679,"contact_satisfaction":8.839173967459324,"autonomy":2.0118929633300295},"metadata":{"satisfaction_count":1083,"comprehension_count":1047,"contact_count":866,"autonomy_count":1009}}
