{"data":{"satisfaction":9.076530612244898,"comprehension":8.731694560669457,"contact":8.191214470284237,"contact_reachability":9.26829268292683,"contact_satisfaction":8.842398884239888,"autonomy":1.9804134929270947},"metadata":{"satisfaction_count":980,"comprehension_count":956,"contact_count":774,"autonomy_count":919}}
