{"data":{"satisfaction":8.780441759486502,"comprehension":8.272736479643509,"contact":5.315366972477064,"contact_reachability":0.6994350282485876,"contact_satisfaction":7.648514851485149,"autonomy":5.735416666666667},"metadata":{"satisfaction_count":5297,"comprehension_count":4937,"contact_count":872,"contactReachability_count":885,"contactSatisfaction_count":606,"autonomy_count":4800}}
