{"data":{"satisfaction":8.865300146412885,"comprehension":8.41973886328725,"contact":5.757261410788382,"contact_reachability":7.344398340248963,"contact_satisfaction":7.838983050847458,"autonomy":5.800316957210777},"metadata":{"satisfaction_count":1366,"comprehension_count":1302,"contact_count":241,"autonomy_count":1262}}
