{"data":{"satisfaction":8.691983122362869,"comprehension":8.258827948910593,"contact":5.140845070422535,"contact_reachability":0.6682242990654206,"contact_satisfaction":7.711267605633803,"autonomy":5.73820395738204},"metadata":{"satisfaction_count":1422,"comprehension_count":1331,"contact_count":213,"contactReachability_count":214,"contactSatisfaction_count":142,"autonomy_count":1314}}
