{"data":{"satisfaction":8.868124118476727,"comprehension":8.284125766871165,"contact":5.484189723320158,"contact_reachability":0.7244094488188977,"contact_satisfaction":7.581967213114754,"autonomy":5.538461538461538},"metadata":{"satisfaction_count":1418,"comprehension_count":1304,"contact_count":253,"contactReachability_count":254,"contactSatisfaction_count":183,"autonomy_count":1300}}
