{"data":{"satisfaction":8.868587491215742,"comprehension":8.308599695585997,"contact":5.570866141732283,"contact_reachability":0.7333333333333333,"contact_satisfaction":7.60752688172043,"autonomy":5.5394032134659525},"metadata":{"satisfaction_count":1423,"comprehension_count":1314,"contact_count":254,"contactReachability_count":255,"contactSatisfaction_count":186,"autonomy_count":1307}}
