{"data":{"satisfaction":8.82128514056225,"comprehension":8.824312333629104,"contact":5.428082191780822,"contact_reachability":7.123287671232877,"contact_satisfaction":7.6201923076923075,"autonomy":5.9491778774289985},"metadata":{"satisfaction_count":2490,"comprehension_count":2254,"contact_count":146,"autonomy_count":669}}
