{"data":{"satisfaction":8.796030871003307,"comprehension":8.275023719165086,"contact":5.313351498637602,"contact_reachability":0.6991869918699187,"contact_satisfaction":7.6171875,"autonomy":5.749086479902558},"metadata":{"satisfaction_count":4535,"comprehension_count":4216,"contact_count":734,"contactReachability_count":738,"contactSatisfaction_count":512,"autonomy_count":4105}}
