{"data":{"satisfaction":8.831544178364988,"comprehension":8.44453195319532,"contact":5.378787878787879,"contact_reachability":0.7008403361344537,"contact_satisfaction":7.680288461538462,"autonomy":5.646804569311516},"metadata":{"satisfaction_count":4844,"comprehension_count":4444,"contact_count":594,"contactReachability_count":595,"contactSatisfaction_count":416,"autonomy_count":3239}}
