{"data":{"satisfaction":8.818380743982495,"comprehension":8.864851725814292,"contact":5.429292929292929,"autonomy":5.841995841995842},"metadata":{"satisfaction_count":2285,"comprehension_count":2057,"contact_count":99,"autonomy_count":481}}
