{"data":{"satisfaction":8.74916163648558,"comprehension":8.410056657223796,"contact":4.988151658767772,"contact_reachability":0.6712962962962963,"contact_satisfaction":7.517857142857143,"autonomy":5.916002896451847},"metadata":{"satisfaction_count":1491,"comprehension_count":1412,"contact_count":211,"contactReachability_count":216,"contactSatisfaction_count":140,"autonomy_count":1381}}
