{"data":{"satisfaction":8.751803751803752,"comprehension":8.337786259541986,"contact":5.0675675675675675,"contact_reachability":0.7022222222222222,"contact_satisfaction":7.258064516129032,"autonomy":5.734485467399843},"metadata":{"satisfaction_count":1386,"comprehension_count":1310,"contact_count":222,"contactReachability_count":225,"contactSatisfaction_count":155,"autonomy_count":1273}}
