{"data":{"satisfaction":8.740588637919233,"comprehension":8.423520923520924,"contact":4.929245283018868,"contact_reachability":0.6944444444444444,"contact_satisfaction":7.157534246575342,"autonomy":5.908419497784343},"metadata":{"satisfaction_count":1461,"comprehension_count":1386,"contact_count":212,"contactReachability_count":216,"contactSatisfaction_count":146,"autonomy_count":1354}}
