{"data":{"satisfaction":8.828984916428862,"comprehension":8.444024877832074,"contact":5.378535773710483,"contact_reachability":0.7026578073089701,"contact_satisfaction":7.659952606635071,"autonomy":5.675675675675675},"metadata":{"satisfaction_count":4906,"comprehension_count":4502,"contact_count":601,"contactReachability_count":602,"contactSatisfaction_count":422,"autonomy_count":3293}}
