{"data":{"satisfaction":8.795636206524087,"comprehension":8.278203342618385,"contact":5.34741144414169,"contact_reachability":0.6983914209115282,"contact_satisfaction":7.711198428290766,"autonomy":5.7770350919073765},"metadata":{"satisfaction_count":4629,"comprehension_count":4308,"contact_count":734,"contactReachability_count":746,"contactSatisfaction_count":509,"autonomy_count":4189}}
