{"data":{"satisfaction":8.790453074433657,"comprehension":8.278839887030198,"contact":5.23989898989899,"contact_reachability":0.6915422885572139,"contact_satisfaction":7.6286764705882355,"autonomy":5.7716324710080285},"metadata":{"satisfaction_count":4944,"comprehension_count":4603,"contact_count":792,"contactReachability_count":804,"contactSatisfaction_count":544,"autonomy_count":4484}}
