{"data":{"satisfaction":8.733518390006939,"comprehension":8.079545454545455,"contact":5.153301886792453,"contact_reachability":0.6650943396226415,"contact_satisfaction":7.74822695035461,"autonomy":5.619771863117871},"metadata":{"satisfaction_count":1441,"comprehension_count":1320,"contact_count":212,"contactReachability_count":212,"contactSatisfaction_count":141,"autonomy_count":1315}}
