{"data":{"satisfaction":8.822471910112359,"comprehension":8.89125,"contact":5.523255813953488,"autonomy":5.80188679245283},"metadata":{"satisfaction_count":2225,"comprehension_count":2000,"contact_count":86,"autonomy_count":424}}
