{"data":{"satisfaction":8.799956322341123,"comprehension":8.28169014084507,"contact":5.3708791208791204,"contact_reachability":0.6986486486486486,"contact_satisfaction":7.742574257425742,"autonomy":5.756698044895003},"metadata":{"satisfaction_count":4579,"comprehension_count":4260,"contact_count":728,"contactReachability_count":740,"contactSatisfaction_count":505,"autonomy_count":4143}}
