{"data":{"satisfaction":8.74496644295302,"comprehension":8.418909348441927,"contact":4.976190476190476,"contact_reachability":0.6697674418604651,"contact_satisfaction":7.517985611510792,"autonomy":5.920289855072464},"metadata":{"satisfaction_count":1490,"comprehension_count":1412,"contact_count":210,"contactReachability_count":215,"contactSatisfaction_count":139,"autonomy_count":1380}}
