{"data":{"satisfaction":8.793404461687683,"comprehension":8.286294521974588,"contact":5.328554360812426,"contact_reachability":0.702002355712603,"contact_satisfaction":7.636986301369863,"autonomy":5.757057313943542},"metadata":{"satisfaction_count":5155,"comprehension_count":4801,"contact_count":837,"contactReachability_count":849,"contactSatisfaction_count":584,"autonomy_count":4676}}
