{"data":{"satisfaction":8.76333656644035,"comprehension":8.012405609492989,"contact":4.860335195530726,"contact_reachability":0.6722222222222223,"contact_satisfaction":7.25,"autonomy":5.292864749733759},"metadata":{"satisfaction_count":1031,"comprehension_count":927,"contact_count":179,"contactReachability_count":180,"contactSatisfaction_count":120,"autonomy_count":939}}
