{"data":{"satisfaction":8.723693143245079,"comprehension":8.154498525073747,"contact":5,"contact_reachability":0.6538461538461539,"contact_satisfaction":7.647058823529412,"autonomy":5.739644970414201},"metadata":{"satisfaction_count":1473,"comprehension_count":1356,"contact_count":208,"contactReachability_count":208,"contactSatisfaction_count":136,"autonomy_count":1352}}
