{"data":{"satisfaction":8.76577840112202,"comprehension":7.964060031595577,"contact":5.118534482758621,"contact_reachability":0.6824034334763949,"contact_satisfaction":7.515822784810126,"autonomy":5.490654205607477},"metadata":{"satisfaction_count":1426,"comprehension_count":1266,"contact_count":232,"contactReachability_count":233,"contactSatisfaction_count":158,"autonomy_count":1284}}
