{"data":{"satisfaction":8.753056234718827,"comprehension":7.961432506887053,"contact":4.964788732394366,"contact_reachability":0.6853146853146853,"contact_satisfaction":7.268041237113402,"autonomy":5.398110661268556},"metadata":{"satisfaction_count":818,"comprehension_count":726,"contact_count":142,"contactReachability_count":143,"contactSatisfaction_count":97,"autonomy_count":741}}
