{"data":{"satisfaction":8.747236551215918,"comprehension":8.34446190102121,"contact":5.248756218905473,"contact_reachability":0.6831683168316832,"contact_satisfaction":7.700729927007299,"autonomy":5.790309769658459},"metadata":{"satisfaction_count":1357,"comprehension_count":1273,"contact_count":201,"contactReachability_count":202,"contactSatisfaction_count":137,"autonomy_count":1259}}
