{"data":{"satisfaction":8.780234315948602,"comprehension":8.27301297648013,"contact":5.315366972477064,"contact_reachability":0.6994350282485876,"contact_satisfaction":7.648514851485149,"autonomy":5.737226277372263},"metadata":{"satisfaction_count":5292,"comprehension_count":4932,"contact_count":872,"contactReachability_count":885,"contactSatisfaction_count":606,"autonomy_count":4795}}
