{"data":{"satisfaction":8.622493461203138,"comprehension":8.225068618481245,"contact":4.635678391959799,"contact_reachability":0.6368159203980099,"contact_satisfaction":7.321428571428571,"autonomy":5.69811320754717},"metadata":{"satisfaction_count":1147,"comprehension_count":1093,"contact_count":199,"contactReachability_count":201,"contactSatisfaction_count":126,"autonomy_count":1060}}
