{"data":{"satisfaction":8.81470367591898,"comprehension":8.182377049180328,"contact":5.032327586206897,"contact_reachability":0.6866952789699571,"contact_satisfaction":7.3427672955974845,"autonomy":5.443349753694581},"metadata":{"satisfaction_count":1333,"comprehension_count":1220,"contact_count":232,"contactReachability_count":233,"contactSatisfaction_count":159,"autonomy_count":1218}}
