{"data":{"satisfaction":4.556485355648536,"comprehension":4.663461538461538,"contact":2.4423076923076925,"contact_reachability":0.5151515151515151,"contact_satisfaction":4.8106060606060606,"autonomy":4.45945945945946},"metadata":{"satisfaction_count":1195,"comprehension_count":936,"contact_count":260,"contactReachability_count":264,"contactSatisfaction_count":132,"autonomy_count":814}}
