{"data":{"satisfaction":4.119850187265918,"comprehension":4.813651591289783,"contact":2.5,"contact_reachability":0.4901185770750988,"contact_satisfaction":5.1875,"autonomy":4.008042895442359},"metadata":{"satisfaction_count":1602,"comprehension_count":1194,"contact_count":249,"contactReachability_count":253,"contactSatisfaction_count":120,"autonomy_count":746}}
