{"data":{"satisfaction":4.537351443123939,"comprehension":4.6378378378378375,"contact":2.451737451737452,"contact_reachability":0.5171102661596958,"contact_satisfaction":4.8106060606060606,"autonomy":4.420921544209215},"metadata":{"satisfaction_count":1178,"comprehension_count":925,"contact_count":259,"contactReachability_count":263,"contactSatisfaction_count":132,"autonomy_count":803}}
