{"data":{"satisfaction":4.304245283018868,"comprehension":4.202127659574468,"contact":2.5675675675675675,"contact_reachability":0.4782608695652174,"contact_satisfaction":5.588235294117647,"autonomy":3.8175675675675675},"metadata":{"satisfaction_count":424,"comprehension_count":329,"contact_count":111,"contactReachability_count":115,"contactSatisfaction_count":51,"autonomy_count":296}}
