{"data":{"satisfaction":4.323394495412844,"comprehension":4.490084985835694,"contact":2.767857142857143,"contact_reachability":0.5614035087719298,"contact_satisfaction":5,"autonomy":4.370860927152318},"metadata":{"satisfaction_count":436,"comprehension_count":353,"contact_count":112,"contactReachability_count":114,"contactSatisfaction_count":62,"autonomy_count":302}}
