{"data":{"satisfaction":4.754901960784314,"comprehension":5.047169811320755,"contact":2.4671052631578947,"contact_reachability":0.5,"contact_satisfaction":4.934210526315789,"autonomy":5.109489051094891},"metadata":{"satisfaction_count":408,"comprehension_count":318,"contact_count":76,"contactReachability_count":76,"contactSatisfaction_count":38,"autonomy_count":274}}
