{"data":{"satisfaction":4.027027027027027,"comprehension":3.9672131147540983,"contact":2.5238095238095237,"contact_reachability":0.5092592592592593,"contact_satisfaction":5.096153846153846,"autonomy":3.8461538461538463},"metadata":{"satisfaction_count":370,"comprehension_count":305,"contact_count":105,"contactReachability_count":108,"contactSatisfaction_count":52,"autonomy_count":260}}
