{"data":{"satisfaction":4.2144748455428065,"comprehension":6.473684210526316,"contact":1.71875,"autonomy":4.017857142857143},"metadata":{"satisfaction_count":1133,"comprehension_count":760,"contact_count":32,"autonomy_count":112}}
