{"data":{"satisfaction":4.189814814814815,"comprehension":4.111271676300578,"contact":2.2708333333333335,"contact_reachability":0.4634146341463415,"contact_satisfaction":5.046296296296297,"autonomy":3.848684210526316},"metadata":{"satisfaction_count":432,"comprehension_count":346,"contact_count":120,"contactReachability_count":123,"contactSatisfaction_count":54,"autonomy_count":304}}
