{"data":{"satisfaction":4.116907605279699,"comprehension":4.805907172995781,"contact":2.520242914979757,"contact_reachability":0.4900398406374502,"contact_satisfaction":5.23109243697479,"autonomy":3.9783491204330175},"metadata":{"satisfaction_count":1591,"comprehension_count":1185,"contact_count":247,"contactReachability_count":251,"contactSatisfaction_count":119,"autonomy_count":739}}
