{"data":{"satisfaction":3.68271954674221,"comprehension":3.6795774647887325,"contact":3.246268656716418,"contact_reachability":0.5074626865671642,"contact_satisfaction":6.397058823529412,"autonomy":4},"metadata":{"satisfaction_count":353,"comprehension_count":284,"contact_count":67,"contactReachability_count":67,"contactSatisfaction_count":34,"autonomy_count":250}}
