{"data":{"satisfaction":4.157348242811501,"comprehension":6.204784130688448,"contact":2.338709677419355,"contact_reachability":5,"contact_satisfaction":4.67741935483871,"autonomy":3.969849246231156},"metadata":{"satisfaction_count":1252,"comprehension_count":857,"contact_count":62,"autonomy_count":199}}
