{"data":{"satisfaction":3.9416058394160585,"comprehension":4.036511156186613,"contact":2.597517730496454,"contact_reachability":0.513986013986014,"contact_satisfaction":5.1223776223776225,"autonomy":4.180138568129331},"metadata":{"satisfaction_count":1233,"comprehension_count":986,"contact_count":282,"contactReachability_count":286,"contactSatisfaction_count":143,"autonomy_count":866}}
