{"data":{"satisfaction":3.8095238095238093,"comprehension":3.789198606271777,"contact":3.142857142857143,"contact_reachability":0.5352112676056338,"contact_satisfaction":5.945945945945946,"autonomy":4.126984126984127},"metadata":{"satisfaction_count":357,"comprehension_count":287,"contact_count":70,"contactReachability_count":71,"contactSatisfaction_count":37,"autonomy_count":252}}
