{"data":{"satisfaction":4.959183673469388,"comprehension":5.205802968960864,"contact":2.7941176470588234,"contact_reachability":0.5585106382978723,"contact_satisfaction":5.024038461538462,"autonomy":4.767801857585139},"metadata":{"satisfaction_count":980,"comprehension_count":741,"contact_count":187,"contactReachability_count":188,"contactSatisfaction_count":104,"autonomy_count":646}}
