{"data":{"satisfaction":4.558701082431307,"comprehension":4.670212765957447,"contact":2.4423076923076925,"contact_reachability":0.5151515151515151,"contact_satisfaction":4.8106060606060606,"autonomy":4.474327628361858},"metadata":{"satisfaction_count":1201,"comprehension_count":940,"contact_count":260,"contactReachability_count":264,"contactSatisfaction_count":132,"autonomy_count":818}}
