{"data":{"satisfaction":4.092465753424658,"comprehension":5.444284341978866,"contact":2.6458333333333335,"contact_reachability":0.49166666666666664,"contact_satisfaction":5.38135593220339,"autonomy":4.084507042253521},"metadata":{"satisfaction_count":1460,"comprehension_count":1041,"contact_count":120,"contactReachability_count":120,"contactSatisfaction_count":59,"autonomy_count":426}}
