{"data":{"satisfaction":4.099099099099099,"comprehension":5.474221789883268,"contact":2.628205128205128,"contact_reachability":0.49572649572649574,"contact_satisfaction":5.301724137931035,"autonomy":4.106280193236715},"metadata":{"satisfaction_count":1443,"comprehension_count":1028,"contact_count":117,"contactReachability_count":117,"contactSatisfaction_count":58,"autonomy_count":414}}
