{"data":{"satisfaction":3.704225352112676,"comprehension":3.6842105263157894,"contact":3.107142857142857,"contact_reachability":0.5,"contact_satisfaction":6.214285714285714,"autonomy":3.9840637450199203},"metadata":{"satisfaction_count":355,"comprehension_count":285,"contact_count":70,"contactReachability_count":70,"contactSatisfaction_count":35,"autonomy_count":251}}
