{"data":{"satisfaction":4.135883905013193,"comprehension":4.879679144385027,"contact":2.5336322869955157,"contact_reachability":0.47577092511013214,"contact_satisfaction":5.4326923076923075,"autonomy":3.97677793904209},"metadata":{"satisfaction_count":1516,"comprehension_count":1122,"contact_count":223,"contactReachability_count":227,"contactSatisfaction_count":104,"autonomy_count":689}}
