{"data":{"satisfaction":4.052924791086351,"comprehension":3.9442567567567566,"contact":2.623762376237624,"contact_reachability":0.5192307692307693,"contact_satisfaction":5.196078431372549,"autonomy":3.8976377952755907},"metadata":{"satisfaction_count":359,"comprehension_count":296,"contact_count":101,"contactReachability_count":104,"contactSatisfaction_count":51,"autonomy_count":254}}
