{"data":{"satisfaction":4.105263157894737,"comprehension":4.89058039961941,"contact":2.6262626262626263,"contact_reachability":0.4925373134328358,"contact_satisfaction":5.416666666666667,"autonomy":4.02555910543131},"metadata":{"satisfaction_count":1425,"comprehension_count":1051,"contact_count":198,"contactReachability_count":201,"contactSatisfaction_count":96,"autonomy_count":626}}
