{"data":{"satisfaction":3.356164383561644,"comprehension":3.668831168831169,"contact":2.5390625,"contact_reachability":5.15625,"contact_satisfaction":4.924242424242424,"autonomy":3.910891089108911},"metadata":{"satisfaction_count":292,"comprehension_count":231,"contact_count":64,"autonomy_count":202}}
