{"data":{"satisfaction":4.154030327214684,"comprehension":6.1975524475524475,"contact":2.338709677419355,"contact_reachability":5,"contact_satisfaction":4.67741935483871,"autonomy":3.95},"metadata":{"satisfaction_count":1253,"comprehension_count":858,"contact_count":62,"autonomy_count":200}}
