{"data":{"satisfaction":4.2050691244239635,"comprehension":4.059701492537314,"contact":2.5700934579439254,"contact_reachability":0.4818181818181818,"contact_satisfaction":5.5,"autonomy":3.953488372093023},"metadata":{"satisfaction_count":434,"comprehension_count":335,"contact_count":107,"contactReachability_count":110,"contactSatisfaction_count":50,"autonomy_count":301}}
