{"data":{"satisfaction":4.7439024390243905,"comprehension":5.0546875,"contact":2.435064935064935,"contact_reachability":0.4935064935064935,"contact_satisfaction":4.934210526315789,"autonomy":5.054545454545455},"metadata":{"satisfaction_count":410,"comprehension_count":320,"contact_count":77,"contactReachability_count":77,"contactSatisfaction_count":38,"autonomy_count":275}}
