{"data":{"satisfaction":4.149432955303536,"comprehension":4.905149051490515,"contact":2.5934579439252334,"contact_reachability":0.4908256880733945,"contact_satisfaction":5.388349514563107,"autonomy":4.005934718100891},"metadata":{"satisfaction_count":1499,"comprehension_count":1107,"contact_count":214,"contactReachability_count":218,"contactSatisfaction_count":103,"autonomy_count":674}}
