{"data":{"satisfaction":4.379014989293362,"comprehension":4.425157799819657,"contact":2.491830065359477,"contact_reachability":0.5032051282051282,"contact_satisfaction":5.049668874172186,"autonomy":4.415983606557377},"metadata":{"satisfaction_count":1401,"comprehension_count":1109,"contact_count":306,"contactReachability_count":312,"contactSatisfaction_count":151,"autonomy_count":976}}
