{"data":{"satisfaction":4.0138787436084735,"comprehension":4.098360655737705,"contact":2.6058631921824102,"contact_reachability":0.5031847133757962,"contact_satisfaction":5.298013245033113,"autonomy":4.2364016736401675},"metadata":{"satisfaction_count":1369,"comprehension_count":1098,"contact_count":307,"contactReachability_count":314,"contactSatisfaction_count":151,"autonomy_count":956}}
