{"data":{"satisfaction":4.133858267716535,"comprehension":4.880530973451328,"contact":2.5336322869955157,"contact_reachability":0.47577092511013214,"contact_satisfaction":5.4326923076923075,"autonomy":4.020172910662824},"metadata":{"satisfaction_count":1524,"comprehension_count":1130,"contact_count":223,"contactReachability_count":227,"contactSatisfaction_count":104,"autonomy_count":694}}
