{"data":{"satisfaction":5.338983050847458,"comprehension":5.744047619047619,"contact":3.7790697674418605,"contact_reachability":0.6136363636363636,"contact_satisfaction":6.25,"autonomy":4.8344370860927155},"metadata":{"satisfaction_count":236,"comprehension_count":168,"contact_count":43,"contactReachability_count":44,"contactSatisfaction_count":26,"autonomy_count":151}}
