{"data":{"satisfaction":4.964610717896866,"comprehension":5.21,"contact":2.789473684210526,"contact_reachability":0.5549738219895288,"contact_satisfaction":5.0476190476190474,"autonomy":4.770642201834862},"metadata":{"satisfaction_count":989,"comprehension_count":750,"contact_count":190,"contactReachability_count":191,"contactSatisfaction_count":105,"autonomy_count":654}}
