{"data":{"satisfaction":4.563106796116505,"comprehension":4.6881496881496885,"contact":2.593283582089552,"contact_reachability":0.5294117647058824,"contact_satisfaction":4.964285714285714,"autonomy":4.469606674612634},"metadata":{"satisfaction_count":1236,"comprehension_count":962,"contact_count":268,"contactReachability_count":272,"contactSatisfaction_count":140,"autonomy_count":839}}
