{"data":{"satisfaction":4.4110576923076925,"comprehension":4.646017699115045,"contact":2.5277777777777777,"contact_reachability":0.5434782608695652,"contact_satisfaction":4.739583333333333,"autonomy":4.822695035460993},"metadata":{"satisfaction_count":416,"comprehension_count":339,"contact_count":90,"contactReachability_count":92,"contactSatisfaction_count":48,"autonomy_count":282}}
