{"data":{"satisfaction":4.477958236658933,"comprehension":4.640762463343108,"contact":2.640449438202247,"contact_reachability":0.5777777777777777,"contact_satisfaction":4.607843137254902,"autonomy":4.896551724137931},"metadata":{"satisfaction_count":431,"comprehension_count":341,"contact_count":89,"contactReachability_count":90,"contactSatisfaction_count":51,"autonomy_count":290}}
