{"data":{"satisfaction":3.7392550143266474,"comprehension":3.8793103448275863,"contact":3.1645569620253164,"contact_reachability":5.189873417721519,"contact_satisfaction":6.097560975609756,"autonomy":4.0625},"metadata":{"satisfaction_count":349,"comprehension_count":290,"contact_count":79,"autonomy_count":256}}
