{"data":{"satisfaction":4.134742404227213,"comprehension":4.884032114183764,"contact":2.5565610859728505,"contact_reachability":0.48,"contact_satisfaction":5.4326923076923075,"autonomy":3.9825581395348837},"metadata":{"satisfaction_count":1514,"comprehension_count":1121,"contact_count":221,"contactReachability_count":225,"contactSatisfaction_count":104,"autonomy_count":688}}
