{
  "data": {
    "satisfaction": 4.242990654205608,
    "comprehension": 6.678420310296191,
    "contact": 0.2631578947368421,
    "autonomy": 3.4328358208955225
  },
  "metadata": {
    "satisfaction_count": 1070,
    "comprehension_count": 709,
    "contact_count": 19,
    "autonomy_count": 67
  }
}
