{"data":{"satisfaction":4.1363335539377895,"comprehension":4.886058981233244,"contact":2.5565610859728505,"contact_reachability":0.48,"contact_satisfaction":5.4326923076923075,"autonomy":3.9941690962099123},"metadata":{"satisfaction_count":1511,"comprehension_count":1119,"contact_count":221,"contactReachability_count":225,"contactSatisfaction_count":104,"autonomy_count":686}}
