{"data":{"satisfaction":9.089566591112026,"comprehension":8.829015737729431,"contact":7.3078236269632235,"contact_reachability":0.8932374100719425,"contact_satisfaction":8.197909827095645,"autonomy":6.281052025340756},"metadata":{"satisfaction_count":29118,"comprehension_count":26751,"contact_count":10251,"contactReachability_count":10425,"contactSatisfaction_count":9138,"autonomy_count":26045}}
