{"data":{"satisfaction":9.127423041110578,"comprehension":8.832074375363161,"contact":7.371108343711083,"contact_reachability":0.8885721267410606,"contact_satisfaction":8.315538072492274,"autonomy":6.401750023606434},"metadata":{"satisfaction_count":35441,"comprehension_count":32699,"contact_count":12045,"contactReachability_count":12277,"contactSatisfaction_count":10677,"autonomy_count":31771}}
