{"data":{"satisfaction":8.906978274459055,"comprehension":8.827400060189598,"contact":7.2446492666282625,"contact_reachability":0.8827673726588482,"contact_satisfaction":8.220534995977474,"autonomy":6.1020408163265305},"metadata":{"satisfaction_count":91183,"comprehension_count":79748,"contact_count":22567,"contactReachability_count":22852,"contactSatisfaction_count":19888,"autonomy_count":54390}}
