{"data":{"satisfaction":9.149048478955411,"comprehension":8.846818810511756,"contact":7.36414817232376,"contact_reachability":0.8909527622097678,"contact_satisfaction":8.284835689370295,"autonomy":6.321501727353328},"metadata":{"satisfaction_count":35995,"comprehension_count":33258,"contact_count":12256,"contactReachability_count":12490,"contactSatisfaction_count":10894,"autonomy_count":32709}}
