{"data":{"satisfaction":8.788459475537092,"comprehension":9.014968789431956,"contact":7.185200998423542,"contact_reachability":0.8803812240663901,"contact_satisfaction":8.176059496225427,"autonomy":5.968574821196808},"metadata":{"satisfaction_count":102543,"comprehension_count":89553,"contact_count":15224,"contactReachability_count":15424,"contactSatisfaction_count":13379,"autonomy_count":36213}}
