{"data":{"satisfaction":9.089230739254122,"comprehension":8.81090058405416,"contact":7.295819758131316,"contact_reachability":0.8904217472775168,"contact_satisfaction":8.210545940403318,"autonomy":6.2876592963729445},"metadata":{"satisfaction_count":102644,"comprehension_count":94683,"contact_count":36218,"contactReachability_count":36823,"contactSatisfaction_count":32183,"autonomy_count":91810}}
