{"data":{"satisfaction":9.125908570515723,"comprehension":8.839121699196326,"contact":7.458437892095358,"contact_reachability":0.8900676506765067,"contact_satisfaction":8.400459282812225,"autonomy":6.487035488110886},"metadata":{"satisfaction_count":37559,"comprehension_count":34840,"contact_count":12752,"contactReachability_count":13008,"contactSatisfaction_count":11322,"autonomy_count":33476}}
