{"data":{"satisfaction":9.11173021477858,"comprehension":8.816782345613099,"contact":7.4063758075086605,"contact_reachability":0.8913909739597813,"contact_satisfaction":8.319223893153854,"autonomy":6.3910437883745725},"metadata":{"satisfaction_count":30869,"comprehension_count":28095,"contact_count":10681,"contactReachability_count":10791,"contactSatisfaction_count":9509,"autonomy_count":27199}}
