{"data":{"satisfaction":8.860897739269722,"comprehension":8.804124432016778,"contact":7.168474907445495,"contact_reachability":0.8783619202273419,"contact_satisfaction":8.176206674095361,"autonomy":6.023227357619732},"metadata":{"satisfaction_count":82407,"comprehension_count":71525,"contact_count":19448,"contactReachability_count":19706,"contactSatisfaction_count":17051,"autonomy_count":46583}}
