{"data":{"satisfaction":8.95542372183084,"comprehension":8.394476199862028,"contact":7.227564102564102,"contact_reachability":0.8790976775197245,"contact_satisfaction":8.235199897488467,"autonomy":5.9713905522288755},"metadata":{"satisfaction_count":24273,"comprehension_count":20294,"contact_count":8892,"contactReachability_count":8999,"contactSatisfaction_count":7804,"autonomy_count":21042}}
