{"data":{"satisfaction":9.072990694569869,"comprehension":8.801273286617672,"contact":7.322432998786809,"contact_reachability":0.8932017781632874,"contact_satisfaction":8.214860183122989,"autonomy":6.230352661471404},"metadata":{"satisfaction_count":25469,"comprehension_count":23404,"contact_count":9067,"contactReachability_count":9223,"contactSatisfaction_count":8082,"autonomy_count":22713}}
