{"data":{"satisfaction":8.931185522448274,"comprehension":8.827403473956233,"contact":7.2638108268007695,"contact_reachability":0.8837778589696749,"contact_satisfaction":8.232095713028539,"autonomy":6.203053435114504},"metadata":{"satisfaction_count":104106,"comprehension_count":91711,"contact_count":27044,"contactReachability_count":27370,"contactSatisfaction_count":23863,"autonomy_count":65500}}
