{"data":{"satisfaction":9.038584451845123,"comprehension":8.468801644564472,"contact":7.333013435700575,"contact_reachability":0.8842504743833017,"contact_satisfaction":8.305434782608696,"autonomy":6.1981693005789396},"metadata":{"satisfaction_count":29727,"comprehension_count":24809,"contact_count":10420,"contactReachability_count":10540,"contactSatisfaction_count":9200,"autonomy_count":25564}}
