{"data":{"satisfaction":8.926053659278795,"comprehension":8.69226893578906,"contact":7.212899312575819,"contact_reachability":8.851216593538094,"contact_satisfaction":8.163615560640732,"autonomy":5.963270557959995},"metadata":{"satisfaction_count":19717,"comprehension_count":17863,"contact_count":7419,"autonomy_count":17098}}
