{"data":{"satisfaction":8.994471697494783,"comprehension":8.65418198811998,"contact":7.356033414858813,"contact_reachability":0.8837267003690723,"contact_satisfaction":8.350400230763684,"autonomy":6.295443138970749},"metadata":{"satisfaction_count":91529,"comprehension_count":81313,"contact_count":31483,"contactReachability_count":32243,"contactSatisfaction_count":27734,"autonomy_count":77707}}
