{"data":{"satisfaction":8.748252842973914,"comprehension":9.118328368006463,"contact":7.110821072615092,"contact_reachability":8.788956481048197,"contact_satisfaction":8.10653608916784,"autonomy":5.941129032258065},"metadata":{"satisfaction_count":89431,"comprehension_count":79216,"contact_count":10535,"autonomy_count":24800}}
