{"data":{"satisfaction":8.74471673969522,"comprehension":9.304474654631516,"contact":6.91171389080857,"autonomy":6.0072951739618405},"metadata":{"satisfaction_count":103156,"comprehension_count":90845,"contact_count":2894,"autonomy_count":7128}}
