{"data":{"satisfaction":9.126072607260726,"comprehension":8.833124483809415,"contact":7.442510876320696,"contact_reachability":0.8889650967840268,"contact_satisfaction":8.392466053438458,"autonomy":6.46874260004736},"metadata":{"satisfaction_count":37875,"comprehension_count":35113,"contact_count":12872,"contactReachability_count":13122,"contactSatisfaction_count":11415,"autonomy_count":33784}}
