{"data":{"satisfaction":8.775320014996518,"comprehension":9.096537811858207,"contact":7.162184733589444,"contact_reachability":8.811033347056402,"contact_satisfaction":8.14434947768281,"autonomy":5.947919974595109},"metadata":{"satisfaction_count":93355,"comprehension_count":82289,"contact_count":11974,"autonomy_count":28341}}
