{"data":{"satisfaction":8.98815145531038,"comprehension":8.416859716859717,"contact":7.266627771295216,"contact_reachability":0.8818307585888864,"contact_satisfaction":8.253810470510272,"autonomy":6.030526735833998},"metadata":{"satisfaction_count":23294,"comprehension_count":19425,"contact_count":8570,"contactReachability_count":8674,"contactSatisfaction_count":7545,"autonomy_count":20048}}
