{"data":{"satisfaction":8.74577933293959,"comprehension":9.111700521029977,"contact":7.100422336931018,"contact_reachability":8.780645758164493,"contact_satisfaction":8.102709649780444,"autonomy":5.9126178822967645},"metadata":{"satisfaction_count":89737,"comprehension_count":79458,"contact_count":10655,"autonomy_count":25131}}
