{"data":{"satisfaction":8.745834865657004,"comprehension":9.111741089407975,"contact":7.103088911839264,"contact_reachability":8.783896344285054,"contact_satisfaction":8.102709649780444,"autonomy":5.913559119672066},"metadata":{"satisfaction_count":89733,"comprehension_count":79456,"contact_count":10651,"autonomy_count":25127}}
