{"data":{"satisfaction":8.757503485304115,"comprehension":9.14607567595701,"contact":7.154366995591014,"contact_reachability":8.827486287902307,"contact_satisfaction":8.120159656856904,"autonomy":5.948230088495575},"metadata":{"satisfaction_count":86793,"comprehension_count":76854,"contact_count":9526,"autonomy_count":22600}}
