{"data":{"satisfaction":8.745820888869076,"comprehension":9.111761374362846,"contact":7.103088911839264,"contact_reachability":8.783896344285054,"contact_satisfaction":8.102709649780444,"autonomy":5.913867218595765},"metadata":{"satisfaction_count":89732,"comprehension_count":79455,"contact_count":10651,"autonomy_count":25124}}
