{"data":{"satisfaction":9.097916776913443,"comprehension":8.802819614036439,"contact":7.3604639319634355,"contact_reachability":0.8914901059364382,"contact_satisfaction":8.275622673919267,"autonomy":6.349390770697411},"metadata":{"satisfaction_count":113382,"comprehension_count":103844,"contact_count":39273,"contactReachability_count":40024,"contactSatisfaction_count":34930,"autonomy_count":100701}}
