{"data":{"satisfaction":9.066561506255086,"comprehension":8.719599260863072,"contact":7.35353887592891,"contact_reachability":0.8881245730170322,"contact_satisfaction":8.301680603822764,"autonomy":6.26046758364594},"metadata":{"satisfaction_count":119183,"comprehension_count":107152,"contact_count":41581,"contactReachability_count":42449,"contactSatisfaction_count":36832,"autonomy_count":105564}}
