{"data":{"satisfaction":8.976509358232287,"comprehension":8.408849423193686,"contact":7.247123130034522,"contact_reachability":0.8805002842524161,"contact_satisfaction":8.244207356983898,"autonomy":6.038811102923114},"metadata":{"satisfaction_count":23669,"comprehension_count":19764,"contact_count":8690,"contactReachability_count":8795,"contactSatisfaction_count":7639,"autonomy_count":20355}}
