{"data":{"satisfaction":5.185185185185185,"comprehension":4.814814814814815,"contact":4.6875,"contact_reachability":8.125,"contact_satisfaction":5.769230769230769,"autonomy":3.3333333333333335},"metadata":{"satisfaction_count":27,"comprehension_count":27,"contact_count":16,"autonomy_count":24}}
