{"data":{"satisfaction":6.89873417721519,"comprehension":6.766666666666667,"contact":8.455882352941176,"contact_reachability":0.9705882352941176,"contact_satisfaction":8.712121212121213,"autonomy":3.943661971830986},"metadata":{"satisfaction_count":79,"comprehension_count":75,"contact_count":34,"contactReachability_count":34,"contactSatisfaction_count":33,"autonomy_count":71}}
