{"data":{"satisfaction":5.280612244897959,"comprehension":4.926931106471816,"contact":9.583333333333334,"autonomy":2.2222222222222223},"metadata":{"satisfaction_count":588,"comprehension_count":479,"contact_count":6,"autonomy_count":9}}
