{"data":{"satisfaction":6.633663366336633,"comprehension":6.40625,"contact":8.238636363636363,"contact_reachability":0.9545454545454546,"contact_satisfaction":8.630952380952381,"autonomy":3.763440860215054},"metadata":{"satisfaction_count":101,"comprehension_count":96,"contact_count":44,"contactReachability_count":44,"contactSatisfaction_count":42,"autonomy_count":93}}
