{"data":{"satisfaction":6.39751552795031,"comprehension":6.038961038961039,"contact":7.573529411764706,"contact_reachability":0.9154929577464789,"contact_satisfaction":8.306451612903226,"autonomy":3.7588652482269502},"metadata":{"satisfaction_count":161,"comprehension_count":154,"contact_count":68,"contactReachability_count":71,"contactSatisfaction_count":62,"autonomy_count":141}}
