{"data":{"satisfaction":5.389830508474576,"comprehension":4.924395161290323,"contact":6.0227272727272725,"contact_reachability":0.8695652173913043,"contact_satisfaction":6.973684210526316,"autonomy":3.6842105263157894},"metadata":{"satisfaction_count":590,"comprehension_count":496,"contact_count":22,"contactReachability_count":23,"contactSatisfaction_count":19,"autonomy_count":38}}
