{"data":{"satisfaction":6.818181818181818,"comprehension":6.686746987951807,"contact":8.175675675675675,"contact_reachability":0.9459459459459459,"contact_satisfaction":8.642857142857142,"autonomy":3.875},"metadata":{"satisfaction_count":88,"comprehension_count":83,"contact_count":37,"contactReachability_count":37,"contactSatisfaction_count":35,"autonomy_count":80}}
