{"data":{"satisfaction":6.578947368421052,"comprehension":6.416666666666667,"contact":8.19767441860465,"contact_reachability":0.9534883720930233,"contact_satisfaction":8.597560975609756,"autonomy":3.67816091954023},"metadata":{"satisfaction_count":95,"comprehension_count":90,"contact_count":43,"contactReachability_count":43,"contactSatisfaction_count":41,"autonomy_count":87}}
