{"data":{"satisfaction":5.289256198347108,"comprehension":6.466666666666667,"contact":0.19230769230769232,"contact_reachability":1.5384615384615385,"contact_satisfaction":1.25,"autonomy":6.190476190476191},"metadata":{"satisfaction_count":605,"comprehension_count":300,"contact_count":13,"autonomy_count":63}}
