{"data":{"satisfaction":5.299500831946755,"comprehension":6.468120805369128,"contact":0.20833333333333334,"contact_reachability":1.6666666666666665,"contact_satisfaction":1.25,"autonomy":6.229508196721311},"metadata":{"satisfaction_count":601,"comprehension_count":298,"contact_count":12,"autonomy_count":61}}
