{"data":{"satisfaction":6.715542521994135,"comprehension":6.346153846153846,"contact":3.4615384615384617,"contact_reachability":0.5357142857142857,"contact_satisfaction":6.923076923076923,"autonomy":6.533333333333333},"metadata":{"satisfaction_count":341,"comprehension_count":208,"contact_count":26,"contactReachability_count":28,"contactSatisfaction_count":13,"autonomy_count":150}}
