{"data":{"satisfaction":5.3700787401574805,"comprehension":6.438679245283019,"contact":0.16666666666666666,"contact_reachability":0.26666666666666666,"contact_satisfaction":0.625,"autonomy":6.052631578947368},"metadata":{"satisfaction_count":635,"comprehension_count":318,"contact_count":15,"contactReachability_count":15,"contactSatisfaction_count":4,"autonomy_count":76}}
