{"data":{"satisfaction":6.710914454277286,"comprehension":6.328502415458937,"contact":3.4615384615384617,"contact_reachability":0.5357142857142857,"contact_satisfaction":6.923076923076923,"autonomy":6.510067114093959},"metadata":{"satisfaction_count":339,"comprehension_count":207,"contact_count":26,"contactReachability_count":28,"contactSatisfaction_count":13,"autonomy_count":149}}
