{"data":{"satisfaction":6.111111111111111,"comprehension":5.735294117647059,"contact":0.35714285714285715,"contact_reachability":2.8571428571428568,"contact_satisfaction":1.25,"autonomy":6.304347826086956},"metadata":{"satisfaction_count":108,"comprehension_count":68,"contact_count":7,"autonomy_count":46}}
