{"data":{"satisfaction":7.258064516129032,"comprehension":6.886792452830188,"contact":6.428571428571429,"contact_reachability":0.8571428571428571,"contact_satisfaction":7.5,"autonomy":6.666666666666667},"metadata":{"satisfaction_count":93,"comprehension_count":53,"contact_count":7,"contactReachability_count":7,"contactSatisfaction_count":6,"autonomy_count":36}}
