{"data":{"satisfaction":6.387900355871886,"comprehension":6.063218390804598,"contact":2.125,"contact_reachability":0.4090909090909091,"contact_satisfaction":6.071428571428571,"autonomy":6.428571428571429},"metadata":{"satisfaction_count":281,"comprehension_count":174,"contact_count":20,"contactReachability_count":22,"contactSatisfaction_count":7,"autonomy_count":126}}
