{"data":{"satisfaction":6.542857142857143,"comprehension":6.223118279569892,"contact":0.9722222222222222,"contact_reachability":0.3333333333333333,"contact_satisfaction":2.9166666666666665,"autonomy":6.486486486486487},"metadata":{"satisfaction_count":350,"comprehension_count":186,"contact_count":18,"contactReachability_count":18,"contactSatisfaction_count":6,"autonomy_count":111}}
