{"data":{"satisfaction":6.753246753246753,"comprehension":6.145833333333333,"contact":0.35714285714285715,"contact_reachability":0.42857142857142855,"contact_satisfaction":0.8333333333333334,"autonomy":5.945945945945946},"metadata":{"satisfaction_count":77,"comprehension_count":48,"contact_count":7,"contactReachability_count":7,"contactSatisfaction_count":3,"autonomy_count":37}}
