{"data":{"satisfaction":5.368916797488226,"comprehension":6.4296875,"contact":0.16666666666666666,"contact_reachability":0.26666666666666666,"contact_satisfaction":0.625,"autonomy":6.0256410256410255},"metadata":{"satisfaction_count":637,"comprehension_count":320,"contact_count":15,"contactReachability_count":15,"contactSatisfaction_count":4,"autonomy_count":78}}
