{"data":{"satisfaction":8.821533203125,"comprehension":8.858666523743166,"contact":3.7116564417177913,"contact_reachability":0.5504252733900364,"contact_satisfaction":6.797752808988764,"autonomy":8.290445653056254},"metadata":{"satisfaction_count":20480,"comprehension_count":18658,"contact_count":815,"contactReachability_count":823,"contactSatisfaction_count":445,"autonomy_count":12319}}
