{"data":{"satisfaction":8.691233190868342,"comprehension":8.911815812337098,"contact":6.102581995812979,"contact_reachability":7.78705636743215,"contact_satisfaction":7.84304932735426,"autonomy":5.482866043613707},"metadata":{"satisfaction_count":9593,"comprehension_count":9208,"contact_count":1433,"autonomy_count":3852}}
