{"data":{"satisfaction":8.803830125024806,"comprehension":8.782130056323604,"contact":6.288142139822325,"contact_reachability":0.7906887264332435,"contact_satisfaction":7.960880195599022,"autonomy":5.636032502101429},"metadata":{"satisfaction_count":10078,"comprehension_count":9765,"contact_count":2589,"contactReachability_count":2599,"contactSatisfaction_count":2045,"autonomy_count":7138}}
