{"data":{"satisfaction":8.839644693782141,"comprehension":8.627427532765713,"contact":6.3012661712083675,"contact_reachability":0.7852294325278306,"contact_satisfaction":8.055066854327938,"autonomy":5.605164596885472},"metadata":{"satisfaction_count":10695,"comprehension_count":10453,"contact_count":3633,"contactReachability_count":3683,"contactSatisfaction_count":2842,"autonomy_count":10146}}
