{"data":{"satisfaction":8.695821564234928,"comprehension":8.889790124708506,"contact":6.071852731591449,"contact_reachability":7.738306690349319,"contact_satisfaction":7.853302611367128,"autonomy":5.462819089900111},"metadata":{"satisfaction_count":10267,"comprehension_count":9863,"contact_count":1684,"autonomy_count":4505}}
