{"data":{"satisfaction":8.79165070854079,"comprehension":8.600196463654225,"contact":5.987687366167023,"contact_reachability":0.7704569606801275,"contact_satisfaction":7.78899721448468,"autonomy":5.583136327817179},"metadata":{"satisfaction_count":2611,"comprehension_count":2545,"contact_count":934,"contactReachability_count":941,"contactSatisfaction_count":718,"autonomy_count":2538}}
