{"data":{"satisfaction":8.839293676982074,"comprehension":8.62445215485756,"contact":6.279454593592798,"contact_reachability":0.7846877449699503,"contact_satisfaction":8.031662715882154,"autonomy":5.593934288121314},"metadata":{"satisfaction_count":11213,"comprehension_count":10952,"contact_count":3777,"contactReachability_count":3827,"contactSatisfaction_count":2953,"autonomy_count":10683}}
