{"data":{"satisfaction":8.90625,"comprehension":8.669339069221744,"contact":6.548329355608592,"contact_reachability":0.7990487514863258,"contact_satisfaction":8.20254110612855,"autonomy":5.669695772421967},"metadata":{"satisfaction_count":2624,"comprehension_count":2557,"contact_count":838,"contactReachability_count":841,"contactSatisfaction_count":669,"autonomy_count":2531}}
