{"data":{"satisfaction":8.672336524750458,"comprehension":9.057377049180328,"contact":6.11317254174397,"autonomy":5.28719723183391},"metadata":{"satisfaction_count":9818,"comprehension_count":9333,"contact_count":539,"autonomy_count":1445}}
