{"data":{"satisfaction":8.842386868595266,"comprehension":8.626218097447795,"contact":6.286348949919224,"contact_reachability":0.7842720510095643,"contact_satisfaction":8.045313576843556,"autonomy":5.59851442719741},"metadata":{"satisfaction_count":11027,"comprehension_count":10775,"contact_count":3714,"contactReachability_count":3764,"contactSatisfaction_count":2902,"autonomy_count":10501}}
