{"data":{"satisfaction":8.664175120128137,"comprehension":9.084590274651058,"contact":6.0997267759562845,"autonomy":5.258964143426295},"metadata":{"satisfaction_count":9365,"comprehension_count":8884,"contact_count":366,"autonomy_count":1004}}
