{"data":{"satisfaction":9.006729081334113,"comprehension":8.776197604790418,"contact":6.2133699633699635,"contact_reachability":0.7992733878292462,"contact_satisfaction":7.789896670493685,"autonomy":5.833080424886191},"metadata":{"satisfaction_count":3418,"comprehension_count":3340,"contact_count":1092,"contactReachability_count":1101,"contactSatisfaction_count":871,"autonomy_count":3295}}
