{"data":{"satisfaction":8.838918008236616,"comprehension":8.626699865926067,"contact":6.3012661712083675,"contact_reachability":0.7852294325278306,"contact_satisfaction":8.055066854327938,"autonomy":5.60126270099635},"metadata":{"satisfaction_count":10684,"comprehension_count":10442,"contact_count":3633,"contactReachability_count":3683,"contactSatisfaction_count":2842,"autonomy_count":10137}}
