{"data":{"satisfaction":8.851446718419195,"comprehension":8.65079365079365,"contact":6.153281096963761,"contact_reachability":0.7824390243902439,"contact_satisfaction":7.87280701754386,"autonomy":5.558375634517766},"metadata":{"satisfaction_count":2834,"comprehension_count":2772,"contact_count":1021,"contactReachability_count":1025,"contactSatisfaction_count":798,"autonomy_count":2758}}
