{"data":{"satisfaction":8.899715793747463,"comprehension":8.665491497304023,"contact":6.544766708701135,"contact_reachability":0.7964824120603015,"contact_satisfaction":8.225039619651348,"autonomy":5.6879194630872485},"metadata":{"satisfaction_count":2463,"comprehension_count":2411,"contact_count":793,"contactReachability_count":796,"contactSatisfaction_count":631,"autonomy_count":2384}}
