{"data":{"satisfaction":8.697339246119734,"comprehension":8.906610703043022,"contact":6.076523994811932,"contact_reachability":7.742561448900388,"contact_satisfaction":7.8541492036881815,"autonomy":5.476076555023924},"metadata":{"satisfaction_count":9922,"comprehension_count":9530,"contact_count":1542,"autonomy_count":4180}}
