{"data":{"satisfaction":8.801001483679526,"comprehension":8.769010043041607,"contact":6.287241500175254,"contact_reachability":0.7902268760907505,"contact_satisfaction":7.965142095914742,"autonomy":5.609849942285495},"metadata":{"satisfaction_count":10784,"comprehension_count":10455,"contact_count":2853,"contactReachability_count":2865,"contactSatisfaction_count":2252,"autonomy_count":7797}}
