{
  "data": {
    "satisfaction": 8.658202911240013,
    "comprehension": 9.096813301004502,
    "contact": 5.859106529209622,
    "autonomy": 5.350318471337579
  },
  "metadata": {
    "satisfaction_count": 9137,
    "comprehension_count": 8661,
    "contact_count": 291,
    "autonomy_count": 785
  }
}
