{"data":{"satisfaction":8.972583380440927,"comprehension":8.785404624277456,"contact":6.133828996282528,"contact_reachability":0.7903970452446907,"contact_satisfaction":7.773851590106007,"autonomy":5.959893836626364},"metadata":{"satisfaction_count":3538,"comprehension_count":3460,"contact_count":1076,"contactReachability_count":1083,"contactSatisfaction_count":849,"autonomy_count":3391}}
