{"data":{"satisfaction":8.671680497925312,"comprehension":9.068300939069665,"contact":6.174636174636174,"autonomy":5.227629513343799},"metadata":{"satisfaction_count":9640,"comprehension_count":9158,"contact_count":481,"autonomy_count":1274}}
