{"data":{"satisfaction":8.977309044423139,"comprehension":8.747532894736842,"contact":6.67953667953668,"contact_reachability":0.8227969348659003,"contact_satisfaction":8.131609870740306,"autonomy":5.728959575878065},"metadata":{"satisfaction_count":3129,"comprehension_count":3040,"contact_count":1036,"contactReachability_count":1044,"contactSatisfaction_count":851,"autonomy_count":3018}}
