{"data":{"satisfaction":8.889653392964652,"comprehension":8.669593223330098,"contact":6.276396685378241,"contact_reachability":0.7916224814422057,"contact_satisfaction":7.94585448392555,"autonomy":5.713271193963604},"metadata":{"satisfaction_count":11627,"comprehension_count":11333,"contact_count":3741,"contactReachability_count":3772,"contactSatisfaction_count":2955,"autonomy_count":11265}}
