{"data":{"satisfaction":9.001143183766791,"comprehension":8.800438596491228,"contact":6.203793774319066,"contact_reachability":0.7990338164251207,"contact_satisfaction":7.777439024390244,"autonomy":5.985096870342772},"metadata":{"satisfaction_count":3499,"comprehension_count":3420,"contact_count":1028,"contactReachability_count":1035,"contactSatisfaction_count":820,"autonomy_count":3355}}
