{"data":{"satisfaction":8.699782844733985,"comprehension":8.866290018832391,"contact":6.083544303797468,"contact_reachability":0.7777217741935484,"contact_satisfaction":7.832464146023468,"autonomy":5.496663489037179},"metadata":{"satisfaction_count":11052,"comprehension_count":10620,"contact_count":1975,"contactReachability_count":1984,"contactSatisfaction_count":1534,"autonomy_count":5245}}
