{"data":{"satisfaction":8.743036211699165,"comprehension":8.510164051355208,"contact":6.132172131147541,"contact_reachability":0.7732379979570991,"contact_satisfaction":7.937665782493369,"autonomy":5.585163845876846},"metadata":{"satisfaction_count":2872,"comprehension_count":2804,"contact_count":976,"contactReachability_count":979,"contactSatisfaction_count":754,"autonomy_count":2777}}
