{"data":{"satisfaction":8.922258592471358,"comprehension":8.689617577993962,"contact":6.260672703751617,"contact_reachability":0.7950102880658436,"contact_satisfaction":7.887059973924381,"autonomy":5.684982906695573},"metadata":{"satisfaction_count":12220,"comprehension_count":11924,"contact_count":3865,"contactReachability_count":3888,"contactSatisfaction_count":3068,"autonomy_count":11993}}
