{"data":{"satisfaction":8.809364548494983,"comprehension":8.596193065941536,"contact":6.15668202764977,"contact_reachability":7.904411764705882,"contact_satisfaction":7.79463243873979,"autonomy":5.437026841018582},"metadata":{"satisfaction_count":2990,"comprehension_count":2942,"contact_count":1085,"autonomy_count":2906}}
