{"data":{"satisfaction":8.790747521657586,"comprehension":8.747237060232086,"contact":6.269655403144864,"contact_reachability":0.7870709763412196,"contact_satisfaction":7.974468085106383,"autonomy":5.612107896985231},"metadata":{"satisfaction_count":11197,"comprehension_count":10858,"contact_count":2989,"contactReachability_count":3001,"contactSatisfaction_count":2350,"autonomy_count":8193}}
