{"data":{"satisfaction":8.695630184098725,"comprehension":8.908257847061302,"contact":6.070026178010472,"contact_reachability":7.7415143603133165,"contact_satisfaction":7.846869712351946,"autonomy":5.481070653484447},"metadata":{"satisfaction_count":9886,"comprehension_count":9494,"contact_count":1528,"autonomy_count":4147}}
