{"data":{"satisfaction":8.837708354127159,"comprehension":8.624527723884407,"contact":6.333924874297545,"contact_reachability":0.7862350539515894,"contact_satisfaction":8.087235649546828,"autonomy":5.608499000736299},"metadata":{"satisfaction_count":10019,"comprehension_count":9793,"contact_count":3381,"contactReachability_count":3429,"contactSatisfaction_count":2648,"autonomy_count":9507}}
