{"data":{"satisfaction":8.806684910086005,"comprehension":8.781766841468334,"contact":6.299019607843137,"contact_reachability":0.7912912912912913,"contact_satisfaction":7.969942748091603,"autonomy":5.6326418464074735},"metadata":{"satisfaction_count":10232,"comprehension_count":9916,"contact_count":2652,"contactReachability_count":2664,"contactSatisfaction_count":2096,"autonomy_count":7279}}
