{"data":{"satisfaction":8.701971114542648,"comprehension":8.869458360903677,"contact":6.086013272077591,"contact_reachability":0.7774390243902439,"contact_satisfaction":7.838593030900723,"autonomy":5.498367582101018},"metadata":{"satisfaction_count":11009,"comprehension_count":10579,"contact_count":1959,"contactReachability_count":1968,"contactSatisfaction_count":1521,"autonomy_count":5207}}
