{"data":{"satisfaction":8.95224171539961,"comprehension":8.732441471571907,"contact":6.645193260654113,"contact_reachability":0.8177339901477833,"contact_satisfaction":8.137135922330097,"autonomy":5.693086003372681},"metadata":{"satisfaction_count":3078,"comprehension_count":2990,"contact_count":1009,"contactReachability_count":1015,"contactSatisfaction_count":824,"autonomy_count":2965}}
