{"data":{"satisfaction":8.67109634551495,"comprehension":9.068579234972677,"contact":6.174636174636174,"autonomy":5.213270142180095},"metadata":{"satisfaction_count":9632,"comprehension_count":9150,"contact_count":481,"autonomy_count":1266}}
