{"data":{"satisfaction":8.81287726358149,"comprehension":8.602315287708546,"contact":6.146703806870938,"contact_reachability":7.87962962962963,"contact_satisfaction":7.806603773584905,"autonomy":5.460503621938599},"metadata":{"satisfaction_count":2982,"comprehension_count":2937,"contact_count":1077,"autonomy_count":2899}}
