{"data":{"satisfaction":8.69791141156291,"comprehension":8.908498791889905,"contact":6.0791015625,"contact_reachability":7.746753246753246,"contact_satisfaction":7.853238015138772,"autonomy":5.479386385426654},"metadata":{"satisfaction_count":9911,"comprehension_count":9519,"contact_count":1536,"autonomy_count":4172}}
