{"data":{"satisfaction":8.98527528809219,"comprehension":8.752060666007253,"contact":6.699614271938284,"contact_reachability":0.8247126436781609,"contact_satisfaction":8.135245901639344,"autonomy":5.727091633466135},"metadata":{"satisfaction_count":3124,"comprehension_count":3033,"contact_count":1037,"contactReachability_count":1044,"contactSatisfaction_count":854,"autonomy_count":3012}}
