{"data":{"satisfaction":8.804347826086957,"comprehension":8.619704902427415,"contact":6.051282051282051,"contact_reachability":0.7745222929936306,"contact_satisfaction":7.827529021558872,"autonomy":5.614871306005719},"metadata":{"satisfaction_count":2162,"comprehension_count":2101,"contact_count":780,"contactReachability_count":785,"contactSatisfaction_count":603,"autonomy_count":2098}}
