{"data":{"satisfaction":8.693969030154848,"comprehension":8.907924047947386,"contact":6.087824351297405,"contact_reachability":7.770404777704048,"contact_satisfaction":7.840616966580977,"autonomy":5.486486486486487},"metadata":{"satisfaction_count":9816,"comprehension_count":9427,"contact_count":1503,"autonomy_count":4070}}
