{"data":{"satisfaction":8.797379032258064,"comprehension":8.77913631633715,"contact":6.268745067087608,"contact_reachability":0.7897012578616353,"contact_satisfaction":7.946473236618309,"autonomy":5.6300958375053645},"metadata":{"satisfaction_count":9920,"comprehension_count":9610,"contact_count":2534,"contactReachability_count":2544,"contactSatisfaction_count":1999,"autonomy_count":6991}}
