{"data":{"satisfaction":8.889909862606109,"comprehension":8.670661639285393,"contact":6.286123227917121,"contact_reachability":0.7925344874222342,"contact_satisfaction":7.948121337469838,"autonomy":5.728348234444144},"metadata":{"satisfaction_count":11427,"comprehension_count":11139,"contact_count":3668,"contactReachability_count":3697,"contactSatisfaction_count":2901,"autonomy_count":11073}}
