{"data":{"satisfaction":8.696211296864181,"comprehension":8.89598352214212,"contact":6.062615669339913,"contact_reachability":7.716923076923077,"contact_satisfaction":7.862,"autonomy":5.462686567164179},"metadata":{"satisfaction_count":10109,"comprehension_count":9710,"contact_count":1621,"autonomy_count":4355}}
