{"data":{"satisfaction":8.819095477386934,"comprehension":8.783261802575108,"contact":6.36986301369863,"contact_reachability":0.8513513513513513,"contact_satisfaction":7.5,"autonomy":8.768558951965066},"metadata":{"satisfaction_count":1194,"comprehension_count":1165,"contact_count":73,"contactReachability_count":74,"contactSatisfaction_count":62,"autonomy_count":1145}}
