{"data":{"satisfaction":8.728813559322035,"comprehension":8.734177215189874,"contact":7.065217391304348,"contact_reachability":0.8478260869565217,"contact_satisfaction":8.333333333333334,"autonomy":8.324607329842932},"metadata":{"satisfaction_count":413,"comprehension_count":395,"contact_count":46,"contactReachability_count":46,"contactSatisfaction_count":39,"autonomy_count":382}}
