{"data":{"satisfaction":8.718633208756007,"comprehension":8.811881188118813,"contact":6.122881355932203,"contact_reachability":0.8016528925619835,"contact_satisfaction":7.6861702127659575,"autonomy":8.744769874476987},"metadata":{"satisfaction_count":1873,"comprehension_count":1818,"contact_count":118,"contactReachability_count":121,"contactSatisfaction_count":94,"autonomy_count":1673}}
