{"data":{"satisfaction":9.074074074074074,"comprehension":8.942161339421613,"contact":6.321138211382114,"contact_reachability":0.8211382113821138,"contact_satisfaction":7.698019801980198,"autonomy":6.449044585987261},"metadata":{"satisfaction_count":702,"comprehension_count":657,"contact_count":123,"contactReachability_count":123,"contactSatisfaction_count":101,"autonomy_count":628}}
