{"data":{"satisfaction":9.071729957805907,"comprehension":8.941441441441441,"contact":6.321138211382114,"contact_reachability":0.8211382113821138,"contact_satisfaction":7.698019801980198,"autonomy":6.430817610062893},"metadata":{"satisfaction_count":711,"comprehension_count":666,"contact_count":123,"contactReachability_count":123,"contactSatisfaction_count":101,"autonomy_count":636}}
