{"data":{"satisfaction":7.63930102209034,"comprehension":7.336293974225009,"contact":5.545112781954887,"contact_reachability":7.185185185185185,"contact_satisfaction":7.7631578947368425,"autonomy":6.573476702508961},"metadata":{"satisfaction_count":3033,"comprehension_count":2871,"contact_count":532,"autonomy_count":2790}}
