{"data":{"satisfaction":7.765731292517007,"comprehension":7.170091324200913,"contact":5.445054945054945,"contact_reachability":0.690631808278867,"contact_satisfaction":7.915335463258786,"autonomy":6.417633410672853},"metadata":{"satisfaction_count":2352,"comprehension_count":2190,"contact_count":455,"contactReachability_count":459,"contactSatisfaction_count":313,"autonomy_count":2155}}
