{"data":{"satisfaction":7.8193938231344715,"comprehension":7.965122278402641,"contact":5.364623739332816,"contact_reachability":0.6992307692307692,"contact_satisfaction":7.700445434298441,"autonomy":6.521602513747054},"metadata":{"satisfaction_count":10426,"comprehension_count":9691,"contact_count":1289,"contactReachability_count":1300,"contactSatisfaction_count":898,"autonomy_count":6365}}
