{"data":{"satisfaction":7.885636280903989,"comprehension":7.540786948176583,"contact":5.335929892891918,"contact_reachability":0.6882239382239382,"contact_satisfaction":7.784090909090909,"autonomy":6.666115975549315},"metadata":{"satisfaction_count":6593,"comprehension_count":6252,"contact_count":1027,"contactReachability_count":1036,"contactSatisfaction_count":704,"autonomy_count":6053}}
