{"data":{"satisfaction":8.169390787518573,"comprehension":9.032668761512623,"contact":5.714285714285714,"contact_reachability":7.54863813229572,"contact_satisfaction":7.619047619047619,"autonomy":6.656346749226006},"metadata":{"satisfaction_count":10095,"comprehension_count":9229,"contact_count":252,"autonomy_count":1292}}
