{"data":{"satisfaction":7.779843808107103,"comprehension":7.499025720966485,"contact":5.476434426229508,"contact_reachability":7.191919191919192,"contact_satisfaction":7.657593123209169,"autonomy":6.6033158107561665},"metadata":{"satisfaction_count":2689,"comprehension_count":2566,"contact_count":488,"autonomy_count":2473}}
