{"data":{"satisfaction":8.114172874966341,"comprehension":8.877590926867423,"contact":5.616438356164384,"contact_reachability":7.432432432432432,"contact_satisfaction":7.592592592592593,"autonomy":6.654867256637168},"metadata":{"satisfaction_count":11141,"comprehension_count":10228,"contact_count":438,"autonomy_count":2260}}
