{"data":{"satisfaction":7.813158618161825,"comprehension":7.946666010046291,"contact":5.345394736842105,"contact_reachability":0.6956521739130435,"contact_satisfaction":7.7136075949367084,"autonomy":6.535688005886682},"metadata":{"satisfaction_count":10913,"comprehension_count":10153,"contact_count":1368,"contactReachability_count":1380,"contactSatisfaction_count":948,"autonomy_count":6795}}
