{"data":{"satisfaction":7.746288798920378,"comprehension":7.410283143107989,"contact":5.38782816229117,"contact_reachability":0.6928487690504103,"contact_satisfaction":7.838541666666667,"autonomy":6.578378992838467},"metadata":{"satisfaction_count":9633,"comprehension_count":9112,"contact_count":1676,"contactReachability_count":1706,"contactSatisfaction_count":1152,"autonomy_count":8797}}
