{"data":{"satisfaction":7.74859287054409,"comprehension":7.404767469034821,"contact":5.434093789607098,"contact_reachability":0.6958955223880597,"contact_satisfaction":7.874196510560147,"autonomy":6.566585956416465},"metadata":{"satisfaction_count":9061,"comprehension_count":8558,"contact_count":1578,"contactReachability_count":1608,"contactSatisfaction_count":1089,"autonomy_count":8260}}
