{"data":{"satisfaction":7.976997146932953,"comprehension":8.570636451301832,"contact":5.542005420054201,"contact_reachability":7.245989304812834,"contact_satisfaction":7.68796992481203,"autonomy":6.606488749345893},"metadata":{"satisfaction_count":11216,"comprehension_count":10370,"contact_count":738,"autonomy_count":3822}}
