{"data":{"satisfaction":7.825185185185185,"comprehension":7.985431731178222,"contact":5.400485436893204,"contact_reachability":0.702485966319166,"contact_satisfaction":7.716763005780347,"autonomy":6.5344742471614286},"metadata":{"satisfaction_count":10125,"comprehension_count":9404,"contact_count":1236,"contactReachability_count":1247,"contactSatisfaction_count":865,"autonomy_count":6077}}
