{"data":{"satisfaction":8.195038494439691,"comprehension":7.771971229489773,"contact":5.162292817679558,"contact_reachability":0.6648351648351648,"contact_satisfaction":7.786458333333333,"autonomy":6.692218350754936},"metadata":{"satisfaction_count":4676,"comprehension_count":4449,"contact_count":724,"contactReachability_count":728,"contactSatisfaction_count":480,"autonomy_count":4305}}
