{"data":{"satisfaction":8.153660886319846,"comprehension":8.984958451667193,"contact":5.737288135593221,"contact_reachability":7.5,"contact_satisfaction":7.693181818181818,"autonomy":6.732610082961072},"metadata":{"satisfaction_count":10380,"comprehension_count":9507,"contact_count":295,"autonomy_count":1567}}
