{"data":{"satisfaction":7.8507098961644415,"comprehension":8.035224153705398,"contact":5.387544802867383,"contact_reachability":0.7045252883762201,"contact_satisfaction":7.678799489144317,"autonomy":6.543685756240822},"metadata":{"satisfaction_count":9438,"comprehension_count":8744,"contact_count":1116,"contactReachability_count":1127,"contactSatisfaction_count":783,"autonomy_count":5448}}
