{"data":{"satisfaction":7.968475625052262,"comprehension":8.46628959276018,"contact":5.495642701525054,"contact_reachability":0.7122844827586207,"contact_satisfaction":7.749615975422427,"autonomy":6.54},"metadata":{"satisfaction_count":11959,"comprehension_count":11050,"contact_count":918,"contactReachability_count":928,"contactSatisfaction_count":651,"autonomy_count":4500}}
