{"data":{"satisfaction":7.744037373985739,"comprehension":7.382226282134934,"contact":5.398648648648648,"contact_reachability":0.6911862160371107,"contact_satisfaction":7.879684418145956,"autonomy":6.497839005942733},"metadata":{"satisfaction_count":8134,"comprehension_count":7663,"contact_count":1480,"contactReachability_count":1509,"contactSatisfaction_count":1014,"autonomy_count":7404}}
