{"data":{"satisfaction":7.97854192853295,"comprehension":8.580759518259518,"contact":5.517832647462277,"contact_reachability":7.222222222222222,"contact_satisfaction":7.676526717557252,"autonomy":6.618589743589744},"metadata":{"satisfaction_count":11138,"comprehension_count":10296,"contact_count":729,"autonomy_count":3744}}
