{
  "data": {
    "satisfaction": 8.180414644905161,
    "comprehension": 9.196092707195728,
    "contact": 5.535714285714286,
    "autonomy": 5.933734939759036
  },
  "metadata": {
    "satisfaction_count": 9068,
    "comprehension_count": 8241,
    "contact_count": 98,
    "autonomy_count": 332
  }
}
