{"data":{"satisfaction":7.732884399551066,"comprehension":7.373526685207257,"contact":5.40443686006826,"contact_reachability":0.6921017402945113,"contact_satisfaction":7.878109452736318,"autonomy":6.5051475634866165},"metadata":{"satisfaction_count":8019,"comprehension_count":7551,"contact_count":1465,"contactReachability_count":1494,"contactSatisfaction_count":1005,"autonomy_count":7285}}
