{"data":{"satisfaction":7.608370702541106,"comprehension":7.350119904076738,"contact":4.984276729559748,"contact_reachability":0.6534446764091858,"contact_satisfaction":7.644694533762058,"autonomy":6.469135802469136},"metadata":{"satisfaction_count":2676,"comprehension_count":2502,"contact_count":477,"contactReachability_count":479,"contactSatisfaction_count":311,"autonomy_count":2430}}
