{"data":{"satisfaction":7.651116951379763,"comprehension":7.351768377253814,"contact":5.522243713733076,"contact_reachability":7.161904761904761,"contact_satisfaction":7.758152173913044,"autonomy":6.617857142857143},"metadata":{"satisfaction_count":3044,"comprehension_count":2884,"contact_count":517,"autonomy_count":2800}}
