{"data":{"satisfaction":7.887558721018336,"comprehension":7.54154682007031,"contact":5.335929892891918,"contact_reachability":0.6882239382239382,"contact_satisfaction":7.784090909090909,"autonomy":6.667216903268406},"metadata":{"satisfaction_count":6599,"comprehension_count":6258,"contact_count":1027,"contactReachability_count":1036,"contactSatisfaction_count":704,"autonomy_count":6058}}
