{"data":{"satisfaction":7.738562785266957,"comprehension":7.4034575662326,"contact":5.393532641854789,"contact_reachability":0.6932294787297784,"contact_satisfaction":7.8438331854480925,"autonomy":6.561411655444625},"metadata":{"satisfaction_count":9421,"comprehension_count":8908,"contact_count":1639,"contactReachability_count":1669,"contactSatisfaction_count":1127,"autonomy_count":8614}}
