{"data":{"satisfaction":8.16501130887993,"comprehension":9.021178241238443,"contact":5.704887218045113,"contact_reachability":7.527675276752768,"contact_satisfaction":7.625628140703518,"autonomy":6.676449009537785},"metadata":{"satisfaction_count":10169,"comprehension_count":9302,"contact_count":266,"autonomy_count":1363}}
