{"data":{"satisfaction":8.280730897009967,"comprehension":7.786596119929453,"contact":6.120689655172414,"contact_reachability":0.8045977011494253,"contact_satisfaction":7.607142857142857,"autonomy":6.853526220614828},"metadata":{"satisfaction_count":602,"comprehension_count":567,"contact_count":87,"contactReachability_count":87,"contactSatisfaction_count":70,"autonomy_count":553}}
