{"data":{"satisfaction":7.742272347535505,"comprehension":7.4064259688638625,"contact":5.377697841726619,"contact_reachability":0.6919905771495878,"contact_satisfaction":7.834061135371179,"autonomy":6.568033816977036},"metadata":{"satisfaction_count":9576,"comprehension_count":9057,"contact_count":1668,"contactReachability_count":1698,"contactSatisfaction_count":1145,"autonomy_count":8753}}
