{"data":{"satisfaction":8.15567000291517,"comprehension":8.998142250530785,"contact":5.709219858156028,"contact_reachability":7.491289198606271,"contact_satisfaction":7.666666666666667,"autonomy":6.720647773279352},"metadata":{"satisfaction_count":10291,"comprehension_count":9420,"contact_count":282,"autonomy_count":1482}}
