{"data":{"satisfaction":8.20754716981132,"comprehension":8.025641025641026,"contact":4.310344827586207,"contact_reachability":0.5862068965517241,"contact_satisfaction":7.352941176470588,"autonomy":6.055555555555555},"metadata":{"satisfaction_count":212,"comprehension_count":195,"contact_count":58,"contactReachability_count":58,"contactSatisfaction_count":34,"autonomy_count":180}}
