{"data":{"satisfaction":8.272450532724505,"comprehension":7.826086956521739,"contact":6.291208791208791,"contact_reachability":0.8131868131868132,"contact_satisfaction":7.736486486486487,"autonomy":6.782752902155887},"metadata":{"satisfaction_count":657,"comprehension_count":621,"contact_count":91,"contactReachability_count":91,"contactSatisfaction_count":74,"autonomy_count":603}}
