{"data":{"satisfaction":7.992754969347947,"comprehension":8.64040373606508,"contact":5.445359281437126,"contact_reachability":7.134416543574594,"contact_satisfaction":7.674050632911392,"autonomy":6.596367896895138},"metadata":{"satisfaction_count":10766,"comprehension_count":9957,"contact_count":668,"autonomy_count":3414}}
