{"data":{"satisfaction":7.760824742268041,"comprehension":7.524816573154942,"contact":5.384078212290503,"contact_reachability":0.6933701657458563,"contact_satisfaction":7.803643724696356,"autonomy":6.622399291722001},"metadata":{"satisfaction_count":2425,"comprehension_count":2317,"contact_count":358,"contactReachability_count":362,"contactSatisfaction_count":247,"autonomy_count":2259}}
