{"data":{"satisfaction":7.799717912552891,"comprehension":7.540401567091087,"contact":5.258620689655173,"contact_reachability":0.678125,"contact_satisfaction":7.766203703703703,"autonomy":6.681749622926094},"metadata":{"satisfaction_count":2127,"comprehension_count":2042,"contact_count":319,"contactReachability_count":320,"contactSatisfaction_count":216,"autonomy_count":1989}}
