{"data":{"satisfaction":9.083469721767594,"comprehension":9.026473099914602,"contact":7.5,"contact_reachability":0.8809523809523809,"contact_satisfaction":8.527397260273972,"autonomy":8.153846153846153},"metadata":{"satisfaction_count":1222,"comprehension_count":1171,"contact_count":83,"contactReachability_count":84,"contactSatisfaction_count":73,"autonomy_count":1170}}
