{"data":{"satisfaction":9.060880829015543,"comprehension":8.829284750337383,"contact":7.466666666666667,"contact_reachability":0.84,"contact_satisfaction":8.88888888888889,"autonomy":8.097826086956522},"metadata":{"satisfaction_count":772,"comprehension_count":741,"contact_count":75,"contactReachability_count":75,"contactSatisfaction_count":63,"autonomy_count":736}}
