{"data":{"satisfaction":8.967722289890377,"comprehension":8.956356736242885,"contact":7.3313492063492065,"contact_reachability":0.8274509803921568,"contact_satisfaction":8.882211538461538,"autonomy":8.142041851616995},"metadata":{"satisfaction_count":3284,"comprehension_count":3162,"contact_count":252,"contactReachability_count":255,"contactSatisfaction_count":208,"autonomy_count":3154}}
