{"data":{"satisfaction":8.970406905055487,"comprehension":8.9592,"contact":7.317813765182186,"contact_reachability":0.828,"contact_satisfaction":8.860294117647058,"autonomy":8.150882825040128},"metadata":{"satisfaction_count":3244,"comprehension_count":3125,"contact_count":247,"contactReachability_count":250,"contactSatisfaction_count":204,"autonomy_count":3115}}
