{"data":{"satisfaction":9.094427244582043,"comprehension":8.880837359098228,"contact":7.421875,"contact_reachability":0.84375,"contact_satisfaction":8.796296296296296,"autonomy":8.087520259319287},"metadata":{"satisfaction_count":646,"comprehension_count":621,"contact_count":64,"contactReachability_count":64,"contactSatisfaction_count":54,"autonomy_count":617}}
