{"data":{"satisfaction":8.881074168797953,"comprehension":8.852074966532799,"contact":7.833333333333333,"contact_reachability":0.8666666666666667,"contact_satisfaction":9.038461538461538,"autonomy":8.202396804260985},"metadata":{"satisfaction_count":782,"comprehension_count":747,"contact_count":60,"contactReachability_count":60,"contactSatisfaction_count":52,"autonomy_count":751}}
