{"data":{"satisfaction":9.088740458015268,"comprehension":9.091576885406464,"contact":7.379518072289157,"contact_reachability":0.8095238095238095,"contact_satisfaction":9.14179104477612,"autonomy":8.153998025666338},"metadata":{"satisfaction_count":1048,"comprehension_count":1021,"contact_count":83,"contactReachability_count":84,"contactSatisfaction_count":67,"autonomy_count":1013}}
