{"data":{"satisfaction":8.794381247845571,"comprehension":9.106970922395533,"contact":7.613065326633166,"contact_reachability":0.89,"contact_satisfaction":8.559322033898304,"autonomy":8.111627906976745},"metadata":{"satisfaction_count":5802,"comprehension_count":5193,"contact_count":199,"contactReachability_count":200,"contactSatisfaction_count":177,"autonomy_count":2150}}
