{"data":{"satisfaction":9.005714285714285,"comprehension":8.98879716981132,"contact":7.368421052631579,"contact_reachability":0.8181818181818182,"contact_satisfaction":9.03225806451613,"autonomy":8.12128418549346},"metadata":{"satisfaction_count":875,"comprehension_count":848,"contact_count":76,"contactReachability_count":77,"contactSatisfaction_count":62,"autonomy_count":841}}
