{"data":{"satisfaction":8.975358702432938,"comprehension":8.965824425008098,"contact":7.365702479338843,"contact_reachability":0.8326530612244898,"contact_satisfaction":8.868159203980099,"autonomy":8.157894736842104},"metadata":{"satisfaction_count":3206,"comprehension_count":3087,"contact_count":242,"contactReachability_count":245,"contactSatisfaction_count":201,"autonomy_count":3078}}
