{"data":{"satisfaction":8.847133757961783,"comprehension":8.843333333333334,"contact":6.721311475409836,"contact_reachability":0.7540983606557377,"contact_satisfaction":8.91304347826087,"autonomy":8.095238095238095},"metadata":{"satisfaction_count":785,"comprehension_count":750,"contact_count":61,"contactReachability_count":61,"contactSatisfaction_count":46,"autonomy_count":756}}
