{"data":{"satisfaction":9,"comprehension":8.862433862433862,"contact":7.532467532467533,"contact_reachability":8.571428571428571,"contact_satisfaction":8.787878787878787,"autonomy":8.141711229946525},"metadata":{"satisfaction_count":790,"comprehension_count":756,"contact_count":77,"autonomy_count":748}}
