{"data":{"satisfaction":9.046791443850267,"comprehension":8.972803347280335,"contact":7.556818181818182,"contact_reachability":0.8621794871794872,"contact_satisfaction":8.783018867924529,"autonomy":8.100574712643677},"metadata":{"satisfaction_count":3740,"comprehension_count":3585,"contact_count":308,"contactReachability_count":312,"contactSatisfaction_count":265,"autonomy_count":3480}}
