{"data":{"satisfaction":9.065196548418024,"comprehension":9.068047337278106,"contact":7.21875,"contact_reachability":0.8024691358024691,"contact_satisfaction":9.0234375,"autonomy":8.197211155378486},"metadata":{"satisfaction_count":1043,"comprehension_count":1014,"contact_count":80,"contactReachability_count":81,"contactSatisfaction_count":64,"autonomy_count":1004}}
