{"data":{"satisfaction":8.803894297635605,"comprehension":8.842743394860658,"contact":6.744897959183674,"contact_reachability":0.7714285714285715,"contact_satisfaction":8.743386243386244,"autonomy":8.050018122508154},"metadata":{"satisfaction_count":2876,"comprehension_count":2763,"contact_count":245,"contactReachability_count":245,"contactSatisfaction_count":189,"autonomy_count":2759}}
