{"data":{"satisfaction":8.700783545543585,"comprehension":9.234774287965777,"contact":7.5675675675675675,"contact_reachability":8.91891891891892,"contact_satisfaction":8.484848484848484,"autonomy":8.106457242582897},"metadata":{"satisfaction_count":10210,"comprehension_count":8883,"contact_count":111,"autonomy_count":1146}}
