{"data":{"satisfaction":8.699960560047328,"comprehension":9.237465970961887,"contact":7.571428571428571,"contact_reachability":8.857142857142858,"contact_satisfaction":8.548387096774194,"autonomy":8.118628359592215},"metadata":{"satisfaction_count":10142,"comprehension_count":8816,"contact_count":105,"autonomy_count":1079}}
