{"data":{"satisfaction":8.816634553628774,"comprehension":9.111824505082932,"contact":7.5548245614035086,"contact_reachability":0.8777292576419214,"contact_satisfaction":8.6125,"autonomy":8.104524180967239},"metadata":{"satisfaction_count":6228,"comprehension_count":5607,"contact_count":228,"contactReachability_count":229,"contactSatisfaction_count":200,"autonomy_count":2564}}
