{"data":{"satisfaction":8.97338403041825,"comprehension":8.960322686862035,"contact":7.340425531914893,"contact_reachability":0.8319327731092437,"contact_satisfaction":8.846153846153847,"autonomy":8.150346191889218},"metadata":{"satisfaction_count":3156,"comprehension_count":3037,"contact_count":235,"contactReachability_count":238,"contactSatisfaction_count":195,"autonomy_count":3033}}
