{"data":{"satisfaction":8.707751564756862,"comprehension":9.228558797524315,"contact":7.518796992481203,"contact_reachability":8.796992481203008,"contact_satisfaction":8.547008547008547,"autonomy":8.099236641221374},"metadata":{"satisfaction_count":10385,"comprehension_count":9048,"contact_count":133,"autonomy_count":1310}}
