{"data":{"satisfaction":9.04590338937817,"comprehension":8.97271714922049,"contact":7.556818181818182,"contact_reachability":0.8621794871794872,"contact_satisfaction":8.783018867924529,"autonomy":8.099197247706423},"metadata":{"satisfaction_count":3747,"comprehension_count":3592,"contact_count":308,"contactReachability_count":312,"contactSatisfaction_count":265,"autonomy_count":3488}}
