{"data":{"satisfaction":8.695587358378056,"comprehension":9.24133196017851,"contact":7.673267326732673,"contact_reachability":9.00990099009901,"contact_satisfaction":8.516483516483516,"autonomy":8.10568295114656},"metadata":{"satisfaction_count":10062,"comprehension_count":8739,"contact_count":101,"autonomy_count":1003}}
