{"data":{"satisfaction":8.696924603174603,"comprehension":9.241178485782802,"contact":7.673267326732673,"contact_reachability":9.00990099009901,"contact_satisfaction":8.516483516483516,"autonomy":8.10969637610186},"metadata":{"satisfaction_count":10080,"comprehension_count":8757,"contact_count":101,"autonomy_count":1021}}
