{"data":{"satisfaction":8.971587399629401,"comprehension":8.962007053542802,"contact":7.377049180327869,"contact_reachability":0.8340080971659919,"contact_satisfaction":8.866995073891626,"autonomy":8.160180122225796},"metadata":{"satisfaction_count":3238,"comprehension_count":3119,"contact_count":244,"contactReachability_count":247,"contactSatisfaction_count":203,"autonomy_count":3109}}
