{"data":{"satisfaction":8.69955599407992,"comprehension":9.238562833465773,"contact":7.621359223300971,"contact_reachability":8.932038834951456,"contact_satisfaction":8.532608695652174,"autonomy":8.14365671641791},"metadata":{"satisfaction_count":10135,"comprehension_count":8809,"contact_count":103,"autonomy_count":1072}}
