{"data":{"satisfaction":8.927392739273927,"comprehension":8.878865979381443,"contact":7.0588235294117645,"contact_reachability":0.803921568627451,"contact_satisfaction":8.78048780487805,"autonomy":8.127147766323024},"metadata":{"satisfaction_count":606,"comprehension_count":582,"contact_count":51,"contactReachability_count":51,"contactSatisfaction_count":41,"autonomy_count":582}}
