{"data":{"satisfaction":8.622598870056498,"comprehension":9.226684730355737,"contact":7.209302325581396,"autonomy":7.9245283018867925},"metadata":{"satisfaction_count":13275,"comprehension_count":11441,"contact_count":43,"autonomy_count":371}}
