{"data":{"satisfaction":8.975214489990467,"comprehension":8.962186261558784,"contact":7.328326180257511,"contact_reachability":0.8305084745762712,"contact_satisfaction":8.847150259067357,"autonomy":8.158068783068783},"metadata":{"satisfaction_count":3147,"comprehension_count":3028,"contact_count":233,"contactReachability_count":236,"contactSatisfaction_count":193,"autonomy_count":3024}}
