{"data":{"satisfaction":8.962319693847512,"comprehension":8.94954128440367,"contact":7.230769230769231,"contact_reachability":0.8174904942965779,"contact_satisfaction":8.867924528301886,"autonomy":8.136684033098376},"metadata":{"satisfaction_count":3397,"comprehension_count":3270,"contact_count":260,"contactReachability_count":263,"contactSatisfaction_count":212,"autonomy_count":3263}}
