{"data":{"satisfaction":9.063164287883389,"comprehension":8.985908803039898,"contact":7.563868613138686,"contact_reachability":0.8727272727272727,"contact_satisfaction":8.671548117154812,"autonomy":8.133420966151824},"metadata":{"satisfaction_count":3293,"comprehension_count":3158,"contact_count":274,"contactReachability_count":275,"contactSatisfaction_count":239,"autonomy_count":3043}}
