{"data":{"satisfaction":9.094827586206897,"comprehension":9.091666666666667,"contact":7.268518518518518,"contact_reachability":0.8518518518518519,"contact_satisfaction":8.532608695652174,"autonomy":8.295964125560538},"metadata":{"satisfaction_count":928,"comprehension_count":900,"contact_count":54,"contactReachability_count":54,"contactSatisfaction_count":46,"autonomy_count":892}}
