{"data":{"satisfaction":8.798944501191691,"comprehension":9.109823294698842,"contact":7.584951456310679,"contact_reachability":0.8840579710144928,"contact_satisfaction":8.585164835164836,"autonomy":8.096309630963097},"metadata":{"satisfaction_count":5874,"comprehension_count":5263,"contact_count":206,"contactReachability_count":207,"contactSatisfaction_count":182,"autonomy_count":2222}}
