{"data":{"satisfaction":9.094993581514762,"comprehension":8.892235609103079,"contact":7.8125,"contact_reachability":8.90625,"contact_satisfaction":8.771929824561404,"autonomy":8.240866035182679},"metadata":{"satisfaction_count":779,"comprehension_count":747,"contact_count":64,"autonomy_count":739}}
