{"data":{"satisfaction":9.089635854341736,"comprehension":9.075772200772201,"contact":7.613636363636363,"contact_reachability":0.8805970149253731,"contact_satisfaction":8.663793103448276,"autonomy":8.27016520894072},"metadata":{"satisfaction_count":1071,"comprehension_count":1036,"contact_count":66,"contactReachability_count":67,"contactSatisfaction_count":58,"autonomy_count":1029}}
