{"data":{"satisfaction":8.970959595959595,"comprehension":8.95785503443752,"contact":7.309322033898305,"contact_reachability":0.8284518828451883,"contact_satisfaction":8.846153846153847,"autonomy":8.147783251231527},"metadata":{"satisfaction_count":3168,"comprehension_count":3049,"contact_count":236,"contactReachability_count":239,"contactSatisfaction_count":195,"autonomy_count":3045}}
