{"data":{"satisfaction":9.012654502648617,"comprehension":8.94503816793893,"contact":7.445255474452555,"contact_reachability":0.8381294964028777,"contact_satisfaction":8.908296943231441,"autonomy":8.117141980987427},"metadata":{"satisfaction_count":3398,"comprehension_count":3275,"contact_count":274,"contactReachability_count":278,"contactSatisfaction_count":229,"autonomy_count":3261}}
