{"data":{"satisfaction":9.073604060913706,"comprehension":8.859416445623342,"contact":7.640845070422535,"contact_reachability":0.8450704225352113,"contact_satisfaction":9.041666666666666,"autonomy":8.170894526034713},"metadata":{"satisfaction_count":788,"comprehension_count":754,"contact_count":71,"contactReachability_count":71,"contactSatisfaction_count":60,"autonomy_count":749}}
