{"data":{"satisfaction":8.99066511085181,"comprehension":9,"contact":7.333333333333333,"contact_reachability":0.8157894736842105,"contact_satisfaction":9.01639344262295,"autonomy":8.094660194174757},"metadata":{"satisfaction_count":857,"comprehension_count":830,"contact_count":75,"contactReachability_count":76,"contactSatisfaction_count":61,"autonomy_count":824}}
