{"data":{"satisfaction":9.093137254901961,"comprehension":8.892445582586427,"contact":7.785714285714286,"contact_reachability":9,"contact_satisfaction":8.65079365079365,"autonomy":8.253557567917206},"metadata":{"satisfaction_count":816,"comprehension_count":781,"contact_count":70,"autonomy_count":773}}
