{"data":{"satisfaction":9.013333333333334,"comprehension":8.945912722802705,"contact":7.435897435897436,"contact_reachability":0.8375451263537906,"contact_satisfaction":8.903508771929825,"autonomy":8.112858464384828},"metadata":{"satisfaction_count":3375,"comprehension_count":3254,"contact_count":273,"contactReachability_count":277,"contactSatisfaction_count":228,"autonomy_count":3243}}
