{"data":{"satisfaction":9.067307692307692,"comprehension":8.835341365461847,"contact":7.2272727272727275,"contact_reachability":0.8181818181818182,"contact_satisfaction":8.833333333333334,"autonomy":8.04040404040404},"metadata":{"satisfaction_count":520,"comprehension_count":498,"contact_count":55,"contactReachability_count":55,"contactSatisfaction_count":45,"autonomy_count":495}}
