{"data":{"satisfaction":8.851091142490372,"comprehension":8.840970350404312,"contact":7.419354838709677,"contact_reachability":0.8225806451612904,"contact_satisfaction":9.019607843137255,"autonomy":8.101604278074866},"metadata":{"satisfaction_count":779,"comprehension_count":742,"contact_count":62,"contactReachability_count":62,"contactSatisfaction_count":51,"autonomy_count":748}}
