{"data":{"satisfaction":8.63408521303258,"comprehension":9.22112267531138,"contact":7.535714285714286,"contact_reachability":9.142857142857142,"contact_satisfaction":8.2421875,"autonomy":7.978395061728395},"metadata":{"satisfaction_count":13566,"comprehension_count":11722,"contact_count":70,"autonomy_count":648}}
