{"data":{"satisfaction":8.635160958400705,"comprehension":9.219892838918183,"contact":7.569444444444445,"contact_reachability":9.166666666666666,"contact_satisfaction":8.257575757575758,"autonomy":8.011695906432749},"metadata":{"satisfaction_count":13606,"comprehension_count":11758,"contact_count":72,"autonomy_count":684}}
