{"data":{"satisfaction":9.094827586206897,"comprehension":9.044897959183674,"contact":7.588235294117647,"contact_reachability":0.8837209302325582,"contact_satisfaction":8.6,"autonomy":8.230958230958231},"metadata":{"satisfaction_count":1276,"comprehension_count":1225,"contact_count":85,"contactReachability_count":86,"contactSatisfaction_count":75,"autonomy_count":1221}}
