{"data":{"satisfaction":8.624887285843101,"comprehension":9.22666259914582,"contact":7,"autonomy":7.985074626865671},"metadata":{"satisfaction_count":13308,"comprehension_count":11473,"contact_count":45,"autonomy_count":402}}
