{"data":{"satisfaction":9.013933547695606,"comprehension":9.026402640264026,"contact":7.203947368421052,"contact_reachability":0.8051948051948052,"contact_satisfaction":8.975409836065573,"autonomy":8.251670378619155},"metadata":{"satisfaction_count":933,"comprehension_count":909,"contact_count":76,"contactReachability_count":77,"contactSatisfaction_count":61,"autonomy_count":898}}
