{"data":{"satisfaction":8.308383233532934,"comprehension":7.481132075471698,"contact":5.517241379310345,"contact_reachability":0.6949152542372882,"contact_satisfaction":8,"autonomy":5.966386554621849},"metadata":{"satisfaction_count":334,"comprehension_count":265,"contact_count":58,"contactReachability_count":59,"contactSatisfaction_count":40,"autonomy_count":238}}
