{"data":{"satisfaction":4.757281553398058,"comprehension":5.051599587203302,"contact":3.4464285714285716,"contact_reachability":0.5714285714285714,"contact_satisfaction":6.03125,"autonomy":6.1951754385964914},"metadata":{"satisfaction_count":1030,"comprehension_count":969,"contact_count":140,"contactReachability_count":140,"contactSatisfaction_count":80,"autonomy_count":912}}
