{"data":{"satisfaction":8.090200445434299,"comprehension":7.473384030418251,"contact":5.515267175572519,"contact_reachability":0.7703703703703704,"contact_satisfaction":7.225,"autonomy":5.083798882681564},"metadata":{"satisfaction_count":1796,"comprehension_count":1315,"contact_count":131,"contactReachability_count":135,"contactSatisfaction_count":100,"autonomy_count":537}}
