{"data":{"satisfaction":8.356353591160222,"comprehension":7.306985294117647,"contact":5.666666666666667,"contact_reachability":0.7051282051282052,"contact_satisfaction":8.173076923076923,"autonomy":5.622489959839357},"metadata":{"satisfaction_count":362,"comprehension_count":272,"contact_count":75,"contactReachability_count":78,"contactSatisfaction_count":52,"autonomy_count":249}}
