{"data":{"satisfaction":5.994079921065614,"comprehension":5.91008174386921,"contact":4.203767123287672,"contact_reachability":0.6506849315068494,"contact_satisfaction":6.4605263157894735,"autonomy":6.211325160537069},"metadata":{"satisfaction_count":2027,"comprehension_count":1835,"contact_count":292,"contactReachability_count":292,"contactSatisfaction_count":190,"autonomy_count":1713}}
