{"data":{"satisfaction":8.482658959537572,"comprehension":7.268339768339768,"contact":5.681818181818182,"contact_reachability":0.7391304347826086,"contact_satisfaction":7.8125,"autonomy":5.3418803418803416},"metadata":{"satisfaction_count":346,"comprehension_count":259,"contact_count":66,"contactReachability_count":69,"contactSatisfaction_count":48,"autonomy_count":234}}
