{"data":{"satisfaction":8.072132848988064,"comprehension":7.7848794740686635,"contact":5.486111111111111,"contact_reachability":8.64864864864865,"contact_satisfaction":6.370967741935484,"autonomy":5.375},"metadata":{"satisfaction_count":1927,"comprehension_count":1369,"contact_count":36,"autonomy_count":160}}
