{"data":{"satisfaction":8.364197530864198,"comprehension":7.276119402985074,"contact":6.298076923076923,"contact_reachability":0.8269230769230769,"contact_satisfaction":7.616279069767442,"autonomy":5.63265306122449},"metadata":{"satisfaction_count":324,"comprehension_count":268,"contact_count":52,"contactReachability_count":52,"contactSatisfaction_count":43,"autonomy_count":245}}
