{"data":{"satisfaction":8.16817864619679,"comprehension":7.376168224299065,"contact":5.487804878048781,"contact_reachability":0.7559523809523809,"contact_satisfaction":7.317073170731708,"autonomy":5.293233082706767},"metadata":{"satisfaction_count":1433,"comprehension_count":1070,"contact_count":164,"contactReachability_count":168,"contactSatisfaction_count":123,"autonomy_count":665}}
