{"data":{"satisfaction":6.004842615012106,"comprehension":5.921966862640299,"contact":4.177740863787376,"contact_reachability":0.6511627906976745,"contact_satisfaction":6.415816326530612,"autonomy":6.212814645308924},"metadata":{"satisfaction_count":2065,"comprehension_count":1871,"contact_count":301,"contactReachability_count":301,"contactSatisfaction_count":196,"autonomy_count":1748}}
