{"data":{"satisfaction":8.155844155844155,"comprehension":7.176656151419558,"contact":5.231481481481482,"contact_reachability":7.818181818181818,"contact_satisfaction":6.726190476190476,"autonomy":5.070422535211268},"metadata":{"satisfaction_count":385,"comprehension_count":317,"contact_count":54,"autonomy_count":284}}
