{"data":{"satisfaction":6,"comprehension":5.915397170837867,"contact":4.203767123287672,"contact_reachability":0.6506849315068494,"contact_satisfaction":6.4605263157894735,"autonomy":6.217948717948718},"metadata":{"satisfaction_count":2030,"comprehension_count":1838,"contact_count":292,"contactReachability_count":292,"contactSatisfaction_count":190,"autonomy_count":1716}}
