{"data":{"satisfaction":8.22654462242563,"comprehension":7.223546234509056,"contact":5.668202764976958,"contact_reachability":0.7747747747747747,"contact_satisfaction":7.365269461077844,"autonomy":5.47008547008547},"metadata":{"satisfaction_count":1311,"comprehension_count":1049,"contact_count":217,"contactReachability_count":222,"contactSatisfaction_count":167,"autonomy_count":936}}
