{"data":{"satisfaction":6.006243996157541,"comprehension":5.928381962864721,"contact":4.199346405228758,"contact_reachability":0.6535947712418301,"contact_satisfaction":6.425,"autonomy":6.206700738216922},"metadata":{"satisfaction_count":2082,"comprehension_count":1885,"contact_count":306,"contactReachability_count":306,"contactSatisfaction_count":200,"autonomy_count":1761}}
