{"data":{"satisfaction":8.16301703163017,"comprehension":7.194940476190476,"contact":5.443548387096774,"contact_reachability":8.095238095238095,"contact_satisfaction":6.75,"autonomy":5.133333333333334},"metadata":{"satisfaction_count":411,"comprehension_count":336,"contact_count":62,"autonomy_count":300}}
