{"data":{"satisfaction":8.32409972299169,"comprehension":7.269372693726937,"contact":5.743243243243243,"contact_reachability":0.7142857142857143,"contact_satisfaction":8.173076923076923,"autonomy":5.627530364372469},"metadata":{"satisfaction_count":361,"comprehension_count":271,"contact_count":74,"contactReachability_count":77,"contactSatisfaction_count":52,"autonomy_count":247}}
