{"data":{"satisfaction":8.086527293844368,"comprehension":7.50594294770206,"contact":5.717391304347826,"contact_reachability":0.811965811965812,"contact_satisfaction":7.06989247311828,"autonomy":5.183673469387755},"metadata":{"satisfaction_count":1722,"comprehension_count":1262,"contact_count":115,"contactReachability_count":117,"contactSatisfaction_count":93,"autonomy_count":490}}
