{"data":{"satisfaction":8.058161350844278,"comprehension":7.540425531914893,"contact":5.393258426966292,"contact_reachability":7.888888888888888,"contact_satisfaction":6.857142857142857,"autonomy":5.085995085995086},"metadata":{"satisfaction_count":1599,"comprehension_count":1175,"contact_count":89,"autonomy_count":407}}
