{"data":{"satisfaction":8.088317495807713,"comprehension":7.473282442748092,"contact":5.60077519379845,"contact_reachability":0.7819548872180451,"contact_satisfaction":7.225,"autonomy":5.093984962406015},"metadata":{"satisfaction_count":1789,"comprehension_count":1310,"contact_count":129,"contactReachability_count":133,"contactSatisfaction_count":100,"autonomy_count":532}}
