{"data":{"satisfaction":8.172937771345875,"comprehension":7.208935018050542,"contact":5.588888888888889,"contact_reachability":0.7652173913043478,"contact_satisfaction":7.353801169590644,"autonomy":5.4757085020242915},"metadata":{"satisfaction_count":1382,"comprehension_count":1108,"contact_count":225,"contactReachability_count":230,"contactSatisfaction_count":171,"autonomy_count":988}}
