{"data":{"satisfaction":8.159746657283604,"comprehension":7.365566037735849,"contact":5.46583850931677,"contact_reachability":0.7515151515151515,"contact_satisfaction":7.333333333333333,"autonomy":5.304878048780488},"metadata":{"satisfaction_count":1421,"comprehension_count":1060,"contact_count":161,"contactReachability_count":165,"contactSatisfaction_count":120,"autonomy_count":656}}
