{"data":{"satisfaction":8.183098591549296,"comprehension":7.194915254237288,"contact":5.980392156862745,"contact_reachability":0.803921568627451,"contact_satisfaction":7.439024390243903,"autonomy":5.6716417910447765},"metadata":{"satisfaction_count":355,"comprehension_count":295,"contact_count":51,"contactReachability_count":51,"contactSatisfaction_count":41,"autonomy_count":268}}
