{"data":{"satisfaction":8.170470756062768,"comprehension":7.356459330143541,"contact":5.51948051948052,"contact_reachability":0.759493670886076,"contact_satisfaction":7.327586206896552,"autonomy":5.296875},"metadata":{"satisfaction_count":1402,"comprehension_count":1045,"contact_count":154,"contactReachability_count":158,"contactSatisfaction_count":116,"autonomy_count":640}}
