{"data":{"satisfaction":4.944707740916272,"comprehension":5.4421487603305785,"contact":3.217821782178218,"contact_reachability":0.6237623762376238,"contact_satisfaction":5.158730158730159,"autonomy":6.280276816608996},"metadata":{"satisfaction_count":633,"comprehension_count":605,"contact_count":101,"contactReachability_count":101,"contactSatisfaction_count":63,"autonomy_count":578}}
