{"data":{"satisfaction":5.764872521246459,"comprehension":6.159090909090909,"contact":3.269230769230769,"contact_reachability":0.6307692307692307,"contact_satisfaction":5.182926829268292,"autonomy":6.051779935275081},"metadata":{"satisfaction_count":353,"comprehension_count":330,"contact_count":65,"contactReachability_count":65,"contactSatisfaction_count":41,"autonomy_count":309}}
