{"data":{"satisfaction":8.058401639344263,"comprehension":7.767792954708843,"contact":5.121951219512195,"contact_reachability":8.095238095238095,"contact_satisfaction":6.363636363636363,"autonomy":5.055555555555555},"metadata":{"satisfaction_count":1952,"comprehension_count":1391,"contact_count":41,"autonomy_count":180}}
