{"data":{"satisfaction":8.066255778120185,"comprehension":7.779178674351585,"contact":5.121951219512195,"contact_reachability":8.095238095238095,"contact_satisfaction":6.363636363636363,"autonomy":5.084745762711864},"metadata":{"satisfaction_count":1947,"comprehension_count":1388,"contact_count":41,"autonomy_count":177}}
