{"data":{"satisfaction":6.003917727717924,"comprehension":5.923472147106544,"contact":4.225589225589226,"contact_reachability":0.6565656565656566,"contact_satisfaction":6.435897435897436,"autonomy":6.2246670526925305},"metadata":{"satisfaction_count":2042,"comprehension_count":1849,"contact_count":297,"contactReachability_count":297,"contactSatisfaction_count":195,"autonomy_count":1727}}
