{"data":{"satisfaction":8.176895306859207,"comprehension":7.211711711711712,"contact":5.588888888888889,"contact_reachability":0.7652173913043478,"contact_satisfaction":7.353801169590644,"autonomy":5.484848484848484},"metadata":{"satisfaction_count":1385,"comprehension_count":1110,"contact_count":225,"contactReachability_count":230,"contactSatisfaction_count":171,"autonomy_count":990}}
