{"data":{"satisfaction":6.0501567398119125,"comprehension":6.397306397306397,"contact":3.3984375,"contact_reachability":0.59375,"contact_satisfaction":5.723684210526316,"autonomy":5.9352517985611515},"metadata":{"satisfaction_count":319,"comprehension_count":297,"contact_count":64,"contactReachability_count":64,"contactSatisfaction_count":38,"autonomy_count":278}}
