{"data":{"satisfaction":8.171487603305785,"comprehension":7.375804967801288,"contact":5.436746987951807,"contact_reachability":0.7588235294117647,"contact_satisfaction":7.22,"autonomy":5.338235294117647},"metadata":{"satisfaction_count":1452,"comprehension_count":1087,"contact_count":166,"contactReachability_count":170,"contactSatisfaction_count":125,"autonomy_count":680}}
