{"data":{"satisfaction":8.154761904761905,"comprehension":7.209302325581396,"contact":5.3515625,"contact_reachability":7.846153846153846,"contact_satisfaction":6.85,"autonomy":5.04885993485342},"metadata":{"satisfaction_count":420,"comprehension_count":344,"contact_count":64,"autonomy_count":307}}
