{"data":{"satisfaction":8.174603174603174,"comprehension":8.454545454545455,"contact":6.071428571428571,"contact_reachability":1,"contact_satisfaction":6.071428571428571,"autonomy":7.448979591836735},"metadata":{"satisfaction_count":126,"comprehension_count":110,"contact_count":7,"contactReachability_count":7,"contactSatisfaction_count":7,"autonomy_count":98}}
