{"data":{"satisfaction":8.926174496644295,"comprehension":8.973880597014926,"contact":5.535714285714286,"contact_reachability":0.7142857142857143,"contact_satisfaction":7.75,"autonomy":7.209302325581396},"metadata":{"satisfaction_count":149,"comprehension_count":134,"contact_count":14,"contactReachability_count":14,"contactSatisfaction_count":10,"autonomy_count":86}}
