{"data":{"satisfaction":8.676470588235293,"comprehension":9.364035087719298,"contact":5,"autonomy":5.454545454545454},"metadata":{"satisfaction_count":136,"comprehension_count":114,"contact_count":2,"autonomy_count":11}}
