{"data":{"satisfaction":8.52914798206278,"comprehension":8.613237639553429,"contact":5.7228260869565215,"contact_reachability":0.7532467532467533,"contact_satisfaction":7.608381502890174,"autonomy":7.840834964122635},"metadata":{"satisfaction_count":3345,"comprehension_count":3135,"contact_count":460,"contactReachability_count":462,"contactSatisfaction_count":346,"autonomy_count":3066}}
