{"data":{"satisfaction":8.521914827479018,"comprehension":8.638524590163934,"contact":6,"contact_reachability":0.788235294117647,"contact_satisfaction":7.611940298507463,"autonomy":8.144946808510639},"metadata":{"satisfaction_count":3217,"comprehension_count":3050,"contact_count":340,"contactReachability_count":340,"contactSatisfaction_count":268,"autonomy_count":3008}}
