{"data":{"satisfaction":8.247368072568364,"comprehension":8.775326914786607,"contact":5.985294117647059,"contact_reachability":0.7947214076246334,"contact_satisfaction":7.537037037037037,"autonomy":7.945261858215866},"metadata":{"satisfaction_count":15103,"comprehension_count":13918,"contact_count":1360,"contactReachability_count":1364,"contactSatisfaction_count":1080,"autonomy_count":9719}}
