{"data":{"satisfaction":8.299078831643753,"comprehension":9.20250532508368,"contact":5.625,"contact_reachability":7.849898580121703,"contact_satisfaction":7.169689119170984,"autonomy":7.804203539823009},"metadata":{"satisfaction_count":21603,"comprehension_count":19718,"contact_count":492,"autonomy_count":3616}}
