{"data":{"satisfaction":8.302680108187854,"comprehension":9.252349065773842,"contact":5.821727019498607,"autonomy":7.773662551440329},"metadata":{"satisfaction_count":20335,"comprehension_count":18518,"contact_count":359,"autonomy_count":2430}}
