{"data":{"satisfaction":8.54247730220493,"comprehension":8.635037748798903,"contact":5.722087378640777,"contact_reachability":0.7820823244552058,"contact_satisfaction":7.321428571428571,"autonomy":7.855153203342619},"metadata":{"satisfaction_count":3084,"comprehension_count":2914,"contact_count":412,"contactReachability_count":413,"contactSatisfaction_count":322,"autonomy_count":2872}}
