{"data":{"satisfaction":8.383854005567585,"comprehension":8.542012620391896,"contact":6.158854166666667,"contact_reachability":0.8155844155844156,"contact_satisfaction":7.555910543130991,"autonomy":7.877246524245507},"metadata":{"satisfaction_count":3233,"comprehension_count":3011,"contact_count":384,"contactReachability_count":385,"contactSatisfaction_count":313,"autonomy_count":2949}}
