{"data":{"satisfaction":8.5328,"comprehension":8.635437881873727,"contact":5.817422434367542,"contact_reachability":0.7828162291169452,"contact_satisfaction":7.4314024390243905,"autonomy":7.8610729023383765},"metadata":{"satisfaction_count":3125,"comprehension_count":2946,"contact_count":419,"contactReachability_count":419,"contactSatisfaction_count":328,"autonomy_count":2908}}
