{"data":{"satisfaction":8.546298902336053,"comprehension":8.67224880382775,"contact":6.398678414096916,"contact_reachability":0.7899343544857768,"contact_satisfaction":8.114525139664805,"autonomy":7.8077622801698},"metadata":{"satisfaction_count":3553,"comprehension_count":3344,"contact_count":454,"contactReachability_count":457,"contactSatisfaction_count":358,"autonomy_count":3298}}
