{"data":{"satisfaction":8.237679565605884,"comprehension":8.781854868843883,"contact":5.977838258164852,"contact_reachability":0.789922480620155,"contact_satisfaction":7.573891625615763,"autonomy":7.902946273830156},"metadata":{"satisfaction_count":14549,"comprehension_count":13381,"contact_count":1286,"contactReachability_count":1290,"contactSatisfaction_count":1015,"autonomy_count":9232}}
