{"data":{"satisfaction":8.30384146616711,"comprehension":9.187994071146244,"contact":5.798548094373865,"contact_reachability":8.007246376811594,"contact_satisfaction":7.244897959183674,"autonomy":7.835151515151515},"metadata":{"satisfaction_count":22153,"comprehension_count":20240,"contact_count":551,"autonomy_count":4125}}
