{"data":{"satisfaction":8.256199400777714,"comprehension":8.767028559574026,"contact":6.016061452513966,"contact_reachability":0.7945682451253482,"contact_satisfaction":7.576956904133685,"autonomy":7.935842433697348},"metadata":{"satisfaction_count":15687,"comprehension_count":14461,"contact_count":1432,"contactReachability_count":1436,"contactSatisfaction_count":1137,"autonomy_count":10256}}
