{"data":{"satisfaction":8.30155899967997,"comprehension":9.194868585732165,"contact":5.668269230769231,"contact_reachability":7.907869481765834,"contact_satisfaction":7.171532846715328,"autonomy":7.83454356846473},"metadata":{"satisfaction_count":21873,"comprehension_count":19975,"contact_count":520,"autonomy_count":3856}}
