{"data":{"satisfaction":8.594456161494426,"comprehension":8.651061776061775,"contact":5.97191011235955,"contact_reachability":0.767337807606264,"contact_satisfaction":7.793255131964809,"autonomy":7.765472312703583},"metadata":{"satisfaction_count":3319,"comprehension_count":3108,"contact_count":445,"contactReachability_count":447,"contactSatisfaction_count":341,"autonomy_count":3070}}
