{"data":{"satisfaction":8.303201696798304,"comprehension":9.267595470692717,"contact":5.7913669064748206,"autonomy":7.813786008230453},"metadata":{"satisfaction_count":19802,"comprehension_count":18016,"contact_count":278,"autonomy_count":1944}}
