{"data":{"satisfaction":8.252973320475732,"comprehension":8.76743618356814,"contact":6.005665722379604,"contact_reachability":0.7930790960451978,"contact_satisfaction":7.578194816800715,"autonomy":7.937697160883281},"metadata":{"satisfaction_count":15555,"comprehension_count":14338,"contact_count":1412,"contactReachability_count":1416,"contactSatisfaction_count":1119,"autonomy_count":10144}}
