{"data":{"satisfaction":8.579626972740316,"comprehension":8.65604731018695,"contact":6.1878453038674035,"contact_reachability":0.7747252747252747,"contact_satisfaction":8,"autonomy":7.784687135639332},"metadata":{"satisfaction_count":2788,"comprehension_count":2621,"contact_count":362,"contactReachability_count":364,"contactSatisfaction_count":280,"autonomy_count":2573}}
