{"data":{"satisfaction":8.239825394787522,"comprehension":9.022360160823869,"contact":6.11219195849546,"contact_reachability":8.111254851228978,"contact_satisfaction":7.54,"autonomy":7.8696785403996525},"metadata":{"satisfaction_count":15578,"comprehension_count":14177,"contact_count":771,"autonomy_count":5755}}
