{"data":{"satisfaction":8.322155411655874,"comprehension":8.4904738641915,"contact":5.423728813559322,"contact_reachability":0.7489451476793249,"contact_satisfaction":7.252124645892351,"autonomy":7.934971456937205},"metadata":{"satisfaction_count":4324,"comprehension_count":4094,"contact_count":472,"contactReachability_count":474,"contactSatisfaction_count":353,"autonomy_count":4029}}
