{"data":{"satisfaction":8.514251061249242,"comprehension":8.629961587708067,"contact":5.972622478386167,"contact_reachability":0.7838616714697406,"contact_satisfaction":7.619485294117647,"autonomy":8.082368082368083},"metadata":{"satisfaction_count":3298,"comprehension_count":3124,"contact_count":347,"contactReachability_count":347,"contactSatisfaction_count":272,"autonomy_count":3108}}
