{"data":{"satisfaction":8.369428750784683,"comprehension":8.601113789377441,"contact":6.142074742268041,"contact_reachability":0.7944162436548223,"contact_satisfaction":7.762622149837133,"autonomy":7.826715415355837},"metadata":{"satisfaction_count":12744,"comprehension_count":12031,"contact_count":1552,"contactReachability_count":1576,"contactSatisfaction_count":1228,"autonomy_count":11761}}
