{"data":{"satisfaction":8.30071817612185,"comprehension":9.236750238019676,"contact":5.799748110831234,"contact_reachability":8.090452261306533,"contact_satisfaction":7.172897196261682,"autonomy":7.813390313390314},"metadata":{"satisfaction_count":20747,"comprehension_count":18906,"contact_count":397,"autonomy_count":2808}}
