{"data":{"satisfaction":8.41148673209742,"comprehension":8.55502116198538,"contact":5.746343085106383,"contact_reachability":0.7698412698412699,"contact_satisfaction":7.47621107266436,"autonomy":7.968372672742853},"metadata":{"satisfaction_count":13755,"comprehension_count":12995,"contact_count":1504,"contactReachability_count":1512,"contactSatisfaction_count":1156,"autonomy_count":12837}}
