{"data":{"satisfaction":8.304799392962154,"comprehension":9.224949300608392,"contact":5.788863109048724,"contact_reachability":8.032407407407407,"contact_satisfaction":7.210982658959537,"autonomy":7.7728285077951},"metadata":{"satisfaction_count":21086,"comprehension_count":19231,"contact_count":431,"autonomy_count":3143}}
