{"data":{"satisfaction":8.465185924631895,"comprehension":8.624405076679006,"contact":6.421370967741935,"contact_reachability":0.8072289156626506,"contact_satisfaction":7.9625,"autonomy":7.908549783549783},"metadata":{"satisfaction_count":4007,"comprehension_count":3782,"contact_count":496,"contactReachability_count":498,"contactSatisfaction_count":400,"autonomy_count":3696}}
