{"data":{"satisfaction":8.358919250844336,"comprehension":8.51039260969977,"contact":6.082278481012659,"contact_reachability":0.8085642317380353,"contact_satisfaction":7.531347962382445,"autonomy":7.852326365475387},"metadata":{"satisfaction_count":3257,"comprehension_count":3031,"contact_count":395,"contactReachability_count":397,"contactSatisfaction_count":319,"autonomy_count":2966}}
