{"data":{"satisfaction":8.413500256241306,"comprehension":8.554853955218098,"contact":5.735887096774194,"contact_reachability":0.768048128342246,"contact_satisfaction":7.480280455740578,"autonomy":7.968505170792855},"metadata":{"satisfaction_count":13659,"comprehension_count":12907,"contact_count":1488,"contactReachability_count":1496,"contactSatisfaction_count":1141,"autonomy_count":12764}}
