{"data":{"satisfaction":8.528295921593424,"comprehension":8.6534620505992,"contact":6.385630498533724,"contact_reachability":0.8279883381924198,"contact_satisfaction":7.721631205673759,"autonomy":8.085250338294994},"metadata":{"satisfaction_count":3163,"comprehension_count":3004,"contact_count":341,"contactReachability_count":343,"contactSatisfaction_count":282,"autonomy_count":2956}}
