{"data":{"satisfaction":8.49809885931559,"comprehension":8.617872624208069,"contact":6.138328530259366,"contact_reachability":0.7988505747126436,"contact_satisfaction":7.689530685920578,"autonomy":8.077183480027083},"metadata":{"satisfaction_count":3156,"comprehension_count":2999,"contact_count":347,"contactReachability_count":348,"contactSatisfaction_count":277,"autonomy_count":2954}}
