{"data":{"satisfaction":8.405056682577566,"comprehension":8.549175802508085,"contact":5.7365003417635,"contact_reachability":0.7668252889191026,"contact_satisfaction":7.493303571428571,"autonomy":8.031546756800257},"metadata":{"satisfaction_count":13408,"comprehension_count":12679,"contact_count":1463,"contactReachability_count":1471,"contactSatisfaction_count":1120,"autonomy_count":12426}}
