{"data":{"satisfaction":8.261531766753698,"comprehension":8.57940161104718,"contact":6.163410301953819,"contact_reachability":8.176991150442477,"contact_satisfaction":7.543478260869565,"autonomy":7.889020070838253},"metadata":{"satisfaction_count":4596,"comprehension_count":4345,"contact_count":563,"autonomy_count":4235}}
