{"data":{"satisfaction":8.603139013452914,"comprehension":8.658536585365853,"contact":6.064981949458484,"contact_reachability":0.7562724014336918,"contact_satisfaction":8.038277511961722,"autonomy":7.810218978102189},"metadata":{"satisfaction_count":2230,"comprehension_count":2091,"contact_count":277,"contactReachability_count":279,"contactSatisfaction_count":209,"autonomy_count":2055}}
