{"data":{"satisfaction":8.574108818011258,"comprehension":8.641716566866268,"contact":6.242774566473988,"contact_reachability":0.7758620689655172,"contact_satisfaction":8.059701492537313,"autonomy":7.782750203417413},"metadata":{"satisfaction_count":2665,"comprehension_count":2505,"contact_count":346,"contactReachability_count":348,"contactSatisfaction_count":268,"autonomy_count":2458}}
