{"data":{"satisfaction":8.081431861000627,"comprehension":8.49756421612046,"contact":5.796847635726795,"contact_reachability":7.98951048951049,"contact_satisfaction":7.258771929824562,"autonomy":7.839794488556749},"metadata":{"satisfaction_count":4777,"comprehension_count":4516,"contact_count":571,"autonomy_count":4282}}
