{"data":{"satisfaction":8.237824386775685,"comprehension":8.790928090409475,"contact":6.061475409836065,"contact_reachability":0.7949346405228758,"contact_satisfaction":7.631578947368421,"autonomy":7.8573046432616085},"metadata":{"satisfaction_count":14065,"comprehension_count":12919,"contact_count":1220,"contactReachability_count":1224,"contactSatisfaction_count":969,"autonomy_count":8830}}
