{"data":{"satisfaction":8.332171083217109,"comprehension":8.501347378735915,"contact":5.530785562632697,"contact_reachability":0.7547568710359408,"contact_satisfaction":7.338028169014085,"autonomy":7.916459472899056},"metadata":{"satisfaction_count":4302,"comprehension_count":4082,"contact_count":471,"contactReachability_count":473,"contactSatisfaction_count":355,"autonomy_count":4022}}
