{"data":{"satisfaction":8.250359806358759,"comprehension":8.770401646324155,"contact":6.0152284263959395,"contact_reachability":0.7968185104844541,"contact_satisfaction":7.554644808743169,"autonomy":7.944388270980789},"metadata":{"satisfaction_count":15286,"comprehension_count":14092,"contact_count":1379,"contactReachability_count":1383,"contactSatisfaction_count":1098,"autonomy_count":9890}}
