{"data":{"satisfaction":8.2660070582304,"comprehension":8.772649572649573,"contact":6.035075653370014,"contact_reachability":0.7949245541838135,"contact_satisfaction":7.597402597402597,"autonomy":7.955965772521873},"metadata":{"satisfaction_count":15868,"comprehension_count":14625,"contact_count":1454,"contactReachability_count":1458,"contactSatisfaction_count":1155,"autonomy_count":10401}}
