{"data":{"satisfaction":8.365864237692474,"comprehension":8.59256565347217,"contact":6.0677555958862675,"contact_reachability":0.7905727923627685,"contact_satisfaction":7.703533026113671,"autonomy":8.083205922587913},"metadata":{"satisfaction_count":13833,"comprehension_count":13061,"contact_count":1653,"contactReachability_count":1676,"contactSatisfaction_count":1302,"autonomy_count":12427}}
