{"data":{"satisfaction":8.602678571428571,"comprehension":8.651832460732985,"contact":6.079136690647482,"contact_reachability":0.7571428571428571,"contact_satisfaction":8.047619047619047,"autonomy":7.814922480620155},"metadata":{"satisfaction_count":2240,"comprehension_count":2101,"contact_count":278,"contactReachability_count":280,"contactSatisfaction_count":210,"autonomy_count":2064}}
