{"data":{"satisfaction":8.357805255023184,"comprehension":8.490180032733225,"contact":5.202702702702703,"contact_reachability":0.717741935483871,"contact_satisfaction":7.264150943396227,"autonomy":8.082959641255606},"metadata":{"satisfaction_count":3882,"comprehension_count":3666,"contact_count":370,"contactReachability_count":372,"contactSatisfaction_count":265,"autonomy_count":3568}}
