{"data":{"satisfaction":8.266580660294377,"comprehension":8.989006043461488,"contact":6.137305699481865,"contact_reachability":0.8026859504132231,"contact_satisfaction":7.651808785529716,"autonomy":7.843192356329914},"metadata":{"satisfaction_count":17053,"comprehension_count":15554,"contact_count":965,"contactReachability_count":968,"contactSatisfaction_count":774,"autonomy_count":7117}}
