{"data":{"satisfaction":8.406561849378994,"comprehension":8.55202158382733,"contact":5.76797385620915,"contact_reachability":0.7724317295188556,"contact_satisfaction":7.478813559322034,"autonomy":7.984878876716556},"metadata":{"satisfaction_count":13929,"comprehension_count":13158,"contact_count":1530,"contactReachability_count":1538,"contactSatisfaction_count":1180,"autonomy_count":12962}}
