{"data":{"satisfaction":8.301563287947554,"comprehension":9.26615674537191,"contact":5.772569444444445,"autonomy":7.791878172588833},"metadata":{"satisfaction_count":19830,"comprehension_count":18042,"contact_count":288,"autonomy_count":1970}}
