{"data":{"satisfaction":8.414385885546256,"comprehension":8.626912045889101,"contact":6.299810246679317,"contact_reachability":8.166351606805293,"contact_satisfaction":7.72093023255814,"autonomy":7.893580668782036},"metadata":{"satisfaction_count":4421,"comprehension_count":4184,"contact_count":527,"autonomy_count":4097}}
