{"data":{"satisfaction":8.256074168797953,"comprehension":8.768123482483524,"contact":6.012658227848101,"contact_reachability":0.7945301542776999,"contact_satisfaction":7.573073516386183,"autonomy":7.936197279577258},"metadata":{"satisfaction_count":15640,"comprehension_count":14415,"contact_count":1422,"contactReachability_count":1426,"contactSatisfaction_count":1129,"autonomy_count":10219}}
