{"data":{"satisfaction":8.271714794190252,"comprehension":8.977329895610614,"contact":6.085558852621167,"contact_reachability":0.7980295566502463,"contact_satisfaction":7.633374689826303,"autonomy":7.85752688172043},"metadata":{"satisfaction_count":17419,"comprehension_count":15902,"contact_count":1011,"contactReachability_count":1015,"contactSatisfaction_count":806,"autonomy_count":7440}}
