{"data":{"satisfaction":8.30751936047964,"comprehension":8.495107114519968,"contact":5.955414012738854,"contact_reachability":0.8016877637130801,"contact_satisfaction":7.440318302387268,"autonomy":7.806503198294243},"metadata":{"satisfaction_count":4003,"comprehension_count":3781,"contact_count":471,"contactReachability_count":474,"contactSatisfaction_count":377,"autonomy_count":3752}}
