{"data":{"satisfaction":8.228237160420385,"comprehension":9.03279761471893,"contact":6.049511854951185,"contact_reachability":8.094575799721836,"contact_satisfaction":7.478448275862069,"autonomy":7.926944078327998},"metadata":{"satisfaction_count":15129,"comprehension_count":13751,"contact_count":717,"autonomy_count":5311}}
