{"data":{"satisfaction":8.247046329483606,"comprehension":8.776112952024205,"contact":6.023738872403561,"contact_reachability":0.7943786982248521,"contact_satisfaction":7.588785046728972,"autonomy":7.943211151264842},"metadata":{"satisfaction_count":15066,"comprehension_count":13882,"contact_count":1348,"contactReachability_count":1352,"contactSatisfaction_count":1070,"autonomy_count":9685}}
