{"data":{"satisfaction":9.338804583462371,"comprehension":9.32664982633407,"contact":5.225,"contact_reachability":0.7722772277227723,"contact_satisfaction":6.785714285714286,"autonomy":9.107255520504731},"metadata":{"satisfaction_count":3229,"comprehension_count":3167,"contact_count":100,"contactReachability_count":101,"contactSatisfaction_count":77,"autonomy_count":3170}}
