{"data":{"satisfaction":8.960674157303371,"comprehension":9.437086092715232,"contact":4.583333333333333,"contact_reachability":6.666666666666666,"contact_satisfaction":6.875,"autonomy":6.666666666666667},"metadata":{"satisfaction_count":178,"comprehension_count":151,"contact_count":6,"autonomy_count":27}}
