{"data":{"satisfaction":8.670886075949367,"comprehension":8.609154929577464,"contact":5.2631578947368425,"contact_reachability":0.5789473684210527,"contact_satisfaction":9.090909090909092,"autonomy":7.163120567375887},"metadata":{"satisfaction_count":158,"comprehension_count":142,"contact_count":19,"contactReachability_count":19,"contactSatisfaction_count":11,"autonomy_count":141}}
