{"data":{"satisfaction":8.78048780487805,"comprehension":8.9375,"contact":3.9285714285714284,"contact_reachability":4.285714285714286,"contact_satisfaction":9.166666666666666,"autonomy":7.6923076923076925},"metadata":{"satisfaction_count":41,"comprehension_count":40,"contact_count":7,"autonomy_count":39}}
