{"data":{"satisfaction":8.666666666666666,"comprehension":8.806818181818182,"contact":3.9285714285714284,"contact_reachability":4.285714285714286,"contact_satisfaction":9.166666666666666,"autonomy":7.906976744186046},"metadata":{"satisfaction_count":45,"comprehension_count":44,"contact_count":7,"autonomy_count":43}}
