{"data":{"satisfaction":8.873626373626374,"comprehension":9.176829268292684,"contact":4.642857142857143,"contact_reachability":5.7142857142857135,"contact_satisfaction":8.125,"autonomy":7.123287671232877},"metadata":{"satisfaction_count":182,"comprehension_count":164,"contact_count":14,"autonomy_count":73}}
