{"data":{"satisfaction":8.509316770186336,"comprehension":8.441558441558442,"contact":5,"contact_reachability":0.5652173913043478,"contact_satisfaction":8.846153846153847,"autonomy":6.97986577181208},"metadata":{"satisfaction_count":161,"comprehension_count":154,"contact_count":23,"contactReachability_count":23,"contactSatisfaction_count":13,"autonomy_count":149}}
