{"data":{"satisfaction":8.98014440433213,"comprehension":8.76536312849162,"contact":4.097222222222222,"contact_reachability":0.5412844036697247,"contact_satisfaction":7.629310344827586,"autonomy":8.76538604998135},"metadata":{"satisfaction_count":2770,"comprehension_count":2685,"contact_count":108,"contactReachability_count":109,"contactSatisfaction_count":58,"autonomy_count":2681}}
