{"data":{"satisfaction":9.112143999052638,"comprehension":9.233030966531123,"contact":3.6732851985559565,"contact_reachability":0.49640287769784175,"contact_satisfaction":7.427007299270073,"autonomy":8.791023842917252},"metadata":{"satisfaction_count":16889,"comprehension_count":15985,"contact_count":277,"contactReachability_count":278,"contactSatisfaction_count":137,"autonomy_count":7130}}
