{"data":{"satisfaction":8.874898456539398,"comprehension":8.722871452420701,"contact":3.2731958762886597,"contact_reachability":0.45918367346938777,"contact_satisfaction":7.215909090909091,"autonomy":8.685092127303182},"metadata":{"satisfaction_count":2462,"comprehension_count":2396,"contact_count":97,"contactReachability_count":98,"contactSatisfaction_count":44,"autonomy_count":2388}}
