{"data":{"satisfaction":8.996506211180124,"comprehension":8.74802371541502,"contact":3.0864197530864197,"contact_reachability":0.4268292682926829,"contact_satisfaction":7.352941176470588,"autonomy":8.742038216560509},"metadata":{"satisfaction_count":2576,"comprehension_count":2530,"contact_count":81,"contactReachability_count":82,"contactSatisfaction_count":34,"autonomy_count":2512}}
