{"data":{"satisfaction":8.907993966817497,"comprehension":8.49825562955915,"contact":3.638211382113821,"contact_reachability":0.488,"contact_satisfaction":7.584745762711864,"autonomy":8.525660964230172},"metadata":{"satisfaction_count":3315,"comprehension_count":3153,"contact_count":123,"contactReachability_count":125,"contactSatisfaction_count":59,"autonomy_count":3215}}
