{"data":{"satisfaction":8.926778440844936,"comprehension":8.692644909887969,"contact":3.575268817204301,"contact_reachability":0.5026455026455027,"contact_satisfaction":7.228260869565218,"autonomy":8.632478632478632},"metadata":{"satisfaction_count":10557,"comprehension_count":10265,"contact_count":372,"contactReachability_count":378,"contactSatisfaction_count":184,"autonomy_count":10296}}
