{"data":{"satisfaction":8.928466581857325,"comprehension":8.694777095702928,"contact":3.624301675977654,"contact_reachability":0.5082417582417582,"contact_satisfaction":7.248603351955308,"autonomy":8.64425489212243},"metadata":{"satisfaction_count":10219,"comprehension_count":9937,"contact_count":358,"contactReachability_count":364,"contactSatisfaction_count":179,"autonomy_count":9965}}
