{"data":{"satisfaction":8.878260869565217,"comprehension":8.583752695902229,"contact":3.404255319148936,"contact_reachability":0.4791666666666667,"contact_satisfaction":7.2727272727272725,"autonomy":8.692833993518185},"metadata":{"satisfaction_count":2875,"comprehension_count":2782,"contact_count":94,"contactReachability_count":96,"contactSatisfaction_count":44,"autonomy_count":2777}}
