{"data":{"satisfaction":8.935987903225806,"comprehension":8.694525093322273,"contact":3.5785714285714287,"contact_reachability":0.5028089887640449,"contact_satisfaction":7.2398843930635834,"autonomy":8.618733237053847},"metadata":{"satisfaction_count":9920,"comprehension_count":9644,"contact_count":350,"contactReachability_count":356,"contactSatisfaction_count":173,"autonomy_count":9694}}
