{"data":{"satisfaction":8.864873519052193,"comprehension":8.497318136104592,"contact":3.7276785714285716,"contact_reachability":0.5087719298245614,"contact_satisfaction":7.455357142857143,"autonomy":8.585187645300564},"metadata":{"satisfaction_count":3123,"comprehension_count":2983,"contact_count":112,"contactReachability_count":114,"contactSatisfaction_count":56,"autonomy_count":3011}}
