{"data":{"satisfaction":9.129538652662488,"comprehension":9.445114595898673,"contact":3.3838383838383836,"contact_reachability":4.5,"contact_satisfaction":7.613636363636363,"autonomy":8.90561880279104},"metadata":{"satisfaction_count":17709,"comprehension_count":16580,"contact_count":99,"autonomy_count":2723}}
