{"data":{"satisfaction":9.017571884984026,"comprehension":8.739845653939886,"contact":2.727272727272727,"contact_reachability":0.38461538461538464,"contact_satisfaction":7.241379310344827,"autonomy":8.702945990180032},"metadata":{"satisfaction_count":2504,"comprehension_count":2462,"contact_count":77,"contactReachability_count":78,"contactSatisfaction_count":29,"autonomy_count":2444}}
