{"data":{"satisfaction":9.034288194444445,"comprehension":8.60515510948905,"contact":3.398876404494382,"contact_reachability":0.449438202247191,"contact_satisfaction":7.5625,"autonomy":8.634321653189577},"metadata":{"satisfaction_count":2304,"comprehension_count":2192,"contact_count":89,"contactReachability_count":89,"contactSatisfaction_count":40,"autonomy_count":2226}}
