{"data":{"satisfaction":9.057626222574676,"comprehension":8.746558370044053,"contact":3.5714285714285716,"contact_reachability":0.4857142857142857,"contact_satisfaction":7.352941176470588,"autonomy":8.605028386050284},"metadata":{"satisfaction_count":3783,"comprehension_count":3632,"contact_count":140,"contactReachability_count":140,"contactSatisfaction_count":68,"autonomy_count":3699}}
