{"data":{"satisfaction":8.971061093247588,"comprehension":8.736702127659575,"contact":2.9430379746835444,"contact_reachability":0.425,"contact_satisfaction":7.045454545454546,"autonomy":8.657331136738057},"metadata":{"satisfaction_count":2488,"comprehension_count":2444,"contact_count":79,"contactReachability_count":80,"contactSatisfaction_count":33,"autonomy_count":2428}}
