{"data":{"satisfaction":9.035564853556485,"comprehension":8.614894551845342,"contact":3.2880434782608696,"contact_reachability":0.43478260869565216,"contact_satisfaction":7.5625,"autonomy":8.634590377113135},"metadata":{"satisfaction_count":2390,"comprehension_count":2276,"contact_count":92,"contactReachability_count":92,"contactSatisfaction_count":40,"autonomy_count":2307}}
