{"data":{"satisfaction":9.02475442043222,"comprehension":8.793361971146053,"contact":3.5294117647058822,"contact_reachability":0.4811529933481153,"contact_satisfaction":7.5,"autonomy":8.835776149233844},"metadata":{"satisfaction_count":12725,"comprehension_count":12338,"contact_count":442,"contactReachability_count":451,"contactSatisfaction_count":208,"autonomy_count":12008}}
