{"data":{"satisfaction":9.129083756200467,"comprehension":9.449031196685352,"contact":3.263157894736842,"contact_reachability":4.375,"contact_satisfaction":7.560975609756097,"autonomy":8.883248730964468},"metadata":{"satisfaction_count":17539,"comprehension_count":16412,"contact_count":95,"autonomy_count":2561}}
