{"data":{"satisfaction":9.03329516427376,"comprehension":8.79899954524784,"contact":3.5705445544554455,"contact_reachability":0.48184019370460046,"contact_satisfaction":7.592105263157895,"autonomy":8.710361356932154},"metadata":{"satisfaction_count":11353,"comprehension_count":10995,"contact_count":404,"contactReachability_count":413,"contactSatisfaction_count":190,"autonomy_count":10848}}
