{"data":{"satisfaction":8.938547486033519,"comprehension":8.531047265987025,"contact":3.826923076923077,"contact_reachability":0.5151515151515151,"contact_satisfaction":7.537878787878788,"autonomy":8.50317508315694},"metadata":{"satisfaction_count":3401,"comprehension_count":3237,"contact_count":130,"contactReachability_count":132,"contactSatisfaction_count":66,"autonomy_count":3307}}
