{"data":{"satisfaction":9.070141329544605,"comprehension":9.048254217340133,"contact":3.6636636636636637,"contact_reachability":0.5,"contact_satisfaction":7.393939393939394,"autonomy":8.662285848392397},"metadata":{"satisfaction_count":13373,"comprehension_count":12745,"contact_count":333,"contactReachability_count":336,"contactSatisfaction_count":165,"autonomy_count":8522}}
