{"data":{"satisfaction":8.890191481047284,"comprehension":8.734393878372936,"contact":3.4466019417475726,"contact_reachability":0.47115384615384615,"contact_satisfaction":7.395833333333333,"autonomy":8.679017317760774},"metadata":{"satisfaction_count":2559,"comprehension_count":2483,"contact_count":103,"contactReachability_count":104,"contactSatisfaction_count":48,"autonomy_count":2483}}
