{"data":{"satisfaction":8.979965084379417,"comprehension":8.703330186250108,"contact":3.631516587677725,"contact_reachability":0.5046511627906977,"contact_satisfaction":7.332535885167464,"autonomy":8.562600524845509},"metadata":{"satisfaction_count":12029,"comprehension_count":11651,"contact_count":422,"contactReachability_count":430,"contactSatisfaction_count":209,"autonomy_count":11813}}
