{"data":{"satisfaction":9.122443432764829,"comprehension":9.326101013003807,"contact":3.6294416243654823,"contact_reachability":4.94949494949495,"contact_satisfaction":7.371134020618556,"autonomy":8.880031885213233},"metadata":{"satisfaction_count":14717,"comprehension_count":13919,"contact_count":197,"autonomy_count":5018}}
