{"data":{"satisfaction":9.067022086824068,"comprehension":8.763206550449024,"contact":3.825503355704698,"contact_reachability":0.5234899328859061,"contact_satisfaction":7.3076923076923075,"autonomy":8.641233342043376},"metadata":{"satisfaction_count":3939,"comprehension_count":3786,"contact_count":149,"contactReachability_count":149,"contactSatisfaction_count":78,"autonomy_count":3827}}
