{"data":{"satisfaction":8.934426229508198,"comprehension":8.760306242638398,"contact":4.042056074766355,"contact_reachability":0.5412844036697247,"contact_satisfaction":7.587719298245614,"autonomy":8.73820754716981},"metadata":{"satisfaction_count":2623,"comprehension_count":2547,"contact_count":107,"contactReachability_count":109,"contactSatisfaction_count":57,"autonomy_count":2544}}
