{"data":{"satisfaction":8.981641842743333,"comprehension":8.721033868092691,"contact":3.9018691588785046,"contact_reachability":0.5514018691588785,"contact_satisfaction":7.076271186440678,"autonomy":8.732142857142858},"metadata":{"satisfaction_count":2887,"comprehension_count":2805,"contact_count":107,"contactReachability_count":107,"contactSatisfaction_count":59,"autonomy_count":2800}}
