{"data":{"satisfaction":9.07726843100189,"comprehension":8.808855818492315,"contact":4.036144578313253,"contact_reachability":0.5481927710843374,"contact_satisfaction":7.362637362637362,"autonomy":8.73686782311263},"metadata":{"satisfaction_count":4232,"comprehension_count":4099,"contact_count":166,"contactReachability_count":166,"contactSatisfaction_count":91,"autonomy_count":4093}}
