{"data":{"satisfaction":8.866956792042275,"comprehension":8.475350963108063,"contact":3.4873949579831933,"contact_reachability":0.48760330578512395,"contact_satisfaction":7.280701754385965,"autonomy":8.51923076923077},"metadata":{"satisfaction_count":3217,"comprehension_count":3063,"contact_count":119,"contactReachability_count":121,"contactSatisfaction_count":57,"autonomy_count":3120}}
