{"data":{"satisfaction":9.034808766652342,"comprehension":8.801454932576295,"contact":3.5679611650485437,"contact_reachability":0.4821852731591449,"contact_satisfaction":7.577319587628866,"autonomy":8.695496142113763},"metadata":{"satisfaction_count":11635,"comprehension_count":11272,"contact_count":412,"contactReachability_count":421,"contactSatisfaction_count":194,"autonomy_count":11146}}
