{"data":{"satisfaction":9.061857084076259,"comprehension":9.021466006174169,"contact":3.6065573770491803,"contact_reachability":0.4932249322493225,"contact_satisfaction":7.374301675977653,"autonomy":8.682338385400557},"metadata":{"satisfaction_count":14582,"comprehension_count":13929,"contact_count":366,"contactReachability_count":369,"contactSatisfaction_count":179,"autonomy_count":9699}}
