{"data":{"satisfaction":8.98066414459857,"comprehension":8.704539536498569,"contact":3.6566265060240966,"contact_reachability":0.508274231678487,"contact_satisfaction":7.330917874396135,"autonomy":8.516216906444198},"metadata":{"satisfaction_count":11895,"comprehension_count":11521,"contact_count":415,"contactReachability_count":423,"contactSatisfaction_count":207,"autonomy_count":11747}}
