{"data":{"satisfaction":8.978494623655914,"comprehension":8.765272121436505,"contact":3.919491525423729,"contact_reachability":0.5126050420168067,"contact_satisfaction":7.708333333333333,"autonomy":8.748611625323955},"metadata":{"satisfaction_count":2790,"comprehension_count":2701,"contact_count":118,"contactReachability_count":119,"contactSatisfaction_count":60,"autonomy_count":2701}}
