{"data":{"satisfaction":9.128110810966147,"comprehension":9.453456221198156,"contact":3.297872340425532,"contact_reachability":4.421052631578947,"contact_satisfaction":7.560975609756097,"autonomy":8.869636963696369},"metadata":{"satisfaction_count":17399,"comprehension_count":16275,"contact_count":94,"autonomy_count":2424}}
