{"data":{"satisfaction":9.10381861575179,"comprehension":8.87831532416503,"contact":4.150943396226415,"contact_reachability":5.534591194968553,"contact_satisfaction":7.5,"autonomy":8.832134887180759},"metadata":{"satisfaction_count":4190,"comprehension_count":4072,"contact_count":159,"autonomy_count":4033}}
