{"data":{"satisfaction":9.117793549993774,"comprehension":9.27063465965143,"contact":3.674089068825911,"contact_reachability":4.959677419354839,"contact_satisfaction":7.438524590163935,"autonomy":8.862085383272497},"metadata":{"satisfaction_count":16062,"comprehension_count":15205,"contact_count":247,"autonomy_count":6301}}
