{"data":{"satisfaction":9.129608294930875,"comprehension":9.455136100504989,"contact":3.252688172043011,"contact_reachability":4.361702127659575,"contact_satisfaction":7.5625,"autonomy":8.881441139505656},"metadata":{"satisfaction_count":17360,"comprehension_count":16238,"contact_count":93,"autonomy_count":2387}}
