{"data":{"satisfaction":8.943634969325153,"comprehension":8.69182635901447,"contact":2.7586206896551726,"contact_reachability":0.3977272727272727,"contact_satisfaction":7.0588235294117645,"autonomy":8.68555686737505},"metadata":{"satisfaction_count":2608,"comprehension_count":2557,"contact_count":87,"contactReachability_count":88,"contactSatisfaction_count":34,"autonomy_count":2541}}
