{"data":{"satisfaction":9.060649819494586,"comprehension":9.033906001665027,"contact":3.6482558139534884,"contact_reachability":0.49855907780979825,"contact_satisfaction":7.382352941176471,"autonomy":8.674832962138085},"metadata":{"satisfaction_count":13850,"comprehension_count":13213,"contact_count":344,"contactReachability_count":347,"contactSatisfaction_count":170,"autonomy_count":8980}}
