{"data":{"satisfaction":9.003523884103368,"comprehension":8.766932270916335,"contact":2.962962962962963,"contact_reachability":0.4024390243902439,"contact_satisfaction":7.5,"autonomy":8.738955823293173},"metadata":{"satisfaction_count":2554,"comprehension_count":2510,"contact_count":81,"contactReachability_count":82,"contactSatisfaction_count":32,"autonomy_count":2490}}
