{"data":{"satisfaction":9.090083073727934,"comprehension":8.958944281524927,"contact":3.971631205673759,"contact_reachability":5.492957746478874,"contact_satisfaction":7.2727272727272725,"autonomy":8.815013404825738},"metadata":{"satisfaction_count":3852,"comprehension_count":3751,"contact_count":141,"autonomy_count":3730}}
