{"data":{"satisfaction":9.138844727080022,"comprehension":9.020021792427132,"contact":3.4854014598540144,"contact_reachability":4.63768115942029,"contact_satisfaction":7.579365079365079,"autonomy":8.835479256080115},"metadata":{"satisfaction_count":3774,"comprehension_count":3671,"contact_count":137,"autonomy_count":3495}}
