{"data":{"satisfaction":9.074210139603233,"comprehension":8.780503304524657,"contact":3.8364779874213837,"contact_reachability":0.5220125786163522,"contact_satisfaction":7.349397590361446,"autonomy":8.652195860676427},"metadata":{"satisfaction_count":4083,"comprehension_count":3934,"contact_count":159,"contactReachability_count":159,"contactSatisfaction_count":83,"autonomy_count":3962}}
