{"data":{"satisfaction":8.904428904428904,"comprehension":8.741974317817014,"contact":3.485576923076923,"contact_reachability":0.4811320754716981,"contact_satisfaction":7.3979591836734695,"autonomy":8.692338547934217},"metadata":{"satisfaction_count":2574,"comprehension_count":2492,"contact_count":104,"contactReachability_count":106,"contactSatisfaction_count":49,"autonomy_count":2493}}
