{"data":{"satisfaction":9.06734981807381,"comprehension":9.044243651659137,"contact":3.6526946107784433,"contact_reachability":0.49851632047477745,"contact_satisfaction":7.393939393939394,"autonomy":8.671702498547356},"metadata":{"satisfaction_count":13467,"comprehension_count":12838,"contact_count":334,"contactReachability_count":337,"contactSatisfaction_count":165,"autonomy_count":8605}}
