{"data":{"satisfaction":8.971019809244314,"comprehension":8.763715474839199,"contact":3.9814814814814814,"contact_reachability":0.5363636363636364,"contact_satisfaction":7.543859649122807,"autonomy":8.757575757575758},"metadata":{"satisfaction_count":2726,"comprehension_count":2643,"contact_count":108,"contactReachability_count":110,"contactSatisfaction_count":57,"autonomy_count":2640}}
