{"data":{"satisfaction":9.09307307783861,"comprehension":8.830714461085195,"contact":3.96875,"contact_reachability":0.5375,"contact_satisfaction":7.383720930232558,"autonomy":8.756145526057031},"metadata":{"satisfaction_count":4201,"comprehension_count":4073,"contact_count":160,"contactReachability_count":160,"contactSatisfaction_count":86,"autonomy_count":4068}}
