{"data":{"satisfaction":9.12721159675908,"comprehension":9.42736198483156,"contact":3.638211382113821,"contact_reachability":4.838709677419355,"contact_satisfaction":7.584745762711864,"autonomy":8.844205193160228},"metadata":{"satisfaction_count":18143,"comprehension_count":17009,"contact_count":123,"autonomy_count":3158}}
