{"data":{"satisfaction":7.888086642599278,"comprehension":6.703703703703703,"contact":3.3333333333333335,"contact_reachability":0.6666666666666666,"contact_satisfaction":5,"autonomy":6.582278481012659},"metadata":{"satisfaction_count":277,"comprehension_count":135,"contact_count":9,"contactReachability_count":9,"contactSatisfaction_count":6,"autonomy_count":79}}
