{"data":{"satisfaction":8.125,"comprehension":6.908783783783784,"contact":4.423076923076923,"contact_reachability":0.7333333333333333,"contact_satisfaction":6.388888888888889,"autonomy":6.018518518518518},"metadata":{"satisfaction_count":256,"comprehension_count":148,"contact_count":13,"contactReachability_count":15,"contactSatisfaction_count":9,"autonomy_count":108}}
