{"data":{"satisfaction":8.219178082191782,"comprehension":7.022900763358779,"contact":3.9583333333333335,"contact_reachability":0.7142857142857143,"contact_satisfaction":5.9375,"autonomy":6.021505376344086},"metadata":{"satisfaction_count":219,"comprehension_count":131,"contact_count":12,"contactReachability_count":14,"contactSatisfaction_count":8,"autonomy_count":93}}
