{"data":{"satisfaction":8.205128205128204,"comprehension":7.047101449275362,"contact":3.9583333333333335,"contact_reachability":0.7142857142857143,"contact_satisfaction":5.9375,"autonomy":5.918367346938775},"metadata":{"satisfaction_count":234,"comprehension_count":138,"contact_count":12,"contactReachability_count":14,"contactSatisfaction_count":8,"autonomy_count":98}}
