{"data":{"satisfaction":8.981132075471699,"comprehension":8.816300129366105,"contact":6.607142857142857,"contact_reachability":0.8214285714285714,"contact_satisfaction":8.043478260869565,"autonomy":8.353096179183135},"metadata":{"satisfaction_count":795,"comprehension_count":773,"contact_count":56,"contactReachability_count":56,"contactSatisfaction_count":46,"autonomy_count":759}}
