{"data":{"satisfaction":8.814792680997662,"comprehension":9.288496195434522,"contact":5.688044831880449,"autonomy":7.682232346241458},"metadata":{"satisfaction_count":56893,"comprehension_count":49940,"contact_count":803,"autonomy_count":5268}}
