{"data":{"satisfaction":8.44731977818854,"comprehension":8.424591738712776,"contact":5.482954545454546,"contact_reachability":0.7246049661399548,"contact_satisfaction":7.586477987421383,"autonomy":5.8777506112469435},"metadata":{"satisfaction_count":2164,"comprehension_count":2082,"contact_count":440,"contactReachability_count":443,"contactSatisfaction_count":318,"autonomy_count":2045}}
