{"data":{"satisfaction":8.438661710037175,"comprehension":8.258157389635317,"contact":5.379310344827586,"contact_reachability":0.7103448275862069,"contact_satisfaction":7.572815533980583,"autonomy":5.633528265107213},"metadata":{"satisfaction_count":538,"comprehension_count":521,"contact_count":145,"contactReachability_count":145,"contactSatisfaction_count":103,"autonomy_count":513}}
