{"data":{"satisfaction":8.424242424242424,"comprehension":8.390261627906977,"contact":5.552685950413223,"contact_reachability":0.7122448979591837,"contact_satisfaction":7.835276967930029,"autonomy":5.680356259277585},"metadata":{"satisfaction_count":2145,"comprehension_count":2064,"contact_count":484,"contactReachability_count":490,"contactSatisfaction_count":343,"autonomy_count":2021}}
