{"data":{"satisfaction":8.434476693051892,"comprehension":8.417085427135678,"contact":5.441810344827586,"contact_reachability":0.721627408993576,"contact_satisfaction":7.559880239520958,"autonomy":5.839144583914458},"metadata":{"satisfaction_count":2274,"comprehension_count":2189,"contact_count":464,"contactReachability_count":467,"contactSatisfaction_count":334,"autonomy_count":2151}}
