{"data":{"satisfaction":8.36687306501548,"comprehension":8.29454253611557,"contact":5.154494382022472,"contact_reachability":0.6910112359550562,"contact_satisfaction":7.459349593495935,"autonomy":5.470779220779221},"metadata":{"satisfaction_count":646,"comprehension_count":623,"contact_count":178,"contactReachability_count":178,"contactSatisfaction_count":123,"autonomy_count":616}}
