{"data":{"satisfaction":8.34061135371179,"comprehension":8.571278825995806,"contact":5.427553444180522,"contact_reachability":0.7078384798099763,"contact_satisfaction":7.667785234899329,"autonomy":5.690255220417633},"metadata":{"satisfaction_count":2519,"comprehension_count":2385,"contact_count":421,"contactReachability_count":421,"contactSatisfaction_count":298,"autonomy_count":1724}}
