{"data":{"satisfaction":8.377777777777778,"comprehension":8.297045101088647,"contact":5.64625850340136,"contact_reachability":0.7278911564625851,"contact_satisfaction":7.757009345794392,"autonomy":5.647425897035881},"metadata":{"satisfaction_count":675,"comprehension_count":643,"contact_count":147,"contactReachability_count":147,"contactSatisfaction_count":107,"autonomy_count":641}}
