{"data":{"satisfaction":8.339760894716544,"comprehension":8.55107855107855,"contact":5.387243735763098,"contact_reachability":0.7061503416856492,"contact_satisfaction":7.629032258064516,"autonomy":5.695991091314031},"metadata":{"satisfaction_count":2593,"comprehension_count":2457,"contact_count":439,"contactReachability_count":439,"contactSatisfaction_count":310,"autonomy_count":1796}}
