{"data":{"satisfaction":8.436254980079681,"comprehension":8.239219712525667,"contact":5.48828125,"contact_reachability":0.7265625,"contact_satisfaction":7.553763440860215,"autonomy":5.666666666666667},"metadata":{"satisfaction_count":502,"comprehension_count":487,"contact_count":128,"contactReachability_count":128,"contactSatisfaction_count":93,"autonomy_count":480}}
