{"data":{"satisfaction":8.317083509961849,"comprehension":8.836678832116789,"contact":5.454545454545454,"contact_reachability":7.033492822966507,"contact_satisfaction":7.755102040816326,"autonomy":5.570890840652447},"metadata":{"satisfaction_count":2359,"comprehension_count":2192,"contact_count":209,"autonomy_count":797}}
