{"data":{"satisfaction":8.24551131928181,"comprehension":8.886518771331058,"contact":5.698529411764706,"contact_reachability":7.352941176470589,"contact_satisfaction":7.75,"autonomy":5.682539682539683},"metadata":{"satisfaction_count":2562,"comprehension_count":2344,"contact_count":68,"autonomy_count":315}}
