{"data":{"satisfaction":8.320659062103928,"comprehension":8.83530482256597,"contact":5.462085308056872,"contact_reachability":7.061611374407582,"contact_satisfaction":7.73489932885906,"autonomy":5.5417185554171855},"metadata":{"satisfaction_count":2367,"comprehension_count":2198,"contact_count":211,"autonomy_count":803}}
