{"data":{"satisfaction":8.314369995785926,"comprehension":8.828266787658801,"contact":5.462085308056872,"contact_reachability":7.061611374407582,"contact_satisfaction":7.73489932885906,"autonomy":5.53770086526576},"metadata":{"satisfaction_count":2373,"comprehension_count":2204,"contact_count":211,"autonomy_count":809}}
