{"data":{"satisfaction":8.339236521054703,"comprehension":8.565045719035744,"contact":5.416666666666667,"contact_reachability":0.7065727699530516,"contact_satisfaction":7.666112956810632,"autonomy":5.696275071633238},"metadata":{"satisfaction_count":2541,"comprehension_count":2406,"contact_count":426,"contactReachability_count":426,"contactSatisfaction_count":301,"autonomy_count":1745}}
