{"data":{"satisfaction":8.432666060054595,"comprehension":8.396739130434783,"contact":5.576923076923077,"contact_reachability":0.712,"contact_satisfaction":7.871428571428571,"autonomy":5.70738773539353},"metadata":{"satisfaction_count":2198,"comprehension_count":2116,"contact_count":494,"contactReachability_count":500,"contactSatisfaction_count":350,"autonomy_count":2071}}
