{"data":{"satisfaction":8.424295774647888,"comprehension":8.316605839416058,"contact":5.170940170940171,"contact_reachability":0.717948717948718,"contact_satisfaction":7.2023809523809526,"autonomy":5.764925373134329},"metadata":{"satisfaction_count":568,"comprehension_count":548,"contact_count":117,"contactReachability_count":117,"contactSatisfaction_count":84,"autonomy_count":536}}
