{"data":{"satisfaction":8.557168784029038,"comprehension":8.50563909774436,"contact":5.949074074074074,"contact_reachability":0.7363636363636363,"contact_satisfaction":8.132911392405063,"autonomy":5.8687258687258685},"metadata":{"satisfaction_count":551,"comprehension_count":532,"contact_count":108,"contactReachability_count":110,"contactSatisfaction_count":79,"autonomy_count":518}}
