{"data":{"satisfaction":8.42529296875,"comprehension":8.397110998479473,"contact":5.488197424892704,"contact_reachability":0.7124463519313304,"contact_satisfaction":7.703313253012048,"autonomy":5.683229813664596},"metadata":{"satisfaction_count":2048,"comprehension_count":1973,"contact_count":466,"contactReachability_count":466,"contactSatisfaction_count":332,"autonomy_count":1932}}
