{"data":{"satisfaction":8.28804347826087,"comprehension":8.236940298507463,"contact":5.304347826086956,"contact_reachability":0.7391304347826086,"contact_satisfaction":7.176470588235294,"autonomy":5.744274809160306},"metadata":{"satisfaction_count":552,"comprehension_count":536,"contact_count":115,"contactReachability_count":115,"contactSatisfaction_count":85,"autonomy_count":524}}
