{"data":{"satisfaction":8.267790262172285,"comprehension":8.289728682170542,"contact":5.107758620689655,"contact_reachability":0.7155172413793104,"contact_satisfaction":7.13855421686747,"autonomy":5.573122529644269},"metadata":{"satisfaction_count":534,"comprehension_count":516,"contact_count":116,"contactReachability_count":116,"contactSatisfaction_count":83,"autonomy_count":506}}
