{"data":{"satisfaction":8.426797945205479,"comprehension":8.403426791277258,"contact":5.526061776061776,"contact_reachability":0.7099236641221374,"contact_satisfaction":7.8210382513661205,"autonomy":5.716886663632226},"metadata":{"satisfaction_count":2336,"comprehension_count":2247,"contact_count":518,"contactReachability_count":524,"contactSatisfaction_count":366,"autonomy_count":2197}}
