{"data":{"satisfaction":8.381344307270233,"comprehension":8.617433414043584,"contact":5.433526011560693,"contact_reachability":0.708092485549133,"contact_satisfaction":7.673469387755102,"autonomy":5.746799431009958},"metadata":{"satisfaction_count":2187,"comprehension_count":2065,"contact_count":346,"contactReachability_count":346,"contactSatisfaction_count":245,"autonomy_count":1406}}
