{"data":{"satisfaction":8.429319371727749,"comprehension":8.465703971119133,"contact":5.5078125,"contact_reachability":7.109375,"contact_satisfaction":7.747252747252747,"autonomy":5.6679389312977095},"metadata":{"satisfaction_count":573,"comprehension_count":554,"contact_count":128,"autonomy_count":524}}
