{"data":{"satisfaction":8.377001455604075,"comprehension":8.337155963302752,"contact":5.6506849315068495,"contact_reachability":0.726027397260274,"contact_satisfaction":7.783018867924528,"autonomy":5.659509202453988},"metadata":{"satisfaction_count":687,"comprehension_count":654,"contact_count":146,"contactReachability_count":146,"contactSatisfaction_count":106,"autonomy_count":652}}
