{"data":{"satisfaction":8.464516129032258,"comprehension":8.418458781362007,"contact":5.501988071570577,"contact_reachability":0.7165354330708661,"contact_satisfaction":7.70891364902507,"autonomy":5.829922692132787},"metadata":{"satisfaction_count":2325,"comprehension_count":2232,"contact_count":503,"contactReachability_count":508,"contactSatisfaction_count":359,"autonomy_count":2199}}
