{"data":{"satisfaction":8.255636224684753,"comprehension":8.884021693783897,"contact":5.6645569620253164,"contact_reachability":7.215189873417721,"contact_satisfaction":7.850877192982456,"autonomy":5.679347826086956},"metadata":{"satisfaction_count":2617,"comprehension_count":2397,"contact_count":79,"autonomy_count":368}}
