{"data":{"satisfaction":8.399668325041459,"comprehension":8.389175257731958,"contact":5.83955223880597,"contact_reachability":0.7299270072992701,"contact_satisfaction":8.06701030927835,"autonomy":5.538194444444445},"metadata":{"satisfaction_count":603,"comprehension_count":582,"contact_count":134,"contactReachability_count":137,"contactSatisfaction_count":97,"autonomy_count":576}}
