{"data":{"satisfaction":8.55045871559633,"comprehension":8.476190476190476,"contact":5.966981132075472,"contact_reachability":0.7407407407407407,"contact_satisfaction":8.10897435897436,"autonomy":5.851272015655577},"metadata":{"satisfaction_count":545,"comprehension_count":525,"contact_count":106,"contactReachability_count":108,"contactSatisfaction_count":78,"autonomy_count":511}}
