{"data":{"satisfaction":8.327305605786618,"comprehension":8.24766355140187,"contact":5.32051282051282,"contact_reachability":0.7435897435897436,"contact_satisfaction":7.155172413793103,"autonomy":5.763358778625954},"metadata":{"satisfaction_count":553,"comprehension_count":535,"contact_count":117,"contactReachability_count":117,"contactSatisfaction_count":87,"autonomy_count":524}}
