{"data":{"satisfaction":8.315412186379929,"comprehension":8.30719557195572,"contact":5.2155172413793105,"contact_reachability":0.7241379310344828,"contact_satisfaction":7.2023809523809526,"autonomy":5.630885122410546},"metadata":{"satisfaction_count":558,"comprehension_count":542,"contact_count":116,"contactReachability_count":116,"contactSatisfaction_count":84,"autonomy_count":531}}
