{"data":{"satisfaction":8.447098976109215,"comprehension":8.38495575221239,"contact":5.708661417322834,"contact_reachability":0.7153846153846154,"contact_satisfaction":8.055555555555555,"autonomy":5.635062611806798},"metadata":{"satisfaction_count":586,"comprehension_count":565,"contact_count":127,"contactReachability_count":130,"contactSatisfaction_count":90,"autonomy_count":559}}
