{"data":{"satisfaction":8.505942275042445,"comprehension":8.424295774647888,"contact":5.508849557522124,"contact_reachability":0.7043478260869566,"contact_satisfaction":7.879746835443038,"autonomy":5.863309352517986},"metadata":{"satisfaction_count":589,"comprehension_count":568,"contact_count":113,"contactReachability_count":115,"contactSatisfaction_count":79,"autonomy_count":556}}
