{"data":{"satisfaction":8.609625668449198,"comprehension":8.5,"contact":5.3097345132743365,"contact_reachability":0.7345132743362832,"contact_satisfaction":7.228915662650603,"autonomy":6.143667296786389},"metadata":{"satisfaction_count":561,"comprehension_count":540,"contact_count":113,"contactReachability_count":113,"contactSatisfaction_count":83,"autonomy_count":529}}
