{"data":{"satisfaction":8.320133388912046,"comprehension":8.82286995515695,"contact":5.403587443946188,"contact_reachability":6.995515695067265,"contact_satisfaction":7.7243589743589745,"autonomy":5.528846153846154},"metadata":{"satisfaction_count":2399,"comprehension_count":2230,"contact_count":223,"autonomy_count":832}}
