{"data":{"satisfaction":8.394428152492669,"comprehension":8.31039755351682,"contact":5.451388888888889,"contact_reachability":0.7152777777777778,"contact_satisfaction":7.621359223300971,"autonomy":5.880551301684533},"metadata":{"satisfaction_count":682,"comprehension_count":654,"contact_count":144,"contactReachability_count":144,"contactSatisfaction_count":103,"autonomy_count":653}}
