{"data":{"satisfaction":8.315871168024835,"comprehension":8.777569704535997,"contact":5.415094339622642,"contact_reachability":0.7056603773584905,"contact_satisfaction":7.67379679144385,"autonomy":5.617529880478088},"metadata":{"satisfaction_count":2577,"comprehension_count":2403,"contact_count":265,"contactReachability_count":265,"contactSatisfaction_count":187,"autonomy_count":1004}}
