{"data":{"satisfaction":8.321848398865018,"comprehension":8.81040487592512,"contact":5.367965367965368,"contact_reachability":7.012987012987013,"contact_satisfaction":7.654320987654321,"autonomy":5.6298773690078034},"metadata":{"satisfaction_count":2467,"comprehension_count":2297,"contact_count":231,"autonomy_count":897}}
