{"data":{"satisfaction":8.411669367909239,"comprehension":8.316498316498317,"contact":5.295031055900621,"contact_reachability":0.6956521739130435,"contact_satisfaction":7.611607142857143,"autonomy":5.578231292517007},"metadata":{"satisfaction_count":617,"comprehension_count":594,"contact_count":161,"contactReachability_count":161,"contactSatisfaction_count":112,"autonomy_count":588}}
