{"data":{"satisfaction":8.446180555555555,"comprehension":8.316876122082585,"contact":5.223577235772358,"contact_reachability":0.7073170731707317,"contact_satisfaction":7.385057471264368,"autonomy":5.669724770642202},"metadata":{"satisfaction_count":576,"comprehension_count":557,"contact_count":123,"contactReachability_count":123,"contactSatisfaction_count":87,"autonomy_count":545}}
