{"data":{"satisfaction":8.451986754966887,"comprehension":8.30895008605852,"contact":5.361635220125786,"contact_reachability":0.7044025157232704,"contact_satisfaction":7.611607142857143,"autonomy":5.582608695652174},"metadata":{"satisfaction_count":604,"comprehension_count":581,"contact_count":159,"contactReachability_count":159,"contactSatisfaction_count":112,"autonomy_count":575}}
