{"data":{"satisfaction":8.4229466553768,"comprehension":8.403389084507042,"contact":5.544933078393881,"contact_reachability":0.7107750472589792,"contact_satisfaction":7.837837837837838,"autonomy":5.715571557155716},"metadata":{"satisfaction_count":2362,"comprehension_count":2272,"contact_count":523,"contactReachability_count":529,"contactSatisfaction_count":370,"autonomy_count":2222}}
