{"data":{"satisfaction":8.507718696397943,"comprehension":8.42526690391459,"contact":5.46875,"contact_reachability":0.7017543859649122,"contact_satisfaction":7.852564102564102,"autonomy":5.872727272727273},"metadata":{"satisfaction_count":583,"comprehension_count":562,"contact_count":112,"contactReachability_count":114,"contactSatisfaction_count":78,"autonomy_count":550}}
