{"data":{"satisfaction":6.25181246979217,"comprehension":6.72900178708195,"contact":4.2423382519863795,"contact_reachability":0.6548022598870057,"contact_satisfaction":6.494352736750652,"autonomy":3.4565619223659887},"metadata":{"satisfaction_count":4138,"comprehension_count":3917,"contact_count":1762,"contactReachability_count":1770,"contactSatisfaction_count":1151,"autonomy_count":2705}}
