{"data":{"satisfaction":8.584720861900099,"comprehension":8.619718309859154,"contact":5.666666666666667,"contact_reachability":0.7096774193548387,"contact_satisfaction":8.095238095238095,"autonomy":8.433048433048434},"metadata":{"satisfaction_count":1021,"comprehension_count":710,"contact_count":30,"contactReachability_count":31,"contactSatisfaction_count":21,"autonomy_count":702}}
