{"data":{"satisfaction":6.711711711711712,"comprehension":6.8895348837209305,"contact":4.782608695652174,"contact_reachability":0.6428571428571429,"contact_satisfaction":7.5,"autonomy":2.278481012658228},"metadata":{"satisfaction_count":111,"comprehension_count":86,"contact_count":69,"contactReachability_count":70,"contactSatisfaction_count":44,"autonomy_count":79}}
