{"data":{"satisfaction":7.228835978835979,"comprehension":7.143510054844607,"contact":6.205357142857143,"contact_reachability":0.7859237536656891,"contact_satisfaction":7.927756653992396,"autonomy":1.512415349887133},"metadata":{"satisfaction_count":756,"comprehension_count":547,"contact_count":336,"contactReachability_count":341,"contactSatisfaction_count":263,"autonomy_count":443}}
