{"data":{"satisfaction":6.697416974169742,"comprehension":8.508869179600888,"contact":4.758064516129032,"contact_reachability":7.419354838709678,"contact_satisfaction":6.413043478260869,"autonomy":1.5789473684210527},"metadata":{"satisfaction_count":813,"comprehension_count":451,"contact_count":31,"autonomy_count":38}}
