{"data":{"satisfaction":6.481481481481482,"comprehension":6.774193548387097,"contact":4.598214285714286,"contact_reachability":0.6140350877192983,"contact_satisfaction":7.573529411764706,"autonomy":2.3636363636363638},"metadata":{"satisfaction_count":81,"comprehension_count":62,"contact_count":56,"contactReachability_count":57,"contactSatisfaction_count":34,"autonomy_count":55}}
