{
  "data": {
    "satisfaction": 6.792573623559539,
    "comprehension": 8.773474178403756,
    "contact": 5.138888888888889,
    "autonomy": 1.8181818181818181
  },
  "metadata": {
    "satisfaction_count": 781,
    "comprehension_count": 426,
    "contact_count": 18,
    "autonomy_count": 22
  }
}
