{"data":{"satisfaction":7.206546275395034,"comprehension":7.047445255474453,"contact":6.181192660550459,"contact_reachability":0.7829977628635347,"contact_satisfaction":7.949852507374631,"autonomy":1.592039800995025},"metadata":{"satisfaction_count":886,"comprehension_count":685,"contact_count":436,"contactReachability_count":447,"contactSatisfaction_count":339,"autonomy_count":603}}
