{"data":{"satisfaction":6.891891891891892,"comprehension":6.676470588235294,"contact":6.208333333333333,"contact_reachability":7.704918032786885,"contact_satisfaction":8.097826086956522,"autonomy":1.3333333333333333},"metadata":{"satisfaction_count":111,"comprehension_count":85,"contact_count":60,"autonomy_count":75}}
