{"data":{"satisfaction":6.177685950413223,"comprehension":7.972027972027972,"contact":5.873015873015873,"contact_reachability":7.8125,"contact_satisfaction":7.551020408163265,"autonomy":1.25},"metadata":{"satisfaction_count":484,"comprehension_count":286,"contact_count":63,"autonomy_count":72}}
