{"data":{"satisfaction":7.415349887133183,"comprehension":7.418555240793201,"contact":6.2305122494432075,"contact_reachability":0.7768052516411379,"contact_satisfaction":8.061959654178674,"autonomy":1.8325434439178514},"metadata":{"satisfaction_count":886,"comprehension_count":706,"contact_count":449,"contactReachability_count":457,"contactSatisfaction_count":347,"autonomy_count":633}}
