{"data":{"satisfaction":7.248062015503876,"comprehension":7.012711864406779,"contact":6.095800524934384,"contact_reachability":0.7829457364341085,"contact_satisfaction":7.81986531986532,"autonomy":1.628352490421456},"metadata":{"satisfaction_count":774,"comprehension_count":590,"contact_count":381,"contactReachability_count":387,"contactSatisfaction_count":297,"autonomy_count":522}}
