{"data":{"satisfaction":7.751937984496124,"comprehension":7.11734693877551,"contact":6.425925925925926,"contact_reachability":0.7985611510791367,"contact_satisfaction":8.107476635514018,"autonomy":1.6216216216216217},"metadata":{"satisfaction_count":258,"comprehension_count":196,"contact_count":135,"contactReachability_count":139,"contactSatisfaction_count":107,"autonomy_count":185}}
