{"data":{"satisfaction":7.270642201834862,"comprehension":7.323529411764706,"contact":6.151960784313726,"contact_reachability":0.8058252427184466,"contact_satisfaction":7.652439024390244,"autonomy":2.251655629139073},"metadata":{"satisfaction_count":218,"comprehension_count":170,"contact_count":102,"contactReachability_count":103,"contactSatisfaction_count":82,"autonomy_count":151}}
