{"data":{"satisfaction":7.215909090909091,"comprehension":7.091535433070866,"contact":6.146496815286624,"contact_reachability":0.780564263322884,"contact_satisfaction":7.909836065573771,"autonomy":1.5024630541871922},"metadata":{"satisfaction_count":704,"comprehension_count":508,"contact_count":314,"contactReachability_count":319,"contactSatisfaction_count":244,"autonomy_count":406}}
