{"data":{"satisfaction":7.745762711864407,"comprehension":7.238636363636363,"contact":6.830065359477124,"contact_reachability":0.8291139240506329,"contact_satisfaction":8.293650793650794,"autonomy":1.4903846153846154},"metadata":{"satisfaction_count":295,"comprehension_count":220,"contact_count":153,"contactReachability_count":158,"contactSatisfaction_count":126,"autonomy_count":208}}
