{"data":{"satisfaction":7.253521126760563,"comprehension":7.2272727272727275,"contact":5.864661654135339,"contact_reachability":0.7761194029850746,"contact_satisfaction":7.572815533980583,"autonomy":1.9371727748691099},"metadata":{"satisfaction_count":284,"comprehension_count":220,"contact_count":133,"contactReachability_count":134,"contactSatisfaction_count":103,"autonomy_count":191}}
