{"data":{"satisfaction":8.063492063492063,"comprehension":7.916666666666667,"contact":6.537267080745342,"contact_reachability":0.7791411042944786,"contact_satisfaction":8.42,"autonomy":1.9491525423728813},"metadata":{"satisfaction_count":315,"comprehension_count":258,"contact_count":161,"contactReachability_count":163,"contactSatisfaction_count":125,"autonomy_count":236}}
