{"data":{"satisfaction":6.7366946778711485,"comprehension":7.696936542669584,"contact":6.4798850574712645,"contact_reachability":0.8156424581005587,"contact_satisfaction":7.99645390070922,"autonomy":1.4592274678111588},"metadata":{"satisfaction_count":714,"comprehension_count":457,"contact_count":174,"contactReachability_count":179,"contactSatisfaction_count":141,"autonomy_count":233}}
