{"data":{"satisfaction":6.9491525423728815,"comprehension":7.146464646464646,"contact":6.666666666666667,"contact_reachability":0.819672131147541,"contact_satisfaction":8.16326530612245,"autonomy":1.2048192771084338},"metadata":{"satisfaction_count":118,"comprehension_count":99,"contact_count":60,"contactReachability_count":61,"contactSatisfaction_count":49,"autonomy_count":83}}
