{"data":{"satisfaction":7.210401891252955,"comprehension":7.0606060606060606,"contact":5.735294117647059,"contact_reachability":0.7420814479638009,"contact_satisfaction":7.728658536585366,"autonomy":1.694915254237288},"metadata":{"satisfaction_count":423,"comprehension_count":330,"contact_count":221,"contactReachability_count":221,"contactSatisfaction_count":164,"autonomy_count":295}}
