{"data":{"satisfaction":7.57366482504604,"comprehension":7.5426621160409555,"contact":6.336448598130841,"contact_reachability":0.7867647058823529,"contact_satisfaction":8.090692124105011,"autonomy":1.9083969465648856},"metadata":{"satisfaction_count":1086,"comprehension_count":879,"contact_count":535,"contactReachability_count":544,"contactSatisfaction_count":419,"autonomy_count":786}}
