{"data":{"satisfaction":7.237569060773481,"comprehension":7.235915492957746,"contact":6.033333333333333,"contact_reachability":0.782051282051282,"contact_satisfaction":7.801724137931035,"autonomy":2.076923076923077},"metadata":{"satisfaction_count":181,"comprehension_count":142,"contact_count":75,"contactReachability_count":78,"contactSatisfaction_count":58,"autonomy_count":130}}
