{"data":{"satisfaction":6.590909090909091,"comprehension":7.87958115183246,"contact":6.428571428571429,"contact_reachability":8.091603053435115,"contact_satisfaction":8.01980198019802,"autonomy":1.4814814814814814},"metadata":{"satisfaction_count":616,"comprehension_count":382,"contact_count":126,"autonomy_count":162}}
