{"data":{"satisfaction":7.191780821917808,"comprehension":7.170818505338079,"contact":5.875706214689266,"contact_reachability":0.7640449438202247,"contact_satisfaction":7.703703703703703,"autonomy":1.792828685258964},"metadata":{"satisfaction_count":365,"comprehension_count":281,"contact_count":177,"contactReachability_count":178,"contactSatisfaction_count":135,"autonomy_count":251}}
