{"data":{"satisfaction":7.674757281553398,"comprehension":7.615795724465558,"contact":6.217564870259481,"contact_reachability":0.7712031558185405,"contact_satisfaction":8.090909090909092,"autonomy":1.9918144611186903},"metadata":{"satisfaction_count":1030,"comprehension_count":842,"contact_count":501,"contactReachability_count":507,"contactSatisfaction_count":385,"autonomy_count":733}}
