{"data":{"satisfaction":7.452431289640592,"comprehension":7.199720670391062,"contact":6.239669421487603,"contact_reachability":0.7909836065573771,"contact_satisfaction":7.9057591623036645,"autonomy":1.5076923076923077},"metadata":{"satisfaction_count":473,"comprehension_count":358,"contact_count":242,"contactReachability_count":244,"contactSatisfaction_count":191,"autonomy_count":325}}
