{"data":{"satisfaction":7.433035714285714,"comprehension":7.422861150070126,"contact":6.183920704845815,"contact_reachability":0.7705627705627706,"contact_satisfaction":8.067528735632184,"autonomy":1.8338557993730407},"metadata":{"satisfaction_count":896,"comprehension_count":713,"contact_count":454,"contactReachability_count":462,"contactSatisfaction_count":348,"autonomy_count":638}}
