{"data":{"satisfaction":7.189737470167064,"comprehension":6.996124031007752,"contact":6.123798076923077,"contact_reachability":0.7775175644028103,"contact_satisfaction":7.93613707165109,"autonomy":1.602112676056338},"metadata":{"satisfaction_count":838,"comprehension_count":645,"contact_count":416,"contactReachability_count":427,"contactSatisfaction_count":321,"autonomy_count":568}}
