{"data":{"satisfaction":7.373949579831932,"comprehension":7.145776566757493,"contact":6.0699588477366255,"contact_reachability":0.7795918367346939,"contact_satisfaction":7.804232804232805,"autonomy":1.5615615615615615},"metadata":{"satisfaction_count":476,"comprehension_count":367,"contact_count":243,"contactReachability_count":245,"contactSatisfaction_count":189,"autonomy_count":333}}
