{"data":{"satisfaction":6.7894736842105265,"comprehension":6.654929577464789,"contact":6.25,"contact_reachability":7.551020408163264,"contact_satisfaction":8.333333333333334,"autonomy":1.1666666666666667},"metadata":{"satisfaction_count":95,"comprehension_count":71,"contact_count":48,"autonomy_count":60}}
