{"data":{"satisfaction":8.333333333333334,"comprehension":8.728070175438596,"contact":5.208333333333333,"contact_reachability":0.5833333333333334,"contact_satisfaction":8.928571428571429,"autonomy":7.2727272727272725},"metadata":{"satisfaction_count":60,"comprehension_count":57,"contact_count":12,"contactReachability_count":12,"contactSatisfaction_count":7,"autonomy_count":55}}
