{"data":{"satisfaction":9.216867469879517,"comprehension":9.253246753246753,"contact":6.25,"contact_reachability":6.666666666666666,"contact_satisfaction":9.375,"autonomy":8.91891891891892},"metadata":{"satisfaction_count":83,"comprehension_count":77,"contact_count":6,"autonomy_count":74}}
