{"data":{"satisfaction":8.518518518518519,"comprehension":9.166666666666666,"contact":7.083333333333333,"contact_reachability":0.8333333333333334,"contact_satisfaction":8.5,"autonomy":6.818181818181818},"metadata":{"satisfaction_count":27,"comprehension_count":24,"contact_count":6,"contactReachability_count":6,"contactSatisfaction_count":5,"autonomy_count":22}}
