{"data":{"satisfaction":8.474576271186441,"comprehension":8.75,"contact":5.208333333333333,"contact_reachability":0.5833333333333334,"contact_satisfaction":8.928571428571429,"autonomy":7.2727272727272725},"metadata":{"satisfaction_count":59,"comprehension_count":56,"contact_count":12,"contactReachability_count":12,"contactSatisfaction_count":7,"autonomy_count":55}}
