{"data":{"satisfaction":6.884191176470588,"comprehension":6.658512720156556,"contact":4.211538461538462,"contact_reachability":0.6307692307692307,"contact_satisfaction":6.676829268292683,"autonomy":6.304801670146138},"metadata":{"satisfaction_count":544,"comprehension_count":511,"contact_count":130,"contactReachability_count":130,"contactSatisfaction_count":82,"autonomy_count":479}}
