{"data":{"satisfaction":6.860380116959064,"comprehension":7.173913043478261,"contact":4.683908045977011,"contact_reachability":6.781609195402298,"contact_satisfaction":6.906779661016949,"autonomy":2.8225806451612905},"metadata":{"satisfaction_count":1368,"comprehension_count":1196,"contact_count":87,"autonomy_count":124}}
