{"data":{"satisfaction":6.918819188191882,"comprehension":7.254028837998304,"contact":4.722222222222222,"autonomy":2.8395061728395063},"metadata":{"satisfaction_count":1355,"comprehension_count":1179,"contact_count":54,"autonomy_count":81}}
