{"data":{"satisfaction":6.7265625,"comprehension":6.5103734439834025,"contact":4.310954063604241,"contact_reachability":0.6443661971830986,"contact_satisfaction":6.7032967032967035,"autonomy":5.763000852514919},"metadata":{"satisfaction_count":1280,"comprehension_count":1205,"contact_count":283,"contactReachability_count":284,"contactSatisfaction_count":182,"autonomy_count":1173}}
