{"data":{"satisfaction":5.030120481927711,"comprehension":5.094936708860759,"contact":4.588235294117647,"contact_reachability":0.6705882352941176,"contact_satisfaction":6.842105263157895,"autonomy":3.6184210526315788},"metadata":{"satisfaction_count":166,"comprehension_count":158,"contact_count":85,"contactReachability_count":85,"contactSatisfaction_count":57,"autonomy_count":152}}
