{"data":{"satisfaction":6.86725018234865,"comprehension":7.174457429048414,"contact":4.683908045977011,"contact_reachability":6.781609195402298,"contact_satisfaction":6.906779661016949,"autonomy":2.8346456692913384},"metadata":{"satisfaction_count":1371,"comprehension_count":1198,"contact_count":87,"autonomy_count":127}}
