{"data":{"satisfaction":5,"comprehension":4.7023809523809526,"contact":3.6956521739130435,"contact_reachability":0.5217391304347826,"contact_satisfaction":7.083333333333333,"autonomy":3.4146341463414633},"metadata":{"satisfaction_count":44,"comprehension_count":42,"contact_count":23,"contactReachability_count":23,"contactSatisfaction_count":12,"autonomy_count":41}}
