{"data":{"satisfaction":6.815525876460768,"comprehension":6.536921708185053,"contact":4.501953125,"contact_reachability":0.6536964980544747,"contact_satisfaction":6.901197604790419,"autonomy":5.8410351201478745},"metadata":{"satisfaction_count":1198,"comprehension_count":1124,"contact_count":256,"contactReachability_count":257,"contactSatisfaction_count":167,"autonomy_count":1082}}
