{"data":{"satisfaction":6.895043731778426,"comprehension":7.217809364548495,"contact":5.036764705882353,"contact_reachability":7.058823529411765,"contact_satisfaction":7.135416666666667,"autonomy":2.6041666666666665},"metadata":{"satisfaction_count":1372,"comprehension_count":1196,"contact_count":68,"autonomy_count":96}}
