{"data":{"satisfaction":5.147058823529412,"comprehension":5.185185185185185,"contact":4.583333333333333,"contact_reachability":0.6666666666666666,"contact_satisfaction":6.875,"autonomy":3.6129032258064515},"metadata":{"satisfaction_count":170,"comprehension_count":162,"contact_count":84,"contactReachability_count":84,"contactSatisfaction_count":56,"autonomy_count":155}}
