{"data":{"satisfaction":7.587268993839836,"comprehension":7.360215053763441,"contact":3.5775862068965516,"contact_reachability":0.5689655172413793,"contact_satisfaction":6.287878787878788,"autonomy":7.282850779510023},"metadata":{"satisfaction_count":487,"comprehension_count":465,"contact_count":58,"contactReachability_count":58,"contactSatisfaction_count":33,"autonomy_count":449}}
