{"data":{"satisfaction":6.89297124600639,"comprehension":6.64695945945946,"contact":4.137323943661972,"contact_reachability":0.6197183098591549,"contact_satisfaction":6.676136363636363,"autonomy":6.344086021505376},"metadata":{"satisfaction_count":626,"comprehension_count":592,"contact_count":142,"contactReachability_count":142,"contactSatisfaction_count":88,"autonomy_count":558}}
