{"data":{"satisfaction":6.734534064212999,"comprehension":6.518302828618968,"contact":4.326241134751773,"contact_reachability":0.6466431095406361,"contact_satisfaction":6.7032967032967035,"autonomy":5.769230769230769},"metadata":{"satisfaction_count":1277,"comprehension_count":1202,"contact_count":282,"contactReachability_count":283,"contactSatisfaction_count":182,"autonomy_count":1170}}
