{"data":{"satisfaction":6.908424908424909,"comprehension":7.239276703111859,"contact":4.838709677419355,"autonomy":2.6666666666666665},"metadata":{"satisfaction_count":1365,"comprehension_count":1189,"contact_count":62,"autonomy_count":90}}
