{"data":{"satisfaction":7.097396335583413,"comprehension":6.846271705822268,"contact":4.4879518072289155,"contact_reachability":0.6467065868263473,"contact_satisfaction":6.962616822429907,"autonomy":6.253934942287513},"metadata":{"satisfaction_count":1037,"comprehension_count":979,"contact_count":166,"contactReachability_count":167,"contactSatisfaction_count":107,"autonomy_count":953}}
