{"data":{"satisfaction":6.897305171158048,"comprehension":7.220133667502089,"contact":5.108695652173913,"contact_reachability":7.101449275362319,"contact_satisfaction":7.1938775510204085,"autonomy":2.577319587628866},"metadata":{"satisfaction_count":1373,"comprehension_count":1197,"contact_count":69,"autonomy_count":97}}
