{"data":{"satisfaction":6.893555394641564,"comprehension":7.209302325581396,"contact":5.034722222222222,"contact_reachability":7.083333333333334,"contact_satisfaction":7.107843137254902,"autonomy":2.9523809523809526},"metadata":{"satisfaction_count":1381,"comprehension_count":1204,"contact_count":72,"autonomy_count":105}}
