{"data":{"satisfaction":5.279329608938547,"comprehension":5.175438596491228,"contact":4.8765432098765435,"contact_reachability":0.7407407407407407,"contact_satisfaction":6.583333333333333,"autonomy":3.7423312883435584},"metadata":{"satisfaction_count":179,"comprehension_count":171,"contact_count":81,"contactReachability_count":81,"contactSatisfaction_count":60,"autonomy_count":163}}
