{"data":{"satisfaction":6.078899340165661,"comprehension":7.69070377659076,"contact":5.373563218390805,"contact_reachability":0.7680297397769517,"contact_satisfaction":7.061933534743202,"autonomy":5.542778288868445},"metadata":{"satisfaction_count":14246,"comprehension_count":10671,"contact_count":1305,"contactReachability_count":1345,"contactSatisfaction_count":993,"autonomy_count":4348}}
