{"data":{"satisfaction":6.148948771098608,"comprehension":6.238147337709701,"contact":5.674657534246576,"contact_reachability":0.7992073976221928,"contact_satisfaction":7.166955017301038,"autonomy":5.423061786698151},"metadata":{"satisfaction_count":3377,"comprehension_count":2742,"contact_count":730,"contactReachability_count":757,"contactSatisfaction_count":578,"autonomy_count":2541}}
