{"data":{"satisfaction":6.499554697936767,"comprehension":6.640699179974105,"contact":5.509708737864078,"contact_reachability":0.7609547559672248,"contact_satisfaction":7.351768809167912,"autonomy":5.851536643026004},"metadata":{"satisfaction_count":13474,"comprehension_count":11585,"contact_count":2678,"contactReachability_count":2807,"contactSatisfaction_count":2007,"autonomy_count":10575}}
