{"data":{"satisfaction":6.228703436326884,"comprehension":6.249119718309859,"contact":5.432561307901907,"contact_reachability":0.7783572359843546,"contact_satisfaction":7.070035460992908,"autonomy":5.4919292851652575},"metadata":{"satisfaction_count":3463,"comprehension_count":2840,"contact_count":734,"contactReachability_count":767,"contactSatisfaction_count":564,"autonomy_count":2602}}
