{"data":{"satisfaction":6.119293078055964,"comprehension":6.188569348380051,"contact":5.517693315858454,"contact_reachability":0.779467680608365,"contact_satisfaction":7.147707979626485,"autonomy":5.415035238841034},"metadata":{"satisfaction_count":3395,"comprehension_count":2747,"contact_count":763,"contactReachability_count":789,"contactSatisfaction_count":589,"autonomy_count":2554}}
