{"data":{"satisfaction":6.210304601425794,"comprehension":6.4143945469125905,"contact":5.608016304347826,"contact_reachability":0.7768924302788844,"contact_satisfaction":7.266725352112676,"autonomy":5.434876676763306},"metadata":{"satisfaction_count":3086,"comprehension_count":2494,"contact_count":736,"contactReachability_count":753,"contactSatisfaction_count":568,"autonomy_count":2311}}
