{"data":{"satisfaction":6.22318283701569,"comprehension":6.428712871287129,"contact":5.46448087431694,"contact_reachability":0.7647058823529411,"contact_satisfaction":7.194244604316546,"autonomy":5.438144329896907},"metadata":{"satisfaction_count":3123,"comprehension_count":2525,"contact_count":732,"contactReachability_count":748,"contactSatisfaction_count":556,"autonomy_count":2328}}
