{"data":{"satisfaction":6.4076644538322265,"comprehension":6.609438119720896,"contact":5.347919655667145,"contact_reachability":7.734265734265734,"contact_satisfaction":6.9672897196261685,"autonomy":5.579680458828349},"metadata":{"satisfaction_count":3314,"comprehension_count":2723,"contact_count":697,"autonomy_count":2441}}
