{"data":{"satisfaction":6.132107448521312,"comprehension":7.0317204301075265,"contact":5.394588500563698,"contact_reachability":0.7728758169934641,"contact_satisfaction":7.052321296978629,"autonomy":5.541932319764591},"metadata":{"satisfaction_count":11801,"comprehension_count":9300,"contact_count":1774,"contactReachability_count":1836,"contactSatisfaction_count":1357,"autonomy_count":6117}}
