{"data":{"satisfaction":6.080095334392604,"comprehension":7.7378078223080635,"contact":5.266497461928934,"contact_reachability":0.7575757575757576,"contact_satisfaction":7.025959367945824,"autonomy":5.599703849950641},"metadata":{"satisfaction_count":13846,"comprehension_count":10355,"contact_count":1182,"contactReachability_count":1221,"contactSatisfaction_count":886,"autonomy_count":4052}}
