{"data":{"satisfaction":6.240710823909532,"comprehension":6.441082027829133,"contact":5.459083790133125,"contact_reachability":0.7666913946587537,"contact_satisfaction":7.242857142857143,"autonomy":5.6395475309984775},"metadata":{"satisfaction_count":12380,"comprehension_count":10277,"contact_count":2554,"contactReachability_count":2696,"contactSatisfaction_count":1925,"autonomy_count":9194}}
