{"data":{"satisfaction":6.034290803829882,"comprehension":8.468385673773764,"contact":5.329545454545454,"autonomy":5.65483476132191},"metadata":{"satisfaction_count":13473,"comprehension_count":9521,"contact_count":220,"autonomy_count":817}}
