{"data":{"satisfaction":6.079893379439522,"comprehension":7.7335323574730355,"contact":5.278475711892797,"contact_reachability":0.7583130575831306,"contact_satisfaction":7.034040178571429,"autonomy":5.5931372549019605},"metadata":{"satisfaction_count":13881,"comprehension_count":10384,"contact_count":1194,"contactReachability_count":1233,"contactSatisfaction_count":896,"autonomy_count":4080}}
