{"data":{"satisfaction":6.086924547727607,"comprehension":7.767821977156361,"contact":5.292672028596962,"contact_reachability":0.7607944732297064,"contact_satisfaction":7.033847980997625,"autonomy":5.615942028985507},"metadata":{"satisfaction_count":13598,"comprehension_count":10156,"contact_count":1119,"contactReachability_count":1158,"contactSatisfaction_count":842,"autonomy_count":3864}}
