{"data":{"satisfaction":6.226965601965602,"comprehension":6.326815642458101,"contact":5.379019908116386,"contact_reachability":0.7713864306784661,"contact_satisfaction":7.053212851405623,"autonomy":5.558762886597938},"metadata":{"satisfaction_count":3256,"comprehension_count":2685,"contact_count":653,"contactReachability_count":678,"contactSatisfaction_count":498,"autonomy_count":2425}}
