{"data":{"satisfaction":6.152135231316726,"comprehension":6.191133186166299,"contact":5.397582697201018,"contact_reachability":0.7653562653562653,"contact_satisfaction":7.130252100840337,"autonomy":5.364029909484455},"metadata":{"satisfaction_count":3372,"comprehension_count":2718,"contact_count":786,"contactReachability_count":814,"contactSatisfaction_count":595,"autonomy_count":2541}}
