{"data":{"satisfaction":6.160126038384417,"comprehension":6.3918737407656145,"contact":5.43591654247392,"contact_reachability":0.7710674157303371,"contact_satisfaction":7.18011811023622,"autonomy":5.813432835820896},"metadata":{"satisfaction_count":3491,"comprehension_count":2978,"contact_count":671,"contactReachability_count":712,"contactSatisfaction_count":508,"autonomy_count":2680}}
