{"data":{"satisfaction":6.595669569310426,"comprehension":6.695402298850575,"contact":5.57514450867052,"contact_reachability":0.7541345093715546,"contact_satisfaction":7.511682242990654,"autonomy":5.774270399047052},"metadata":{"satisfaction_count":4249,"comprehension_count":3654,"contact_count":865,"contactReachability_count":907,"contactSatisfaction_count":642,"autonomy_count":3358}}
