{"data":{"satisfaction":6.13789739003171,"comprehension":6.9973776223776225,"contact":5.382978723404255,"contact_reachability":0.7700205338809035,"contact_satisfaction":7.067039106145251,"autonomy":5.540706605222734},"metadata":{"satisfaction_count":12299,"comprehension_count":9724,"contact_count":1880,"contactReachability_count":1948,"contactSatisfaction_count":1432,"autonomy_count":6510}}
