{"data":{"satisfaction":6.308535862477771,"comprehension":6.504705030763662,"contact":5.240715268225585,"contact_reachability":7.567204301075269,"contact_satisfaction":6.978021978021978,"autonomy":5.572457966373099},"metadata":{"satisfaction_count":3374,"comprehension_count":2763,"contact_count":727,"autonomy_count":2498}}
