{"data":{"satisfaction":6.2363899285471245,"comprehension":6.4378012511537275,"contact":5.464226633581473,"contact_reachability":0.7685076380728555,"contact_satisfaction":7.231800766283525,"autonomy":5.638053706678908},"metadata":{"satisfaction_count":11756,"comprehension_count":9751,"contact_count":2418,"contactReachability_count":2553,"contactSatisfaction_count":1827,"autonomy_count":8714}}
