{"data":{"satisfaction":6.507981960054406,"comprehension":6.634567387687188,"contact":5.491818181818182,"contact_reachability":0.7594454072790294,"contact_satisfaction":7.345573929961089,"autonomy":5.848421435720135},"metadata":{"satisfaction_count":13969,"comprehension_count":12020,"contact_count":2750,"contactReachability_count":2885,"contactSatisfaction_count":2056,"autonomy_count":10991}}
