{"data":{"satisfaction":6.507140796306982,"comprehension":6.63558256496228,"contact":5.500732332478946,"contact_reachability":0.7602094240837697,"contact_satisfaction":7.349559686888454,"autonomy":5.844715372628105},"metadata":{"satisfaction_count":13864,"comprehension_count":11930,"contact_count":2731,"contactReachability_count":2865,"contactSatisfaction_count":2044,"autonomy_count":10909}}
