{"data":{"satisfaction":6.1382352941176475,"comprehension":6.183874498358263,"contact":5.471391417425227,"contact_reachability":0.7742749054224464,"contact_satisfaction":7.13135593220339,"autonomy":5.4086820492764955},"metadata":{"satisfaction_count":3400,"comprehension_count":2741,"contact_count":769,"contactReachability_count":793,"contactSatisfaction_count":590,"autonomy_count":2557}}
