{"data":{"satisfaction":6.146678689510069,"comprehension":6.17570093457944,"contact":5.358056265984655,"contact_reachability":0.7617283950617284,"contact_satisfaction":7.113752122241086,"autonomy":5.375399361022364},"metadata":{"satisfaction_count":3327,"comprehension_count":2675,"contact_count":782,"contactReachability_count":810,"contactSatisfaction_count":589,"autonomy_count":2504}}
