{"data":{"satisfaction":6.566813914964108,"comprehension":6.715477748691099,"contact":5.479106628242075,"contact_reachability":0.7747252747252747,"contact_satisfaction":7.1745283018867925,"autonomy":5.803255484784147},"metadata":{"satisfaction_count":3622,"comprehension_count":3056,"contact_count":694,"contactReachability_count":728,"contactSatisfaction_count":530,"autonomy_count":2826}}
