{"data":{"satisfaction":6.135043346143534,"comprehension":7.08133971291866,"contact":5.378833433553819,"contact_reachability":0.7690517742873764,"contact_satisfaction":7.0655608214849925,"autonomy":5.552011341485025},"metadata":{"satisfaction_count":11189,"comprehension_count":8778,"contact_count":1663,"contactReachability_count":1719,"contactSatisfaction_count":1266,"autonomy_count":5643}}
