{"data":{"satisfaction":6.612087326943557,"comprehension":6.747878025778057,"contact":5.359543010752688,"contact_reachability":0.7551282051282051,"contact_satisfaction":7.210669077757685,"autonomy":5.729343760625637},"metadata":{"satisfaction_count":3756,"comprehension_count":3181,"contact_count":744,"contactReachability_count":780,"contactSatisfaction_count":553,"autonomy_count":2941}}
