{"data":{"satisfaction":6.078924428351103,"comprehension":8.249300373134329,"contact":5.196629213483146,"contact_reachability":7.684021543985637,"contact_satisfaction":6.851851851851852,"autonomy":5.523255813953488},"metadata":{"satisfaction_count":14913,"comprehension_count":10720,"contact_count":534,"autonomy_count":1892}}
