{"data":{"satisfaction":6.399779330636263,"comprehension":6.555878777353247,"contact":5.464642724916698,"contact_reachability":0.7617379117028732,"contact_satisfaction":7.303315190499752,"autonomy":5.780121626757887},"metadata":{"satisfaction_count":13595,"comprehension_count":11516,"contact_count":2701,"contactReachability_count":2854,"contactSatisfaction_count":2021,"autonomy_count":10524}}
