{"data":{"satisfaction":6.141394576646375,"comprehension":6.495485327313769,"contact":5.374828060522696,"contact_reachability":0.7575360419397117,"contact_satisfaction":7.209409594095941,"autonomy":5.92948717948718},"metadata":{"satisfaction_count":3614,"comprehension_count":3101,"contact_count":727,"contactReachability_count":763,"contactSatisfaction_count":542,"autonomy_count":2808}}
