{"data":{"satisfaction":6.31443483234432,"comprehension":6.499914376230842,"contact":5.501214013180714,"contact_reachability":0.764454664914586,"contact_satisfaction":7.322253000923361,"autonomy":5.695587135377711},"metadata":{"satisfaction_count":13987,"comprehension_count":11679,"contact_count":2883,"contactReachability_count":3044,"contactSatisfaction_count":2166,"autonomy_count":10696}}
