{"data":{"satisfaction":6.078290278477369,"comprehension":7.729348975863064,"contact":5.269423558897243,"contact_reachability":0.7572815533980582,"contact_satisfaction":7.031772575250836,"autonomy":5.587301587301587},"metadata":{"satisfaction_count":13897,"comprehension_count":10399,"contact_count":1197,"contactReachability_count":1236,"contactSatisfaction_count":897,"autonomy_count":4095}}
