{"data":{"satisfaction":6.150193875128591,"comprehension":6.990356750274808,"contact":5.36460989291178,"contact_reachability":0.7688145597638957,"contact_satisfaction":7.0556673373574785,"autonomy":5.540760467524782},"metadata":{"satisfaction_count":12637,"comprehension_count":10007,"contact_count":1961,"contactReachability_count":2033,"contactSatisfaction_count":1491,"autonomy_count":6759}}
