{"data":{"satisfaction":6.144079885877318,"comprehension":6.427260593927261,"contact":5.338801711840229,"contact_reachability":0.7597840755735492,"contact_satisfaction":7.1558317399617595,"autonomy":5.86053412462908},"metadata":{"satisfaction_count":3505,"comprehension_count":2997,"contact_count":701,"contactReachability_count":741,"contactSatisfaction_count":523,"autonomy_count":2696}}
