{"data":{"satisfaction":6.058651026392962,"comprehension":7.972168688357329,"contact":5.339805825242719,"contact_reachability":7.670682730923694,"contact_satisfaction":7.038391224862888,"autonomy":5.576417574164476},"metadata":{"satisfaction_count":11935,"comprehension_count":8821,"contact_count":721,"autonomy_count":2663}}
