{"data":{"satisfaction":6.5059012093836515,"comprehension":6.6335732430143945,"contact":5.504789977892409,"contact_reachability":0.7608848314606742,"contact_satisfaction":7.34874569601574,"autonomy":5.851961784621093},"metadata":{"satisfaction_count":13726,"comprehension_count":11810,"contact_count":2714,"contactReachability_count":2848,"contactSatisfaction_count":2033,"autonomy_count":10781}}
