{"data":{"satisfaction":6.140132669983417,"comprehension":6.431686046511628,"contact":5.251677852348993,"contact_reachability":0.7471264367816092,"contact_satisfaction":7.152650822669104,"autonomy":5.863180515759312},"metadata":{"satisfaction_count":3618,"comprehension_count":3096,"contact_count":745,"contactReachability_count":783,"contactSatisfaction_count":547,"autonomy_count":2792}}
