{"data":{"satisfaction":6.460191082802548,"comprehension":6.627639155470249,"contact":5.344036697247707,"contact_reachability":7.656716417910447,"contact_satisfaction":7.0321931589537225,"autonomy":5.620719178082192},"metadata":{"satisfaction_count":3140,"comprehension_count":2605,"contact_count":654,"autonomy_count":2336}}
