{"data":{"satisfaction":6.068301949124546,"comprehension":7.958272899698762,"contact":5.3557567917205695,"contact_reachability":7.697121401752191,"contact_satisfaction":7.028862478777589,"autonomy":5.604159196844747},"metadata":{"satisfaction_count":12108,"comprehension_count":8963,"contact_count":773,"autonomy_count":2789}}
