{"data":{"satisfaction":6.1553238199780465,"comprehension":6.379084967320262,"contact":5.264084507042254,"contact_reachability":0.7703804347826086,"contact_satisfaction":6.908502772643253,"autonomy":5.788900979325354},"metadata":{"satisfaction_count":3644,"comprehension_count":3060,"contact_count":710,"contactReachability_count":736,"contactSatisfaction_count":541,"autonomy_count":2757}}
