{"data":{"satisfaction":6.247195357833656,"comprehension":6.450442066077245,"contact":5.463656800299738,"contact_reachability":0.7668798862828714,"contact_satisfaction":7.2441629408842525,"autonomy":5.66008316008316},"metadata":{"satisfaction_count":12925,"comprehension_count":10745,"contact_count":2669,"contactReachability_count":2814,"contactSatisfaction_count":2013,"autonomy_count":9620}}
