{"data":{"satisfaction":6.136167767882792,"comprehension":6.393168117883456,"contact":5.398065476190476,"contact_reachability":0.7656903765690377,"contact_satisfaction":7.197420634920635,"autonomy":5.867213726221559},"metadata":{"satisfaction_count":3481,"comprehension_count":2986,"contact_count":672,"contactReachability_count":717,"contactSatisfaction_count":504,"autonomy_count":2681}}
