{"data":{"satisfaction":6.248229461756374,"comprehension":6.382865646258503,"contact":5.3698752228163995,"contact_reachability":0.7724137931034483,"contact_satisfaction":7.022144522144522,"autonomy":5.580736543909349},"metadata":{"satisfaction_count":2824,"comprehension_count":2352,"contact_count":561,"contactReachability_count":580,"contactSatisfaction_count":429,"autonomy_count":2118}}
