{"data":{"satisfaction":8.957202171830087,"comprehension":8.733135899967094,"contact":6.635536398467433,"contact_reachability":0.819047619047619,"contact_satisfaction":8.11182669789227,"autonomy":5.700563100364359},"metadata":{"satisfaction_count":3131,"comprehension_count":3039,"contact_count":1044,"contactReachability_count":1050,"contactSatisfaction_count":854,"autonomy_count":3019}}
