{"data":{"satisfaction":3.024793388429752,"comprehension":4.7889908256880735,"contact":1.9953596287703017,"contact_reachability":0.6114942528735632,"contact_satisfaction":3.282442748091603,"autonomy":3.2406119610570236},"metadata":{"satisfaction_count":1210,"comprehension_count":1090,"contact_count":431,"contactReachability_count":435,"contactSatisfaction_count":262,"autonomy_count":719}}
