{"data":{"satisfaction":3.1136950904392764,"comprehension":3.885869565217391,"contact":2.158536585365854,"contact_reachability":6.3768115942028984,"contact_satisfaction":3.4038461538461537,"autonomy":3.3727810650887573},"metadata":{"satisfaction_count":387,"comprehension_count":368,"contact_count":205,"autonomy_count":338}}
