{"data":{"satisfaction":2.9718875502008033,"comprehension":3.782608695652174,"contact":2.5,"contact_reachability":0.5983606557377049,"contact_satisfaction":4.201388888888889,"autonomy":4.097560975609756},"metadata":{"satisfaction_count":249,"comprehension_count":230,"contact_count":121,"contactReachability_count":122,"contactSatisfaction_count":72,"autonomy_count":205}}
