{"data":{"satisfaction":2.26890756302521,"comprehension":3.4615384615384617,"contact":1.434108527131783,"contact_reachability":0.5923076923076923,"contact_satisfaction":2.4342105263157894,"autonomy":3.284313725490196},"metadata":{"satisfaction_count":238,"comprehension_count":221,"contact_count":129,"contactReachability_count":130,"contactSatisfaction_count":76,"autonomy_count":204}}
