{"data":{"satisfaction":2.712532865907099,"comprehension":3.634020618556701,"contact":2.164396887159533,"contact_reachability":0.5775193798449613,"contact_satisfaction":3.758445945945946,"autonomy":3.6116910229645094},"metadata":{"satisfaction_count":1141,"comprehension_count":1067,"contact_count":514,"contactReachability_count":516,"contactSatisfaction_count":296,"autonomy_count":958}}
