{"data":{"satisfaction":2.4328859060402683,"comprehension":3.5379061371841156,"contact":1.7469879518072289,"contact_reachability":0.5808383233532934,"contact_satisfaction":3.0208333333333335,"autonomy":2.8846153846153846},"metadata":{"satisfaction_count":298,"comprehension_count":277,"contact_count":166,"contactReachability_count":167,"contactSatisfaction_count":96,"autonomy_count":260}}
