{"data":{"satisfaction":2.5639853747714807,"comprehension":3.463235294117647,"contact":2.1034816247582206,"contact_reachability":0.5626204238921002,"contact_satisfaction":3.75,"autonomy":3.365695792880259},"metadata":{"satisfaction_count":1094,"comprehension_count":1020,"contact_count":517,"contactReachability_count":519,"contactSatisfaction_count":290,"autonomy_count":927}}
