{"data":{"satisfaction":4.318683745583039,"comprehension":7.425187032418953,"contact":2.2010869565217392,"contact_reachability":6.612903225806451,"contact_satisfaction":3.347107438016529,"autonomy":3.4153846153846152},"metadata":{"satisfaction_count":4528,"comprehension_count":3609,"contact_count":184,"autonomy_count":325}}
