{"data":{"satisfaction":2.5925925925925926,"comprehension":3.7455197132616487,"contact":1.794871794871795,"contact_reachability":0.5668789808917197,"contact_satisfaction":3.1818181818181817,"autonomy":3.1782945736434107},"metadata":{"satisfaction_count":297,"comprehension_count":279,"contact_count":156,"contactReachability_count":157,"contactSatisfaction_count":88,"autonomy_count":258}}
