{"data":{"satisfaction":2.7241379310344827,"comprehension":3.7545787545787546,"contact":2.106164383561644,"contact_reachability":0.5714285714285714,"contact_satisfaction":3.7048192771084336,"autonomy":3.57429718875502},"metadata":{"satisfaction_count":290,"comprehension_count":273,"contact_count":146,"contactReachability_count":147,"contactSatisfaction_count":83,"autonomy_count":249}}
