{"data":{"satisfaction":2.9507475813544417,"comprehension":3.8982259570494864,"contact":2.1602787456445993,"contact_reachability":0.6078767123287672,"contact_satisfaction":3.5942028985507246,"autonomy":3.4698055271238486},"metadata":{"satisfaction_count":1137,"comprehension_count":1071,"contact_count":574,"contactReachability_count":584,"contactSatisfaction_count":345,"autonomy_count":977}}
