{"data":{"satisfaction":4.413890634820867,"comprehension":7.130929791271347,"contact":2.048494983277592,"contact_reachability":6.258278145695364,"contact_satisfaction":3.293010752688172,"autonomy":3.4375},"metadata":{"satisfaction_count":3182,"comprehension_count":2635,"contact_count":299,"autonomy_count":512}}
