{"data":{"satisfaction":2.644151565074135,"comprehension":3.588390501319261,"contact":2.050173010380623,"contact_reachability":0.5709401709401709,"contact_satisfaction":3.623853211009174,"autonomy":3.559650824442289},"metadata":{"satisfaction_count":1214,"comprehension_count":1137,"contact_count":578,"contactReachability_count":585,"contactSatisfaction_count":327,"autonomy_count":1031}}
