{"data":{"satisfaction":4.434561626429479,"comprehension":7.160529344073648,"contact":2.0921985815602837,"contact_reachability":6.210526315789474,"contact_satisfaction":3.3908045977011496,"autonomy":3.422680412371134},"metadata":{"satisfaction_count":3148,"comprehension_count":2607,"contact_count":282,"autonomy_count":485}}
