{"data":{"satisfaction":2.938099389712293,"comprehension":3.87372802960222,"contact":2.134251290877797,"contact_reachability":0.6016949152542372,"contact_satisfaction":3.5838150289017343,"autonomy":3.4685598377281948},"metadata":{"satisfaction_count":1147,"comprehension_count":1081,"contact_count":581,"contactReachability_count":590,"contactSatisfaction_count":346,"autonomy_count":986}}
