{"data":{"satisfaction":2.9563492063492065,"comprehension":3.939075630252101,"contact":2.3333333333333335,"contact_reachability":0.5454545454545454,"contact_satisfaction":4.3076923076923075,"autonomy":4.114832535885167},"metadata":{"satisfaction_count":252,"comprehension_count":238,"contact_count":120,"contactReachability_count":121,"contactSatisfaction_count":65,"autonomy_count":209}}
