{"data":{"satisfaction":2.8125,"comprehension":3.82295719844358,"contact":2.1153846153846154,"contact_reachability":0.5461538461538461,"contact_satisfaction":3.8732394366197185,"autonomy":3.9130434782608696},"metadata":{"satisfaction_count":272,"comprehension_count":257,"contact_count":130,"contactReachability_count":130,"contactSatisfaction_count":71,"autonomy_count":230}}
