{"data":{"satisfaction":2.7978339350180503,"comprehension":3.8263358778625953,"contact":2.142857142857143,"contact_reachability":0.556390977443609,"contact_satisfaction":3.8513513513513513,"autonomy":3.872340425531915},"metadata":{"satisfaction_count":277,"comprehension_count":262,"contact_count":133,"contactReachability_count":133,"contactSatisfaction_count":74,"autonomy_count":235}}
