{"data":{"satisfaction":4.45694087403599,"comprehension":7.221034214618974,"contact":2.1564885496183206,"contact_reachability":6.339622641509433,"contact_satisfaction":3.4242424242424243,"autonomy":3.4513274336283186},"metadata":{"satisfaction_count":3112,"comprehension_count":2572,"contact_count":262,"autonomy_count":452}}
