{"data":{"satisfaction":4.398191456189585,"comprehension":7.106054907860098,"contact":2.0337620578778135,"contact_reachability":6.273885350318471,"contact_satisfaction":3.2603092783505154,"autonomy":3.457943925233645},"metadata":{"satisfaction_count":3207,"comprehension_count":2659,"contact_count":311,"autonomy_count":535}}
