{"data":{"satisfaction":2.9234737747205504,"comprehension":3.855970829535096,"contact":2.1313559322033897,"contact_reachability":0.6010016694490818,"contact_satisfaction":3.5826210826210825,"autonomy":3.4665334665334666},"metadata":{"satisfaction_count":1163,"comprehension_count":1097,"contact_count":590,"contactReachability_count":599,"contactSatisfaction_count":351,"autonomy_count":1001}}
