{"data":{"satisfaction":4.316777041942605,"comprehension":7.421074494599834,"contact":2.2010869565217392,"contact_reachability":6.612903225806451,"contact_satisfaction":3.347107438016529,"autonomy":3.45565749235474},"metadata":{"satisfaction_count":4530,"comprehension_count":3611,"contact_count":184,"autonomy_count":327}}
