{"data":{"satisfaction":2.5073313782991202,"comprehension":3.646153846153846,"contact":1.7534722222222223,"contact_reachability":0.5625,"contact_satisfaction":3.117283950617284,"autonomy":3.9160839160839163},"metadata":{"satisfaction_count":341,"comprehension_count":325,"contact_count":144,"contactReachability_count":144,"contactSatisfaction_count":81,"autonomy_count":286}}
