{"data":{"satisfaction":2.5945017182130585,"comprehension":3.618181818181818,"contact":1.8829113924050633,"contact_reachability":0.5408805031446541,"contact_satisfaction":3.5,"autonomy":3.1102362204724407},"metadata":{"satisfaction_count":291,"comprehension_count":275,"contact_count":158,"contactReachability_count":159,"contactSatisfaction_count":85,"autonomy_count":254}}
