{"data":{"satisfaction":2.5170068027210886,"comprehension":3.6172161172161172,"contact":1.7438271604938271,"contact_reachability":0.5705521472392638,"contact_satisfaction":3.0706521739130435,"autonomy":2.9019607843137254},"metadata":{"satisfaction_count":294,"comprehension_count":273,"contact_count":162,"contactReachability_count":163,"contactSatisfaction_count":92,"autonomy_count":255}}
