{"data":{"satisfaction":2.926497277676951,"comprehension":3.871745419479267,"contact":2.1012544802867383,"contact_reachability":0.602112676056338,"contact_satisfaction":3.5316265060240966,"autonomy":3.456659619450317},"metadata":{"satisfaction_count":1102,"comprehension_count":1037,"contact_count":558,"contactReachability_count":568,"contactSatisfaction_count":332,"autonomy_count":946}}
