{"data":{"satisfaction":2.455621301775148,"comprehension":3.6556603773584904,"contact":1.8575418994413408,"contact_reachability":0.5966850828729282,"contact_satisfaction":3.1367924528301887,"autonomy":3.3559322033898304},"metadata":{"satisfaction_count":338,"comprehension_count":318,"contact_count":179,"contactReachability_count":181,"contactSatisfaction_count":106,"autonomy_count":295}}
