{"data":{"satisfaction":4.351959193137027,"comprehension":7.626321974148061,"contact":2.2945205479452055,"autonomy":3.5},"metadata":{"satisfaction_count":4313,"comprehension_count":3404,"contact_count":73,"autonomy_count":140}}
