{"data":{"satisfaction":3.0958549222797926,"comprehension":3.930517711171662,"contact":2.068527918781726,"contact_reachability":6.381909547738694,"contact_satisfaction":3.26,"autonomy":3.4834834834834836},"metadata":{"satisfaction_count":386,"comprehension_count":367,"contact_count":197,"autonomy_count":333}}
