{"data":{"satisfaction":2.6215277777777777,"comprehension":3.8333333333333335,"contact":1.8333333333333333,"contact_reachability":0.5761589403973509,"contact_satisfaction":3.197674418604651,"autonomy":3.12},"metadata":{"satisfaction_count":288,"comprehension_count":270,"contact_count":150,"contactReachability_count":151,"contactSatisfaction_count":86,"autonomy_count":250}}
