{"data":{"satisfaction":4.34065934065934,"comprehension":7.564380787037037,"contact":2.3529411764705883,"autonomy":3.297872340425532},"metadata":{"satisfaction_count":4368,"comprehension_count":3456,"contact_count":102,"autonomy_count":188}}
