{"data":{"satisfaction":4.400374765771393,"comprehension":7.109080633006783,"contact":2.024193548387097,"contact_reachability":6.261980830670927,"contact_satisfaction":3.2512953367875648,"autonomy":3.465160075329567},"metadata":{"satisfaction_count":3202,"comprehension_count":2654,"contact_count":310,"autonomy_count":531}}
