{"data":{"satisfaction":2.7027027027027026,"comprehension":3.6230195712954334,"contact":2.1621621621621623,"contact_reachability":0.5788461538461539,"contact_satisfaction":3.745819397993311,"autonomy":3.5892116182572615},"metadata":{"satisfaction_count":1147,"comprehension_count":1073,"contact_count":518,"contactReachability_count":520,"contactSatisfaction_count":299,"autonomy_count":964}}
