{"data":{"satisfaction":2.6140350877192984,"comprehension":3.6473880597014925,"contact":1.875,"contact_reachability":0.5424836601307189,"contact_satisfaction":3.475609756097561,"autonomy":3.1578947368421053},"metadata":{"satisfaction_count":285,"comprehension_count":268,"contact_count":152,"contactReachability_count":153,"contactSatisfaction_count":82,"autonomy_count":247}}
