{"data":{"satisfaction":2.295918367346939,"comprehension":3.458029197080292,"contact":1.5151515151515151,"contact_reachability":0.5903614457831325,"contact_satisfaction":2.577319587628866,"autonomy":3.253968253968254},"metadata":{"satisfaction_count":294,"comprehension_count":274,"contact_count":165,"contactReachability_count":166,"contactSatisfaction_count":97,"autonomy_count":252}}
