{"data":{"satisfaction":3,"comprehension":3.9791666666666665,"contact":2.2950819672131146,"contact_reachability":0.5447154471544715,"contact_satisfaction":4.242424242424242,"autonomy":4.123222748815166},"metadata":{"satisfaction_count":255,"comprehension_count":240,"contact_count":122,"contactReachability_count":123,"contactSatisfaction_count":66,"autonomy_count":211}}
