{"data":{"satisfaction":4.325539568345324,"comprehension":7.489385791112369,"contact":2.243150684931507,"contact_reachability":6.486486486486487,"contact_satisfaction":3.484042553191489,"autonomy":3.28125},"metadata":{"satisfaction_count":4448,"comprehension_count":3533,"contact_count":146,"autonomy_count":256}}
