{"data":{"satisfaction":2.899628252788104,"comprehension":3.9741035856573705,"contact":2.2379032258064515,"contact_reachability":0.532258064516129,"contact_satisfaction":4.204545454545454,"autonomy":3.893805309734513},"metadata":{"satisfaction_count":269,"comprehension_count":251,"contact_count":124,"contactReachability_count":124,"contactSatisfaction_count":66,"autonomy_count":226}}
