{"data":{"satisfaction":2.6231884057971016,"comprehension":3.7423312883435584,"contact":1.7567567567567568,"contact_reachability":0.5698924731182796,"contact_satisfaction":3.0952380952380953,"autonomy":3.410596026490066},"metadata":{"satisfaction_count":345,"comprehension_count":326,"contact_count":185,"contactReachability_count":186,"contactSatisfaction_count":105,"autonomy_count":302}}
