{"data":{"satisfaction":2.700348432055749,"comprehension":3.611111111111111,"contact":1.912751677852349,"contact_reachability":0.5533333333333333,"contact_satisfaction":3.475609756097561,"autonomy":3.3870967741935485},"metadata":{"satisfaction_count":287,"comprehension_count":270,"contact_count":149,"contactReachability_count":150,"contactSatisfaction_count":82,"autonomy_count":248}}
