{"data":{"satisfaction":2.5942028985507246,"comprehension":3.7193251533742333,"contact":1.8442622950819672,"contact_reachability":0.592391304347826,"contact_satisfaction":3.125,"autonomy":3.410596026490066},"metadata":{"satisfaction_count":345,"comprehension_count":326,"contact_count":183,"contactReachability_count":184,"contactSatisfaction_count":108,"autonomy_count":302}}
