{"data":{"satisfaction":4.326057605760576,"comprehension":7.490082176253896,"contact":2.204861111111111,"contact_reachability":6.506849315068494,"contact_satisfaction":3.413978494623656,"autonomy":3.280632411067194},"metadata":{"satisfaction_count":4444,"comprehension_count":3529,"contact_count":144,"autonomy_count":253}}
