{"data":{"satisfaction":4.347759829320329,"comprehension":7.000915750915751,"contact":1.984463276836158,"contact_reachability":0.6201117318435754,"contact_satisfaction":3.2224770642201834,"autonomy":3.35},"metadata":{"satisfaction_count":3281,"comprehension_count":2730,"contact_count":354,"contactReachability_count":358,"contactSatisfaction_count":218,"autonomy_count":600}}
