{"data":{"satisfaction":4.340970961887478,"comprehension":7.529327610872675,"contact":2.3588709677419355,"contact_reachability":6.746031746031747,"contact_satisfaction":3.5240963855421685,"autonomy":3.2432432432432434},"metadata":{"satisfaction_count":4408,"comprehension_count":3495,"contact_count":124,"autonomy_count":222}}
