{"data":{"satisfaction":9.10989010989011,"comprehension":9.285714285714286,"contact":8.392857142857142,"contact_reachability":0.9285714285714286,"contact_satisfaction":9.038461538461538,"autonomy":9.27927927927928},"metadata":{"satisfaction_count":455,"comprehension_count":448,"contact_count":14,"contactReachability_count":14,"contactSatisfaction_count":13,"autonomy_count":444}}
