{"data":{"satisfaction":7.807904411764706,"comprehension":8.839368616527391,"contact":6.037735849056604,"contact_reachability":0.7830188679245284,"contact_satisfaction":7.710843373493976,"autonomy":8.247619047619047},"metadata":{"satisfaction_count":1088,"comprehension_count":1077,"contact_count":106,"contactReachability_count":106,"contactSatisfaction_count":83,"autonomy_count":1050}}
