{"data":{"satisfaction":4.900332225913621,"comprehension":6.7700729927007295,"contact":3.676470588235294,"contact_reachability":7.619047619047619,"contact_satisfaction":5.208333333333333,"autonomy":3.404255319148936},"metadata":{"satisfaction_count":301,"comprehension_count":137,"contact_count":17,"autonomy_count":47}}
