{"data":{"satisfaction":3.4057971014492754,"comprehension":2.5609756097560976,"contact":2.638888888888889,"contact_reachability":0.7142857142857143,"contact_satisfaction":3.9583333333333335,"autonomy":2.1875},"metadata":{"satisfaction_count":69,"comprehension_count":41,"contact_count":18,"contactReachability_count":21,"contactSatisfaction_count":12,"autonomy_count":32}}
