{"data":{"satisfaction":3.776595744680851,"comprehension":3.9622641509433962,"contact":2.619047619047619,"contact_reachability":0.5909090909090909,"contact_satisfaction":4.583333333333333,"autonomy":2.9166666666666665},"metadata":{"satisfaction_count":94,"comprehension_count":53,"contact_count":21,"contactReachability_count":22,"contactSatisfaction_count":12,"autonomy_count":48}}
