{"data":{"satisfaction":3.493150684931507,"comprehension":2.5,"contact":2.8947368421052633,"contact_reachability":0.7272727272727273,"contact_satisfaction":4.230769230769231,"autonomy":1.7647058823529411},"metadata":{"satisfaction_count":73,"comprehension_count":42,"contact_count":19,"contactReachability_count":22,"contactSatisfaction_count":13,"autonomy_count":34}}
