{"data":{"satisfaction":3.7096774193548385,"comprehension":4.10377358490566,"contact":2.3863636363636362,"contact_reachability":0.5833333333333334,"contact_satisfaction":4.375,"autonomy":2.9166666666666665},"metadata":{"satisfaction_count":93,"comprehension_count":53,"contact_count":22,"contactReachability_count":24,"contactSatisfaction_count":12,"autonomy_count":48}}
