{"data":{"satisfaction":4.871794871794871,"comprehension":4.361702127659575,"contact":4.375,"contact_reachability":7.826086956521739,"contact_satisfaction":5.833333333333333,"autonomy":3.409090909090909},"metadata":{"satisfaction_count":78,"comprehension_count":47,"contact_count":20,"autonomy_count":44}}
