{"data":{"satisfaction":4.172794117647059,"comprehension":4.021739130434782,"contact":3.6475409836065573,"contact_reachability":0.7101449275362319,"contact_satisfaction":5.426829268292683,"autonomy":3.0597014925373136},"metadata":{"satisfaction_count":272,"comprehension_count":161,"contact_count":61,"contactReachability_count":69,"contactSatisfaction_count":41,"autonomy_count":134}}
