{"data":{"satisfaction":4.343971631205674,"comprehension":4.774305555555555,"contact":4.011627906976744,"contact_reachability":0.72,"contact_satisfaction":5.948275862068965,"autonomy":3.111111111111111},"metadata":{"satisfaction_count":282,"comprehension_count":144,"contact_count":43,"contactReachability_count":50,"contactSatisfaction_count":29,"autonomy_count":90}}
