{"data":{"satisfaction":3.789473684210526,"comprehension":3.4545454545454546,"contact":2.857142857142857,"contact_reachability":0.6363636363636364,"contact_satisfaction":4.615384615384615,"autonomy":3.0434782608695654},"metadata":{"satisfaction_count":95,"comprehension_count":55,"contact_count":21,"contactReachability_count":22,"contactSatisfaction_count":13,"autonomy_count":46}}
