{"data":{"satisfaction":3.6315789473684212,"comprehension":3.8636363636363638,"contact":2.6136363636363638,"contact_reachability":0.6086956521739131,"contact_satisfaction":4.423076923076923,"autonomy":2.857142857142857},"metadata":{"satisfaction_count":95,"comprehension_count":55,"contact_count":22,"contactReachability_count":23,"contactSatisfaction_count":13,"autonomy_count":49}}
