{"data":{"satisfaction":8.164642375168691,"comprehension":8.10320781032078,"contact":5.8628318584070795,"contact_reachability":0.782608695652174,"contact_satisfaction":7.528409090909091,"autonomy":7.331420373027259},"metadata":{"satisfaction_count":741,"comprehension_count":717,"contact_count":113,"contactReachability_count":115,"contactSatisfaction_count":88,"autonomy_count":697}}
