{"data":{"satisfaction":8.129650829994276,"comprehension":9.011377613776137,"contact":5.629251700680272,"contact_reachability":7.755102040816326,"contact_satisfaction":7.258771929824562,"autonomy":6.40625},"metadata":{"satisfaction_count":3494,"comprehension_count":3252,"contact_count":147,"autonomy_count":640}}
