{"data":{"satisfaction":8.155021834061136,"comprehension":9.10262891809909,"contact":5.909090909090909,"autonomy":6.538461538461538},"metadata":{"satisfaction_count":3206,"comprehension_count":2967,"contact_count":77,"autonomy_count":364}}
