{"data":{"satisfaction":8.058124174372523,"comprehension":7.933743169398907,"contact":5.5,"contact_reachability":0.7459016393442623,"contact_satisfaction":7.415730337078652,"autonomy":7.223001402524544},"metadata":{"satisfaction_count":757,"comprehension_count":732,"contact_count":120,"contactReachability_count":122,"contactSatisfaction_count":89,"autonomy_count":713}}
