{"data":{"satisfaction":8.324396782841823,"comprehension":8.260719225449517,"contact":4.935064935064935,"contact_reachability":0.7142857142857143,"contact_satisfaction":6.909090909090909,"autonomy":7.5},"metadata":{"satisfaction_count":746,"comprehension_count":723,"contact_count":77,"contactReachability_count":77,"contactSatisfaction_count":55,"autonomy_count":712}}
