{"data":{"satisfaction":7.841494845360825,"comprehension":7.839547270306259,"contact":5.222222222222222,"contact_reachability":0.7194244604316546,"contact_satisfaction":7.34375,"autonomy":7.101648351648351},"metadata":{"satisfaction_count":776,"comprehension_count":751,"contact_count":135,"contactReachability_count":139,"contactSatisfaction_count":96,"autonomy_count":728}}
