{"data":{"satisfaction":7.822677925211098,"comprehension":7.72554002541296,"contact":4.898255813953488,"contact_reachability":0.7093023255813954,"contact_satisfaction":6.905737704918033,"autonomy":6.850899742930591},"metadata":{"satisfaction_count":829,"comprehension_count":787,"contact_count":172,"contactReachability_count":172,"contactSatisfaction_count":122,"autonomy_count":778}}
