{"data":{"satisfaction":8.115315852205006,"comprehension":8.687599364069952,"contact":5.7101449275362315,"contact_reachability":0.8005780346820809,"contact_satisfaction":7.13768115942029,"autonomy":6.494983277591973},"metadata":{"satisfaction_count":3356,"comprehension_count":3145,"contact_count":345,"contactReachability_count":346,"contactSatisfaction_count":276,"autonomy_count":1495}}
