{"data":{"satisfaction":8.274932614555256,"comprehension":8.207810320781032,"contact":6.018518518518518,"contact_reachability":0.7636363636363637,"contact_satisfaction":7.926829268292683,"autonomy":7.301587301587301},"metadata":{"satisfaction_count":742,"comprehension_count":717,"contact_count":108,"contactReachability_count":110,"contactSatisfaction_count":82,"autonomy_count":693}}
