{"data":{"satisfaction":8.111233480176212,"comprehension":8.091647331786543,"contact":5.795454545454546,"contact_reachability":0.8190954773869347,"contact_satisfaction":7.083333333333333,"autonomy":6.570104287369641},"metadata":{"satisfaction_count":908,"comprehension_count":862,"contact_count":198,"contactReachability_count":199,"contactSatisfaction_count":162,"autonomy_count":863}}
