{"data":{"satisfaction":7.996613995485327,"comprehension":7.877415458937198,"contact":5.576923076923077,"contact_reachability":0.7743589743589744,"contact_satisfaction":7.201986754966887,"autonomy":6.622596153846154},"metadata":{"satisfaction_count":886,"comprehension_count":828,"contact_count":195,"contactReachability_count":195,"contactSatisfaction_count":151,"autonomy_count":832}}
