{"data":{"satisfaction":8.015369194787839,"comprehension":8.29143059490085,"contact":5.564681724845996,"contact_reachability":0.7807377049180327,"contact_satisfaction":7.131578947368421,"autonomy":6.537170263788969},"metadata":{"satisfaction_count":2993,"comprehension_count":2824,"contact_count":487,"contactReachability_count":488,"contactSatisfaction_count":380,"autonomy_count":2085}}
