{"data":{"satisfaction":8.008793969849247,"comprehension":8.10556994818653,"contact":5.391891891891892,"contact_reachability":7.795698924731182,"contact_satisfaction":6.927083333333333,"autonomy":6.3994743758212875},"metadata":{"satisfaction_count":796,"comprehension_count":772,"contact_count":185,"autonomy_count":761}}
