{"data":{"satisfaction":8.113542282672974,"comprehension":8.681760807825812,"contact":5.783475783475783,"contact_reachability":0.8039772727272727,"contact_satisfaction":7.198581560283688,"autonomy":6.484529295589203},"metadata":{"satisfaction_count":3382,"comprehension_count":3169,"contact_count":351,"contactReachability_count":352,"contactSatisfaction_count":282,"autonomy_count":1519}}
