{"data":{"satisfaction":8.114580175810852,"comprehension":8.69186046511628,"contact":5.647865853658536,"contact_reachability":0.8024316109422492,"contact_satisfaction":7.0437262357414445,"autonomy":6.5464632454923715},"metadata":{"satisfaction_count":3299,"comprehension_count":3096,"contact_count":328,"contactReachability_count":329,"contactSatisfaction_count":263,"autonomy_count":1442}}
