{"data":{"satisfaction":8.030458590006845,"comprehension":8.31821480406386,"contact":5.55379746835443,"contact_reachability":0.7810526315789473,"contact_satisfaction":7.114864864864865,"autonomy":6.5294992563212695},"metadata":{"satisfaction_count":2922,"comprehension_count":2756,"contact_count":474,"contactReachability_count":475,"contactSatisfaction_count":370,"autonomy_count":2017}}
