{"data":{"satisfaction":8.137516688918558,"comprehension":8.1042817679558,"contact":5.775862068965517,"contact_reachability":0.7711864406779662,"contact_satisfaction":7.52808988764045,"autonomy":7.3076923076923075},"metadata":{"satisfaction_count":749,"comprehension_count":724,"contact_count":116,"contactReachability_count":118,"contactSatisfaction_count":89,"autonomy_count":702}}
