{"data":{"satisfaction":7.778497409326425,"comprehension":7.804959785522788,"contact":5.049668874172186,"contact_reachability":0.7152317880794702,"contact_satisfaction":7.060185185185185,"autonomy":7.006896551724138},"metadata":{"satisfaction_count":772,"comprehension_count":746,"contact_count":151,"contactReachability_count":151,"contactSatisfaction_count":108,"autonomy_count":725}}
