{"data":{"satisfaction":8.097222222222221,"comprehension":8.787991104521868,"contact":5.443548387096774,"contact_reachability":7.782258064516129,"contact_satisfaction":6.994818652849741,"autonomy":6.429942418426104},"metadata":{"satisfaction_count":2880,"comprehension_count":2698,"contact_count":248,"autonomy_count":1042}}
