{"data":{"satisfaction":7.756324900133156,"comprehension":7.690972222222222,"contact":4.761146496815287,"contact_reachability":0.6878980891719745,"contact_satisfaction":6.921296296296297,"autonomy":6.837606837606837},"metadata":{"satisfaction_count":751,"comprehension_count":720,"contact_count":157,"contactReachability_count":157,"contactSatisfaction_count":108,"autonomy_count":702}}
