{"data":{"satisfaction":8.103197674418604,"comprehension":8.07057057057057,"contact":5.454545454545454,"contact_reachability":0.8051948051948052,"contact_satisfaction":6.774193548387097,"autonomy":7.320061255742726},"metadata":{"satisfaction_count":688,"comprehension_count":666,"contact_count":77,"contactReachability_count":77,"contactSatisfaction_count":62,"autonomy_count":653}}
