{"data":{"satisfaction":8.314087759815243,"comprehension":8.268072289156626,"contact":5.849056603773585,"contact_reachability":0.7924528301886793,"contact_satisfaction":7.380952380952381,"autonomy":7.478890229191797},"metadata":{"satisfaction_count":866,"comprehension_count":830,"contact_count":106,"contactReachability_count":106,"contactSatisfaction_count":84,"autonomy_count":829}}
