{"data":{"satisfaction":8.011575802837939,"comprehension":8.014246682279468,"contact":5.564946619217082,"contact_reachability":0.7744227353463587,"contact_satisfaction":7.189655172413793,"autonomy":6.666666666666667},"metadata":{"satisfaction_count":2678,"comprehension_count":2562,"contact_count":562,"contactReachability_count":563,"contactSatisfaction_count":435,"autonomy_count":2517}}
