{"data":{"satisfaction":8.046666666666667,"comprehension":8.030804037591368,"contact":5.6852159468438535,"contact_reachability":0.7777777777777778,"contact_satisfaction":7.344420600858369,"autonomy":6.726886291179596},"metadata":{"satisfaction_count":3000,"comprehension_count":2873,"contact_count":602,"contactReachability_count":612,"contactSatisfaction_count":466,"autonomy_count":2823}}
