{"data":{"satisfaction":8.173173173173174,"comprehension":8.103567717353654,"contact":5.480549199084668,"contact_reachability":0.7539503386004515,"contact_satisfaction":7.301829268292683,"autonomy":7.268877911079746},"metadata":{"satisfaction_count":2997,"comprehension_count":2887,"contact_count":437,"contactReachability_count":443,"contactSatisfaction_count":328,"autonomy_count":2834}}
