{"data":{"satisfaction":7.7655677655677655,"comprehension":7.664516129032258,"contact":5.071428571428571,"contact_reachability":0.72,"contact_satisfaction":7.0436507936507935,"autonomy":6.766623207301174},"metadata":{"satisfaction_count":819,"comprehension_count":775,"contact_count":175,"contactReachability_count":175,"contactSatisfaction_count":126,"autonomy_count":767}}
