{"data":{"satisfaction":8.040770101925254,"comprehension":7.916666666666667,"contact":5.883084577114428,"contact_reachability":0.806930693069307,"contact_satisfaction":7.299382716049383,"autonomy":6.598311218335343},"metadata":{"satisfaction_count":883,"comprehension_count":822,"contact_count":201,"contactReachability_count":202,"contactSatisfaction_count":162,"autonomy_count":829}}
