{"data":{"satisfaction":7.967105263157895,"comprehension":7.894557823129252,"contact":5.181451612903226,"contact_reachability":0.7142857142857143,"contact_satisfaction":7.301136363636363,"autonomy":7.17877094972067},"metadata":{"satisfaction_count":760,"comprehension_count":735,"contact_count":124,"contactReachability_count":126,"contactSatisfaction_count":88,"autonomy_count":716}}
