{"data":{"satisfaction":8.053346587143803,"comprehension":8.039113880235375,"contact":5.695364238410596,"contact_reachability":0.7785016286644951,"contact_satisfaction":7.35042735042735,"autonomy":6.731243395561817},"metadata":{"satisfaction_count":3018,"comprehension_count":2889,"contact_count":604,"contactReachability_count":614,"contactSatisfaction_count":468,"autonomy_count":2839}}
