{"data":{"satisfaction":8.008460787504069,"comprehension":8.273871078938297,"contact":5.550595238095238,"contact_reachability":0.7821782178217822,"contact_satisfaction":7.100253807106599,"autonomy":6.558741905642923},"metadata":{"satisfaction_count":3073,"comprehension_count":2901,"contact_count":504,"contactReachability_count":505,"contactSatisfaction_count":394,"autonomy_count":2162}}
