{"data":{"satisfaction":8.040636042402827,"comprehension":8.023449039881832,"contact":5.666089965397924,"contact_reachability":0.7789115646258503,"contact_satisfaction":7.310267857142857,"autonomy":6.709193245778612},"metadata":{"satisfaction_count":2830,"comprehension_count":2708,"contact_count":578,"contactReachability_count":588,"contactSatisfaction_count":448,"autonomy_count":2665}}
