{"data":{"satisfaction":7.997557997557998,"comprehension":8.015075376884422,"contact":5.353403141361256,"contact_reachability":7.916666666666666,"contact_satisfaction":6.771523178807947,"autonomy":6.462324393358876},"metadata":{"satisfaction_count":819,"comprehension_count":796,"contact_count":191,"autonomy_count":783}}
