{"data":{"satisfaction":8.158376563930425,"comprehension":8.083067092651758,"contact":5.733695652173913,"contact_reachability":0.7846975088967971,"contact_satisfaction":7.34338747099768,"autonomy":7.114946271572777},"metadata":{"satisfaction_count":3277,"comprehension_count":3130,"contact_count":552,"contactReachability_count":562,"contactSatisfaction_count":431,"autonomy_count":3071}}
