{"data":{"satisfaction":8.014827018121911,"comprehension":8.280104712041885,"contact":5.608519269776877,"contact_reachability":0.7834008097165992,"contact_satisfaction":7.16321243523316,"autonomy":6.541176470588235},"metadata":{"satisfaction_count":3035,"comprehension_count":2865,"contact_count":493,"contactReachability_count":494,"contactSatisfaction_count":386,"autonomy_count":2125}}
