{"data":{"satisfaction":8.226190476190476,"comprehension":8.102791878172589,"contact":5.96045197740113,"contact_reachability":0.8314606741573034,"contact_satisfaction":7.1768707482993195,"autonomy":6.566037735849057},"metadata":{"satisfaction_count":840,"comprehension_count":788,"contact_count":177,"contactReachability_count":178,"contactSatisfaction_count":147,"autonomy_count":795}}
