{"data":{"satisfaction":8.115107913669064,"comprehension":8.102678571428571,"contact":5.4391891891891895,"contact_reachability":0.7837837837837838,"contact_satisfaction":6.939655172413793,"autonomy":7.401812688821752},"metadata":{"satisfaction_count":695,"comprehension_count":672,"contact_count":74,"contactReachability_count":74,"contactSatisfaction_count":58,"autonomy_count":662}}
