{"data":{"satisfaction":8.187250996015937,"comprehension":8.150826446280991,"contact":5.683760683760684,"contact_reachability":0.7563025210084033,"contact_satisfaction":7.556818181818182,"autonomy":7.290780141843972},"metadata":{"satisfaction_count":753,"comprehension_count":726,"contact_count":117,"contactReachability_count":119,"contactSatisfaction_count":88,"autonomy_count":705}}
