{"data":{"satisfaction":8.080625752105897,"comprehension":8.019925280199253,"contact":5.449735449735449,"contact_reachability":8.052631578947368,"contact_satisfaction":6.776315789473684,"autonomy":6.607818411097099},"metadata":{"satisfaction_count":831,"comprehension_count":803,"contact_count":189,"autonomy_count":793}}
