{"data":{"satisfaction":8.191489361702128,"comprehension":8.045977011494253,"contact":2.272727272727273,"contact_reachability":0.2727272727272727,"contact_satisfaction":8.333333333333334,"autonomy":7.831325301204819},"metadata":{"satisfaction_count":94,"comprehension_count":87,"contact_count":11,"contactReachability_count":11,"contactSatisfaction_count":3,"autonomy_count":83}}
