{"data":{"satisfaction":8.476070528967254,"comprehension":8.275401069518717,"contact":6.963276836158192,"contact_reachability":0.8729281767955801,"contact_satisfaction":8.003246753246753,"autonomy":5.1474530831099194},"metadata":{"satisfaction_count":397,"comprehension_count":374,"contact_count":177,"contactReachability_count":181,"contactSatisfaction_count":154,"autonomy_count":373}}
