{"data":{"satisfaction":8.426973515042427,"comprehension":8.50783527696793,"contact":7.06517094017094,"contact_reachability":8.689075630252102,"contact_satisfaction":8.152120315581854,"autonomy":5.217613927291347},"metadata":{"satisfaction_count":15556,"comprehension_count":13720,"contact_count":2340,"autonomy_count":5859}}
