{"data":{"satisfaction":8.55436372501219,"comprehension":8.008367824365665,"contact":7.303070761014686,"contact_reachability":0.8929503916449086,"contact_satisfaction":8.200899550224888,"autonomy":5.230058624977794},"metadata":{"satisfaction_count":6153,"comprehension_count":5557,"contact_count":2247,"contactReachability_count":2298,"contactSatisfaction_count":2001,"autonomy_count":5629}}
