{"data":{"satisfaction":8.494840735755945,"comprehension":7.982968369829684,"contact":7.274368231046932,"contact_reachability":0.8955399061032864,"contact_satisfaction":8.14690026954178,"autonomy":5.264458724666337},"metadata":{"satisfaction_count":2229,"comprehension_count":2055,"contact_count":831,"contactReachability_count":852,"contactSatisfaction_count":742,"autonomy_count":2023}}
