{"data":{"satisfaction":8.429719603577471,"comprehension":8.734561547962125,"contact":7.028222409435552,"contact_reachability":8.655115511551156,"contact_satisfaction":8.14697265625,"autonomy":5.3297978123964205},"metadata":{"satisfaction_count":16548,"comprehension_count":14574,"contact_count":1187,"autonomy_count":3017}}
