{"data":{"satisfaction":8.475968691377192,"comprehension":8.186087466979748,"contact":7.115781330582775,"contact_reachability":0.8770949720670391,"contact_satisfaction":8.130524454920447,"autonomy":5.2817904374364195},"metadata":{"satisfaction_count":15459,"comprehension_count":13628,"contact_count":3878,"contactReachability_count":3938,"contactSatisfaction_count":3394,"autonomy_count":9830}}
