{"data":{"satisfaction":8.491144414168938,"comprehension":7.932911392405063,"contact":7.032043147208122,"contact_reachability":8.672510958046336,"contact_satisfaction":8.125,"autonomy":5.155656795747912},"metadata":{"satisfaction_count":4404,"comprehension_count":3950,"contact_count":1576,"autonomy_count":3951}}
