{"data":{"satisfaction":8.411768856276018,"comprehension":8.573166839543605,"contact":7.080618892508143,"contact_reachability":8.709333333333333,"contact_satisfaction":8.1515625,"autonomy":5.249190938511327},"metadata":{"satisfaction_count":14173,"comprehension_count":12533,"contact_count":1842,"autonomy_count":4635}}
