{"data":{"satisfaction":8.742857142857142,"comprehension":8.393939393939394,"contact":7.318840579710145,"contact_reachability":0.8985507246376812,"contact_satisfaction":8.14516129032258,"autonomy":5.62874251497006},"metadata":{"satisfaction_count":175,"comprehension_count":165,"contact_count":69,"contactReachability_count":69,"contactSatisfaction_count":62,"autonomy_count":167}}
