{"data":{"satisfaction":8.483777038269551,"comprehension":7.96221322537112,"contact":7.243303571428571,"contact_reachability":0.898471615720524,"contact_satisfaction":8.082191780821917,"autonomy":5.298950251026929},"metadata":{"satisfaction_count":2404,"comprehension_count":2223,"contact_count":896,"contactReachability_count":916,"contactSatisfaction_count":803,"autonomy_count":2191}}
