{"data":{"satisfaction":8.500424808836025,"comprehension":7.724064346684176,"contact":7.060111464968153,"contact_reachability":0.8749016522423289,"contact_satisfaction":8.083409298085689,"autonomy":5.181147803783264},"metadata":{"satisfaction_count":3531,"comprehension_count":3046,"contact_count":1256,"contactReachability_count":1271,"contactSatisfaction_count":1097,"autonomy_count":3119}}
