{"data":{"satisfaction":8.728323699421965,"comprehension":8.358895705521473,"contact":7.357142857142857,"contact_reachability":0.9,"contact_satisfaction":8.174603174603174,"autonomy":5.515151515151516},"metadata":{"satisfaction_count":173,"comprehension_count":163,"contact_count":70,"contactReachability_count":70,"contactSatisfaction_count":63,"autonomy_count":165}}
