{"data":{"satisfaction":8.428606628064555,"comprehension":8.469277066274756,"contact":7.041328698339127,"contact_reachability":0.8699619771863117,"contact_satisfaction":8.11303960836671,"autonomy":5.223048327137547},"metadata":{"satisfaction_count":16234,"comprehension_count":14289,"contact_count":2589,"contactReachability_count":2630,"contactSatisfaction_count":2247,"autonomy_count":6456}}
