{"data":{"satisfaction":8.587743732590528,"comprehension":7.93278376664553,"contact":7.273469387755102,"contact_reachability":0.8930868167202572,"contact_satisfaction":8.159340659340659,"autonomy":5.385816932208685},"metadata":{"satisfaction_count":3590,"comprehension_count":3154,"contact_count":1225,"contactReachability_count":1244,"contactSatisfaction_count":1092,"autonomy_count":3201}}
