{"data":{"satisfaction":8.475524475524475,"comprehension":8.006644518272426,"contact":6.99967824967825,"contact_reachability":8.582326764144947,"contact_satisfaction":8.172426746806913,"autonomy":5.150025866528712},"metadata":{"satisfaction_count":4290,"comprehension_count":3913,"contact_count":1554,"autonomy_count":3866}}
