{"data":{"satisfaction":8.566277045511066,"comprehension":7.668048563814036,"contact":7.195682944090588,"contact_reachability":0.8786610878661087,"contact_satisfaction":8.206214689265536,"autonomy":5.287913340935006},"metadata":{"satisfaction_count":4021,"comprehension_count":3377,"contact_count":1413,"contactReachability_count":1434,"contactSatisfaction_count":1239,"autonomy_count":3508}}
