{"data":{"satisfaction":8.471225457007447,"comprehension":8.191161752251906,"contact":7.128434065934066,"contact_reachability":0.8758452799567217,"contact_satisfaction":8.157026092423767,"autonomy":5.272271836201264},"metadata":{"satisfaction_count":14770,"comprehension_count":12989,"contact_count":3640,"contactReachability_count":3697,"contactSatisfaction_count":3181,"autonomy_count":9182}}
