{"data":{"satisfaction":8.49773527931555,"comprehension":7.800746482917026,"contact":7.023475823405747,"contact_reachability":0.8723108952116586,"contact_satisfaction":8.063153660498793,"autonomy":5.153148043108338},"metadata":{"satisfaction_count":3974,"comprehension_count":3483,"contact_count":1427,"contactReachability_count":1441,"contactSatisfaction_count":1243,"autonomy_count":3526}}
