{"data":{"satisfaction":8.431523276551257,"comprehension":8.749912739965096,"contact":7.021619135234591,"contact_reachability":8.64086408640864,"contact_satisfaction":8.154380341880342,"autonomy":5.309446254071661},"metadata":{"satisfaction_count":16261,"comprehension_count":14325,"contact_count":1087,"autonomy_count":2763}}
