{"data":{"satisfaction":8.595505617977528,"comprehension":8.34319526627219,"contact":7.2,"contact_reachability":0.8933333333333333,"contact_satisfaction":8.059701492537313,"autonomy":5.380116959064328},"metadata":{"satisfaction_count":178,"comprehension_count":169,"contact_count":75,"contactReachability_count":75,"contactSatisfaction_count":67,"autonomy_count":171}}
