{"data":{"satisfaction":8.493777599357689,"comprehension":7.912157287157287,"contact":7.241742796907941,"contact_reachability":0.8812243033348561,"contact_satisfaction":8.246198986396372,"autonomy":5.273777859304778},"metadata":{"satisfaction_count":12455,"comprehension_count":11088,"contact_count":4269,"contactReachability_count":4378,"contactSatisfaction_count":3749,"autonomy_count":10903}}
