{"data":{"satisfaction":8.419472370285407,"comprehension":8.557794879609874,"contact":7.022130350194552,"contact_reachability":8.660287081339712,"contact_satisfaction":8.129222972972974,"autonomy":5.283307810107198},"metadata":{"satisfaction_count":14821,"comprehension_count":13124,"contact_count":2056,"autonomy_count":5224}}
