{"data":{"satisfaction":8.474114441416894,"comprehension":8.187288385102311,"contact":7.110246433203631,"contact_reachability":0.8766283524904215,"contact_satisfaction":8.12870699881376,"autonomy":5.286721864458755},"metadata":{"satisfaction_count":15414,"comprehension_count":13586,"contact_count":3855,"contactReachability_count":3915,"contactSatisfaction_count":3372,"autonomy_count":9783}}
