{"data":{"satisfaction":8.423479807628961,"comprehension":8.801118031064755,"contact":7.076868829337094,"autonomy":5.361344537815126},"metadata":{"satisfaction_count":15179,"comprehension_count":13327,"contact_count":709,"autonomy_count":1785}}
