{"data":{"satisfaction":8.549402647723603,"comprehension":8.004021447721179,"contact":7.292402826855124,"contact_reachability":0.8920086393088553,"contact_satisfaction":8.197616683217477,"autonomy":5.23826332509707},"metadata":{"satisfaction_count":6194,"comprehension_count":5595,"contact_count":2264,"contactReachability_count":2315,"contactSatisfaction_count":2014,"autonomy_count":5666}}
