{"data":{"satisfaction":8.472059855038578,"comprehension":7.885928065108953,"contact":7.040647719762062,"contact_reachability":8.688845401174168,"contact_satisfaction":8.119283536585366,"autonomy":5.14621409921671},"metadata":{"satisfaction_count":4277,"comprehension_count":3809,"contact_count":1513,"autonomy_count":3830}}
