{"data":{"satisfaction":8.475461613216716,"comprehension":7.844377233984053,"contact":7.062624254473161,"contact_reachability":0.8734426229508196,"contact_satisfaction":8.09840425531915,"autonomy":5.073449401523395},"metadata":{"satisfaction_count":4116,"comprehension_count":3637,"contact_count":1509,"contactReachability_count":1525,"contactSatisfaction_count":1316,"autonomy_count":3676}}
