{"data":{"satisfaction":8.492574950966658,"comprehension":7.724244393890153,"contact":7.0506730007917655,"contact_reachability":0.8748043818466353,"contact_satisfaction":8.073436083408884,"autonomy":5.193650793650794},"metadata":{"satisfaction_count":3569,"comprehension_count":3077,"contact_count":1263,"contactReachability_count":1278,"contactSatisfaction_count":1103,"autonomy_count":3150}}
