{"data":{"satisfaction":8.42790181324781,"comprehension":8.469730941704036,"contact":7.041328698339127,"contact_reachability":0.8699619771863117,"contact_satisfaction":8.11303960836671,"autonomy":5.211923614345599},"metadata":{"satisfaction_count":16214,"comprehension_count":14272,"contact_count":2589,"contactReachability_count":2630,"contactSatisfaction_count":2247,"autonomy_count":6441}}
