{"data":{"satisfaction":8.467352291551629,"comprehension":8.19454259913624,"contact":7.123831113629923,"contact_reachability":0.8747209821428571,"contact_satisfaction":8.162337662337663,"autonomy":5.276410026857654},"metadata":{"satisfaction_count":14488,"comprehension_count":12735,"contact_count":3529,"contactReachability_count":3584,"contactSatisfaction_count":3080,"autonomy_count":8936}}
