{"data":{"satisfaction":8.486426999266325,"comprehension":7.913723718791064,"contact":7.204732727656877,"contact_reachability":0.8799670578546428,"contact_satisfaction":8.216867469879517,"autonomy":5.181159420289855},"metadata":{"satisfaction_count":13630,"comprehension_count":12176,"contact_count":4733,"contactReachability_count":4857,"contactSatisfaction_count":4150,"autonomy_count":12144}}
