{"data":{"satisfaction":6.536964980544747,"comprehension":6.819148936170213,"contact":3.75,"contact_reachability":0.5882352941176471,"contact_satisfaction":6.4655172413793105,"autonomy":4.786729857819905},"metadata":{"satisfaction_count":257,"comprehension_count":235,"contact_count":100,"contactReachability_count":102,"contactSatisfaction_count":58,"autonomy_count":211}}
