{"data":{"satisfaction":6.342465753424658,"comprehension":6.746987951807229,"contact":4.149305555555555,"contact_reachability":0.6095890410958904,"contact_satisfaction":6.867816091954023,"autonomy":4.662162162162162},"metadata":{"satisfaction_count":365,"comprehension_count":332,"contact_count":144,"contactReachability_count":146,"contactSatisfaction_count":87,"autonomy_count":296}}
