{"data":{"satisfaction":6.4655172413793105,"comprehension":6.832706766917293,"contact":4.353448275862069,"contact_reachability":0.6239316239316239,"contact_satisfaction":7.013888888888889,"autonomy":4.595744680851064},"metadata":{"satisfaction_count":290,"comprehension_count":266,"contact_count":116,"contactReachability_count":117,"contactSatisfaction_count":72,"autonomy_count":235}}
