{"data":{"satisfaction":6.1785095320623915,"comprehension":6.616795366795367,"contact":3.9743589743589745,"contact_reachability":0.5847457627118644,"contact_satisfaction":6.838235294117647,"autonomy":4.35064935064935},"metadata":{"satisfaction_count":577,"comprehension_count":518,"contact_count":234,"contactReachability_count":236,"contactSatisfaction_count":136,"autonomy_count":462}}
