{"data":{"satisfaction":5.660377358490566,"comprehension":6.413043478260869,"contact":4.021739130434782,"contact_reachability":0.6086956521739131,"contact_satisfaction":6.607142857142857,"autonomy":4.4186046511627906},"metadata":{"satisfaction_count":53,"comprehension_count":46,"contact_count":23,"contactReachability_count":23,"contactSatisfaction_count":14,"autonomy_count":43}}
