{"data":{"satisfaction":6.454248366013072,"comprehension":6.752669039145908,"contact":4.145833333333333,"contact_reachability":0.6065573770491803,"contact_satisfaction":6.909722222222222,"autonomy":4.717741935483871},"metadata":{"satisfaction_count":306,"comprehension_count":281,"contact_count":120,"contactReachability_count":122,"contactSatisfaction_count":72,"autonomy_count":248}}
