{"data":{"satisfaction":8.321809140421502,"comprehension":8.84944034944035,"contact":7.235576923076923,"contact_reachability":0.842948717948718,"contact_satisfaction":8.583650190114069,"autonomy":7.701963308657869},"metadata":{"satisfaction_count":21115,"comprehension_count":18315,"contact_count":312,"contactReachability_count":312,"contactSatisfaction_count":263,"autonomy_count":3107}}
