{"data":{"satisfaction":8.247928812519177,"comprehension":8.86738407620417,"contact":6.889763779527559,"contact_reachability":8.188976377952756,"contact_satisfaction":8.413461538461538,"autonomy":7.609213661636219},"metadata":{"satisfaction_count":26072,"comprehension_count":22256,"contact_count":127,"autonomy_count":1259}}
