{"data":{"satisfaction":8.746134193895388,"comprehension":8.742653232577666,"contact":7.103658536585366,"contact_reachability":0.8330827067669173,"contact_satisfaction":8.55045871559633,"autonomy":7.884992987377279},"metadata":{"satisfaction_count":7437,"comprehension_count":7146,"contact_count":656,"contactReachability_count":665,"contactSatisfaction_count":545,"autonomy_count":7130}}
