{"data":{"satisfaction":8.699261992619926,"comprehension":8.739570510190125,"contact":6.967084639498433,"contact_reachability":0.8209876543209876,"contact_satisfaction":8.515325670498084,"autonomy":7.974578612876485},"metadata":{"satisfaction_count":7588,"comprehension_count":7311,"contact_count":638,"contactReachability_count":648,"contactSatisfaction_count":522,"autonomy_count":7238}}
