{"data":{"satisfaction":8.322617246596067,"comprehension":8.848910081743869,"contact":7.208201892744479,"contact_reachability":0.8391167192429022,"contact_satisfaction":8.590225563909774,"autonomy":7.705283259070655},"metadata":{"satisfaction_count":21152,"comprehension_count":18350,"contact_count":317,"contactReachability_count":317,"contactSatisfaction_count":266,"autonomy_count":3142}}
