{"data":{"satisfaction":8.678191489361701,"comprehension":8.683660676974508,"contact":7.1406003159557665,"contact_reachability":0.8304821150855366,"contact_satisfaction":8.625954198473282,"autonomy":7.862088863242931},"metadata":{"satisfaction_count":7520,"comprehension_count":7179,"contact_count":633,"contactReachability_count":643,"contactSatisfaction_count":524,"autonomy_count":6932}}
