{"data":{"satisfaction":8.245026704853316,"comprehension":8.870806663942984,"contact":7.132352941176471,"autonomy":7.591876208897485},"metadata":{"satisfaction_count":25838,"comprehension_count":22029,"contact_count":102,"autonomy_count":1034}}
