{"data":{"satisfaction":8.686429849220547,"comprehension":8.685777361519936,"contact":7.122926093514328,"contact_reachability":0.8308605341246291,"contact_satisfaction":8.602003642987249,"autonomy":7.860008299903168},"metadata":{"satisfaction_count":7826,"comprehension_count":7474,"contact_count":663,"contactReachability_count":674,"contactSatisfaction_count":549,"autonomy_count":7229}}
