{"data":{"satisfaction":8.454693214140594,"comprehension":8.808400513008428,"contact":7.101528384279476,"contact_reachability":0.8235294117647058,"contact_satisfaction":8.627320954907162,"autonomy":7.730558598028478},"metadata":{"satisfaction_count":12305,"comprehension_count":10916,"contact_count":458,"contactReachability_count":459,"contactSatisfaction_count":377,"autonomy_count":4565}}
