{"data":{"satisfaction":8.850286532951289,"comprehension":8.720930232558139,"contact":7.311643835616438,"contact_reachability":0.8482758620689655,"contact_satisfaction":8.608870967741936,"autonomy":7.687687687687688},"metadata":{"satisfaction_count":1396,"comprehension_count":1333,"contact_count":146,"contactReachability_count":145,"contactSatisfaction_count":124,"autonomy_count":1332}}
