{"data":{"satisfaction":8.669402110199297,"comprehension":8.765938069216757,"contact":7.059859154929577,"contact_reachability":0.823943661971831,"contact_satisfaction":8.568376068376068,"autonomy":7.897623400365631},"metadata":{"satisfaction_count":1706,"comprehension_count":1647,"contact_count":142,"contactReachability_count":142,"contactSatisfaction_count":117,"autonomy_count":1641}}
