{"data":{"satisfaction":8.244427214576469,"comprehension":8.87188466436238,"contact":7.125,"autonomy":7.580645161290323},"metadata":{"satisfaction_count":25795,"comprehension_count":21988,"contact_count":100,"autonomy_count":992}}
