{"data":{"satisfaction":8.661087866108787,"comprehension":8.618804664723031,"contact":6.902439024390244,"contact_reachability":0.821256038647343,"contact_satisfaction":8.422619047619047,"autonomy":7.833899951432734},"metadata":{"satisfaction_count":2151,"comprehension_count":2058,"contact_count":205,"contactReachability_count":207,"contactSatisfaction_count":168,"autonomy_count":2059}}
