{"data":{"satisfaction":8.456974491443333,"comprehension":8.809664514955905,"contact":7.116204690831556,"contact_reachability":0.8276595744680851,"contact_satisfaction":8.60180412371134,"autonomy":7.7304048234280796},"metadata":{"satisfaction_count":12388,"comprehension_count":10999,"contact_count":469,"contactReachability_count":470,"contactSatisfaction_count":388,"autonomy_count":4644}}
