{"data":{"satisfaction":8.736093943139679,"comprehension":8.706619537275063,"contact":7.53125,"contact_reachability":8.5625,"contact_satisfaction":8.795620437956204,"autonomy":7.719298245614035},"metadata":{"satisfaction_count":1618,"comprehension_count":1556,"contact_count":160,"autonomy_count":1539}}
