{"data":{"satisfaction":8.845521774856204,"comprehension":8.655172413793103,"contact":7.237903225806452,"contact_reachability":0.8455284552845529,"contact_satisfaction":8.547619047619047,"autonomy":7.670405522001726},"metadata":{"satisfaction_count":1217,"comprehension_count":1160,"contact_count":124,"contactReachability_count":123,"contactSatisfaction_count":105,"autonomy_count":1159}}
