{"data":{"satisfaction":8.819311663479924,"comprehension":8.63933601609658,"contact":7.119047619047619,"contact_reachability":0.8365384615384616,"contact_satisfaction":8.494318181818182,"autonomy":7.698492462311558},"metadata":{"satisfaction_count":1046,"comprehension_count":994,"contact_count":105,"contactReachability_count":104,"contactSatisfaction_count":88,"autonomy_count":995}}
