{"data":{"satisfaction":8.85980479148181,"comprehension":8.674277726001863,"contact":7.120535714285714,"contact_reachability":0.8378378378378378,"contact_satisfaction":8.48404255319149,"autonomy":7.69589552238806},"metadata":{"satisfaction_count":1127,"comprehension_count":1073,"contact_count":112,"contactReachability_count":111,"contactSatisfaction_count":94,"autonomy_count":1072}}
