{"data":{"satisfaction":8.765534382767191,"comprehension":8.834257679180887,"contact":6.843575418994414,"contact_reachability":0.8142076502732241,"contact_satisfaction":8.448275862068966,"autonomy":8.078583765112263},"metadata":{"satisfaction_count":2414,"comprehension_count":2344,"contact_count":179,"contactReachability_count":183,"contactSatisfaction_count":145,"autonomy_count":2316}}
