{"data":{"satisfaction":8.456990118256925,"comprehension":8.809436889659578,"contact":7.115800865800866,"contact_reachability":0.8250539956803455,"contact_satisfaction":8.628608923884514,"autonomy":7.73142112125163},"metadata":{"satisfaction_count":12346,"comprehension_count":10957,"contact_count":462,"contactReachability_count":463,"contactSatisfaction_count":381,"autonomy_count":4602}}
