{"data":{"satisfaction":8.687045690550363,"comprehension":8.68646371296548,"contact":7.127329192546584,"contact_reachability":0.8302752293577982,"contact_satisfaction":8.611632270168856,"autonomy":7.8584468473529},"metadata":{"satisfaction_count":7704,"comprehension_count":7358,"contact_count":644,"contactReachability_count":654,"contactSatisfaction_count":533,"autonomy_count":7121}}
