{"data":{"satisfaction":8.739210850801479,"comprehension":8.71638924455826,"contact":7.484472049689441,"contact_reachability":8.509316770186336,"contact_satisfaction":8.795620437956204,"autonomy":7.712248865845755},"metadata":{"satisfaction_count":1622,"comprehension_count":1562,"contact_count":161,"autonomy_count":1543}}
