{"data":{"satisfaction":8.250190258751903,"comprehension":8.86568094771533,"contact":6.829710144927536,"contact_reachability":8.18840579710145,"contact_satisfaction":8.34070796460177,"autonomy":7.677954388389772},"metadata":{"satisfaction_count":26280,"comprehension_count":22454,"contact_count":138,"autonomy_count":1447}}
