{"data":{"satisfaction":8.826552462526767,"comprehension":8.870181657066903,"contact":7.03030303030303,"contact_reachability":0.8165680473372781,"contact_satisfaction":8.656716417910447,"autonomy":8.109919571045577},"metadata":{"satisfaction_count":2335,"comprehension_count":2257,"contact_count":165,"contactReachability_count":169,"contactSatisfaction_count":134,"autonomy_count":2238}}
