{"data":{"satisfaction":8.313521545319466,"comprehension":8.854005310909493,"contact":7.224080267558528,"contact_reachability":0.842809364548495,"contact_satisfaction":8.571428571428571,"autonomy":7.643378519290928},"metadata":{"satisfaction_count":20863,"comprehension_count":18076,"contact_count":299,"contactReachability_count":299,"contactSatisfaction_count":252,"autonomy_count":2877}}
