{"data":{"satisfaction":8.68929198361615,"comprehension":8.779527559055119,"contact":7.059859154929577,"contact_reachability":0.823943661971831,"contact_satisfaction":8.568376068376068,"autonomy":7.9100850546780075},"metadata":{"satisfaction_count":1709,"comprehension_count":1651,"contact_count":142,"contactReachability_count":142,"contactSatisfaction_count":117,"autonomy_count":1646}}
