{"data":{"satisfaction":8.803285968028419,"comprehension":8.848987108655617,"contact":6.656050955414012,"contact_reachability":0.8012422360248447,"contact_satisfaction":8.36,"autonomy":8.114259173246632},"metadata":{"satisfaction_count":2252,"comprehension_count":2172,"contact_count":157,"contactReachability_count":161,"contactSatisfaction_count":125,"autonomy_count":2153}}
