{"data":{"satisfaction":8.760096930533118,"comprehension":8.81715951686797,"contact":6.926020408163265,"contact_reachability":0.82,"contact_satisfaction":8.484375,"autonomy":8.010118043844857},"metadata":{"satisfaction_count":2476,"comprehension_count":2401,"contact_count":196,"contactReachability_count":200,"contactSatisfaction_count":160,"autonomy_count":2372}}
