{"data":{"satisfaction":8.32245399933778,"comprehension":8.849037570205573,"contact":7.222222222222222,"contact_reachability":0.8412698412698413,"contact_satisfaction":8.584905660377359,"autonomy":7.709996806132226},"metadata":{"satisfaction_count":21141,"comprehension_count":18339,"contact_count":315,"contactReachability_count":315,"contactSatisfaction_count":265,"autonomy_count":3131}}
