{"data":{"satisfaction":8.789881494986327,"comprehension":8.858156028368795,"contact":6.552795031055901,"contact_reachability":0.793939393939394,"contact_satisfaction":8.307086614173228,"autonomy":8.063748810656518},"metadata":{"satisfaction_count":2194,"comprehension_count":2115,"contact_count":161,"contactReachability_count":165,"contactSatisfaction_count":127,"autonomy_count":2102}}
