{"data":{"satisfaction":8.677631578947368,"comprehension":8.658536585365853,"contact":7.091836734693878,"contact_reachability":8.175675675675675,"contact_satisfaction":8.6875,"autonomy":7.674258109040718},"metadata":{"satisfaction_count":1520,"comprehension_count":1476,"contact_count":147,"autonomy_count":1449}}
