{"data":{"satisfaction":8.196954484605087,"comprehension":7.633507327845814,"contact":3.582004555808656,"contact_reachability":0.578021978021978,"contact_satisfaction":6.366396761133603,"autonomy":5.418833044482958},"metadata":{"satisfaction_count":5976,"comprehension_count":4981,"contact_count":439,"contactReachability_count":455,"contactSatisfaction_count":247,"autonomy_count":3462}}
