{"data":{"satisfaction":8.166259168704157,"comprehension":7.606745954377072,"contact":3.5607675906183367,"contact_reachability":0.5711340206185567,"contact_satisfaction":6.398467432950191,"autonomy":5.434119278779473},"metadata":{"satisfaction_count":6135,"comprehension_count":5129,"contact_count":469,"contactReachability_count":485,"contactSatisfaction_count":261,"autonomy_count":3605}}
