{"data":{"satisfaction":7.906530089628681,"comprehension":7.055100521221147,"contact":3.3240223463687153,"contact_reachability":0.5380434782608695,"contact_satisfaction":6.329787234042553,"autonomy":5.234741784037559},"metadata":{"satisfaction_count":1562,"comprehension_count":1343,"contact_count":179,"contactReachability_count":184,"contactSatisfaction_count":94,"autonomy_count":1278}}
