{"data":{"satisfaction":8.32161125319693,"comprehension":7.507496251874063,"contact":3.852201257861635,"contact_reachability":0.6011904761904762,"contact_satisfaction":6.657608695652174,"autonomy":5.466034755134281},"metadata":{"satisfaction_count":1564,"comprehension_count":1334,"contact_count":159,"contactReachability_count":168,"contactSatisfaction_count":92,"autonomy_count":1266}}
