{"data":{"satisfaction":8.14421588144216,"comprehension":7.65048774684749,"contact":3.7206375838926173,"contact_reachability":0.5732899022801303,"contact_satisfaction":6.639221556886228,"autonomy":5.534239922292375},"metadata":{"satisfaction_count":4521,"comprehension_count":4203,"contact_count":596,"contactReachability_count":614,"contactSatisfaction_count":334,"autonomy_count":4118}}
