{"data":{"satisfaction":7.952727272727273,"comprehension":7.515408320493067,"contact":3.743523316062176,"contact_reachability":0.5763546798029556,"contact_satisfaction":6.752336448598131,"autonomy":5.57154276578737},"metadata":{"satisfaction_count":1375,"comprehension_count":1298,"contact_count":193,"contactReachability_count":203,"contactSatisfaction_count":107,"autonomy_count":1251}}
