{"data":{"satisfaction":8.141690576031781,"comprehension":7.646570140042725,"contact":3.7,"contact_reachability":0.5728155339805825,"contact_satisfaction":6.607142857142857,"autonomy":5.531863338987158},"metadata":{"satisfaction_count":4531,"comprehension_count":4213,"contact_count":600,"contactReachability_count":618,"contactSatisfaction_count":336,"autonomy_count":4127}}
