{"data":{"satisfaction":8.159830789038072,"comprehension":7.431528329500313,"contact":3.758445945945946,"contact_reachability":0.5766773162939297,"contact_satisfaction":6.804281345565749,"autonomy":5.462351387054161},"metadata":{"satisfaction_count":5437,"comprehension_count":4783,"contact_count":592,"contactReachability_count":626,"contactSatisfaction_count":327,"autonomy_count":4542}}
