{"data":{"satisfaction":8.571428571428571,"comprehension":8.081570996978853,"contact":4.5576923076923075,"contact_reachability":0.6439393939393939,"contact_satisfaction":7.13855421686747,"autonomy":6.016427104722792},"metadata":{"satisfaction_count":1036,"comprehension_count":993,"contact_count":130,"contactReachability_count":132,"contactSatisfaction_count":83,"autonomy_count":974}}
