{"data":{"satisfaction":8.294165316045381,"comprehension":7.328170377541142,"contact":4.003623188405797,"contact_reachability":0.5972222222222222,"contact_satisfaction":6.90625,"autonomy":5.135135135135135},"metadata":{"satisfaction_count":1234,"comprehension_count":1033,"contact_count":138,"contactReachability_count":144,"contactSatisfaction_count":80,"autonomy_count":999}}
