{"data":{"satisfaction":8.232077764277035,"comprehension":7.66910229645094,"contact":3.6825980392156863,"contact_reachability":0.5768321513002365,"contact_satisfaction":6.56113537117904,"autonomy":5.420875420875421},"metadata":{"satisfaction_count":5761,"comprehension_count":4790,"contact_count":408,"contactReachability_count":423,"contactSatisfaction_count":229,"autonomy_count":3267}}
