{"data":{"satisfaction":7.9361544172234595,"comprehension":7.529342723004695,"contact":3.810810810810811,"contact_reachability":0.5794871794871795,"contact_satisfaction":6.844660194174757,"autonomy":5.567260940032415},"metadata":{"satisfaction_count":1347,"comprehension_count":1278,"contact_count":185,"contactReachability_count":195,"contactSatisfaction_count":103,"autonomy_count":1234}}
