{"data":{"satisfaction":8.305489260143197,"comprehension":7.352801519468186,"contact":4.003623188405797,"contact_reachability":0.5972222222222222,"contact_satisfaction":6.90625,"autonomy":5.191364082433759},"metadata":{"satisfaction_count":1257,"comprehension_count":1053,"contact_count":138,"contactReachability_count":144,"contactSatisfaction_count":80,"autonomy_count":1019}}
