{"data":{"satisfaction":8.229298213963558,"comprehension":7.673369565217391,"contact":3.6397984886649875,"contact_reachability":0.5717761557177615,"contact_satisfaction":6.538461538461538,"autonomy":5.452481349335064},"metadata":{"satisfaction_count":5543,"comprehension_count":4600,"contact_count":397,"contactReachability_count":411,"contactSatisfaction_count":221,"autonomy_count":3083}}
