{"data":{"satisfaction":8.147058823529411,"comprehension":7.654639175257732,"contact":3.692434210526316,"contact_reachability":0.5702875399361023,"contact_satisfaction":6.622418879056047,"autonomy":5.543062200956938},"metadata":{"satisfaction_count":4590,"comprehension_count":4268,"contact_count":608,"contactReachability_count":626,"contactSatisfaction_count":339,"autonomy_count":4180}}
