{"data":{"satisfaction":7.900691389063482,"comprehension":7.144927536231884,"contact":3.355614973262032,"contact_reachability":0.5416666666666666,"contact_satisfaction":6.338383838383838,"autonomy":5.304878048780488},"metadata":{"satisfaction_count":1591,"comprehension_count":1380,"contact_count":187,"contactReachability_count":192,"contactSatisfaction_count":99,"autonomy_count":1312}}
