{"data":{"satisfaction":8.275757575757575,"comprehension":7.9882958801498125,"contact":3.666077738515901,"contact_reachability":0.5884353741496599,"contact_satisfaction":6.404320987654321,"autonomy":5.600178491744757},"metadata":{"satisfaction_count":6600,"comprehension_count":5340,"contact_count":283,"contactReachability_count":294,"contactSatisfaction_count":162,"autonomy_count":2241}}
