{"data":{"satisfaction":8.307484828051248,"comprehension":7.470143312101911,"contact":4.139072847682119,"contact_reachability":0.6050955414012739,"contact_satisfaction":7.022471910112359,"autonomy":5.468879668049793},"metadata":{"satisfaction_count":1483,"comprehension_count":1256,"contact_count":151,"contactReachability_count":157,"contactSatisfaction_count":89,"autonomy_count":1205}}
