{"data":{"satisfaction":8.293436905516804,"comprehension":8.236746623664583,"contact":2.9597701149425286,"contact_reachability":5.227272727272727,"contact_satisfaction":5.722222222222222,"autonomy":5.820707070707071},"metadata":{"satisfaction_count":6308,"comprehension_count":4961,"contact_count":87,"autonomy_count":792}}
