{"data":{"satisfaction":8.157091047909907,"comprehension":7.417373342030876,"contact":3.7455516014234878,"contact_reachability":0.5791245791245792,"contact_satisfaction":6.746794871794871,"autonomy":5.47646383467279},"metadata":{"satisfaction_count":5239,"comprehension_count":4599,"contact_count":562,"contactReachability_count":594,"contactSatisfaction_count":312,"autonomy_count":4355}}
