{"data":{"satisfaction":8.28781512605042,"comprehension":7.3879668049792535,"contact":3.783333333333333,"contact_reachability":0.5833333333333334,"contact_satisfaction":6.676470588235294,"autonomy":5.31384350816853},"metadata":{"satisfaction_count":1428,"comprehension_count":1205,"contact_count":150,"contactReachability_count":156,"contactSatisfaction_count":85,"autonomy_count":1163}}
