{"data":{"satisfaction":8.222222222222221,"comprehension":7.22799511002445,"contact":4.12280701754386,"contact_reachability":0.625,"contact_satisfaction":6.811594202898551,"autonomy":5.119196988707654},"metadata":{"satisfaction_count":990,"comprehension_count":818,"contact_count":114,"contactReachability_count":120,"contactSatisfaction_count":69,"autonomy_count":797}}
