{"data":{"satisfaction":8.323392116182573,"comprehension":7.936550976138829,"contact":3.7734082397003745,"contact_reachability":0.5716878402903811,"contact_satisfaction":6.761744966442953,"autonomy":5.664565634420389},"metadata":{"satisfaction_count":3856,"comprehension_count":3688,"contact_count":534,"contactReachability_count":551,"contactSatisfaction_count":298,"autonomy_count":3649}}
