{"data":{"satisfaction":8.229625550660794,"comprehension":7.67592387696393,"contact":3.6666666666666665,"contact_reachability":0.5717821782178217,"contact_satisfaction":6.589861751152074,"autonomy":5.44636908727515},"metadata":{"satisfaction_count":5448,"comprehension_count":4519,"contact_count":390,"contactReachability_count":404,"contactSatisfaction_count":217,"autonomy_count":3002}}
