{"data":{"satisfaction":8.154376436181325,"comprehension":7.677169769006504,"contact":3.713063763608087,"contact_reachability":0.5703479576399395,"contact_satisfaction":6.6504178272980505,"autonomy":5.558096980786825},"metadata":{"satisfaction_count":4787,"comprehension_count":4459,"contact_count":643,"contactReachability_count":661,"contactSatisfaction_count":359,"autonomy_count":4372}}
