{"data":{"satisfaction":8.184449958643507,"comprehension":7.759067357512953,"contact":3.678343949044586,"contact_reachability":0.5783132530120482,"contact_satisfaction":6.637931034482759,"autonomy":5.4907161803713525},"metadata":{"satisfaction_count":1209,"comprehension_count":1158,"contact_count":157,"contactReachability_count":166,"contactSatisfaction_count":87,"autonomy_count":1131}}
