{"data":{"satisfaction":8.322437238493723,"comprehension":7.937721933897842,"contact":3.7804878048780486,"contact_reachability":0.5727272727272728,"contact_satisfaction":6.761744966442953,"autonomy":5.670159955874242},"metadata":{"satisfaction_count":3824,"comprehension_count":3661,"contact_count":533,"contactReachability_count":550,"contactSatisfaction_count":298,"autonomy_count":3626}}
