{"data":{"satisfaction":8.254122211445198,"comprehension":7.2748538011695905,"contact":4.137931034482759,"contact_reachability":0.6229508196721312,"contact_satisfaction":6.857142857142857,"autonomy":5.138055222088836},"metadata":{"satisfaction_count":1031,"comprehension_count":855,"contact_count":116,"contactReachability_count":122,"contactSatisfaction_count":70,"autonomy_count":833}}
