{"data":{"satisfaction":8.289778877377454,"comprehension":8.22038054138878,"contact":3.2017543859649122,"contact_reachability":5.517241379310345,"contact_satisfaction":5.887096774193548,"autonomy":5.808903365906623},"metadata":{"satisfaction_count":6467,"comprehension_count":5098,"contact_count":114,"autonomy_count":921}}
