{"data":{"satisfaction":8.324441056910569,"comprehension":7.9357066950053134,"contact":3.7385740402193783,"contact_reachability":0.5673758865248227,"contact_satisfaction":6.749174917491749,"autonomy":5.6713211600429645},"metadata":{"satisfaction_count":3936,"comprehension_count":3764,"contact_count":547,"contactReachability_count":564,"contactSatisfaction_count":303,"autonomy_count":3724}}
