{"data":{"satisfaction":8.579940417080437,"comprehension":8.080729166666666,"contact":4.4423076923076925,"contact_reachability":0.6564885496183206,"contact_satisfaction":6.794117647058823,"autonomy":6.00635593220339},"metadata":{"satisfaction_count":1007,"comprehension_count":960,"contact_count":130,"contactReachability_count":131,"contactSatisfaction_count":85,"autonomy_count":944}}
