{"data":{"satisfaction":8.296827186342407,"comprehension":8.253642520008208,"contact":2.936046511627907,"autonomy":5.884016973125884},"metadata":{"satisfaction_count":6209,"comprehension_count":4873,"contact_count":86,"autonomy_count":707}}
