{"data":{"satisfaction":8.27027027027027,"comprehension":7.328804347826087,"contact":4.1115702479338845,"contact_reachability":0.6141732283464567,"contact_satisfaction":6.909722222222222,"autonomy":5.1063829787234045},"metadata":{"satisfaction_count":1110,"comprehension_count":920,"contact_count":121,"contactReachability_count":127,"contactSatisfaction_count":72,"autonomy_count":893}}
