{"data":{"satisfaction":8.148108797280068,"comprehension":7.667808219178082,"contact":3.698248407643312,"contact_reachability":0.5696594427244582,"contact_satisfaction":6.635714285714286,"autonomy":5.552968568102445},"metadata":{"satisfaction_count":4706,"comprehension_count":4380,"contact_count":628,"contactReachability_count":646,"contactSatisfaction_count":350,"autonomy_count":4295}}
