{"data":{"satisfaction":8.141699518177836,"comprehension":7.650141309467735,"contact":3.7107438016528924,"contact_reachability":0.5730337078651685,"contact_satisfaction":6.622418879056047,"autonomy":5.5349843712430875},"metadata":{"satisfaction_count":4566,"comprehension_count":4246,"contact_count":605,"contactReachability_count":623,"contactSatisfaction_count":339,"autonomy_count":4159}}
