{"data":{"satisfaction":8.287764866712235,"comprehension":7.425343018563358,"contact":4.02027027027027,"contact_reachability":0.6038961038961039,"contact_satisfaction":6.839080459770115,"autonomy":5.44080604534005},"metadata":{"satisfaction_count":1463,"comprehension_count":1239,"contact_count":148,"contactReachability_count":154,"contactSatisfaction_count":87,"autonomy_count":1191}}
