{"data":{"satisfaction":8.180428134556575,"comprehension":7.776663993584603,"contact":3.968926553672316,"contact_reachability":0.5698924731182796,"contact_satisfaction":7.242268041237113,"autonomy":5.536303630363037},"metadata":{"satisfaction_count":1308,"comprehension_count":1247,"contact_count":177,"contactReachability_count":186,"contactSatisfaction_count":97,"autonomy_count":1212}}
