{"data":{"satisfaction":8.148740930431071,"comprehension":7.665711009174312,"contact":3.70414673046252,"contact_reachability":0.5705426356589147,"contact_satisfaction":6.635714285714286,"autonomy":5.548281505728315},"metadata":{"satisfaction_count":4686,"comprehension_count":4360,"contact_count":627,"contactReachability_count":645,"contactSatisfaction_count":350,"autonomy_count":4277}}
