{"data":{"satisfaction":7.888888888888889,"comprehension":7.16187806587246,"contact":3.350785340314136,"contact_reachability":0.5329949238578681,"contact_satisfaction":6.4646464646464645,"autonomy":5.398818316100443},"metadata":{"satisfaction_count":1620,"comprehension_count":1427,"contact_count":191,"contactReachability_count":197,"contactSatisfaction_count":99,"autonomy_count":1354}}
