{"data":{"satisfaction":7.453989673413792,"comprehension":8.9621603617425,"contact":2.478595890410959,"contact_reachability":5.074875207986689,"contact_satisfaction":5.026041666666667,"autonomy":6.937380366420563},"metadata":{"satisfaction_count":63138,"comprehension_count":49538,"contact_count":584,"autonomy_count":3657}}
