{"data":{"satisfaction":7.18707667298835,"comprehension":7.157585293143425,"contact":2.7376681614349776,"contact_reachability":0.5008591065292096,"contact_satisfaction":5.716292134831461,"autonomy":6.295289855072464},"metadata":{"satisfaction_count":7382,"comprehension_count":6038,"contact_count":1115,"contactReachability_count":1164,"contactSatisfaction_count":534,"autonomy_count":5520}}
