{"data":{"satisfaction":7.0322996066966,"comprehension":7.107378575055001,"contact":2.7083333333333335,"contact_reachability":0.5037293553542888,"contact_satisfaction":5.633333333333334,"autonomy":6.7147568013190435},"metadata":{"satisfaction_count":28731,"comprehension_count":23636,"contact_count":3588,"contactReachability_count":3754,"contactSatisfaction_count":1725,"autonomy_count":21834}}
