{"data":{"satisfaction":7.4523071139930455,"comprehension":8.944081111797898,"contact":2.4516369047619047,"contact_reachability":5.021645021645021,"contact_satisfaction":5.038226299694189,"autonomy":6.971931493815414},"metadata":{"satisfaction_count":63846,"comprehension_count":50153,"contact_count":672,"autonomy_count":4204}}
