{"data":{"satisfaction":6.8508401195753015,"comprehension":6.724693958141372,"contact":2.737407101568951,"contact_reachability":0.49637389202256244,"contact_satisfaction":5.656996587030717,"autonomy":6.648214779961251},"metadata":{"satisfaction_count":9701,"comprehension_count":7597,"contact_count":1211,"contactReachability_count":1241,"contactSatisfaction_count":586,"autonomy_count":7226}}
