{"data":{"satisfaction":6.955332725615315,"comprehension":6.5642655367231635,"contact":2.6193724420191,"contact_reachability":0.4640957446808511,"contact_satisfaction":5.818181818181818,"autonomy":6.626243026922144},"metadata":{"satisfaction_count":5485,"comprehension_count":4248,"contact_count":733,"contactReachability_count":752,"contactSatisfaction_count":330,"autonomy_count":4123}}
