{"data":{"satisfaction":6.9668458781362,"comprehension":6.9611676973444885,"contact":2.861842105263158,"contact_reachability":0.5089928057553957,"contact_satisfaction":5.878378378378378,"autonomy":6.208193152582624},"metadata":{"satisfaction_count":6696,"comprehension_count":5498,"contact_count":1064,"contactReachability_count":1112,"contactSatisfaction_count":518,"autonomy_count":5053}}
