{"data":{"satisfaction":6.989546450851458,"comprehension":6.632213608957795,"contact":2.6568501920614596,"contact_reachability":0.470074812967581,"contact_satisfaction":5.828651685393258,"autonomy":6.663681146439767},"metadata":{"satisfaction_count":5931,"comprehension_count":4644,"contact_count":781,"contactReachability_count":802,"contactSatisfaction_count":356,"autonomy_count":4466}}
