{"data":{"satisfaction":6.800256904303147,"comprehension":7.158687258687259,"contact":2.7292060491493384,"contact_reachability":0.5285067873303168,"contact_satisfaction":5.377094972067039,"autonomy":6.53852696036741},"metadata":{"satisfaction_count":7785,"comprehension_count":6475,"contact_count":1058,"contactReachability_count":1105,"contactSatisfaction_count":537,"autonomy_count":5879}}
