{"data":{"satisfaction":6.805945394233222,"comprehension":7.171546834278706,"contact":2.7523584905660377,"contact_reachability":0.5276018099547511,"contact_satisfaction":5.422862453531598,"autonomy":6.5463134806816266},"metadata":{"satisfaction_count":7838,"comprehension_count":6523,"contact_count":1060,"contactReachability_count":1105,"contactSatisfaction_count":538,"autonomy_count":5927}}
