{"data":{"satisfaction":7.215681027562216,"comprehension":7.181847808375427,"contact":2.7495421245421245,"contact_reachability":0.5021872265966754,"contact_satisfaction":5.740917782026768,"autonomy":6.333036509349956},"metadata":{"satisfaction_count":7474,"comprehension_count":6137,"contact_count":1092,"contactReachability_count":1143,"contactSatisfaction_count":523,"autonomy_count":5615}}
