{"data":{"satisfaction":7.155257032279777,"comprehension":7.738722394724907,"contact":2.6580363147276396,"contact_reachability":0.49607329842931935,"contact_satisfaction":5.51255230125523,"autonomy":6.785734064351775},"metadata":{"satisfaction_count":35657,"comprehension_count":28663,"contact_count":2974,"contactReachability_count":3056,"contactSatisfaction_count":1434,"autonomy_count":18057}}
