{
  "data": {
    "satisfaction": 7.457362419434804,
    "comprehension": 9.036447866646924,
    "contact": 2.4372759856630823,
    "autonomy": 6.858638743455497
  },
  "metadata": {
    "satisfaction_count": 60510,
    "comprehension_count": 47273,
    "contact_count": 279,
    "autonomy_count": 1528
  }
}
