{"data":{"satisfaction":7.50415939200986,"comprehension":8.772620686139573,"contact":2.620585701981051,"contact_reachability":5.087866108786611,"contact_satisfaction":5.300522648083624,"autonomy":6.977134737114068},"metadata":{"satisfaction_count":48685,"comprehension_count":39234,"contact_count":1161,"autonomy_count":7741}}
