{"data":{"satisfaction":7.353022357162573,"comprehension":7.46451355661882,"contact":2.7011138613861387,"contact_reachability":5.096385542168674,"contact_satisfaction":5.442643391521197,"autonomy":7.065066109951287},"metadata":{"satisfaction_count":7246,"comprehension_count":6270,"contact_count":808,"autonomy_count":5748}}
