{"data":{"satisfaction":6.971465403107797,"comprehension":7.059029844400986,"contact":2.764892578125,"contact_reachability":0.5087514585764294,"contact_satisfaction":5.688096433952787,"autonomy":6.389311920254742},"metadata":{"satisfaction_count":28702,"comprehension_count":23522,"contact_count":4096,"contactReachability_count":4285,"contactSatisfaction_count":1991,"autonomy_count":21669}}
