{"data":{"satisfaction":7.497434968917859,"comprehension":8.735237572095578,"contact":2.580398162327718,"contact_reachability":4.932935916542474,"contact_satisfaction":5.383386581469648,"autonomy":6.994946527206487},"metadata":{"satisfaction_count":49707,"comprehension_count":40051,"contact_count":1306,"autonomy_count":8509}}
