{"data":{"satisfaction":7.074596517981955,"comprehension":6.885978794112993,"contact":2.6470588235294117,"contact_reachability":0.4807881773399015,"contact_satisfaction":5.686274509803922,"autonomy":6.730031682507921},"metadata":{"satisfaction_count":7869,"comprehension_count":6319,"contact_count":986,"contactReachability_count":1015,"contactSatisfaction_count":459,"autonomy_count":5997}}
