{"data":{"satisfaction":7.49041727075927,"comprehension":8.707960125348533,"contact":2.5838088445078458,"contact_reachability":4.92371705963939,"contact_satisfaction":5.406716417910448,"autonomy":6.964226011367436},"metadata":{"satisfaction_count":50351,"comprehension_count":40527,"contact_count":1402,"autonomy_count":8973}}
