{"data":{"satisfaction":6.898624282088954,"comprehension":7.153381642512077,"contact":2.670132325141777,"contact_reachability":0.526032315978456,"contact_satisfaction":5.330188679245283,"autonomy":6.429702621854654},"metadata":{"satisfaction_count":7487,"comprehension_count":6210,"contact_count":1058,"contactReachability_count":1114,"contactSatisfaction_count":530,"autonomy_count":5683}}
