{"data":{"satisfaction":7.022898233754184,"comprehension":7.094164989939638,"contact":2.6745554393305437,"contact_reachability":0.5003747189607795,"contact_satisfaction":5.60718201754386,"autonomy":6.743438435793553},"metadata":{"satisfaction_count":30177,"comprehension_count":24850,"contact_count":3824,"contactReachability_count":4003,"contactSatisfaction_count":1824,"autonomy_count":22708}}
