{"data":{"satisfaction":6.9579106837043865,"comprehension":6.995048504446241,"contact":2.734034833091437,"contact_reachability":0.5028888375317773,"contact_satisfaction":5.699697428139183,"autonomy":6.500759383814277},"metadata":{"satisfaction_count":30364,"comprehension_count":24740,"contact_count":4134,"contactReachability_count":4327,"contactSatisfaction_count":1983,"autonomy_count":23045}}
