{"data":{"satisfaction":7.453240573519481,"comprehension":8.948581312111335,"contact":2.4578866768759573,"contact_reachability":5.029673590504451,"contact_satisfaction":5.047169811320755,"autonomy":6.976687116564417},"metadata":{"satisfaction_count":63677,"comprehension_count":50011,"contact_count":653,"autonomy_count":4075}}
