{"data":{"satisfaction":7.037076122133108,"comprehension":7.113814186155885,"contact":2.718035563082134,"contact_reachability":0.5040453074433657,"contact_satisfaction":5.651408450704225,"autonomy":6.7405518200788315},"metadata":{"satisfaction_count":28428,"comprehension_count":23389,"contact_count":3543,"contactReachability_count":3708,"contactSatisfaction_count":1704,"autonomy_count":21565}}
