{"data":{"satisfaction":7.2829281325140265,"comprehension":7.368769470404985,"contact":2.617545871559633,"contact_reachability":4.804031354983202,"contact_satisfaction":5.5943627450980395,"autonomy":7.025476632360385},"metadata":{"satisfaction_count":7486,"comprehension_count":6420,"contact_count":872,"autonomy_count":5927}}
