{"data":{"satisfaction":6.999839176584111,"comprehension":6.680796731358529,"contact":2.6044226044226044,"contact_reachability":0.46467065868263474,"contact_satisfaction":5.776566757493188,"autonomy":6.663829787234042},"metadata":{"satisfaction_count":6218,"comprehension_count":4895,"contact_count":814,"contactReachability_count":835,"contactSatisfaction_count":367,"autonomy_count":4700}}
