{"data":{"satisfaction":7.033212996389891,"comprehension":7.10808617058617,"contact":2.72196261682243,"contact_reachability":0.5047433035714286,"contact_satisfaction":5.651910248635537,"autonomy":6.753388822829964},"metadata":{"satisfaction_count":27700,"comprehension_count":22792,"contact_count":3424,"contactReachability_count":3584,"contactSatisfaction_count":1649,"autonomy_count":21025}}
