{"data":{"satisfaction":6.969085573267525,"comprehension":7.054509899780005,"contact":2.767463448595962,"contact_reachability":0.5093209054593875,"contact_satisfaction":5.683984747378456,"autonomy":6.443568966289117},"metadata":{"satisfaction_count":29986,"comprehension_count":24546,"contact_count":4309,"contactReachability_count":4506,"contactSatisfaction_count":2098,"autonomy_count":22337}}
