{"data":{"satisfaction":7.158374720455403,"comprehension":7.751825873165088,"contact":2.637844611528822,"contact_reachability":0.492849668643181,"contact_satisfaction":5.502240477968633,"autonomy":6.8717586044318715},"metadata":{"satisfaction_count":34431,"comprehension_count":27658,"contact_count":2793,"contactReachability_count":2867,"contactSatisfaction_count":1339,"autonomy_count":16968}}
