{"data":{"satisfaction":7.274478543908596,"comprehension":7.31980570354121,"contact":2.669683257918552,"contact_reachability":4.845814977973568,"contact_satisfaction":5.673076923076923,"autonomy":6.943555181128897},"metadata":{"satisfaction_count":7527,"comprehension_count":6382,"contact_count":884,"autonomy_count":5935}}
