{"data":{"satisfaction":6.933026416748876,"comprehension":6.612535612535613,"contact":2.7459016393442623,"contact_reachability":0.48444070647603027,"contact_satisfaction":5.8287545787545785,"autonomy":6.666172546694337},"metadata":{"satisfaction_count":9123,"comprehension_count":7020,"contact_count":1159,"contactReachability_count":1189,"contactSatisfaction_count":546,"autonomy_count":6746}}
