{"data":{"satisfaction":6.9699668673625705,"comprehension":7.061424474187381,"contact":2.7496863237139273,"contact_reachability":0.5074340527577937,"contact_satisfaction":5.674520973588814,"autonomy":6.407106407106407},"metadata":{"satisfaction_count":28069,"comprehension_count":23012,"contact_count":3985,"contactReachability_count":4170,"contactSatisfaction_count":1931,"autonomy_count":21164}}
