{"data":{"satisfaction":6.754949170679508,"comprehension":6.857620320855615,"contact":2.6610929853181076,"contact_reachability":0.48127490039840637,"contact_satisfaction":5.673913043478261,"autonomy":6.634062140391254},"metadata":{"satisfaction_count":9345,"comprehension_count":7480,"contact_count":1226,"contactReachability_count":1255,"contactSatisfaction_count":575,"autonomy_count":6952}}
