{"data":{"satisfaction":6.96757513734784,"comprehension":7.059106830122592,"contact":2.7520901950848744,"contact_reachability":0.5076289658512957,"contact_satisfaction":5.675287356321839,"autonomy":6.402035865480664},"metadata":{"satisfaction_count":27849,"comprehension_count":22840,"contact_count":3947,"contactReachability_count":4129,"contactSatisfaction_count":1914,"autonomy_count":21023}}
