{"data":{"satisfaction":7.489720882422709,"comprehension":8.698747082667976,"contact":2.612925642807505,"contact_reachability":4.93234100135318,"contact_satisfaction":5.449275362318841,"autonomy":6.967904480227845},"metadata":{"satisfaction_count":50588,"comprehension_count":40705,"contact_count":1439,"autonomy_count":9129}}
