{"data":{"satisfaction":6.750802139037433,"comprehension":6.846153846153846,"contact":2.6579163248564397,"contact_reachability":0.4831730769230769,"contact_satisfaction":5.644599303135888,"autonomy":6.643155318842666},"metadata":{"satisfaction_count":9350,"comprehension_count":7475,"contact_count":1219,"contactReachability_count":1248,"contactSatisfaction_count":574,"autonomy_count":6947}}
