{"data":{"satisfaction":7.163461538461538,"comprehension":7.755741127348643,"contact":2.647004777655274,"contact_reachability":0.4942734430923407,"contact_satisfaction":5.506498470948012,"autonomy":6.770285444122687},"metadata":{"satisfaction_count":34008,"comprehension_count":27303,"contact_count":2721,"contactReachability_count":2794,"contactSatisfaction_count":1308,"autonomy_count":16921}}
