{"data":{"satisfaction":7.069110830172777,"comprehension":6.8266854924108715,"contact":2.650166852057842,"contact_reachability":0.4686147186147186,"contact_satisfaction":5.839460784313726,"autonomy":6.716031099592743},"metadata":{"satisfaction_count":7119,"comprehension_count":5666,"contact_count":899,"contactReachability_count":924,"contactSatisfaction_count":408,"autonomy_count":5402}}
