{"data":{"satisfaction":6.781705654043848,"comprehension":6.7379342349509415,"contact":2.704296545914069,"contact_reachability":0.49261083743842365,"contact_satisfaction":5.6414762741652025,"autonomy":6.649838732295611},"metadata":{"satisfaction_count":9533,"comprehension_count":7542,"contact_count":1187,"contactReachability_count":1218,"contactSatisfaction_count":569,"autonomy_count":7131}}
