{"data":{"satisfaction":6.969979364973707,"comprehension":7.05427932506607,"contact":2.768126013435256,"contact_reachability":0.5097474523704032,"contact_satisfaction":5.679657794676806,"autonomy":6.456608333706306},"metadata":{"satisfaction_count":30046,"comprehension_count":24595,"contact_count":4317,"contactReachability_count":4514,"contactSatisfaction_count":2104,"autonomy_count":22343}}
