{"data":{"satisfaction":7.027131262995506,"comprehension":7.1022727272727275,"contact":2.6873833022139237,"contact_reachability":0.500891719745223,"contact_satisfaction":5.628491620111732,"autonomy":6.784243509400179},"metadata":{"satisfaction_count":29818,"comprehension_count":24552,"contact_count":3749,"contactReachability_count":3925,"contactSatisfaction_count":1790,"autonomy_count":22340}}
