{"data":{"satisfaction":9.499863462588749,"comprehension":9.1698517488997,"contact":6.053513948497854,"contact_reachability":0.7448926139339969,"contact_satisfaction":8.194444444444445,"autonomy":8.71360578194318},"metadata":{"satisfaction_count":73240,"comprehension_count":69072,"contact_count":3728,"contactReachability_count":3818,"contactSatisfaction_count":2754,"autonomy_count":68074}}
