{"data":{"satisfaction":9.495652969708063,"comprehension":9.650440412996558,"contact":6.057098765432099,"contact_reachability":7.615384615384615,"contact_satisfaction":7.9614604462474645,"autonomy":8.622887787109178},"metadata":{"satisfaction_count":54635,"comprehension_count":51429,"contact_count":648,"autonomy_count":9883}}
