{"data":{"satisfaction":9.505175600739372,"comprehension":9.526149233844103,"contact":5.8884297520661155,"contact_reachability":7.438570364854803,"contact_satisfaction":7.9407294832826745,"autonomy":8.638583359956186},"metadata":{"satisfaction_count":54100,"comprehension_count":51034,"contact_count":1331,"autonomy_count":21911}}
