{"data":{"satisfaction":9.495696992623415,"comprehension":9.188680655933808,"contact":5.949275362318841,"contact_reachability":0.736084452975048,"contact_satisfaction":8.101973684210526,"autonomy":8.751196413278928},"metadata":{"satisfaction_count":21148,"comprehension_count":20063,"contact_count":1035,"contactReachability_count":1042,"contactSatisfaction_count":760,"autonomy_count":19851}}
