{"data":{"satisfaction":9.500714081690946,"comprehension":9.236668663870581,"contact":5.761977573904179,"contact_reachability":7.305751765893037,"contact_satisfaction":7.916666666666667,"autonomy":8.576756496631376},"metadata":{"satisfaction_count":17505,"comprehension_count":16690,"contact_count":981,"autonomy_count":16624}}
