{"data":{"satisfaction":9.50564861706272,"comprehension":9.194612254962397,"contact":6.10480943738657,"contact_reachability":0.7649154051647373,"contact_satisfaction":8.028042959427207,"autonomy":8.78186498380802},"metadata":{"satisfaction_count":25670,"comprehension_count":24333,"contact_count":1102,"contactReachability_count":1123,"contactSatisfaction_count":838,"autonomy_count":24086}}
