{"data":{"satisfaction":9.498213050495734,"comprehension":9.241144167521574,"contact":5.798362333674514,"contact_reachability":7.355623100303951,"contact_satisfaction":7.912011173184357,"autonomy":8.627151751922842},"metadata":{"satisfaction_count":17348,"comprehension_count":16571,"contact_count":977,"autonomy_count":16382}}
