{"data":{"satisfaction":9.46911866759195,"comprehension":8.962689887497616,"contact":5.944860813704497,"contact_reachability":0.7327677624602333,"contact_satisfaction":8.14149560117302,"autonomy":8.58176197836167},"metadata":{"satisfaction_count":17292,"comprehension_count":15733,"contact_count":934,"contactReachability_count":943,"contactSatisfaction_count":682,"autonomy_count":16175}}
