{"data":{"satisfaction":9.471478039001276,"comprehension":9.00236856151588,"contact":5.826659038901602,"contact_reachability":0.7259343148357871,"contact_satisfaction":8.057753164556962,"autonomy":8.577617328519855},"metadata":{"satisfaction_count":16461,"comprehension_count":14988,"contact_count":874,"contactReachability_count":883,"contactSatisfaction_count":632,"autonomy_count":15235}}
