{"data":{"satisfaction":9.481429219372071,"comprehension":9.053939061213287,"contact":5.857409133271203,"contact_reachability":0.7306985294117647,"contact_satisfaction":8.057692307692308,"autonomy":8.520853540252183},"metadata":{"satisfaction_count":19843,"comprehension_count":18215,"contact_count":1073,"contactReachability_count":1088,"contactSatisfaction_count":780,"autonomy_count":18558}}
