{"data":{"satisfaction":9.495897920254828,"comprehension":9.655537186829623,"contact":6.014729950900164,"contact_reachability":7.569331158238173,"contact_satisfaction":7.954545454545454,"autonomy":8.637443316778233},"metadata":{"satisfaction_count":53997,"comprehension_count":50811,"contact_count":611,"autonomy_count":9262}}
