{"data":{"satisfaction":9.46344715635689,"comprehension":9.084329473290998,"contact":5.633680555555555,"contact_reachability":0.7111622554660529,"contact_satisfaction":7.940456769983687,"autonomy":8.66637893828226},"metadata":{"satisfaction_count":17249,"comprehension_count":16062,"contact_count":864,"contactReachability_count":869,"contactSatisfaction_count":613,"autonomy_count":16219}}
