{"data":{"satisfaction":9.494088198783045,"comprehension":9.693996007464305,"contact":6.2052117263843645,"autonomy":8.576079878445844},"metadata":{"satisfaction_count":49139,"comprehension_count":46086,"contact_count":307,"autonomy_count":4607}}
