{"data":{"satisfaction":9.505782153461478,"comprehension":9.19500432793372,"contact":6.110347985347985,"contact_reachability":0.7648114901256733,"contact_satisfaction":8.039156626506024,"autonomy":8.78010165819515},"metadata":{"satisfaction_count":25596,"comprehension_count":24261,"contact_count":1092,"contactReachability_count":1114,"contactSatisfaction_count":830,"autonomy_count":24002}}
