{"data":{"satisfaction":9.495257037943697,"comprehension":9.164298358153207,"contact":6.050059241706161,"contact_reachability":0.7432041642567958,"contact_satisfaction":8.209405144694534,"autonomy":8.689871649493007},"metadata":{"satisfaction_count":65360,"comprehension_count":61577,"contact_count":3376,"contactReachability_count":3458,"contactSatisfaction_count":2488,"autonomy_count":60849}}
