{"data":{"satisfaction":9.498916615247744,"comprehension":9.167148706863745,"contact":6.062865904655701,"contact_reachability":0.7450980392156863,"contact_satisfaction":8.203508110147114,"autonomy":8.669925748282065},"metadata":{"satisfaction_count":69689,"comprehension_count":65693,"contact_count":3587,"contactReachability_count":3672,"contactSatisfaction_count":2651,"autonomy_count":65049}}
