{"data":{"satisfaction":9.489597757438617,"comprehension":9.282578120773906,"contact":5.868994751715785,"contact_reachability":0.7357886309047238,"contact_satisfaction":8.00082553659879,"autonomy":8.699243439954031},"metadata":{"satisfaction_count":59218,"comprehension_count":55459,"contact_count":2477,"contactReachability_count":2498,"contactSatisfaction_count":1817,"autonomy_count":41768}}
