{"data":{"satisfaction":9.500191364253158,"comprehension":9.209214529194004,"contact":6.204980842911877,"contact_reachability":0.7622641509433963,"contact_satisfaction":8.179292929292929,"autonomy":8.766284378131612},"metadata":{"satisfaction_count":28741,"comprehension_count":27283,"contact_count":1305,"contactReachability_count":1325,"contactSatisfaction_count":990,"autonomy_count":26943}}
