{"data":{"satisfaction":9.52031163049527,"comprehension":9.224812996727442,"contact":6.22533543804262,"contact_reachability":0.7608024691358025,"contact_satisfaction":8.241901776384536,"autonomy":8.774741184403632},"metadata":{"satisfaction_count":26955,"comprehension_count":25668,"contact_count":1267,"contactReachability_count":1296,"contactSatisfaction_count":957,"autonomy_count":25211}}
