{"data":{"satisfaction":9.502722843221553,"comprehension":9.466039059128184,"contact":5.953172205438066,"contact_reachability":0.7462597247157391,"contact_satisfaction":8.00365556458164,"autonomy":8.610361373519268},"metadata":{"satisfaction_count":59313,"comprehension_count":55608,"contact_count":1655,"contactReachability_count":1671,"contactSatisfaction_count":1231,"autonomy_count":26676}}
