{"data":{"satisfaction":9.468675883611963,"comprehension":8.95606494746896,"contact":5.982905982905983,"contact_reachability":0.7330508474576272,"contact_satisfaction":8.187134502923977,"autonomy":8.568955925078816},"metadata":{"satisfaction_count":17287,"comprehension_count":15705,"contact_count":936,"contactReachability_count":944,"contactSatisfaction_count":684,"autonomy_count":16177}}
