{"data":{"satisfaction":9.501979244677436,"comprehension":9.196908792390873,"contact":5.815481986368062,"contact_reachability":7.326923076923077,"contact_satisfaction":7.973965287049399,"autonomy":8.734228265253211},"metadata":{"satisfaction_count":18694,"comprehension_count":17663,"contact_count":1027,"autonomy_count":17357}}
