{"data":{"satisfaction":9.493181599923172,"comprehension":9.10435773874294,"contact":5.893013100436681,"contact_reachability":0.7385677308024159,"contact_satisfaction":8.013657957244655,"autonomy":8.557277766372408},"metadata":{"satisfaction_count":20826,"comprehension_count":19299,"contact_count":1145,"contactReachability_count":1159,"contactSatisfaction_count":842,"autonomy_count":19484}}
