{"data":{"satisfaction":9.503669676329269,"comprehension":9.494504568603954,"contact":5.92315369261477,"contact_reachability":7.437417654808959,"contact_satisfaction":7.991472172351885,"autonomy":8.631682599597916},"metadata":{"satisfaction_count":56817,"comprehension_count":53408,"contact_count":1503,"autonomy_count":24373}}
