{"data":{"satisfaction":9.495966144141002,"comprehension":9.163945326308347,"contact":6.056316590563166,"contact_reachability":0.7430184194890077,"contact_satisfaction":8.22107438016529,"autonomy":8.688960474510406},"metadata":{"satisfaction_count":63091,"comprehension_count":59407,"contact_count":3285,"contactReachability_count":3366,"contactSatisfaction_count":2420,"autonomy_count":58671}}
