{"data":{"satisfaction":9.52156978026016,"comprehension":9.217333436210023,"contact":6.236022364217252,"contact_reachability":0.7622759158222915,"contact_satisfaction":8.244456177402324,"autonomy":8.77147564132737},"metadata":{"satisfaction_count":27214,"comprehension_count":25921,"contact_count":1252,"contactReachability_count":1283,"contactSatisfaction_count":947,"autonomy_count":25494}}
