{"data":{"satisfaction":9.46039233734108,"comprehension":8.931324456902592,"contact":5.91265690376569,"contact_reachability":0.7297297297297297,"contact_satisfaction":8.121408045977011,"autonomy":8.544},"metadata":{"satisfaction_count":17383,"comprehension_count":15697,"contact_count":956,"contactReachability_count":962,"contactSatisfaction_count":696,"autonomy_count":16250}}
