{"data":{"satisfaction":9.504325502883669,"comprehension":9.210662909684117,"contact":6.234177215189874,"contact_reachability":0.765990639625585,"contact_satisfaction":8.174273858921161,"autonomy":8.71988064155166},"metadata":{"satisfaction_count":28436,"comprehension_count":26972,"contact_count":1264,"contactReachability_count":1282,"contactSatisfaction_count":964,"autonomy_count":26810}}
