{"data":{"satisfaction":9.49844314102763,"comprehension":9.190802028242734,"contact":6.100650078457745,"contact_reachability":0.7528015820698748,"contact_satisfaction":8.157973621103118,"autonomy":8.687372775625452},"metadata":{"satisfaction_count":96669,"comprehension_count":91705,"contact_count":4461,"contactReachability_count":4551,"contactSatisfaction_count":3336,"autonomy_count":91374}}
