{"data":{"satisfaction":9.503999372647428,"comprehension":9.221785479091208,"contact":6.007223113964687,"contact_reachability":0.7430610626486915,"contact_satisfaction":8.11822125813449,"autonomy":8.666639035105899},"metadata":{"satisfaction_count":25504,"comprehension_count":24296,"contact_count":1246,"contactReachability_count":1261,"contactSatisfaction_count":922,"autonomy_count":24127}}
