{"data":{"satisfaction":9.498324684346015,"comprehension":9.190829581439434,"contact":6.093923264581947,"contact_reachability":0.7525549032398348,"contact_satisfaction":8.151142094334025,"autonomy":8.69190510175393},"metadata":{"satisfaction_count":97892,"comprehension_count":92842,"contact_count":4509,"contactReachability_count":4599,"contactSatisfaction_count":3371,"autonomy_count":92478}}
