{"data":{"satisfaction":9.526528625454,"comprehension":9.224700334053841,"contact":6.246938775510204,"contact_reachability":0.7633466135458168,"contact_satisfaction":8.246228448275861,"autonomy":8.848555658514966},"metadata":{"satisfaction_count":26707,"comprehension_count":25445,"contact_count":1225,"contactReachability_count":1255,"contactSatisfaction_count":928,"autonomy_count":24821}}
