{"data":{"satisfaction":9.463578088578089,"comprehension":8.93527174263426,"contact":5.929179978700746,"contact_reachability":0.7251585623678647,"contact_satisfaction":8.199558173784977,"autonomy":8.639391654097537},"metadata":{"satisfaction_count":17160,"comprehension_count":15511,"contact_count":939,"contactReachability_count":946,"contactSatisfaction_count":679,"autonomy_count":15912}}
