{"data":{"satisfaction":9.467569205900181,"comprehension":8.972205707491081,"contact":5.837531486146096,"contact_reachability":0.7240948813982522,"contact_satisfaction":8.089005235602095,"autonomy":8.517366136034733},"metadata":{"satisfaction_count":14847,"comprehension_count":13456,"contact_count":794,"contactReachability_count":801,"contactSatisfaction_count":573,"autonomy_count":13820}}
