{"data":{"satisfaction":9.468799493189737,"comprehension":8.98808694440574,"contact":5.792899408284024,"contact_reachability":0.7233294255568582,"contact_satisfaction":8.037766830870279,"autonomy":8.653275350314075},"metadata":{"satisfaction_count":15785,"comprehension_count":14354,"contact_count":845,"contactReachability_count":853,"contactSatisfaction_count":609,"autonomy_count":14487}}
