{"data":{"satisfaction":9.466053134224692,"comprehension":8.969813357034027,"contact":5.912017167381975,"contact_reachability":0.7305644302449414,"contact_satisfaction":8.114874815905743,"autonomy":8.598402773478611},"metadata":{"satisfaction_count":17277,"comprehension_count":15752,"contact_count":932,"contactReachability_count":939,"contactSatisfaction_count":679,"autonomy_count":16153}}
