{"data":{"satisfaction":9.495679522205986,"comprehension":9.16384095011556,"contact":6.057164634146342,"contact_reachability":0.7432311811960726,"contact_satisfaction":8.219900703351263,"autonomy":8.689569168745088},"metadata":{"satisfaction_count":62956,"comprehension_count":59277,"contact_count":3280,"contactReachability_count":3361,"contactSatisfaction_count":2417,"autonomy_count":58538}}
