{"data":{"satisfaction":9.477154330366833,"comprehension":9.03046392975795,"contact":5.883554647599591,"contact_reachability":0.7348790322580645,"contact_satisfaction":8.044692737430168,"autonomy":8.661310332604714},"metadata":{"satisfaction_count":18428,"comprehension_count":16856,"contact_count":979,"contactReachability_count":992,"contactSatisfaction_count":716,"autonomy_count":16927}}
