{"data":{"satisfaction":9.500109475067054,"comprehension":9.169629124466757,"contact":6.055002689618075,"contact_reachability":0.7450105042016807,"contact_satisfaction":8.195303967965053,"autonomy":8.71484938606048},"metadata":{"satisfaction_count":73076,"comprehension_count":68918,"contact_count":3718,"contactReachability_count":3808,"contactSatisfaction_count":2747,"autonomy_count":67922}}
