{"data":{"satisfaction":9.504069314288822,"comprehension":9.513990454930337,"contact":5.933669790915645,"contact_reachability":7.464285714285714,"contact_satisfaction":7.974806201550388,"autonomy":8.67406952247191},"metadata":{"satisfaction_count":55169,"comprehension_count":51964,"contact_count":1387,"autonomy_count":22784}}
