{"data":{"satisfaction":9.495716329981974,"comprehension":9.65635246711176,"contact":6.047979797979798,"contact_reachability":7.600671140939598,"contact_satisfaction":7.965631929046563,"autonomy":8.64272336675113},"metadata":{"satisfaction_count":53809,"comprehension_count":50626,"contact_count":594,"autonomy_count":9077}}
