{"data":{"satisfaction":9.501560062402497,"comprehension":9.194866411428102,"contact":6.079069767441861,"contact_reachability":0.7595628415300546,"contact_satisfaction":8.057953144266337,"autonomy":8.792780804258328},"metadata":{"satisfaction_count":25640,"comprehension_count":24291,"contact_count":1075,"contactReachability_count":1098,"contactSatisfaction_count":811,"autonomy_count":24047}}
