{"data":{"satisfaction":9.47136255426411,"comprehension":8.962928565900473,"contact":5.824607329842932,"contact_reachability":0.7250324254215305,"contact_satisfaction":8.06159420289855,"autonomy":8.570563753310632},"metadata":{"satisfaction_count":14282,"comprehension_count":12921,"contact_count":764,"contactReachability_count":771,"contactSatisfaction_count":552,"autonomy_count":13215}}
