{"data":{"satisfaction":9.478773710217311,"comprehension":9.036754467393827,"contact":5.868811881188119,"contact_reachability":0.7333984375,"contact_satisfaction":8.042740841248303,"autonomy":8.625892651462797},"metadata":{"satisfaction_count":18821,"comprehension_count":17236,"contact_count":1010,"contactReachability_count":1024,"contactSatisfaction_count":737,"autonomy_count":17364}}
