{"data":{"satisfaction":9.492909755975347,"comprehension":9.200827230096422,"contact":5.950455005055612,"contact_reachability":0.7379518072289156,"contact_satisfaction":8.083791208791208,"autonomy":8.596242653232578},"metadata":{"satisfaction_count":19957,"comprehension_count":18979,"contact_count":989,"contactReachability_count":996,"contactSatisfaction_count":728,"autonomy_count":19056}}
