{"data":{"satisfaction":7.333333333333333,"comprehension":7.371794871794871,"contact":5.357142857142857,"contact_reachability":0.5714285714285714,"contact_satisfaction":9.375,"autonomy":4.054054054054054},"metadata":{"satisfaction_count":45,"comprehension_count":39,"contact_count":7,"contactReachability_count":7,"contactSatisfaction_count":4,"autonomy_count":37}}
