{"data":{"satisfaction":6.828759986106287,"comprehension":8.359438567941416,"contact":3.7941176470588234,"contact_reachability":6.588235294117647,"contact_satisfaction":5.758928571428571,"autonomy":4.864864864864865},"metadata":{"satisfaction_count":2879,"comprehension_count":2458,"contact_count":85,"autonomy_count":296}}
