{"data":{"satisfaction":6.8209007741027445,"comprehension":8.41292713050638,"contact":3.8020833333333335,"contact_reachability":6.875,"contact_satisfaction":5.53030303030303,"autonomy":5.242718446601942},"metadata":{"satisfaction_count":2842,"comprehension_count":2429,"contact_count":48,"autonomy_count":206}}
