{"data":{"satisfaction":7.0327102803738315,"comprehension":6.989247311827957,"contact":3.590909090909091,"contact_reachability":6.545454545454545,"contact_satisfaction":5.486111111111111,"autonomy":4.913294797687861},"metadata":{"satisfaction_count":214,"comprehension_count":186,"contact_count":55,"autonomy_count":173}}
