{"data":{"satisfaction":6.802621995630007,"comprehension":8.453245089666952,"contact":4.354838709677419,"autonomy":4.72},"metadata":{"satisfaction_count":2746,"comprehension_count":2342,"contact_count":31,"autonomy_count":125}}
