{"data":{"satisfaction":6.642892277422528,"comprehension":8.172463768115943,"contact":3.866279069767442,"contact_reachability":0.6627906976744186,"contact_satisfaction":5.833333333333333,"autonomy":4.856230031948882},"metadata":{"satisfaction_count":2033,"comprehension_count":1725,"contact_count":86,"contactReachability_count":86,"contactSatisfaction_count":57,"autonomy_count":313}}
