{"data":{"satisfaction":6.809794180269694,"comprehension":8.41673588039867,"contact":3.75,"contact_reachability":6.956521739130435,"contact_satisfaction":5.390625,"autonomy":5.026737967914438},"metadata":{"satisfaction_count":2818,"comprehension_count":2408,"contact_count":46,"autonomy_count":187}}
