{"data":{"satisfaction":6.792521994134898,"comprehension":8.460215053763442,"contact":4.2,"autonomy":4.862385321100917},"metadata":{"satisfaction_count":2728,"comprehension_count":2325,"contact_count":25,"autonomy_count":109}}
