{"data":{"satisfaction":6.824677588009759,"comprehension":8.362244897959183,"contact":3.7941176470588234,"contact_reachability":6.588235294117647,"contact_satisfaction":5.758928571428571,"autonomy":4.895833333333333},"metadata":{"satisfaction_count":2869,"comprehension_count":2450,"contact_count":85,"autonomy_count":288}}
