{"data":{"satisfaction":6.8282933611400765,"comprehension":8.36115635179153,"contact":3.7941176470588234,"contact_reachability":6.588235294117647,"contact_satisfaction":5.758928571428571,"autonomy":4.8979591836734695},"metadata":{"satisfaction_count":2877,"comprehension_count":2456,"contact_count":85,"autonomy_count":294}}
