{"data":{"satisfaction":7.368421052631579,"comprehension":7.291666666666667,"contact":4.615384615384615,"contact_reachability":0.5384615384615384,"contact_satisfaction":8.571428571428571,"autonomy":3.7777777777777777},"metadata":{"satisfaction_count":57,"comprehension_count":48,"contact_count":13,"contactReachability_count":13,"contactSatisfaction_count":7,"autonomy_count":45}}
