{"data":{"satisfaction":6.826625386996904,"comprehension":8.369565217391305,"contact":3.732876712328767,"contact_reachability":6.8493150684931505,"contact_satisfaction":5.45,"autonomy":5},"metadata":{"satisfaction_count":2907,"comprehension_count":2484,"contact_count":73,"autonomy_count":258}}
