{"data":{"satisfaction":6.8265554396941255,"comprehension":8.392276422764228,"contact":3.75,"contact_reachability":7.166666666666667,"contact_satisfaction":5.232558139534884,"autonomy":5.1063829787234045},"metadata":{"satisfaction_count":2877,"comprehension_count":2460,"contact_count":60,"autonomy_count":235}}
