{"data":{"satisfaction":7.055852838433661,"comprehension":8.38759239974734,"contact":1.2045454545454546,"autonomy":8.649738965353583},"metadata":{"satisfaction_count":76433,"comprehension_count":58577,"contact_count":660,"autonomy_count":8428}}
