{"data":{"satisfaction":6.9173352911357,"comprehension":7.424373290558743,"contact":1.3458144225920323,"contact_reachability":0.3404360753221011,"contact_satisfaction":4.093174846625767,"autonomy":8.426558916675766},"metadata":{"satisfaction_count":57207,"comprehension_count":48627,"contact_count":3966,"contactReachability_count":4036,"contactSatisfaction_count":1304,"autonomy_count":45785}}
