{"data":{"satisfaction":6.689429682973264,"comprehension":7.164730990669049,"contact":1.3387096774193548,"contact_reachability":0.32694355697550587,"contact_satisfaction":4.177852348993288,"autonomy":8.32920024798512},"metadata":{"satisfaction_count":12081,"comprehension_count":10074,"contact_count":930,"contactReachability_count":939,"contactSatisfaction_count":298,"autonomy_count":9678}}
