{"data":{"satisfaction":7.007782449235173,"comprehension":8.025676128743854,"contact":1.435342732134176,"contact_reachability":0.36644165863066536,"contact_satisfaction":3.9737550471063257,"autonomy":8.420726672171758},"metadata":{"satisfaction_count":67074,"comprehension_count":53688,"contact_count":2057,"contactReachability_count":2074,"contactSatisfaction_count":743,"autonomy_count":24220}}
