{"data":{"satisfaction":6.902901087907965,"comprehension":7.415251121405985,"contact":1.5448215839860748,"contact_reachability":3.762975778546713,"contact_satisfaction":4.147196261682243,"autonomy":8.432101634518553},"metadata":{"satisfaction_count":15994,"comprehension_count":13599,"contact_count":1149,"autonomy_count":12909}}
