{"data":{"satisfaction":6.969987228607918,"comprehension":7.767439838264385,"contact":1.389108910891089,"contact_reachability":0.35520628683693517,"contact_satisfaction":3.9677601809954752,"autonomy":8.463265306122448},"metadata":{"satisfaction_count":56376,"comprehension_count":46001,"contact_count":2525,"contactReachability_count":2545,"contactSatisfaction_count":884,"autonomy_count":29400}}
