{"data":{"satisfaction":7.007112989390039,"comprehension":8.023813507333667,"contact":1.4327202323330106,"contact_reachability":0.3653384541526644,"contact_satisfaction":3.978494623655914,"autonomy":8.403626815459095},"metadata":{"satisfaction_count":67201,"comprehension_count":53793,"contact_count":2066,"contactReachability_count":2083,"contactSatisfaction_count":744,"autonomy_count":24374}}
