{"data":{"satisfaction":6.86319881525361,"comprehension":7.373405175520796,"contact":1.4012525162156118,"contact_reachability":0.344850207741089,"contact_satisfaction":4.247457627118644,"autonomy":8.406048918335784},"metadata":{"satisfaction_count":64824,"comprehension_count":55492,"contact_count":4471,"contactReachability_count":4573,"contactSatisfaction_count":1475,"autonomy_count":52373}}
