{"data":{"satisfaction":6.957553387819668,"comprehension":7.736767400189253,"contact":1.397941680960549,"contact_reachability":0.3547619047619048,"contact_satisfaction":4.00294695481336,"autonomy":8.42937338795327},"metadata":{"satisfaction_count":60688,"comprehension_count":49669,"contact_count":2915,"contactReachability_count":2940,"contactSatisfaction_count":1018,"autonomy_count":32955}}
