{"data":{"satisfaction":6.852401654119394,"comprehension":7.365459146654397,"contact":1.3989071038251366,"contact_reachability":0.34522537919248025,"contact_satisfaction":4.23841059602649,"autonomy":8.398132873425315},"metadata":{"satisfaction_count":66017,"comprehension_count":56507,"contact_count":4575,"contactReachability_count":4681,"contactSatisfaction_count":1510,"autonomy_count":53344}}
