{"data":{"satisfaction":6.916231563702885,"comprehension":7.426211478463852,"contact":1.3646914254505735,"contact_reachability":0.34282643739924773,"contact_satisfaction":4.1097861842105265,"autonomy":8.392049512020947},"metadata":{"satisfaction_count":52478,"comprehension_count":44553,"contact_count":3662,"contactReachability_count":3722,"contactSatisfaction_count":1216,"autonomy_count":42010}}
