{"data":{"satisfaction":6.966898536819381,"comprehension":7.526114206128134,"contact":1.5686695278969958,"contact_reachability":4.040747028862478,"contact_satisfaction":3.947084233261339,"autonomy":8.349282296650717},"metadata":{"satisfaction_count":16676,"comprehension_count":14360,"contact_count":1165,"autonomy_count":13794}}
