{"data":{"satisfaction":6.6844898605830165,"comprehension":7.023103112840467,"contact":1.2435897435897436,"contact_reachability":0.30306122448979594,"contact_satisfaction":4.152397260273973,"autonomy":8.33600480865558},"metadata":{"satisfaction_count":12624,"comprehension_count":10280,"contact_count":975,"contactReachability_count":980,"contactSatisfaction_count":292,"autonomy_count":9982}}
