{"data":{"satisfaction":6.867705548673143,"comprehension":7.36816633111352,"contact":1.5027198549410699,"contact_reachability":0.3624887285843102,"contact_satisfaction":4.1856060606060606,"autonomy":8.517577644841433},"metadata":{"satisfaction_count":15337,"comprehension_count":12914,"contact_count":1103,"contactReachability_count":1109,"contactSatisfaction_count":396,"autonomy_count":12203}}
