{"data":{"satisfaction":6.917717830945362,"comprehension":7.426943308007013,"contact":1.346439169139466,"contact_reachability":0.3402187120291616,"contact_satisfaction":4.0970654627539504,"autonomy":8.413034188034189},"metadata":{"satisfaction_count":58348,"comprehension_count":49619,"contact_count":4044,"contactReachability_count":4115,"contactSatisfaction_count":1329,"autonomy_count":46800}}
