{"data":{"satisfaction":6.916854248733821,"comprehension":7.42313262983654,"contact":1.3437658388241256,"contact_reachability":0.33972602739726027,"contact_satisfaction":4.094594594594595,"autonomy":8.424279717820802},"metadata":{"satisfaction_count":56864,"comprehension_count":48330,"contact_count":3946,"contactReachability_count":4015,"contactSatisfaction_count":1295,"autonomy_count":45503}}
