{"data":{"satisfaction":7.018548981791366,"comprehension":7.574179084794936,"contact":1.5343347639484979,"contact_reachability":4.013605442176871,"contact_satisfaction":3.8774403470715835,"autonomy":8.324775792428287},"metadata":{"satisfaction_count":17629,"comprehension_count":15166,"contact_count":1165,"autonomy_count":14607}}
