{"data":{"satisfaction":6.863592075349139,"comprehension":7.366016347933375,"contact":1.4872842870118075,"contact_reachability":0.3604336043360434,"contact_satisfaction":4.166666666666667,"autonomy":8.484947111472742},"metadata":{"satisfaction_count":15395,"comprehension_count":12968,"contact_count":1101,"contactReachability_count":1107,"contactSatisfaction_count":393,"autonomy_count":12290}}
