{"data":{"satisfaction":7.018696547849429,"comprehension":8.072059511738553,"contact":1.4558177826564216,"contact_reachability":3.7955410549211526,"contact_satisfaction":3.895007342143906,"autonomy":8.399726526891522},"metadata":{"satisfaction_count":64076,"comprehension_count":51284,"contact_count":1822,"autonomy_count":21940}}
