{"data":{"satisfaction":7.01858396990081,"comprehension":7.576479936432261,"contact":1.5419550173010381,"contact_reachability":4.054747647562019,"contact_satisfaction":3.866594360086768,"autonomy":8.264784121137712},"metadata":{"satisfaction_count":17542,"comprehension_count":15102,"contact_count":1156,"autonomy_count":14661}}
