{"data":{"satisfaction":6.913125336202259,"comprehension":7.4197276757441415,"contact":1.3469966486207785,"contact_reachability":0.3395891453208217,"contact_satisfaction":4.098039215686274,"autonomy":8.42241011954157},"metadata":{"satisfaction_count":55770,"comprehension_count":47370,"contact_count":3879,"contactReachability_count":3943,"contactSatisfaction_count":1275,"autonomy_count":44587}}
