{"data":{"satisfaction":7.05567618874254,"comprehension":8.383045991625558,"contact":1.2732474964234621,"autonomy":8.629717783066985},"metadata":{"satisfaction_count":76909,"comprehension_count":58989,"contact_count":699,"autonomy_count":8823}}
