{"data":{"satisfaction":6.941821043709893,"comprehension":7.505809040980144,"contact":1.5958844133099825,"contact_reachability":4.022491349480969,"contact_satisfaction":4.041019955654102,"autonomy":8.319204910844782},"metadata":{"satisfaction_count":16518,"comprehension_count":14202,"contact_count":1142,"autonomy_count":13684}}
