{"data":{"satisfaction":7.027022664169949,"comprehension":8.108154454486765,"contact":1.4972527472527473,"contact_reachability":3.893591293833132,"contact_satisfaction":3.9052547770700636,"autonomy":8.577896272448312},"metadata":{"satisfaction_count":61948,"comprehension_count":49568,"contact_count":1638,"autonomy_count":19879}}
