{"data":{"satisfaction":7.049554162740841,"comprehension":8.422628653397885,"contact":1.3321596244131455,"autonomy":8.686763686763687},"metadata":{"satisfaction_count":73233,"comprehension_count":55770,"contact_count":426,"autonomy_count":5772}}
