{"data":{"satisfaction":6.915366225552021,"comprehension":7.423773727159837,"contact":1.3595308708546778,"contact_reachability":0.341553964465659,"contact_satisfaction":4.112969004893964,"autonomy":8.393848179851378},"metadata":{"satisfaction_count":53123,"comprehension_count":45096,"contact_count":3709,"contactReachability_count":3771,"contactSatisfaction_count":1226,"autonomy_count":42524}}
