{"data":{"satisfaction":6.654746798938747,"comprehension":6.944995747093848,"contact":1.1913229018492177,"contact_reachability":0.2936170212765957,"contact_satisfaction":4.085365853658536,"autonomy":8.2358065921301},"metadata":{"satisfaction_count":8669,"comprehension_count":7054,"contact_count":703,"contactReachability_count":705,"contactSatisfaction_count":205,"autonomy_count":6887}}
