{"data":{"satisfaction":6.724632925928964,"comprehension":7.117796357121529,"contact":1.2410805300713557,"contact_reachability":0.3323201621073962,"contact_satisfaction":3.781055900621118,"autonomy":8.30010277492292},"metadata":{"satisfaction_count":12191,"comprehension_count":10047,"contact_count":981,"contactReachability_count":987,"contactSatisfaction_count":322,"autonomy_count":9730}}
