{"data":{"satisfaction":6.863322842027724,"comprehension":7.387399672718772,"contact":1.2031700288184437,"contact_reachability":0.292018779342723,"contact_satisfaction":4.36411149825784,"autonomy":8.550179660733685},"metadata":{"satisfaction_count":14933,"comprehension_count":12833,"contact_count":1041,"contactReachability_count":1065,"contactSatisfaction_count":287,"autonomy_count":11967}}
