{"data":{"satisfaction":6.85077519379845,"comprehension":7.364883835193374,"contact":1.3968202465931214,"contact_reachability":0.34489321209558044,"contact_satisfaction":4.2344262295081965,"autonomy":8.399129739479703},"metadata":{"satisfaction_count":66564,"comprehension_count":56988,"contact_count":4623,"contactReachability_count":4729,"contactSatisfaction_count":1525,"autonomy_count":53777}}
