{"data":{"satisfaction":6.706786171574904,"comprehension":7.086183665008292,"contact":1.235632183908046,"contact_reachability":0.3232848232848233,"contact_satisfaction":3.8643790849673203,"autonomy":8.304212670168292},"metadata":{"satisfaction_count":11715,"comprehension_count":9648,"contact_count":957,"contactReachability_count":962,"contactSatisfaction_count":306,"autonomy_count":9329}}
