{"data":{"satisfaction":7.14959211780909,"comprehension":7.696240509429341,"contact":1.4778645833333333,"contact_reachability":3.865979381443299,"contact_satisfaction":3.886986301369863,"autonomy":8.844438249233342},"metadata":{"satisfaction_count":18878,"comprehension_count":16332,"contact_count":1152,"autonomy_count":14348}}
