{"data":{"satisfaction":4.9052132701421804,"comprehension":4.81283422459893,"contact":3.7096774193548385,"contact_reachability":0.6451612903225806,"contact_satisfaction":5.75,"autonomy":3.884297520661157},"metadata":{"satisfaction_count":211,"comprehension_count":187,"contact_count":62,"contactReachability_count":62,"contactSatisfaction_count":40,"autonomy_count":121}}
