{"data":{"satisfaction":7.341972187104931,"comprehension":6.988472622478386,"contact":4.176829268292683,"contact_reachability":0.5666666666666667,"contact_satisfaction":7.965116279069767,"autonomy":6.8},"metadata":{"satisfaction_count":1582,"comprehension_count":1041,"contact_count":82,"contactReachability_count":90,"contactSatisfaction_count":43,"autonomy_count":875}}
