{"data":{"satisfaction":8.27659574468085,"comprehension":7.4567474048442905,"contact":5.2631578947368425,"contact_reachability":0.5789473684210527,"contact_satisfaction":9.090909090909092,"autonomy":6.935483870967742},"metadata":{"satisfaction_count":470,"comprehension_count":289,"contact_count":19,"contactReachability_count":19,"contactSatisfaction_count":11,"autonomy_count":248}}
