{
  "data": {
    "satisfaction": 7.877828054298643,
    "comprehension": 8.474137931034482,
    "contact": 4.583333333333333,
    "autonomy": 6.951219512195122
  },
  "metadata": {
    "satisfaction_count": 2210,
    "comprehension_count": 1160,
    "contact_count": 18,
    "autonomy_count": 82
  }
}
