{"data":{"satisfaction":7.9593147751606,"comprehension":7.781468531468532,"contact":4.1745283018867925,"contact_reachability":0.6347826086956522,"contact_satisfaction":6.9140625,"autonomy":6.898876404494382},"metadata":{"satisfaction_count":2335,"comprehension_count":1430,"contact_count":106,"contactReachability_count":115,"contactSatisfaction_count":64,"autonomy_count":890}}
