{"data":{"satisfaction":7.587108013937282,"comprehension":7.0855263157894735,"contact":4.032258064516129,"contact_reachability":0.6111111111111112,"contact_satisfaction":7.352941176470588,"autonomy":6.944444444444445},"metadata":{"satisfaction_count":574,"comprehension_count":380,"contact_count":31,"contactReachability_count":36,"contactSatisfaction_count":17,"autonomy_count":324}}
