{"data":{"satisfaction":7.748815165876778,"comprehension":7.183698296836983,"contact":4.326923076923077,"contact_reachability":0.6206896551724138,"contact_satisfaction":7.5,"autonomy":6.771428571428571},"metadata":{"satisfaction_count":633,"comprehension_count":411,"contact_count":26,"contactReachability_count":29,"contactSatisfaction_count":15,"autonomy_count":350}}
