{"data":{"satisfaction":7.96875,"comprehension":7.7966417910447765,"contact":4.278350515463917,"contact_reachability":0.6310679611650486,"contact_satisfaction":7.033898305084746,"autonomy":6.910669975186104},"metadata":{"satisfaction_count":2208,"comprehension_count":1340,"contact_count":97,"contactReachability_count":103,"contactSatisfaction_count":59,"autonomy_count":806}}
