{"data":{"satisfaction":7.595846645367412,"comprehension":7.102689486552567,"contact":4.032258064516129,"contact_reachability":0.6111111111111112,"contact_satisfaction":7.352941176470588,"autonomy":7.1469740634005765},"metadata":{"satisfaction_count":626,"comprehension_count":409,"contact_count":31,"contactReachability_count":36,"contactSatisfaction_count":17,"autonomy_count":347}}
