{"data":{"satisfaction":7.151898734177215,"comprehension":6.724683544303797,"contact":6.176470588235294,"contact_reachability":0.6470588235294118,"contact_satisfaction":9.545454545454545,"autonomy":6.690647482014389},"metadata":{"satisfaction_count":237,"comprehension_count":158,"contact_count":17,"contactReachability_count":17,"contactSatisfaction_count":11,"autonomy_count":139}}
