{"data":{"satisfaction":7.901684114701866,"comprehension":8.199286846275752,"contact":4.1911764705882355,"contact_reachability":6.619718309859155,"contact_satisfaction":6.4772727272727275,"autonomy":6.923076923076923},"metadata":{"satisfaction_count":2197,"comprehension_count":1262,"contact_count":68,"autonomy_count":429}}
