{"data":{"satisfaction":7.334993773349938,"comprehension":6.976799242424242,"contact":4.126506024096385,"contact_reachability":0.5714285714285714,"contact_satisfaction":7.784090909090909,"autonomy":6.8099547511312215},"metadata":{"satisfaction_count":1606,"comprehension_count":1056,"contact_count":83,"contactReachability_count":91,"contactSatisfaction_count":44,"autonomy_count":884}}
