{"data":{"satisfaction":7.482935153583618,"comprehension":7.017426273458445,"contact":3.706896551724138,"contact_reachability":0.4838709677419355,"contact_satisfaction":8.26923076923077,"autonomy":6.557377049180328},"metadata":{"satisfaction_count":586,"comprehension_count":373,"contact_count":29,"contactReachability_count":31,"contactSatisfaction_count":13,"autonomy_count":305}}
