{"data":{"satisfaction":7.897414158541755,"comprehension":8.40764331210191,"contact":3.9705882352941178,"autonomy":6.744186046511628},"metadata":{"satisfaction_count":2359,"comprehension_count":1256,"contact_count":34,"autonomy_count":172}}
