{"data":{"satisfaction":7.8603302097278,"comprehension":7.326221610461115,"contact":4.351851851851852,"contact_reachability":0.6066666666666667,"contact_satisfaction":7.730263157894737,"autonomy":6.801319043693322},"metadata":{"satisfaction_count":2241,"comprehension_count":1453,"contact_count":135,"contactReachability_count":150,"contactSatisfaction_count":76,"autonomy_count":1213}}
