{"data":{"satisfaction":7.948508377605231,"comprehension":8.124113475177305,"contact":4.358974358974359,"contact_reachability":0.654320987654321,"contact_satisfaction":6.8,"autonomy":6.9658886894075405},"metadata":{"satisfaction_count":2447,"comprehension_count":1410,"contact_count":78,"contactReachability_count":81,"contactSatisfaction_count":50,"autonomy_count":557}}
