{"data":{"satisfaction":7.662337662337662,"comprehension":7.164239482200648,"contact":4.458762886597938,"contact_reachability":0.5769230769230769,"contact_satisfaction":8.160377358490566,"autonomy":6.8111753371868975},"metadata":{"satisfaction_count":1925,"comprehension_count":1236,"contact_count":97,"contactReachability_count":104,"contactSatisfaction_count":53,"autonomy_count":1038}}
