{"data":{"satisfaction":7.958745165449076,"comprehension":7.78421052631579,"contact":4.1745283018867925,"contact_reachability":0.625,"contact_satisfaction":6.9140625,"autonomy":6.892655367231638},"metadata":{"satisfaction_count":2327,"comprehension_count":1425,"contact_count":106,"contactReachability_count":112,"contactSatisfaction_count":64,"autonomy_count":885}}
