{"data":{"satisfaction":7.182343234323432,"comprehension":6.9126691266912665,"contact":4.128787878787879,"contact_reachability":0.5507246376811594,"contact_satisfaction":7.785714285714286,"autonomy":6.696165191740413},"metadata":{"satisfaction_count":1212,"comprehension_count":813,"contact_count":66,"contactReachability_count":69,"contactSatisfaction_count":35,"autonomy_count":678}}
