{"data":{"satisfaction":8.086319218241043,"comprehension":7.620772946859903,"contact":4.05,"contact_reachability":6.538461538461538,"contact_satisfaction":6.328125,"autonomy":6.9602272727272725},"metadata":{"satisfaction_count":614,"comprehension_count":414,"contact_count":50,"autonomy_count":352}}
