{"data":{"satisfaction":7.966244725738397,"comprehension":7.775671950379049,"contact":4.228971962616822,"contact_reachability":0.6379310344827587,"contact_satisfaction":6.961538461538462,"autonomy":6.923925027563396},"metadata":{"satisfaction_count":2370,"comprehension_count":1451,"contact_count":107,"contactReachability_count":116,"contactSatisfaction_count":65,"autonomy_count":907}}
