{"data":{"satisfaction":7.94762484774665,"comprehension":8.119266055045872,"contact":4.358974358974359,"contact_reachability":0.654320987654321,"contact_satisfaction":6.8,"autonomy":6.982142857142857},"metadata":{"satisfaction_count":2463,"comprehension_count":1417,"contact_count":78,"contactReachability_count":81,"contactSatisfaction_count":50,"autonomy_count":560}}
