{"data":{"satisfaction":7.9723026043819765,"comprehension":7.760942760942761,"contact":4.3584070796460175,"contact_reachability":0.6446280991735537,"contact_satisfaction":7.035714285714286,"autonomy":6.93048128342246},"metadata":{"satisfaction_count":2419,"comprehension_count":1485,"contact_count":113,"contactReachability_count":121,"contactSatisfaction_count":70,"autonomy_count":935}}
