{"data":{"satisfaction":7.655986509274873,"comprehension":7.183462532299742,"contact":4.318181818181818,"contact_reachability":0.631578947368421,"contact_satisfaction":7.5,"autonomy":7.0359281437125745},"metadata":{"satisfaction_count":593,"comprehension_count":387,"contact_count":33,"contactReachability_count":38,"contactSatisfaction_count":19,"autonomy_count":334}}
