{"data":{"satisfaction":7.334593572778828,"comprehension":6.985153256704981,"contact":4.126506024096385,"contact_reachability":0.5714285714285714,"contact_satisfaction":7.784090909090909,"autonomy":6.795895096921322},"metadata":{"satisfaction_count":1587,"comprehension_count":1044,"contact_count":83,"contactReachability_count":91,"contactSatisfaction_count":44,"autonomy_count":877}}
