{"data":{"satisfaction":7.60575296108291,"comprehension":7.19309462915601,"contact":4.274193548387097,"contact_reachability":0.6388888888888888,"contact_satisfaction":7.361111111111111,"autonomy":7.083333333333333},"metadata":{"satisfaction_count":591,"comprehension_count":391,"contact_count":31,"contactReachability_count":36,"contactSatisfaction_count":18,"autonomy_count":336}}
