{"data":{"satisfaction":7.658128593831678,"comprehension":7.161776691116544,"contact":4.458762886597938,"contact_reachability":0.5769230769230769,"contact_satisfaction":8.160377358490566,"autonomy":6.793002915451895},"metadata":{"satisfaction_count":1913,"comprehension_count":1227,"contact_count":97,"contactReachability_count":104,"contactSatisfaction_count":53,"autonomy_count":1029}}
