{"data":{"satisfaction":7.968046804680468,"comprehension":7.802524127691165,"contact":4.278350515463917,"contact_reachability":0.6310679611650486,"contact_satisfaction":7.033898305084746,"autonomy":6.9287469287469285},"metadata":{"satisfaction_count":2222,"comprehension_count":1347,"contact_count":97,"contactReachability_count":103,"contactSatisfaction_count":59,"autonomy_count":814}}
