{"data":{"satisfaction":7.5809199318569,"comprehension":7.154731457800511,"contact":4.67741935483871,"contact_reachability":0.6285714285714286,"contact_satisfaction":8.055555555555555,"autonomy":6.726190476190476},"metadata":{"satisfaction_count":587,"comprehension_count":391,"contact_count":31,"contactReachability_count":35,"contactSatisfaction_count":18,"autonomy_count":336}}
