{"data":{"satisfaction":7.73015873015873,"comprehension":7.012658227848101,"contact":3.6538461538461537,"contact_reachability":0.5517241379310345,"contact_satisfaction":7.3076923076923075,"autonomy":6.65680473372781},"metadata":{"satisfaction_count":630,"comprehension_count":395,"contact_count":26,"contactReachability_count":29,"contactSatisfaction_count":13,"autonomy_count":338}}
