{"data":{"satisfaction":8.012452107279694,"comprehension":7.875,"contact":4.462365591397849,"contact_reachability":0.6565656565656566,"contact_satisfaction":7.033898305084746,"autonomy":6.915760869565218},"metadata":{"satisfaction_count":2088,"comprehension_count":1260,"contact_count":93,"contactReachability_count":99,"contactSatisfaction_count":59,"autonomy_count":736}}
