{"data":{"satisfaction":7.938144329896907,"comprehension":7.293447293447294,"contact":5.2,"contact_reachability":0.6428571428571429,"contact_satisfaction":8.666666666666666,"autonomy":6.835016835016835},"metadata":{"satisfaction_count":582,"comprehension_count":351,"contact_count":25,"contactReachability_count":28,"contactSatisfaction_count":15,"autonomy_count":297}}
