{"data":{"satisfaction":7.366071428571429,"comprehension":6.613924050632911,"contact":4.821428571428571,"contact_reachability":0.6428571428571429,"contact_satisfaction":7.5,"autonomy":5.454545454545454},"metadata":{"satisfaction_count":112,"comprehension_count":79,"contact_count":14,"contactReachability_count":14,"contactSatisfaction_count":9,"autonomy_count":77}}
