{"data":{"satisfaction":7.944134078212291,"comprehension":8.159914057704112,"contact":4.82258064516129,"contact_reachability":0.6645161290322581,"contact_satisfaction":7.257281553398058,"autonomy":8.405253283302065},"metadata":{"satisfaction_count":1790,"comprehension_count":1629,"contact_count":155,"contactReachability_count":155,"contactSatisfaction_count":103,"autonomy_count":1599}}
