{"data":{"satisfaction":6.799822852081488,"comprehension":7.473195481524028,"contact":3.4871931696905016,"contact_reachability":0.5365079365079365,"contact_satisfaction":6.54809619238477,"autonomy":7.355502771179731},"metadata":{"satisfaction_count":5645,"comprehension_count":5223,"contact_count":937,"contactReachability_count":945,"contactSatisfaction_count":499,"autonomy_count":5052}}
