{"data":{"satisfaction":5.310398344542162,"comprehension":6.019332161687171,"contact":3.0749128919860627,"contact_reachability":0.5329861111111112,"contact_satisfaction":5.786885245901639,"autonomy":5.896341463414634},"metadata":{"satisfaction_count":1933,"comprehension_count":1707,"contact_count":574,"contactReachability_count":576,"contactSatisfaction_count":305,"autonomy_count":1640}}
