{"data":{"satisfaction":5.768282662284306,"comprehension":6.7903274256533495,"contact":2.974722564734895,"contact_reachability":0.48592411260709917,"contact_satisfaction":6.170076726342711,"autonomy":6.697848456501403},"metadata":{"satisfaction_count":3651,"comprehension_count":3329,"contact_count":811,"contactReachability_count":817,"contactSatisfaction_count":391,"autonomy_count":3207}}
