{"data":{"satisfaction":6.821436204317162,"comprehension":8.439854593522803,"contact":4.362980769230769,"contact_reachability":6.8246445497630335,"contact_satisfaction":6.4361702127659575,"autonomy":8.194805194805195},"metadata":{"satisfaction_count":9358,"comprehension_count":7565,"contact_count":208,"autonomy_count":1540}}
