{"data":{"satisfaction":6.728084868788386,"comprehension":7.358054711246201,"contact":3.511029411764706,"contact_reachability":0.5576119402985075,"contact_satisfaction":6.430976430976431,"autonomy":7.157366771159874},"metadata":{"satisfaction_count":8955,"comprehension_count":8225,"contact_count":1632,"contactReachability_count":1675,"contactSatisfaction_count":891,"autonomy_count":7975}}
