{"data":{"satisfaction":7.273150735979132,"comprehension":7.882891854212308,"contact":3.7533333333333334,"contact_reachability":5.79155672823219,"contact_satisfaction":6.531322505800464,"autonomy":7.680981595092025},"metadata":{"satisfaction_count":5367,"comprehension_count":5021,"contact_count":750,"autonomy_count":4890}}
