{"data":{"satisfaction":6.890313571156532,"comprehension":7.232730839288216,"contact":3.836515513126492,"contact_reachability":0.5787000783085356,"contact_satisfaction":6.707232267037552,"autonomy":7.3191306834429515},"metadata":{"satisfaction_count":7877,"comprehension_count":7137,"contact_count":1257,"contactReachability_count":1277,"contactSatisfaction_count":719,"autonomy_count":6994}}
