{"data":{"satisfaction":5.85149863760218,"comprehension":6.552511415525114,"contact":2.961847389558233,"contact_reachability":0.48804780876494025,"contact_satisfaction":6.1203319502074685,"autonomy":6.703703703703703},"metadata":{"satisfaction_count":2202,"comprehension_count":1971,"contact_count":498,"contactReachability_count":502,"contactSatisfaction_count":241,"autonomy_count":1890}}
