{"data":{"satisfaction":5.5448480355819125,"comprehension":6.17820945945946,"contact":3.223684210526316,"contact_reachability":0.5608591885441527,"contact_satisfaction":5.7585470085470085,"autonomy":5.727986050566695},"metadata":{"satisfaction_count":1349,"comprehension_count":1184,"contact_count":418,"contactReachability_count":419,"contactSatisfaction_count":234,"autonomy_count":1147}}
