{"data":{"satisfaction":6.80761972163246,"comprehension":7.193028095733611,"contact":3.8159771754636234,"contact_reachability":0.5771388499298737,"contact_satisfaction":6.6958698372966206,"autonomy":7.259506337558372},"metadata":{"satisfaction_count":8478,"comprehension_count":7688,"contact_count":1402,"contactReachability_count":1426,"contactSatisfaction_count":799,"autonomy_count":7495}}
