{"data":{"satisfaction":6.7242927705433315,"comprehension":7.359804520464264,"contact":3.5114268066707846,"contact_reachability":0.5583634175691937,"contact_satisfaction":6.423728813559322,"autonomy":7.155801661213189},"metadata":{"satisfaction_count":8908,"comprehension_count":8185,"contact_count":1619,"contactReachability_count":1662,"contactSatisfaction_count":885,"autonomy_count":7946}}
