{"data":{"satisfaction":7.191960931630353,"comprehension":7.473251028806584,"contact":3.918816388467375,"contact_reachability":0.5592203898050975,"contact_satisfaction":7.075342465753424,"autonomy":7.704883672186124},"metadata":{"satisfaction_count":5324,"comprehension_count":4860,"contact_count":659,"contactReachability_count":667,"contactSatisfaction_count":365,"autonomy_count":4771}}
