{"data":{"satisfaction":6.607962296911819,"comprehension":8.429032766225584,"contact":5.113636363636363,"contact_reachability":7.666666666666667,"contact_satisfaction":6.7164179104477615,"autonomy":6.705202312138728},"metadata":{"satisfaction_count":8063,"comprehension_count":6348,"contact_count":88,"autonomy_count":346}}
