{"data":{"satisfaction":6.729243490892837,"comprehension":7.360097323600973,"contact":3.5122699386503067,"contact_reachability":0.5576808129109384,"contact_satisfaction":6.432584269662922,"autonomy":7.159347553324968},"metadata":{"satisfaction_count":8949,"comprehension_count":8220,"contact_count":1630,"contactReachability_count":1673,"contactSatisfaction_count":890,"autonomy_count":7970}}
