{"data":{"satisfaction":7.627086130826779,"comprehension":7.874712162445049,"contact":4.197952218430034,"contact_reachability":0.5844594594594594,"contact_satisfaction":7.235294117647059,"autonomy":7.906878306878307},"metadata":{"satisfaction_count":5213,"comprehension_count":4777,"contact_count":586,"contactReachability_count":592,"contactSatisfaction_count":340,"autonomy_count":4725}}
