{"data":{"satisfaction":7.641984880790851,"comprehension":7.883964459488047,"contact":4.243478260869566,"contact_reachability":0.5886402753872634,"contact_satisfaction":7.261904761904762,"autonomy":7.928082191780822},"metadata":{"satisfaction_count":5159,"comprehension_count":4727,"contact_count":575,"contactReachability_count":581,"contactSatisfaction_count":336,"autonomy_count":4672}}
