{"data":{"satisfaction":6.7260166254774205,"comprehension":7.362146961731263,"contact":3.4517304189435336,"contact_reachability":0.5586995785671283,"contact_satisfaction":6.219912472647702,"autonomy":7.15833228366293},"metadata":{"satisfaction_count":8902,"comprehension_count":8179,"contact_count":1647,"contactReachability_count":1661,"contactSatisfaction_count":914,"autonomy_count":7939}}
