{"data":{"satisfaction":7.262580054894785,"comprehension":7.868467410452143,"contact":3.743438320209974,"contact_reachability":5.753246753246754,"contact_satisfaction":6.557471264367816,"autonomy":7.68194611982308},"metadata":{"satisfaction_count":5465,"comprehension_count":5109,"contact_count":762,"autonomy_count":4974}}
