{"data":{"satisfaction":5.47008547008547,"comprehension":6.061224489795919,"contact":3.2765151515151514,"contact_reachability":0.5864661654135338,"contact_satisfaction":5.616883116883117,"autonomy":5.609065155807365},"metadata":{"satisfaction_count":819,"comprehension_count":735,"contact_count":264,"contactReachability_count":266,"contactSatisfaction_count":154,"autonomy_count":706}}
