{"data":{"satisfaction":6.806143427258435,"comprehension":7.200385740888534,"contact":3.8804265041888804,"contact_reachability":0.5711060948081265,"contact_satisfaction":6.8573351278600265,"autonomy":7.313412471005594},"metadata":{"satisfaction_count":8269,"comprehension_count":7518,"contact_count":1313,"contactReachability_count":1329,"contactSatisfaction_count":743,"autonomy_count":7329}}
