{"data":{"satisfaction":6.749640446952096,"comprehension":7.444066147859922,"contact":3.504596191726855,"contact_reachability":0.5553385416666666,"contact_satisfaction":6.354166666666667,"autonomy":7.233566065077065},"metadata":{"satisfaction_count":9039,"comprehension_count":8224,"contact_count":1523,"contactReachability_count":1536,"contactSatisfaction_count":840,"autonomy_count":7591}}
