{"data":{"satisfaction":6.769453412000446,"comprehension":8.43801996672213,"contact":4.567901234567901,"contact_reachability":6.848484848484848,"contact_satisfaction":6.7272727272727275,"autonomy":8.13856427378965},"metadata":{"satisfaction_count":8983,"comprehension_count":7212,"contact_count":162,"autonomy_count":1198}}
