{"data":{"satisfaction":6.7373020207536864,"comprehension":7.428597143885756,"contact":3.497442455242967,"contact_reachability":0.5548509828788839,"contact_satisfaction":6.345707656612529,"autonomy":7.212837837837838},"metadata":{"satisfaction_count":9155,"comprehension_count":8333,"contact_count":1564,"contactReachability_count":1577,"contactSatisfaction_count":862,"autonomy_count":7696}}
