{"data":{"satisfaction":6.58259325044405,"comprehension":7.321428571428571,"contact":3.4157416750756813,"contact_reachability":0.532,"contact_satisfaction":6.472275334608031,"autonomy":7.189672293942404},"metadata":{"satisfaction_count":5630,"comprehension_count":5194,"contact_count":991,"contactReachability_count":1000,"contactSatisfaction_count":523,"autonomy_count":5035}}
