{"data":{"satisfaction":6.719893546240852,"comprehension":7.3502053636144,"contact":3.5176184690157957,"contact_reachability":0.5577264653641207,"contact_satisfaction":6.440489432703004,"autonomy":7.15727816550349},"metadata":{"satisfaction_count":9018,"comprehension_count":8278,"contact_count":1646,"contactReachability_count":1689,"contactSatisfaction_count":899,"autonomy_count":8024}}
