{"data":{"satisfaction":7.4792320472586304,"comprehension":7.741431451612903,"contact":4.088709677419355,"contact_reachability":0.5741626794258373,"contact_satisfaction":7.181303116147308,"autonomy":7.836185819070905},"metadata":{"satisfaction_count":5417,"comprehension_count":4960,"contact_count":620,"contactReachability_count":627,"contactSatisfaction_count":353,"autonomy_count":4908}}
