{"data":{"satisfaction":6.8404233025984915,"comprehension":8.427638385928608,"contact":4.353070175438597,"contact_reachability":6.796536796536796,"contact_satisfaction":6.444805194805195,"autonomy":8.200468933177023},"metadata":{"satisfaction_count":9544,"comprehension_count":7732,"contact_count":228,"autonomy_count":1706}}
