{"data":{"satisfaction":7.02468450977673,"comprehension":7.930607187112764,"contact":3.8371356147021545,"contact_reachability":5.89711417816813,"contact_satisfaction":6.553030303030303,"autonomy":7.678963110667996},"metadata":{"satisfaction_count":7211,"comprehension_count":6456,"contact_count":789,"autonomy_count":5015}}
