{"data":{"satisfaction":6.726090368875434,"comprehension":7.359348303636807,"contact":3.513846153846154,"contact_reachability":0.5581534772182254,"contact_satisfaction":6.43018018018018,"autonomy":7.154890621071159},"metadata":{"satisfaction_count":8919,"comprehension_count":8194,"contact_count":1625,"contactReachability_count":1668,"contactSatisfaction_count":888,"autonomy_count":7954}}
