{"data":{"satisfaction":6.605939605690042,"comprehension":8.440723694651643,"contact":5.090361445783133,"autonomy":6.798679867986799},"metadata":{"satisfaction_count":8014,"comprehension_count":6301,"contact_count":83,"autonomy_count":303}}
