{"data":{"satisfaction":5.681818181818182,"comprehension":6.359067579127459,"contact":3.007575757575758,"contact_reachability":0.4992481203007519,"contact_satisfaction":6.0703363914373085,"autonomy":6.427616926503341},"metadata":{"satisfaction_count":2640,"comprehension_count":2338,"contact_count":660,"contactReachability_count":665,"contactSatisfaction_count":327,"autonomy_count":2245}}
