{"data":{"satisfaction":7.021319120586276,"comprehension":7.911213563355146,"contact":3.8544152744630074,"contact_reachability":5.91016548463357,"contact_satisfaction":6.565040650406504,"autonomy":7.6329233680227055},"metadata":{"satisfaction_count":7505,"comprehension_count":6724,"contact_count":838,"autonomy_count":5285}}
