{"data":{"satisfaction":7.261599041260058,"comprehension":7.870795809593825,"contact":3.725669099756691,"contact_reachability":5.669481302774427,"contact_satisfaction":6.614470842332613,"autonomy":7.68969422423556},"metadata":{"satisfaction_count":5841,"comprehension_count":5441,"contact_count":822,"autonomy_count":5298}}
