{"data":{"satisfaction":6.7274819197896125,"comprehension":7.34988659424615,"contact":3.544664268585132,"contact_reachability":0.5613317757009346,"contact_satisfaction":6.447655398037077,"autonomy":7.143735398991762},"metadata":{"satisfaction_count":9126,"comprehension_count":8377,"contact_count":1668,"contactReachability_count":1712,"contactSatisfaction_count":917,"autonomy_count":8133}}
