{"data":{"satisfaction":6.745199735157802,"comprehension":7.441789958767887,"contact":3.497392438070404,"contact_reachability":0.5552682611506141,"contact_satisfaction":6.34160756501182,"autonomy":7.23186119873817},"metadata":{"satisfaction_count":9062,"comprehension_count":8246,"contact_count":1534,"contactReachability_count":1547,"contactSatisfaction_count":846,"autonomy_count":7608}}
