{"data":{"satisfaction":7.181327270143527,"comprehension":7.491005787580166,"contact":3.8894095595126523,"contact_reachability":0.5911602209944752,"contact_satisfaction":6.66131621187801,"autonomy":7.462235649546828},"metadata":{"satisfaction_count":7037,"comprehension_count":6393,"contact_count":1067,"contactReachability_count":1086,"contactSatisfaction_count":623,"autonomy_count":6289}}
