{"data":{"satisfaction":7.032071503680337,"comprehension":7.918011146963919,"contact":3.860981308411215,"contact_reachability":5.919075144508671,"contact_satisfaction":6.570576540755467,"autonomy":7.641913270053974},"metadata":{"satisfaction_count":7608,"comprehension_count":6818,"contact_count":856,"autonomy_count":5373}}
