{"data":{"satisfaction":7.041915390604723,"comprehension":7.919863906182134,"contact":3.877434135166094,"contact_reachability":5.929705215419501,"contact_satisfaction":6.585603112840467,"autonomy":7.64738191138777},"metadata":{"satisfaction_count":7706,"comprehension_count":6907,"contact_count":873,"autonomy_count":5462}}
