{"data":{"satisfaction":6.735337787676317,"comprehension":7.123524623524624,"contact":3.8206979542719615,"contact_reachability":0.5551601423487544,"contact_satisfaction":6.962719298245614,"autonomy":7.3756323777403034},"metadata":{"satisfaction_count":5388,"comprehension_count":4914,"contact_count":831,"contactReachability_count":843,"contactSatisfaction_count":456,"autonomy_count":4744}}
