{"data":{"satisfaction":6.565084501977706,"comprehension":7.318571985953961,"contact":3.3659638554216866,"contact_reachability":0.5283582089552239,"contact_satisfaction":6.422413793103448,"autonomy":7.202501008471158},"metadata":{"satisfaction_count":5562,"comprehension_count":5126,"contact_count":996,"contactReachability_count":1005,"contactSatisfaction_count":522,"autonomy_count":4958}}
