{"data":{"satisfaction":7.212064497552548,"comprehension":7.5174243624267385,"contact":3.887832699619772,"contact_reachability":0.5906542056074766,"contact_satisfaction":6.6612377850162865,"autonomy":7.460981496379726},"metadata":{"satisfaction_count":6946,"comprehension_count":6313,"contact_count":1052,"contactReachability_count":1070,"contactSatisfaction_count":614,"autonomy_count":6215}}
