{"data":{"satisfaction":6.287671232876712,"comprehension":6.61993769470405,"contact":3.402061855670103,"contact_reachability":0.6060606060606061,"contact_satisfaction":5.689655172413793,"autonomy":6.201298701298701},"metadata":{"satisfaction_count":365,"comprehension_count":321,"contact_count":97,"contactReachability_count":99,"contactSatisfaction_count":58,"autonomy_count":308}}
