{"data":{"satisfaction":5.515759312320917,"comprehension":6.063311688311688,"contact":2.892156862745098,"contact_reachability":0.5849056603773585,"contact_satisfaction":5.086206896551724,"autonomy":5.548172757475083},"metadata":{"satisfaction_count":349,"comprehension_count":308,"contact_count":102,"contactReachability_count":106,"contactSatisfaction_count":58,"autonomy_count":301}}
