{"data":{"satisfaction":6.7237958778794225,"comprehension":7.350522271581222,"contact":3.5389022919179736,"contact_reachability":0.5596707818930041,"contact_satisfaction":6.454895489548955,"autonomy":7.149573178275393},"metadata":{"satisfaction_count":9073,"comprehension_count":8329,"contact_count":1658,"contactReachability_count":1701,"contactSatisfaction_count":909,"autonomy_count":8083}}
