{"data":{"satisfaction":6.789279513888889,"comprehension":7.644492911668484,"contact":3.5976112026359144,"contact_reachability":0.5595432300163132,"contact_satisfaction":6.479970326409496,"autonomy":7.440793368857312},"metadata":{"satisfaction_count":9216,"comprehension_count":8253,"contact_count":1214,"contactReachability_count":1226,"contactSatisfaction_count":674,"autonomy_count":6756}}
