{"data":{"satisfaction":6.6062241184590285,"comprehension":8.450479233226837,"contact":5,"autonomy":6.830188679245283},"metadata":{"satisfaction_count":7969,"comprehension_count":6260,"contact_count":74,"autonomy_count":265}}
