{"data":{"satisfaction":8.827568698091081,"comprehension":9.671653290529695,"contact":5.973101265822785,"contact_reachability":0.78125,"contact_satisfaction":7.6727642276422765,"autonomy":9.033657917019475},"metadata":{"satisfaction_count":82717,"comprehension_count":77875,"contact_count":316,"contactReachability_count":320,"contactSatisfaction_count":246,"autonomy_count":9448}}
