{"data":{"satisfaction":9.165844027640672,"comprehension":9.179299529534763,"contact":5.913043478260869,"contact_reachability":0.7692307692307693,"contact_satisfaction":7.7272727272727275,"autonomy":8.989225243714726},"metadata":{"satisfaction_count":4052,"comprehension_count":3826,"contact_count":115,"contactReachability_count":117,"contactSatisfaction_count":88,"autonomy_count":3898}}
