{"data":{"satisfaction":8.973109547013175,"comprehension":9.171922575032623,"contact":5.917508417508418,"contact_reachability":0.7336244541484717,"contact_satisfaction":8.149149922720246,"autonomy":9.010313180054878},"metadata":{"satisfaction_count":33246,"comprehension_count":32186,"contact_count":891,"contactReachability_count":916,"contactSatisfaction_count":647,"autonomy_count":31707}}
