{"data":{"satisfaction":9.197819314641745,"comprehension":9.165449233016801,"contact":6.214689265536723,"contact_reachability":0.7921348314606742,"contact_satisfaction":7.857142857142857,"autonomy":9.107895218904561},"metadata":{"satisfaction_count":5778,"comprehension_count":5476,"contact_count":177,"contactReachability_count":178,"contactSatisfaction_count":140,"autonomy_count":5459}}
