{"data":{"satisfaction":8.85804364254676,"comprehension":9.712955292818235,"contact":5.609756097560975,"contact_reachability":7.831325301204819,"contact_satisfaction":7.1875,"autonomy":8.949718045112782},"metadata":{"satisfaction_count":84688,"comprehension_count":79674,"contact_count":164,"autonomy_count":4256}}
