{"data":{"satisfaction":9.175640105288347,"comprehension":9.192200557103064,"contact":5.905172413793103,"contact_reachability":0.7711864406779662,"contact_satisfaction":7.696629213483146,"autonomy":9.002487562189055},"metadata":{"satisfaction_count":4179,"comprehension_count":3949,"contact_count":116,"contactReachability_count":118,"contactSatisfaction_count":89,"autonomy_count":4020}}
