{"data":{"satisfaction":9.15543219666931,"comprehension":9.162924501824305,"contact":5.963302752293578,"contact_reachability":0.7727272727272727,"contact_satisfaction":7.738095238095238,"autonomy":8.960789690156293},"metadata":{"satisfaction_count":3783,"comprehension_count":3563,"contact_count":109,"contactReachability_count":110,"contactSatisfaction_count":84,"autonomy_count":3647}}
