{"data":{"satisfaction":9.200946487076811,"comprehension":9.186079816688943,"contact":6.22191011235955,"contact_reachability":0.7865168539325843,"contact_satisfaction":7.910714285714286,"autonomy":9.044598231449443},"metadata":{"satisfaction_count":5494,"comprehension_count":5237,"contact_count":178,"contactReachability_count":178,"contactSatisfaction_count":140,"autonomy_count":5202}}
