{"data":{"satisfaction":8.816262353998203,"comprehension":9.687640821736249,"contact":5.901639344262295,"contact_reachability":7.813765182186235,"contact_satisfaction":7.578947368421052,"autonomy":9.031702768612824},"metadata":{"satisfaction_count":80136,"comprehension_count":75450,"contact_count":244,"autonomy_count":6971}}
