{"data":{"satisfaction":8.857855125887593,"comprehension":9.713378795870696,"contact":5.527950310559007,"contact_reachability":7.791411042944786,"contact_satisfaction":7.12,"autonomy":8.942741743882157},"metadata":{"satisfaction_count":84639,"comprehension_count":79626,"contact_count":161,"autonomy_count":4209}}
