{"data":{"satisfaction":9.183019234505537,"comprehension":9.268625765009357,"contact":6.282161234991424,"contact_reachability":0.7802013422818792,"contact_satisfaction":8.10287610619469,"autonomy":8.869367507234394},"metadata":{"satisfaction_count":20588,"comprehension_count":19771,"contact_count":583,"contactReachability_count":596,"contactSatisfaction_count":452,"autonomy_count":19352}}
