{"data":{"satisfaction":9.155277145026576,"comprehension":9.266575396049285,"contact":6.801470588235294,"contact_reachability":0.7898550724637681,"contact_satisfaction":8.644859813084112,"autonomy":9.037081339712918},"metadata":{"satisfaction_count":5268,"comprehension_count":5113,"contact_count":136,"contactReachability_count":138,"contactSatisfaction_count":107,"autonomy_count":5016}}
