{"data":{"satisfaction":9.200192338515787,"comprehension":9.272886735716673,"contact":6.296125461254612,"contact_reachability":0.7873873873873873,"contact_satisfaction":8.048349056603774,"autonomy":8.998204875788986},"metadata":{"satisfaction_count":18717,"comprehension_count":17958,"contact_count":542,"contactReachability_count":555,"contactSatisfaction_count":424,"autonomy_count":17269}}
