{"data":{"satisfaction":9.179420152091256,"comprehension":9.266648525628339,"contact":6.294117647058823,"contact_reachability":0.7816091954022989,"contact_satisfaction":8.106060606060606,"autonomy":9.047201896320725},"metadata":{"satisfaction_count":21040,"comprehension_count":20212,"contact_count":595,"contactReachability_count":609,"contactSatisfaction_count":462,"autonomy_count":19406}}
