{"data":{"satisfaction":8.883227176220807,"comprehension":9.14500876753507,"contact":5.674418604651163,"contact_reachability":0.7174887892376681,"contact_satisfaction":8.026315789473685,"autonomy":8.989149057681326},"metadata":{"satisfaction_count":16485,"comprehension_count":15968,"contact_count":430,"contactReachability_count":446,"contactSatisfaction_count":304,"autonomy_count":15759}}
