{"data":{"satisfaction":8.858434302956013,"comprehension":9.71212386941598,"contact":5.632352941176471,"contact_reachability":7.790697674418605,"contact_satisfaction":7.253787878787879,"autonomy":8.949522510231924},"metadata":{"satisfaction_count":84844,"comprehension_count":79826,"contact_count":170,"autonomy_count":4398}}
