{"data":{"satisfaction":9.189510233918128,"comprehension":9.169865642994242,"contact":6.153846153846154,"contact_reachability":0.7810650887573964,"contact_satisfaction":7.878787878787879,"autonomy":9.060570987654321},"metadata":{"satisfaction_count":5472,"comprehension_count":5210,"contact_count":169,"contactReachability_count":169,"contactSatisfaction_count":132,"autonomy_count":5184}}
