{"data":{"satisfaction":8.825371917916529,"comprehension":9.674976098808816,"contact":5.968543046357616,"contact_reachability":0.7777777777777778,"contact_satisfaction":7.702991452991453,"autonomy":9.045434198746642},"metadata":{"satisfaction_count":82209,"comprehension_count":77402,"contact_count":302,"contactReachability_count":306,"contactSatisfaction_count":234,"autonomy_count":8936}}
