{"data":{"satisfaction":8.801369863013699,"comprehension":9.603581486027872,"contact":6.091897233201581,"contact_reachability":0.7843137254901961,"contact_satisfaction":7.784090909090909,"autonomy":8.993087257075778},"metadata":{"satisfaction_count":73584,"comprehension_count":69245,"contact_count":506,"contactReachability_count":510,"contactSatisfaction_count":396,"autonomy_count":15334}}
