{"data":{"satisfaction":9.198313369500994,"comprehension":9.272297183808297,"contact":6.293900184842884,"contact_reachability":0.7870036101083032,"contact_satisfaction":8.049645390070921,"autonomy":9.003612632560309},"metadata":{"satisfaction_count":18617,"comprehension_count":17861,"contact_count":541,"contactReachability_count":554,"contactSatisfaction_count":423,"autonomy_count":17162}}
