{"data":{"satisfaction":9.12151067323481,"comprehension":9.268361581920903,"contact":6.860902255639098,"contact_reachability":0.7703703703703704,"contact_satisfaction":8.946078431372548,"autonomy":8.947768281101615},"metadata":{"satisfaction_count":5481,"comprehension_count":5310,"contact_count":133,"contactReachability_count":135,"contactSatisfaction_count":102,"autonomy_count":5265}}
