{"data":{"satisfaction":8.97430848001939,"comprehension":9.172429979658896,"contact":5.928652321630804,"contact_reachability":0.7345814977973568,"contact_satisfaction":8.154205607476635,"autonomy":9.009938716540184},"metadata":{"satisfaction_count":33007,"comprehension_count":31955,"contact_count":883,"contactReachability_count":908,"contactSatisfaction_count":642,"autonomy_count":31493}}
