{"data":{"satisfaction":9.195205479452055,"comprehension":9.321483601144617,"contact":6.333333333333333,"contact_reachability":7.883211678832117,"contact_satisfaction":8.066037735849056,"autonomy":9.100799289520426},"metadata":{"satisfaction_count":4672,"comprehension_count":4543,"contact_count":135,"autonomy_count":4504}}
