{"data":{"satisfaction":9.211989574283232,"comprehension":9.168664699372925,"contact":6.350574712643678,"contact_reachability":0.8057142857142857,"contact_satisfaction":7.892857142857143,"autonomy":9.09642988590357},"metadata":{"satisfaction_count":5755,"comprehension_count":5422,"contact_count":174,"contactReachability_count":175,"contactSatisfaction_count":140,"autonomy_count":5434}}
