{"data":{"satisfaction":8.816825760785584,"comprehension":9.686825840094233,"contact":5.908163265306122,"contact_reachability":7.82258064516129,"contact_satisfaction":7.5785340314136125,"autonomy":9.03490179454571},"metadata":{"satisfaction_count":80246,"comprehension_count":75557,"contact_count":245,"autonomy_count":7077}}
