{"data":{"satisfaction":8.85232986119464,"comprehension":9.720168110231183,"contact":5.112612612612613,"autonomy":8.930266520627967},"metadata":{"satisfaction_count":83138,"comprehension_count":78163,"contact_count":111,"autonomy_count":2739}}
