{"data":{"satisfaction":9.196524543174489,"comprehension":9.172007540056551,"contact":6.071428571428571,"contact_reachability":0.7828571428571428,"contact_satisfaction":7.755474452554744,"autonomy":9.09814323607427},"metadata":{"satisfaction_count":5582,"comprehension_count":5305,"contact_count":175,"contactReachability_count":175,"contactSatisfaction_count":137,"autonomy_count":5278}}
