{"data":{"satisfaction":8.816932927208304,"comprehension":9.685742202973566,"contact":5.8603238866396765,"contact_reachability":7.800000000000001,"contact_satisfaction":7.5390625,"autonomy":9.01348376444689},"metadata":{"satisfaction_count":80435,"comprehension_count":75734,"contact_count":247,"autonomy_count":7268}}
