{"data":{"satisfaction":8.82122182534795,"comprehension":9.681642183473517,"contact":5.87360594795539,"contact_reachability":7.794117647058823,"contact_satisfaction":7.559808612440191,"autonomy":9.047977895001257},"metadata":{"satisfaction_count":81190,"comprehension_count":76447,"contact_count":269,"autonomy_count":7962}}
