{"data":{"satisfaction":9.21390937829294,"comprehension":9.294578706727629,"contact":6.546762589928058,"contact_reachability":7.9432624113475185,"contact_satisfaction":8.272727272727273,"autonomy":9.103659872890642},"metadata":{"satisfaction_count":4745,"comprehension_count":4593,"contact_count":139,"autonomy_count":4563}}
