{"data":{"satisfaction":8.817251062349346,"comprehension":9.685702032198469,"contact":5.8603238866396765,"contact_reachability":7.800000000000001,"contact_satisfaction":7.5390625,"autonomy":9.021486246065416},"metadata":{"satisfaction_count":80482,"comprehension_count":75780,"contact_count":247,"autonomy_count":7307}}
