{"data":{"satisfaction":8.979513567068299,"comprehension":9.177174451229575,"contact":5.937873357228196,"contact_reachability":0.733955659276546,"contact_satisfaction":8.160919540229886,"autonomy":9.061806442934966},"metadata":{"satisfaction_count":31289,"comprehension_count":30295,"contact_count":837,"contactReachability_count":857,"contactSatisfaction_count":609,"autonomy_count":29738}}
