{"data":{"satisfaction":9.168077388149939,"comprehension":9.18799590478628,"contact":5.905172413793103,"contact_reachability":0.7711864406779662,"contact_satisfaction":7.696629213483146,"autonomy":9.004524886877828},"metadata":{"satisfaction_count":4135,"comprehension_count":3907,"contact_count":116,"contactReachability_count":118,"contactSatisfaction_count":89,"autonomy_count":3978}}
