{"data":{"satisfaction":9.19047619047619,"comprehension":9.218973625025557,"contact":5.957446808510638,"contact_reachability":0.7692307692307693,"contact_satisfaction":7.777777777777778,"autonomy":8.989939637826962},"metadata":{"satisfaction_count":5145,"comprehension_count":4891,"contact_count":141,"contactReachability_count":143,"contactSatisfaction_count":108,"autonomy_count":4970}}
