{"data":{"satisfaction":9.179314623902252,"comprehension":9.26695652173913,"contact":6.296296296296297,"contact_reachability":0.78125,"contact_satisfaction":8.112798264642082,"autonomy":8.993001955336009},"metadata":{"satisfaction_count":20952,"comprehension_count":20125,"contact_count":594,"contactReachability_count":608,"contactSatisfaction_count":461,"autonomy_count":19434}}
