{"data":{"satisfaction":9.198341768062884,"comprehension":9.271663486362106,"contact":6.29182156133829,"contact_reachability":0.7876588021778584,"contact_satisfaction":8.040380047505938,"autonomy":9.021592837497806},"metadata":{"satisfaction_count":18574,"comprehension_count":17818,"contact_count":538,"contactReachability_count":551,"contactSatisfaction_count":421,"autonomy_count":17089}}
