{"data":{"satisfaction":9.209803507289246,"comprehension":9.305616020896823,"contact":6.438848920863309,"contact_reachability":7.9432624113475185,"contact_satisfaction":8.136363636363637,"autonomy":9.097480832420592},"metadata":{"satisfaction_count":4733,"comprehension_count":4594,"contact_count":139,"autonomy_count":4565}}
