{"data":{"satisfaction":8.853069411581009,"comprehension":9.719912109250245,"contact":5.1521739130434785,"autonomy":8.92156862745098},"metadata":{"satisfaction_count":83257,"comprehension_count":78279,"contact_count":115,"autonomy_count":2856}}
