{"data":{"satisfaction":8.428633784373636,"comprehension":8.11284046692607,"contact":5.0069060773480665,"contact_reachability":0.6967213114754098,"contact_satisfaction":7.221115537848606,"autonomy":6.2105263157894735},"metadata":{"satisfaction_count":2291,"comprehension_count":2056,"contact_count":362,"contactReachability_count":366,"contactSatisfaction_count":251,"autonomy_count":1425}}
