{"data":{"satisfaction":8.302034428794991,"comprehension":7.407407407407407,"contact":4.728260869565218,"contact_reachability":0.6382978723404256,"contact_satisfaction":7.5,"autonomy":6.286701208981002},"metadata":{"satisfaction_count":639,"comprehension_count":540,"contact_count":138,"contactReachability_count":141,"contactSatisfaction_count":87,"autonomy_count":579}}
