{"data":{"satisfaction":8.271050141911068,"comprehension":7.776473656755347,"contact":4.976689976689976,"contact_reachability":0.6764705882352942,"contact_satisfaction":7.465034965034965,"autonomy":6.294885745375408},"metadata":{"satisfaction_count":2114,"comprehension_count":1917,"contact_count":429,"contactReachability_count":442,"contactSatisfaction_count":286,"autonomy_count":1838}}
