{"data":{"satisfaction":8.22380106571936,"comprehension":7.985074626865671,"contact":5.108695652173913,"contact_reachability":0.7094017094017094,"contact_satisfaction":7.253086419753086,"autonomy":6.4},"metadata":{"satisfaction_count":563,"comprehension_count":536,"contact_count":115,"contactReachability_count":117,"contactSatisfaction_count":81,"autonomy_count":525}}
