{"data":{"satisfaction":8.408071748878923,"comprehension":7.577922077922078,"contact":4.975247524752476,"contact_reachability":0.6796116504854369,"contact_satisfaction":7.389705882352941,"autonomy":6.222222222222222},"metadata":{"satisfaction_count":446,"comprehension_count":385,"contact_count":101,"contactReachability_count":103,"contactSatisfaction_count":68,"autonomy_count":405}}
