{"data":{"satisfaction":8.571428571428571,"comprehension":8.16607460035524,"contact":5.186567164179104,"contact_reachability":7.481481481481481,"contact_satisfaction":6.95,"autonomy":6.419529837251356},"metadata":{"satisfaction_count":602,"comprehension_count":563,"contact_count":134,"autonomy_count":553}}
