{"data":{"satisfaction":8.357723577235772,"comprehension":8.322072072072071,"contact":5.135135135135135,"contact_reachability":0.7175572519083969,"contact_satisfaction":7.1891891891891895,"autonomy":6.267326732673268},"metadata":{"satisfaction_count":2460,"comprehension_count":2220,"contact_count":259,"contactReachability_count":262,"contactSatisfaction_count":185,"autonomy_count":1010}}
