{"data":{"satisfaction":8.167032967032966,"comprehension":7.718016291327264,"contact":4.852941176470588,"contact_reachability":0.6638297872340425,"contact_satisfaction":7.400332225913621,"autonomy":6.393520724154359},"metadata":{"satisfaction_count":2275,"comprehension_count":2087,"contact_count":459,"contactReachability_count":470,"contactSatisfaction_count":301,"autonomy_count":2099}}
