{"data":{"satisfaction":8.411447532144338,"comprehension":8.0798435342844,"contact":4.909326424870466,"contact_reachability":0.6820512820512821,"contact_satisfaction":7.232824427480916,"autonomy":6.260586319218241},"metadata":{"satisfaction_count":2411,"comprehension_count":2173,"contact_count":386,"contactReachability_count":390,"contactSatisfaction_count":262,"autonomy_count":1535}}
