{"data":{"satisfaction":7.854442344045369,"comprehension":7.5953815261044175,"contact":4.4411764705882355,"contact_reachability":0.6022727272727273,"contact_satisfaction":7.55,"autonomy":6.646341463414634},"metadata":{"satisfaction_count":529,"comprehension_count":498,"contact_count":85,"contactReachability_count":88,"contactSatisfaction_count":50,"autonomy_count":492}}
