{"data":{"satisfaction":8.254364089775562,"comprehension":8.515840220385675,"contact":5.794117647058823,"contact_reachability":7.906976744186046,"contact_satisfaction":7.350746268656716,"autonomy":6.125},"metadata":{"satisfaction_count":2406,"comprehension_count":2178,"contact_count":85,"autonomy_count":320}}
