{"data":{"satisfaction":7.894736842105263,"comprehension":7.561855670103093,"contact":4.466292134831461,"contact_reachability":0.5934065934065934,"contact_satisfaction":7.644230769230769,"autonomy":6.511627906976744},"metadata":{"satisfaction_count":513,"comprehension_count":485,"contact_count":89,"contactReachability_count":91,"contactSatisfaction_count":52,"autonomy_count":473}}
