{"data":{"satisfaction":8.181818181818182,"comprehension":7.398058252427185,"contact":4.615384615384615,"contact_reachability":0.6363636363636364,"contact_satisfaction":7.317073170731708,"autonomy":6.224677716390423},"metadata":{"satisfaction_count":594,"comprehension_count":515,"contact_count":130,"contactReachability_count":132,"contactSatisfaction_count":82,"autonomy_count":543}}
