{"data":{"satisfaction":8.482280431432974,"comprehension":7.910256410256411,"contact":4.948979591836735,"contact_reachability":6.95945945945946,"contact_satisfaction":7.132352941176471,"autonomy":6.346801346801347},"metadata":{"satisfaction_count":649,"comprehension_count":585,"contact_count":147,"autonomy_count":594}}
