{"data":{"satisfaction":7.837301587301587,"comprehension":7.510482180293501,"contact":4.435483870967742,"contact_reachability":0.5894736842105263,"contact_satisfaction":7.638888888888889,"autonomy":6.416309012875536},"metadata":{"satisfaction_count":504,"comprehension_count":477,"contact_count":93,"contactReachability_count":95,"contactSatisfaction_count":54,"autonomy_count":466}}
