{"data":{"satisfaction":8.251054852320674,"comprehension":8.525163094128612,"contact":5.993589743589744,"autonomy":6.041666666666667},"metadata":{"satisfaction_count":2370,"comprehension_count":2146,"contact_count":78,"autonomy_count":288}}
