{"data":{"satisfaction":8.523654159869494,"comprehension":8.103146853146853,"contact":4.571428571428571,"contact_reachability":6.879432624113475,"contact_satisfaction":6.666666666666667,"autonomy":6.381461675579323},"metadata":{"satisfaction_count":613,"comprehension_count":572,"contact_count":140,"autonomy_count":561}}
