{"data":{"satisfaction":8.551554828150573,"comprehension":8.161120840630472,"contact":5.1286764705882355,"contact_reachability":7.372262773722627,"contact_satisfaction":6.975,"autonomy":6.428571428571429},"metadata":{"satisfaction_count":611,"comprehension_count":571,"contact_count":136,"autonomy_count":560}}
