{"data":{"satisfaction":8.248730964467006,"comprehension":8.52288650163475,"contact":5.941558441558442,"autonomy":6.007067137809187},"metadata":{"satisfaction_count":2364,"comprehension_count":2141,"contact_count":77,"autonomy_count":283}}
