{"data":{"satisfaction":8.356969205834684,"comprehension":8.32024236983842,"contact":5.153846153846154,"contact_reachability":0.7186311787072244,"contact_satisfaction":7.204301075268817,"autonomy":6.2671905697445975},"metadata":{"satisfaction_count":2468,"comprehension_count":2228,"contact_count":260,"contactReachability_count":263,"contactSatisfaction_count":186,"autonomy_count":1018}}
