{"data":{"satisfaction":8.351362179487179,"comprehension":8.304482911673324,"contact":5.160984848484849,"contact_reachability":0.7228464419475655,"contact_satisfaction":7.171052631578948,"autonomy":6.252390057361377},"metadata":{"satisfaction_count":2496,"comprehension_count":2253,"contact_count":264,"contactReachability_count":267,"contactSatisfaction_count":190,"autonomy_count":1046}}
