{"data":{"satisfaction":8.117756142790913,"comprehension":7.768697374938088,"contact":4.820627802690583,"contact_reachability":0.6747787610619469,"contact_satisfaction":7.190635451505017,"autonomy":6.406560636182903},"metadata":{"satisfaction_count":2157,"comprehension_count":2019,"contact_count":446,"contactReachability_count":452,"contactSatisfaction_count":299,"autonomy_count":2012}}
