{"data":{"satisfaction":8.340435606060606,"comprehension":8.454852101712506,"contact":5.294943820224719,"contact_reachability":7.4860335195530725,"contact_satisfaction":7.086466165413534,"autonomy":6.260744985673353},"metadata":{"satisfaction_count":2112,"comprehension_count":1927,"contact_count":178,"autonomy_count":698}}
