{"data":{"satisfaction":8.182565789473685,"comprehension":7.30544747081712,"contact":4.908759124087592,"contact_reachability":0.6642857142857143,"contact_satisfaction":7.472222222222222,"autonomy":6.11913357400722},"metadata":{"satisfaction_count":608,"comprehension_count":514,"contact_count":137,"contactReachability_count":140,"contactSatisfaction_count":90,"autonomy_count":554}}
