{"data":{"satisfaction":8.3359133126935,"comprehension":7.4451553930530165,"contact":4.839285714285714,"contact_reachability":0.6503496503496503,"contact_satisfaction":7.527777777777778,"autonomy":6.313993174061434},"metadata":{"satisfaction_count":646,"comprehension_count":547,"contact_count":140,"contactReachability_count":143,"contactSatisfaction_count":90,"autonomy_count":586}}
