{"data":{"satisfaction":8.139097744360901,"comprehension":7.510504201680672,"contact":4.551282051282051,"contact_reachability":0.6271186440677966,"contact_satisfaction":7.294520547945205,"autonomy":6.272912423625255},"metadata":{"satisfaction_count":532,"comprehension_count":476,"contact_count":117,"contactReachability_count":118,"contactSatisfaction_count":73,"autonomy_count":491}}
