{"data":{"satisfaction":8.354375272094035,"comprehension":8.407681297709924,"contact":5.087719298245614,"contact_reachability":7.1615720524017465,"contact_satisfaction":7.116564417177914,"autonomy":6.262975778546712},"metadata":{"satisfaction_count":2297,"comprehension_count":2096,"contact_count":228,"autonomy_count":867}}
