{"data":{"satisfaction":8.35538752362949,"comprehension":7.559652928416486,"contact":4.957983193277311,"contact_reachability":0.6694214876033058,"contact_satisfaction":7.468354430379747,"autonomy":6.224066390041494},"metadata":{"satisfaction_count":529,"comprehension_count":461,"contact_count":119,"contactReachability_count":121,"contactSatisfaction_count":79,"autonomy_count":482}}
