{"data":{"satisfaction":8.116674322462103,"comprehension":7.7672878862187344,"contact":4.825708061002179,"contact_reachability":0.6731182795698925,"contact_satisfaction":7.214983713355049,"autonomy":6.387382947264663},"metadata":{"satisfaction_count":2177,"comprehension_count":2039,"contact_count":459,"contactReachability_count":465,"contactSatisfaction_count":307,"autonomy_count":2029}}
