{"data":{"satisfaction":7.073560767590618,"comprehension":7.584400465657741,"contact":4.170454545454546,"contact_reachability":0.583710407239819,"contact_satisfaction":7.16796875,"autonomy":6.171224732461355},"metadata":{"satisfaction_count":938,"comprehension_count":859,"contact_count":220,"contactReachability_count":221,"contactSatisfaction_count":128,"autonomy_count":841}}
