{"data":{"satisfaction":7.392592592592592,"comprehension":7.748198558847077,"contact":4.207119741100324,"contact_reachability":0.597444089456869,"contact_satisfaction":7.103825136612022,"autonomy":6.314935064935065},"metadata":{"satisfaction_count":1350,"comprehension_count":1249,"contact_count":309,"contactReachability_count":313,"contactSatisfaction_count":183,"autonomy_count":1232}}
