{"data":{"satisfaction":8.05316091954023,"comprehension":8.086466165413533,"contact":3.9309210526315788,"contact_reachability":0.5921052631578947,"contact_satisfaction":6.638888888888889,"autonomy":6.5378670788253475},"metadata":{"satisfaction_count":696,"comprehension_count":665,"contact_count":152,"contactReachability_count":152,"contactSatisfaction_count":90,"autonomy_count":647}}
