{"data":{"satisfaction":7.142857142857143,"comprehension":7.822265625,"contact":3.9642857142857144,"contact_reachability":5.571428571428571,"contact_satisfaction":7.115384615384615,"autonomy":6.414342629482071},"metadata":{"satisfaction_count":273,"comprehension_count":256,"contact_count":70,"autonomy_count":251}}
