{"data":{"satisfaction":7.386877828054299,"comprehension":7.6923076923076925,"contact":4.282407407407407,"contact_reachability":0.5833333333333334,"contact_satisfaction":7.341269841269841,"autonomy":6.212871287128713},"metadata":{"satisfaction_count":442,"comprehension_count":403,"contact_count":108,"contactReachability_count":108,"contactSatisfaction_count":63,"autonomy_count":404}}
