{"data":{"satisfaction":7.8789300797747535,"comprehension":8.05101535413571,"contact":4.778869778869779,"contact_reachability":0.65625,"contact_satisfaction":7.367424242424242,"autonomy":6.535552193645991},"metadata":{"satisfaction_count":2131,"comprehension_count":2019,"contact_count":407,"contactReachability_count":416,"contactSatisfaction_count":264,"autonomy_count":1983}}
