{"data":{"satisfaction":7.14527027027027,"comprehension":7.83273381294964,"contact":4.038461538461538,"contact_reachability":5.6410256410256405,"contact_satisfaction":7.159090909090909,"autonomy":6.350364963503649},"metadata":{"satisfaction_count":296,"comprehension_count":278,"contact_count":78,"autonomy_count":274}}
