{"data":{"satisfaction":7.987897125567322,"comprehension":8.150630914826499,"contact":4.88,"contact_reachability":0.6929133858267716,"contact_satisfaction":7.093023255813954,"autonomy":6.516129032258065},"metadata":{"satisfaction_count":661,"comprehension_count":634,"contact_count":125,"contactReachability_count":127,"contactSatisfaction_count":86,"autonomy_count":620}}
