{"data":{"satisfaction":7.872941176470588,"comprehension":8.046448087431694,"contact":4.778869778869779,"contact_reachability":0.65625,"contact_satisfaction":7.367424242424242,"autonomy":6.530096105209914},"metadata":{"satisfaction_count":2125,"comprehension_count":2013,"contact_count":407,"contactReachability_count":416,"contactSatisfaction_count":264,"autonomy_count":1977}}
