{"data":{"satisfaction":7.527226137091608,"comprehension":7.834022038567493,"contact":4.276315789473684,"contact_reachability":0.5982658959537572,"contact_satisfaction":7.204433497536946,"autonomy":6.370007007708479},"metadata":{"satisfaction_count":1561,"comprehension_count":1452,"contact_count":342,"contactReachability_count":346,"contactSatisfaction_count":203,"autonomy_count":1427}}
