{"data":{"satisfaction":7.006651884700665,"comprehension":7.39454094292804,"contact":3.9563106796116503,"contact_reachability":0.5242718446601942,"contact_satisfaction":7.546296296296297,"autonomy":6.146341463414634},"metadata":{"satisfaction_count":451,"comprehension_count":403,"contact_count":103,"contactReachability_count":103,"contactSatisfaction_count":54,"autonomy_count":410}}
