{"data":{"satisfaction":6.754385964912281,"comprehension":7.848101265822785,"contact":4.411764705882353,"contact_reachability":6.764705882352942,"contact_satisfaction":6.521739130434782,"autonomy":6},"metadata":{"satisfaction_count":171,"comprehension_count":158,"contact_count":34,"autonomy_count":95}}
