{"data":{"satisfaction":8.101361573373676,"comprehension":8.20141065830721,"contact":4.959349593495935,"contact_reachability":0.696,"contact_satisfaction":7.176470588235294,"autonomy":6.555023923444976},"metadata":{"satisfaction_count":661,"comprehension_count":638,"contact_count":123,"contactReachability_count":125,"contactSatisfaction_count":85,"autonomy_count":627}}
