{"data":{"satisfaction":7.116060961313013,"comprehension":7.561211340206185,"contact":4.082914572864322,"contact_reachability":0.5628140703517588,"contact_satisfaction":7.254464285714286,"autonomy":6.284584980237154},"metadata":{"satisfaction_count":853,"comprehension_count":776,"contact_count":199,"contactReachability_count":199,"contactSatisfaction_count":112,"autonomy_count":759}}
