{"data":{"satisfaction":7.4900265957446805,"comprehension":7.82725321888412,"contact":4.27299703264095,"contact_reachability":0.5982404692082112,"contact_satisfaction":7.2,"autonomy":6.332607116920842},"metadata":{"satisfaction_count":1504,"comprehension_count":1398,"contact_count":337,"contactReachability_count":341,"contactSatisfaction_count":200,"autonomy_count":1377}}
