{"data":{"satisfaction":7.383283132530121,"comprehension":7.732273838630807,"contact":4.265676567656766,"contact_reachability":0.6045751633986928,"contact_satisfaction":7.101648351648351,"autonomy":6.308835672997523},"metadata":{"satisfaction_count":1328,"comprehension_count":1227,"contact_count":303,"contactReachability_count":306,"contactSatisfaction_count":182,"autonomy_count":1211}}
