{"data":{"satisfaction":7.369614512471656,"comprehension":7.667493796526054,"contact":4.391891891891892,"contact_reachability":0.5945945945945946,"contact_satisfaction":7.386363636363637,"autonomy":6.169154228855722},"metadata":{"satisfaction_count":441,"comprehension_count":403,"contact_count":111,"contactReachability_count":111,"contactSatisfaction_count":66,"autonomy_count":402}}
