{"data":{"satisfaction":7.461964038727524,"comprehension":7.7924739195231,"contact":4.232522796352583,"contact_reachability":0.5945945945945946,"contact_satisfaction":7.177835051546392,"autonomy":6.306646525679758},"metadata":{"satisfaction_count":1446,"comprehension_count":1342,"contact_count":329,"contactReachability_count":333,"contactSatisfaction_count":194,"autonomy_count":1324}}
