{"data":{"satisfaction":7.780797101449275,"comprehension":8.057692307692308,"contact":4.608695652173913,"contact_reachability":0.6694915254237288,"contact_satisfaction":6.973684210526316,"autonomy":6.314741035856573},"metadata":{"satisfaction_count":552,"comprehension_count":520,"contact_count":115,"contactReachability_count":118,"contactSatisfaction_count":76,"autonomy_count":502}}
