{"data":{"satisfaction":7.751611303916708,"comprehension":7.923301486199575,"contact":4.546004842615012,"contact_reachability":0.6142857142857143,"contact_satisfaction":7.4800796812749,"autonomy":6.435483870967742},"metadata":{"satisfaction_count":2017,"comprehension_count":1884,"contact_count":413,"contactReachability_count":420,"contactSatisfaction_count":251,"autonomy_count":1860}}
