{"data":{"satisfaction":7.06,"comprehension":7.77542372881356,"contact":4.007352941176471,"contact_reachability":5.735294117647058,"contact_satisfaction":6.987179487179487,"autonomy":6.551724137931035},"metadata":{"satisfaction_count":250,"comprehension_count":236,"contact_count":68,"autonomy_count":232}}
