{"data":{"satisfaction":7.851524090462144,"comprehension":8.042121684867395,"contact":4.884020618556701,"contact_reachability":0.6599496221662469,"contact_satisfaction":7.490118577075099,"autonomy":6.5201271186440675},"metadata":{"satisfaction_count":2034,"comprehension_count":1923,"contact_count":388,"contactReachability_count":397,"contactSatisfaction_count":253,"autonomy_count":1888}}
