{"data":{"satisfaction":7.366589327146172,"comprehension":7.689873417721519,"contact":4.462616822429907,"contact_reachability":0.5981308411214953,"contact_satisfaction":7.4609375,"autonomy":6.208651399491094},"metadata":{"satisfaction_count":431,"comprehension_count":395,"contact_count":107,"contactReachability_count":107,"contactSatisfaction_count":64,"autonomy_count":393}}
