{"data":{"satisfaction":7.094117647058823,"comprehension":7.7798982188295165,"contact":4.557291666666667,"contact_reachability":0.6597938144329897,"contact_satisfaction":6.944444444444445,"autonomy":6.191709844559585},"metadata":{"satisfaction_count":425,"comprehension_count":393,"contact_count":96,"contactReachability_count":97,"contactSatisfaction_count":63,"autonomy_count":386}}
