{"data":{"satisfaction":7.060367454068241,"comprehension":7.815126050420168,"contact":4.606741573033708,"contact_reachability":0.6555555555555556,"contact_satisfaction":7.068965517241379,"autonomy":6.0806916426512965},"metadata":{"satisfaction_count":381,"comprehension_count":357,"contact_count":89,"contactReachability_count":90,"contactSatisfaction_count":58,"autonomy_count":347}}
