{"data":{"satisfaction":7.141148325358851,"comprehension":7.778497409326425,"contact":4.148351648351649,"contact_reachability":5.934065934065934,"contact_satisfaction":6.9907407407407405,"autonomy":6.458333333333333},"metadata":{"satisfaction_count":418,"comprehension_count":386,"contact_count":91,"autonomy_count":336}}
