{"data":{"satisfaction":8.057663125948407,"comprehension":8.18503937007874,"contact":4.919354838709677,"contact_reachability":0.6904761904761905,"contact_satisfaction":7.176470588235294,"autonomy":6.522435897435898},"metadata":{"satisfaction_count":659,"comprehension_count":635,"contact_count":124,"contactReachability_count":126,"contactSatisfaction_count":85,"autonomy_count":624}}
