{"data":{"satisfaction":7.508196721311475,"comprehension":7.826163610719323,"contact":4.277286135693215,"contact_reachability":0.597667638483965,"contact_satisfaction":7.213930348258707,"autonomy":6.335003579098068},"metadata":{"satisfaction_count":1525,"comprehension_count":1418,"contact_count":339,"contactReachability_count":343,"contactSatisfaction_count":201,"autonomy_count":1397}}
