{"data":{"satisfaction":7.748508946322068,"comprehension":7.92176689728579,"contact":4.546004842615012,"contact_reachability":0.6142857142857143,"contact_satisfaction":7.4800796812749,"autonomy":6.433189655172414},"metadata":{"satisfaction_count":2012,"comprehension_count":1879,"contact_count":413,"contactReachability_count":420,"contactSatisfaction_count":251,"autonomy_count":1856}}
