{"data":{"satisfaction":8.08152924919392,"comprehension":8.129826254826256,"contact":4.5229468599033815,"contact_reachability":0.638095238095238,"contact_satisfaction":7.146946564885496,"autonomy":6.595849802371541},"metadata":{"satisfaction_count":2171,"comprehension_count":2072,"contact_count":414,"contactReachability_count":420,"contactSatisfaction_count":262,"autonomy_count":2024}}
