{"data":{"satisfaction":7.8515046867291565,"comprehension":8.041210224308816,"contact":4.890180878552972,"contact_reachability":0.6590909090909091,"contact_satisfaction":7.509920634920635,"autonomy":6.514346439957492},"metadata":{"satisfaction_count":2027,"comprehension_count":1917,"contact_count":387,"contactReachability_count":396,"contactSatisfaction_count":252,"autonomy_count":1882}}
