{"data":{"satisfaction":7.579143389199255,"comprehension":8.015,"contact":5.046728971962617,"contact_reachability":0.6909090909090909,"contact_satisfaction":7.397260273972603,"autonomy":6.262833675564682},"metadata":{"satisfaction_count":537,"comprehension_count":500,"contact_count":107,"contactReachability_count":110,"contactSatisfaction_count":73,"autonomy_count":487}}
