{"data":{"satisfaction":7.612732095490716,"comprehension":7.631578947368421,"contact":4.325842696629214,"contact_reachability":0.5730337078651685,"contact_satisfaction":7.549019607843137,"autonomy":5.930232558139535},"metadata":{"satisfaction_count":377,"comprehension_count":342,"contact_count":89,"contactReachability_count":89,"contactSatisfaction_count":51,"autonomy_count":344}}
