{"data":{"satisfaction":8.076745261211281,"comprehension":8.124697336561743,"contact":4.5229468599033815,"contact_reachability":0.638095238095238,"contact_satisfaction":7.146946564885496,"autonomy":6.587301587301587},"metadata":{"satisfaction_count":2163,"comprehension_count":2065,"contact_count":414,"contactReachability_count":420,"contactSatisfaction_count":262,"autonomy_count":2016}}
