{"data":{"satisfaction":7.334677419354839,"comprehension":7.69315188762072,"contact":4.388297872340425,"contact_reachability":0.6105263157894737,"contact_satisfaction":7.2368421052631575,"autonomy":6.271036315323295},"metadata":{"satisfaction_count":1240,"comprehension_count":1139,"contact_count":282,"contactReachability_count":285,"contactSatisfaction_count":171,"autonomy_count":1129}}
