{"data":{"satisfaction":7.209897610921502,"comprehension":7.607677902621723,"contact":4.071428571428571,"contact_reachability":0.5714285714285714,"contact_satisfaction":7.125,"autonomy":6.069246435845214},"metadata":{"satisfaction_count":586,"comprehension_count":534,"contact_count":140,"contactReachability_count":140,"contactSatisfaction_count":80,"autonomy_count":491}}
