{"data":{"satisfaction":7.00902934537246,"comprehension":7.3734177215189876,"contact":3.9953271028037385,"contact_reachability":0.5327102803738317,"contact_satisfaction":7.5,"autonomy":6.029776674937965},"metadata":{"satisfaction_count":443,"comprehension_count":395,"contact_count":107,"contactReachability_count":107,"contactSatisfaction_count":57,"autonomy_count":403}}
