{"data":{"satisfaction":6.166097838452787,"comprehension":6.264705882352941,"contact":4.0119250425894375,"contact_reachability":0.606473594548552,"contact_satisfaction":6.615168539325842,"autonomy":3.245508982035928},"metadata":{"satisfaction_count":879,"comprehension_count":850,"contact_count":587,"contactReachability_count":587,"contactSatisfaction_count":356,"autonomy_count":835}}
