{"data":{"satisfaction":5.797413793103448,"comprehension":6.032706093189964,"contact":3.5676392572944295,"contact_reachability":0.5587846763540291,"contact_satisfaction":6.404761904761905,"autonomy":3.3605072463768115},"metadata":{"satisfaction_count":1160,"comprehension_count":1116,"contact_count":754,"contactReachability_count":757,"contactSatisfaction_count":420,"autonomy_count":1104}}
