{"data":{"satisfaction":5.746587030716723,"comprehension":6.052166224580017,"contact":3.555408970976253,"contact_reachability":0.5676741130091985,"contact_satisfaction":6.282051282051282,"autonomy":3.3989266547406083},"metadata":{"satisfaction_count":1172,"comprehension_count":1131,"contact_count":758,"contactReachability_count":761,"contactSatisfaction_count":429,"autonomy_count":1118}}
