{"data":{"satisfaction":6.485702859428114,"comprehension":7.239313471502591,"contact":4.590294351630867,"contact_reachability":0.6988906497622821,"contact_satisfaction":6.579247434435576,"autonomy":3.533266129032258},"metadata":{"satisfaction_count":5001,"comprehension_count":4632,"contact_count":1257,"contactReachability_count":1262,"contactSatisfaction_count":877,"autonomy_count":1984}}
