{"data":{"satisfaction":6.4989984420209215,"comprehension":7.339604438012542,"contact":4.851380042462845,"contact_reachability":7.37064413938754,"contact_satisfaction":6.594516594516595,"autonomy":3.532934131736527},"metadata":{"satisfaction_count":4493,"comprehension_count":4146,"contact_count":942,"autonomy_count":1503}}
