{"data":{"satisfaction":6.282287822878229,"comprehension":6.316037735849057,"contact":4.905063291139241,"contact_reachability":7.49211356466877,"contact_satisfaction":6.553911205073995,"autonomy":3.5260115606936417},"metadata":{"satisfaction_count":1084,"comprehension_count":1060,"contact_count":632,"autonomy_count":1038}}
