{"data":{"satisfaction":6.100680591410467,"comprehension":6.242431581496731,"contact":3.818978374347502,"contact_reachability":0.6022181146025878,"contact_satisfaction":6.377646326276463,"autonomy":3.4829531518273242},"metadata":{"satisfaction_count":4261,"comprehension_count":4129,"contact_count":2682,"contactReachability_count":2705,"contactSatisfaction_count":1606,"autonomy_count":4077}}
