{"data":{"satisfaction":6.256422232601588,"comprehension":6.72526523562793,"contact":4.265344921238458,"contact_reachability":0.6549486208761492,"contact_satisfaction":6.527431421446384,"autonomy":3.4635691657866947},"metadata":{"satisfaction_count":4282,"comprehension_count":4053,"contact_count":1841,"contactReachability_count":1849,"contactSatisfaction_count":1203,"autonomy_count":2841}}
