{"data":{"satisfaction":6.310772163965682,"comprehension":6.392185954500494,"contact":4.235611510791367,"contact_reachability":0.6565295169946332,"contact_satisfaction":6.46978021978022,"autonomy":3.746192893401015},"metadata":{"satisfaction_count":1049,"comprehension_count":1011,"contact_count":556,"contactReachability_count":559,"contactSatisfaction_count":364,"autonomy_count":985}}
