{"data":{"satisfaction":6.264456437933693,"comprehension":6.360381861575179,"contact":3.653610771113831,"contact_reachability":0.57997557997558,"contact_satisfaction":6.310782241014799,"autonomy":3.491171749598716},"metadata":{"satisfaction_count":1297,"comprehension_count":1257,"contact_count":817,"contactReachability_count":819,"contactSatisfaction_count":473,"autonomy_count":1246}}
