{"data":{"satisfaction":5.62780269058296,"comprehension":5.962790697674419,"contact":3.5510204081632653,"contact_reachability":0.5636856368563685,"contact_satisfaction":6.319612590799031,"autonomy":3.301975540921919},"metadata":{"satisfaction_count":1115,"comprehension_count":1075,"contact_count":735,"contactReachability_count":738,"contactSatisfaction_count":413,"autonomy_count":1063}}
