{"data":{"satisfaction":6.500514933058702,"comprehension":7.280672456023157,"contact":4.641313742437338,"contact_reachability":0.7048192771084337,"contact_satisfaction":6.597051597051597,"autonomy":3.548562126966902},"metadata":{"satisfaction_count":4855,"comprehension_count":4491,"contact_count":1157,"contactReachability_count":1162,"contactSatisfaction_count":814,"autonomy_count":1843}}
