{"data":{"satisfaction":6.475548060708263,"comprehension":6.464995678478824,"contact":3.769017980636238,"contact_reachability":0.6049382716049383,"contact_satisfaction":6.264367816091954,"autonomy":3.7367491166077738},"metadata":{"satisfaction_count":1186,"comprehension_count":1157,"contact_count":723,"contactReachability_count":729,"contactSatisfaction_count":435,"autonomy_count":1132}}
