{"data":{"satisfaction":6.489451476793249,"comprehension":6.501299826689775,"contact":3.812925170068027,"contact_reachability":0.5910931174089069,"contact_satisfaction":6.487268518518518,"autonomy":3.6684303350970016},"metadata":{"satisfaction_count":1185,"comprehension_count":1154,"contact_count":735,"contactReachability_count":741,"contactSatisfaction_count":432,"autonomy_count":1134}}
