{"data":{"satisfaction":6.503821524478414,"comprehension":7.283337056064329,"contact":4.679039301310044,"contact_reachability":7.078260869565217,"contact_satisfaction":6.622373300370828,"autonomy":3.542919628212138},"metadata":{"satisfaction_count":4841,"comprehension_count":4477,"contact_count":1145,"autonomy_count":1829}}
