{"data":{"satisfaction":6.199411331861663,"comprehension":6.310126582278481,"contact":4.135814889336016,"contact_reachability":0.6360015929908402,"contact_satisfaction":6.542011457670274,"autonomy":3.5046728971962615},"metadata":{"satisfaction_count":4077,"comprehension_count":3950,"contact_count":2485,"contactReachability_count":2511,"contactSatisfaction_count":1571,"autonomy_count":3852}}
