{"data":{"satisfaction":6.249706089818951,"comprehension":6.7219324391455535,"contact":4.268957992362248,"contact_reachability":0.6556219445953286,"contact_satisfaction":6.52627189324437,"autonomy":3.4458259325044405},"metadata":{"satisfaction_count":4253,"comprehension_count":4026,"contact_count":1833,"contactReachability_count":1841,"contactSatisfaction_count":1199,"autonomy_count":2815}}
