{"data":{"satisfaction":6.487985212569316,"comprehension":6.444232602478551,"contact":3.730095541401274,"contact_reachability":0.5933544303797469,"contact_satisfaction":6.314016172506738,"autonomy":3.8446601941747574},"metadata":{"satisfaction_count":1082,"comprehension_count":1049,"contact_count":628,"contactReachability_count":632,"contactSatisfaction_count":371,"autonomy_count":1030}}
