{"data":{"satisfaction":6.442786069651741,"comprehension":6.506382978723404,"contact":3.803475935828877,"contact_reachability":0.5901856763925729,"contact_satisfaction":6.480637813211845,"autonomy":3.6796536796536796},"metadata":{"satisfaction_count":1206,"comprehension_count":1175,"contact_count":748,"contactReachability_count":754,"contactSatisfaction_count":439,"autonomy_count":1155}}
