{"data":{"satisfaction":6.27745788014502,"comprehension":6.708015267175573,"contact":4.2366682397357245,"contact_reachability":0.6513157894736842,"contact_satisfaction":6.519607843137255,"autonomy":3.4329738058551618},"metadata":{"satisfaction_count":4689,"comprehension_count":4454,"contact_count":2119,"contactReachability_count":2128,"contactSatisfaction_count":1377,"autonomy_count":3245}}
