{"data":{"satisfaction":6.522543352601156,"comprehension":7.385707108766642,"contact":4.987654320987654,"contact_reachability":7.595092024539877,"contact_satisfaction":6.579804560260587,"autonomy":3.62957430918596},"metadata":{"satisfaction_count":4325,"comprehension_count":3981,"contact_count":810,"autonomy_count":1339}}
