{"data":{"satisfaction":5.672382671480144,"comprehension":5.991096532333645,"contact":3.5660247592847316,"contact_reachability":0.5671232876712329,"contact_satisfaction":6.307785888077859,"autonomy":3.308056872037915},"metadata":{"satisfaction_count":1108,"comprehension_count":1067,"contact_count":727,"contactReachability_count":730,"contactSatisfaction_count":411,"autonomy_count":1055}}
