{"data":{"satisfaction":6.128454452405323,"comprehension":6.28665785997358,"contact":3.7970401691331923,"contact_reachability":0.6020108923334729,"contact_satisfaction":6.3462897526501765,"autonomy":3.5867237687366167},"metadata":{"satisfaction_count":3908,"comprehension_count":3785,"contact_count":2365,"contactReachability_count":2387,"contactSatisfaction_count":1415,"autonomy_count":3736}}
