{"data":{"satisfaction":5.634991119005329,"comprehension":6.000459981600736,"contact":3.495308310991957,"contact_reachability":0.5567423230974633,"contact_satisfaction":6.298309178743962,"autonomy":3.249299719887955},"metadata":{"satisfaction_count":1126,"comprehension_count":1087,"contact_count":746,"contactReachability_count":749,"contactSatisfaction_count":414,"autonomy_count":1071}}
