{"data":{"satisfaction":6.047826086956522,"comprehension":6.216337522441652,"contact":3.677248677248677,"contact_reachability":0.5810276679841897,"contact_satisfaction":6.34703196347032,"autonomy":3.3756805807622503},"metadata":{"satisfaction_count":1150,"comprehension_count":1114,"contact_count":756,"contactReachability_count":759,"contactSatisfaction_count":438,"autonomy_count":1102}}
