{"data":{"satisfaction":6.252692031586504,"comprehension":6.72984584281021,"contact":4.2456533931576,"contact_reachability":0.6560580681183696,"contact_satisfaction":6.486718080548415,"autonomy":3.4657434402332363},"metadata":{"satisfaction_count":4179,"comprehension_count":3957,"contact_count":1783,"contactReachability_count":1791,"contactSatisfaction_count":1167,"autonomy_count":2744}}
