{"data":{"satisfaction":5.912025827280065,"comprehension":6.15625,"contact":3.7253694581280787,"contact_reachability":0.5833333333333334,"contact_satisfaction":6.408898305084746,"autonomy":3.3333333333333335},"metadata":{"satisfaction_count":1239,"comprehension_count":1200,"contact_count":812,"contactReachability_count":816,"contactSatisfaction_count":472,"autonomy_count":1188}}
