{"data":{"satisfaction":6.260744985673353,"comprehension":6.324110671936759,"contact":4.127043090638931,"contact_reachability":0.6344725111441307,"contact_satisfaction":6.504683840749414,"autonomy":3.282980866062437},"metadata":{"satisfaction_count":1047,"comprehension_count":1012,"contact_count":673,"contactReachability_count":673,"contactSatisfaction_count":427,"autonomy_count":993}}
