{
  "data": {
    "satisfaction": 6.508611524558792,
    "comprehension": 7.714184564550389,
    "contact": 5.01953125,
    "autonomy": 3.6386768447837152
  },
  "metadata": {
    "satisfaction_count": 4703,
    "comprehension_count": 4237,
    "contact_count": 256,
    "autonomy_count": 393
  }
}
