{"data":{"satisfaction":6.287958115183246,"comprehension":6.456073752711497,"contact":4.149139579349904,"contact_reachability":0.6375711574952562,"contact_satisfaction":6.536144578313253,"autonomy":3.799559471365639},"metadata":{"satisfaction_count":955,"comprehension_count":922,"contact_count":523,"contactReachability_count":527,"contactSatisfaction_count":332,"autonomy_count":908}}
