{"data":{"satisfaction":6.205304286052569,"comprehension":6.312958435207824,"contact":4.143192488262911,"contact_reachability":0.6402013942680093,"contact_satisfaction":6.508912108174554,"autonomy":3.524836929252383},"metadata":{"satisfaction_count":4223,"comprehension_count":4090,"contact_count":2556,"contactReachability_count":2582,"contactSatisfaction_count":1627,"autonomy_count":3986}}
