{"data":{"satisfaction":6.576032225579054,"comprehension":6.573498964803313,"contact":4.439655172413793,"contact_reachability":0.6692160611854685,"contact_satisfaction":6.640401146131805,"autonomy":4.10010649627263},"metadata":{"satisfaction_count":993,"comprehension_count":966,"contact_count":522,"contactReachability_count":523,"contactSatisfaction_count":349,"autonomy_count":939}}
