{"data":{"satisfaction":6.468224299065421,"comprehension":7.5277207392197125,"contact":4.975609756097561,"contact_reachability":7.548387096774194,"contact_satisfaction":6.609071274298056,"autonomy":3.699307616221563},"metadata":{"satisfaction_count":5350,"comprehension_count":4870,"contact_count":615,"autonomy_count":1011}}
