{"data":{"satisfaction":6.267696267696268,"comprehension":6.698848238482385,"contact":4.229582146248813,"contact_reachability":0.6510638297872341,"contact_satisfaction":6.5113304093567255,"autonomy":3.4181931077305183},"metadata":{"satisfaction_count":4662,"comprehension_count":4428,"contact_count":2106,"contactReachability_count":2115,"contactSatisfaction_count":1368,"autonomy_count":3221}}
