{"data":{"satisfaction":5.72508896797153,"comprehension":6.045706371191136,"contact":3.6069482288828336,"contact_reachability":0.5658073270013568,"contact_satisfaction":6.394927536231884,"autonomy":3.3457943925233646},"metadata":{"satisfaction_count":1124,"comprehension_count":1083,"contact_count":734,"contactReachability_count":737,"contactSatisfaction_count":414,"autonomy_count":1070}}
