{"data":{"satisfaction":6.522087434195468,"comprehension":7.37639751552795,"contact":5.01491646778043,"contact_reachability":7.615658362989324,"contact_satisfaction":6.5973312401883835,"autonomy":3.6225596529284165},"metadata":{"satisfaction_count":4369,"comprehension_count":4025,"contact_count":838,"autonomy_count":1383}}
