{"data":{"satisfaction":6.154118480056644,"comprehension":6.295099951243296,"contact":3.8472877358490565,"contact_reachability":0.6095089633671084,"contact_satisfaction":6.347276264591439,"autonomy":3.605054509415263},"metadata":{"satisfaction_count":4237,"comprehension_count":4102,"contact_count":2544,"contactReachability_count":2566,"contactSatisfaction_count":1542,"autonomy_count":4036}}
