{"data":{"satisfaction":6.47047047047047,"comprehension":7.6122539261225395,"contact":5,"contact_reachability":7.652582159624414,"contact_satisfaction":6.552795031055901,"autonomy":3.6771300448430493},"metadata":{"satisfaction_count":4995,"comprehension_count":4521,"contact_count":422,"autonomy_count":669}}
