{"data":{"satisfaction":6.150387209592806,"comprehension":6.298684549909724,"contact":3.8146462556888703,"contact_reachability":0.6035260352603526,"contact_satisfaction":6.358620689655172,"autonomy":3.609219486642221},"metadata":{"satisfaction_count":4003,"comprehension_count":3877,"contact_count":2417,"contactReachability_count":2439,"contactSatisfaction_count":1450,"autonomy_count":3818}}
