{"data":{"satisfaction":6.18436406067678,"comprehension":6.283212560386473,"contact":3.9982578397212545,"contact_reachability":0.6045296167247387,"contact_satisfaction":6.6138328530259365,"autonomy":3.2063882063882065},"metadata":{"satisfaction_count":857,"comprehension_count":828,"contact_count":574,"contactReachability_count":574,"contactSatisfaction_count":347,"autonomy_count":814}}
