{"data":{"satisfaction":6.20945945945946,"comprehension":6.305536171202605,"contact":4.123740201567749,"contact_reachability":0.6373382624768946,"contact_satisfaction":6.506183745583039,"autonomy":3.5242185635886423},"metadata":{"satisfaction_count":4440,"comprehension_count":4299,"contact_count":2679,"contactReachability_count":2705,"contactSatisfaction_count":1698,"autonomy_count":4191}}
