{"data":{"satisfaction":6.198162403774522,"comprehension":6.311506919528447,"contact":4.136844245628304,"contact_reachability":0.6354124748490946,"contact_satisfaction":6.550225370251127,"autonomy":3.4997372569626903},"metadata":{"satisfaction_count":4027,"comprehension_count":3902,"contact_count":2459,"contactReachability_count":2485,"contactSatisfaction_count":1553,"autonomy_count":3806}}
