{"data":{"satisfaction":6.154653603918824,"comprehension":6.296965317919075,"contact":3.8564760793465576,"contact_reachability":0.611261087543386,"contact_satisfaction":6.343570057581574,"autonomy":3.628340279480265},"metadata":{"satisfaction_count":4287,"comprehension_count":4152,"contact_count":2571,"contactReachability_count":2593,"contactSatisfaction_count":1563,"autonomy_count":4079}}
