{"data":{"satisfaction":3.9373163565132225,"comprehension":3.625393494228751,"contact":2.664756446991404,"contact_reachability":0.5329512893982808,"contact_satisfaction":5,"autonomy":4.195011337868481},"metadata":{"satisfaction_count":1021,"comprehension_count":953,"contact_count":349,"contactReachability_count":349,"contactSatisfaction_count":186,"autonomy_count":882}}
