{"data":{"satisfaction":4.067826086956522,"comprehension":4.043884034948372,"contact":2.822802197802198,"contact_reachability":5.780821917808218,"contact_satisfaction":4.892857142857143,"autonomy":4.29228998849252},"metadata":{"satisfaction_count":2875,"comprehension_count":2518,"contact_count":364,"autonomy_count":869}}
