{"data":{"satisfaction":3.980138713745271,"comprehension":3.7947203890239667,"contact":2.890826873385013,"contact_reachability":0.5554123711340206,"contact_satisfaction":5.215617715617715,"autonomy":4.190031152647975},"metadata":{"satisfaction_count":3172,"comprehension_count":2879,"contact_count":774,"contactReachability_count":776,"contactSatisfaction_count":429,"autonomy_count":1926}}
