{"data":{"satisfaction":3.8357843137254903,"comprehension":3.588548601864181,"contact":3.2581967213114753,"contact_reachability":0.5877551020408164,"contact_satisfaction":5.559440559440559,"autonomy":4.291784702549575},"metadata":{"satisfaction_count":816,"comprehension_count":751,"contact_count":244,"contactReachability_count":245,"contactSatisfaction_count":143,"autonomy_count":706}}
