{"data":{"satisfaction":3.9801652892561985,"comprehension":3.8050600655260283,"contact":2.902892561983471,"contact_reachability":0.5563186813186813,"contact_satisfaction":5.229528535980148,"autonomy":4.204104270660011},"metadata":{"satisfaction_count":3025,"comprehension_count":2747,"contact_count":726,"contactReachability_count":728,"contactSatisfaction_count":403,"autonomy_count":1803}}
