{"data":{"satisfaction":4.073195526940021,"comprehension":4.040618955512572,"contact":2.855297157622739,"contact_reachability":5.773195876288659,"contact_satisfaction":4.955156950672646,"autonomy":4.313304721030043},"metadata":{"satisfaction_count":2951,"comprehension_count":2585,"contact_count":387,"autonomy_count":932}}
