{"data":{"satisfaction":3.9278066687060265,"comprehension":3.6087385019710907,"contact":2.9317748091603053,"contact_reachability":0.5521126760563381,"contact_satisfaction":5.380910683012259,"autonomy":4.197354308187344},"metadata":{"satisfaction_count":3269,"comprehension_count":3044,"contact_count":1048,"contactReachability_count":1065,"contactSatisfaction_count":571,"autonomy_count":2797}}
