{"data":{"satisfaction":3.9559767655151328,"comprehension":3.6296174142480213,"contact":2.9785643070787637,"contact_reachability":0.5525024533856723,"contact_satisfaction":5.461608775137112,"autonomy":4.220572640509014},"metadata":{"satisfaction_count":3271,"comprehension_count":3032,"contact_count":1003,"contactReachability_count":1019,"contactSatisfaction_count":547,"autonomy_count":2829}}
