{"data":{"satisfaction":4.044566544566544,"comprehension":3.9946496375560927,"contact":2.860671936758893,"contact_reachability":5.621301775147929,"contact_satisfaction":5.096830985915493,"autonomy":4.315960912052117},"metadata":{"satisfaction_count":3276,"comprehension_count":2897,"contact_count":506,"autonomy_count":1228}}
