{"data":{"satisfaction":4.060880829015544,"comprehension":3.6991584852734922,"contact":2.982456140350877,"contact_reachability":0.5450643776824035,"contact_satisfaction":5.573770491803279,"autonomy":4.307228915662651},"metadata":{"satisfaction_count":772,"comprehension_count":713,"contact_count":228,"contactReachability_count":233,"contactSatisfaction_count":122,"autonomy_count":664}}
