{"data":{"satisfaction":3.8960441582336705,"comprehension":3.534396809571286,"contact":3.401898734177215,"contact_reachability":0.6246056782334385,"contact_satisfaction":5.456852791878172,"autonomy":4.2586750788643535},"metadata":{"satisfaction_count":1087,"comprehension_count":1003,"contact_count":316,"contactReachability_count":317,"contactSatisfaction_count":197,"autonomy_count":951}}
