{"data":{"satisfaction":3.742255266418835,"comprehension":3.51278600269179,"contact":3.1275720164609053,"contact_reachability":0.5778688524590164,"contact_satisfaction":5.428571428571429,"autonomy":4.203730272596844},"metadata":{"satisfaction_count":807,"comprehension_count":743,"contact_count":243,"contactReachability_count":244,"contactSatisfaction_count":140,"autonomy_count":697}}
