{"data":{"satisfaction":3.9922978177150195,"comprehension":3.6398071625344355,"contact":2.66025641025641,"contact_reachability":0.5042372881355932,"contact_satisfaction":5.32051282051282,"autonomy":4.170403587443946},"metadata":{"satisfaction_count":779,"comprehension_count":726,"contact_count":234,"contactReachability_count":236,"contactSatisfaction_count":117,"autonomy_count":669}}
