{"data":{"satisfaction":4.057255676209279,"comprehension":4.019865067466267,"contact":2.8197674418604652,"contact_reachability":5.684454756380511,"contact_satisfaction":4.969262295081967,"autonomy":4.2517343904856295},"metadata":{"satisfaction_count":3039,"comprehension_count":2668,"contact_count":430,"autonomy_count":1009}}
