{"data":{"satisfaction":3.9284558109420527,"comprehension":3.615170494084899,"contact":2.9518072289156625,"contact_reachability":0.5518262586377097,"contact_satisfaction":5.424354243542435,"autonomy":4.219105382865807},"metadata":{"satisfaction_count":3089,"comprehension_count":2874,"contact_count":996,"contactReachability_count":1013,"contactSatisfaction_count":542,"autonomy_count":2638}}
