{"data":{"satisfaction":3.743372216330859,"comprehension":3.5357548240635643,"contact":3.0794701986754967,"contact_reachability":0.5577557755775577,"contact_satisfaction":5.535714285714286,"autonomy":4.101941747572815},"metadata":{"satisfaction_count":943,"comprehension_count":881,"contact_count":302,"contactReachability_count":303,"contactSatisfaction_count":168,"autonomy_count":824}}
