{"data":{"satisfaction":3.9568887548990053,"comprehension":3.6280091086532207,"contact":2.9797230464886253,"contact_reachability":0.5530671859785784,"contact_satisfaction":5.457427536231884,"autonomy":4.233856893542757},"metadata":{"satisfaction_count":3317,"comprehension_count":3074,"contact_count":1011,"contactReachability_count":1027,"contactSatisfaction_count":552,"autonomy_count":2865}}
