{"data":{"satisfaction":3.983481575603558,"comprehension":3.607290233837689,"contact":2.9235537190082646,"contact_reachability":0.569672131147541,"contact_satisfaction":5.164233576642336,"autonomy":4.269005847953216},"metadata":{"satisfaction_count":787,"comprehension_count":727,"contact_count":242,"contactReachability_count":244,"contactSatisfaction_count":137,"autonomy_count":684}}
