{"data":{"satisfaction":3.9260459634649383,"comprehension":3.592952806122449,"contact":3.1520644511581066,"contact_reachability":0.5810945273631841,"contact_satisfaction":5.472027972027972,"autonomy":4.255608429639701},"metadata":{"satisfaction_count":3394,"comprehension_count":3136,"contact_count":993,"contactReachability_count":1005,"contactSatisfaction_count":572,"autonomy_count":2942}}
