{"data":{"satisfaction":3.913502109704641,"comprehension":3.606913486966377,"contact":2.9228329809725158,"contact_reachability":0.5548523206751055,"contact_satisfaction":5.276717557251908,"autonomy":4.215927750410509},"metadata":{"satisfaction_count":2844,"comprehension_count":2647,"contact_count":946,"contactReachability_count":948,"contactSatisfaction_count":524,"autonomy_count":2436}}
