{"data":{"satisfaction":3.99880810488677,"comprehension":3.681353767560664,"contact":2.9817275747508307,"contact_reachability":5.913621262458472,"contact_satisfaction":5.042134831460674,"autonomy":4.329183955739972},"metadata":{"satisfaction_count":839,"comprehension_count":783,"contact_count":301,"autonomy_count":723}}
