{"data":{"satisfaction":4.040344111539603,"comprehension":3.9807370184254607,"contact":2.8056569343065694,"contact_reachability":0.5500910746812386,"contact_satisfaction":5.107973421926911,"autonomy":4.267175572519084},"metadata":{"satisfaction_count":3371,"comprehension_count":2985,"contact_count":548,"contactReachability_count":549,"contactSatisfaction_count":301,"autonomy_count":1310}}
