{"data":{"satisfaction":3.9949748743718594,"comprehension":3.6385135135135136,"contact":3.032608695652174,"contact_reachability":0.5431034482758621,"contact_satisfaction":5.625,"autonomy":4.350364963503649},"metadata":{"satisfaction_count":796,"comprehension_count":740,"contact_count":230,"contactReachability_count":232,"contactSatisfaction_count":124,"autonomy_count":685}}
