{
  "data": {
    "satisfaction": 3.88904940768564,
    "comprehension": 4.052569303583502,
    "contact": 3.0303030303030303,
    "autonomy": 4.251012145748988
  },
  "metadata": {
    "satisfaction_count": 3461,
    "comprehension_count": 2958,
    "contact_count": 99,
    "autonomy_count": 247
  }
}
