{"data":{"satisfaction":3.9292929292929295,"comprehension":3.6195255474452557,"contact":3.138602520045819,"contact_reachability":0.581447963800905,"contact_satisfaction":5.4473161033797215,"autonomy":4.26293271100739},"metadata":{"satisfaction_count":2970,"comprehension_count":2740,"contact_count":873,"contactReachability_count":884,"contactSatisfaction_count":503,"autonomy_count":2571}}
