{"data":{"satisfaction":3.928328804347826,"comprehension":3.624401913875598,"contact":3.154555940023068,"contact_reachability":0.5831435079726651,"contact_satisfaction":5.4590818363273454,"autonomy":4.270015698587128},"metadata":{"satisfaction_count":2944,"comprehension_count":2717,"contact_count":867,"contactReachability_count":878,"contactSatisfaction_count":501,"autonomy_count":2548}}
