{"data":{"satisfaction":3.9103167137033554,"comprehension":3.5921588594704685,"contact":3.112955032119914,"contact_reachability":0.5782241014799154,"contact_satisfaction":5.434579439252336,"autonomy":4.23869801084991},"metadata":{"satisfaction_count":3189,"comprehension_count":2946,"contact_count":934,"contactReachability_count":946,"contactSatisfaction_count":535,"autonomy_count":2765}}
