{"data":{"satisfaction":3.9271127866792335,"comprehension":3.6120485993925078,"contact":2.9374389051808407,"contact_reachability":0.551923076923077,"contact_satisfaction":5.3949730700179535,"autonomy":4.210139603232917},"metadata":{"satisfaction_count":3183,"comprehension_count":2963,"contact_count":1023,"contactReachability_count":1040,"contactSatisfaction_count":557,"autonomy_count":2722}}
