{"data":{"satisfaction":3.6920332936979787,"comprehension":3.486503856041131,"contact":3.0430711610486894,"contact_reachability":0.5597014925373134,"contact_satisfaction":5.453020134228188,"autonomy":3.9339752407152684},"metadata":{"satisfaction_count":841,"comprehension_count":778,"contact_count":267,"contactReachability_count":268,"contactSatisfaction_count":149,"autonomy_count":727}}
