{"data":{"satisfaction":4.0469738030713645,"comprehension":3.988601565158217,"contact":2.7930056710775046,"contact_reachability":5.528301886792453,"contact_satisfaction":5.059931506849315,"autonomy":4.325177584846093},"metadata":{"satisfaction_count":3321,"comprehension_count":2939,"contact_count":529,"autonomy_count":1267}}
