{"data":{"satisfaction":3.9413307112422156,"comprehension":3.6253084243919633,"contact":2.9323499491353,"contact_reachability":0.549,"contact_satisfaction":5.418233082706767,"autonomy":4.233576642335766},"metadata":{"satisfaction_count":3051,"comprehension_count":2837,"contact_count":983,"contactReachability_count":1000,"contactSatisfaction_count":532,"autonomy_count":2603}}
