{"data":{"satisfaction":8.461971830985915,"comprehension":8.640794223826715,"contact":5.496031746031746,"contact_reachability":0.7401574803149606,"contact_satisfaction":7.446236559139785,"autonomy":7.641824249165739},"metadata":{"satisfaction_count":1775,"comprehension_count":1385,"contact_count":126,"contactReachability_count":127,"contactSatisfaction_count":93,"autonomy_count":899}}
