{"data":{"satisfaction":8.731203007518797,"comprehension":8.578336557059961,"contact":5.833333333333333,"contact_reachability":0.7727272727272727,"contact_satisfaction":7.549019607843137,"autonomy":8.323353293413174},"metadata":{"satisfaction_count":532,"comprehension_count":517,"contact_count":66,"contactReachability_count":66,"contactSatisfaction_count":51,"autonomy_count":501}}
