{"data":{"satisfaction":8.066666666666666,"comprehension":8.79496402877698,"contact":6.666666666666667,"contact_reachability":1,"contact_satisfaction":6.666666666666667,"autonomy":8.392857142857142},"metadata":{"satisfaction_count":150,"comprehension_count":139,"contact_count":6,"contactReachability_count":7,"contactSatisfaction_count":6,"autonomy_count":56}}
